anchor_time_utc,target_time_utc,horizon_hr,prediction_value,harmonie_value,actual_value
2026-09-08 00:00:00+00:00,2026-09-08 01:00:00+00:00,1.0,15.770121574401855,16.0,17.5
2026-09-08 00:00:00+00:00,2026-09-08 02:00:00+00:00,2.0,14.971879005432129,16.0,17.0
2026-09-08 00:00:00+00:00,2026-09-08 03:00:00+00:00,3.0,13.678850173950195,14.0,15.166666984558105
2026-09-08 00:00:00+00:00,2026-09-08 04:00:00+00:00,4.0,12.621628761291504,12.0,15.285714149475098
2026-09-08 00:00:00+00:00,2026-09-08 05:00:00+00:00,5.0,12.53186321258545,12.0,10.666666984558105
2026-09-08 00:00:00+00:00,2026-09-08 06:00:00+00:00,6.0,13.01746654510498,13.0,10.5
2026-09-08 00:00:00+00:00,2026-09-08 07:00:00+00:00,7.0,12.387118339538574,11.0,12.333333015441895
2026-09-08 00:00:00+00:00,2026-09-08 08:00:00+00:00,8.0,12.716673851013184,12.0,11.0
2026-09-08 00:00:00+00:00,2026-09-08 09:00:00+00:00,9.0,12.187976837158203,11.0,7.833333492279053
2026-09-08 00:00:00+00:00,2026-09-08 10:00:00+00:00,10.0,11.176053047180176,10.0,6.75
2026-09-08 00:00:00+00:00,2026-09-08 11:00:00+00:00,11.0,9.67200756072998,7.0,7.833333492279053
2026-09-08 00:00:00+00:00,2026-09-08 12:00:00+00:00,12.0,9.437939643859863,7.0,6.0
2026-09-08 01:00:00+00:00,2026-09-08 02:00:00+00:00,1.0,16.410137176513672,16.0,17.0
2026-09-08 01:00:00+00:00,2026-09-08 03:00:00+00:00,2.0,14.673816680908203,14.0,15.166666984558105
2026-09-08 01:00:00+00:00,2026-09-08 04:00:00+00:00,3.0,13.351579666137695,12.0,15.285714149475098
2026-09-08 01:00:00+00:00,2026-09-08 05:00:00+00:00,4.0,12.985575675964355,12.0,10.666666984558105
2026-09-08 01:00:00+00:00,2026-09-08 06:00:00+00:00,5.0,13.317254066467285,13.0,10.5
2026-09-08 01:00:00+00:00,2026-09-08 07:00:00+00:00,6.0,12.580217361450195,11.0,12.333333015441895
2026-09-08 01:00:00+00:00,2026-09-08 08:00:00+00:00,7.0,12.850190162658691,12.0,11.0
2026-09-08 01:00:00+00:00,2026-09-08 09:00:00+00:00,8.0,12.277939796447754,11.0,7.833333492279053
2026-09-08 01:00:00+00:00,2026-09-08 10:00:00+00:00,9.0,11.23190975189209,10.0,6.75
2026-09-08 01:00:00+00:00,2026-09-08 11:00:00+00:00,10.0,9.701976776123047,7.0,7.833333492279053
2026-09-08 01:00:00+00:00,2026-09-08 12:00:00+00:00,11.0,9.458030700683594,7.0,6.0
2026-09-08 01:00:00+00:00,2026-09-08 13:00:00+00:00,12.0,10.089557647705078,11.0,6.199999809265137
2026-09-08 02:00:00+00:00,2026-09-08 03:00:00+00:00,1.0,15.404958724975586,14.0,15.166666984558105
2026-09-08 02:00:00+00:00,2026-09-08 04:00:00+00:00,2.0,13.979231834411621,12.0,15.285714149475098
2026-09-08 02:00:00+00:00,2026-09-08 05:00:00+00:00,3.0,13.421218872070312,12.0,10.666666984558105
2026-09-08 02:00:00+00:00,2026-09-08 06:00:00+00:00,4.0,13.59666633605957,13.0,10.5
2026-09-08 02:00:00+00:00,2026-09-08 07:00:00+00:00,5.0,12.76113510131836,11.0,12.333333015441895
2026-09-08 02:00:00+00:00,2026-09-08 08:00:00+00:00,6.0,12.971611976623535,12.0,11.0
2026-09-08 02:00:00+00:00,2026-09-08 09:00:00+00:00,7.0,12.357769966125488,11.0,7.833333492279053
2026-09-08 02:00:00+00:00,2026-09-08 10:00:00+00:00,8.0,11.282793045043945,10.0,6.75
2026-09-08 02:00:00+00:00,2026-09-08 11:00:00+00:00,9.0,9.73000431060791,7.0,7.833333492279053
2026-09-08 02:00:00+00:00,2026-09-08 12:00:00+00:00,10.0,9.477699279785156,7.0,6.0
2026-09-08 02:00:00+00:00,2026-09-08 13:00:00+00:00,11.0,10.099467277526855,11.0,6.199999809265137
2026-09-08 02:00:00+00:00,2026-09-08 14:00:00+00:00,12.0,9.87251091003418,8.0,8.166666984558105
2026-09-08 03:00:00+00:00,2026-09-08 04:00:00+00:00,1.0,14.111652374267578,12.0,15.285714149475098
2026-09-08 03:00:00+00:00,2026-09-08 05:00:00+00:00,2.0,13.628952026367188,12.0,10.666666984558105
2026-09-08 03:00:00+00:00,2026-09-08 06:00:00+00:00,3.0,13.727363586425781,13.0,10.5
2026-09-08 03:00:00+00:00,2026-09-08 07:00:00+00:00,4.0,12.840874671936035,11.0,12.333333015441895
2026-09-08 03:00:00+00:00,2026-09-08 08:00:00+00:00,5.0,13.021478652954102,12.0,11.0
2026-09-08 03:00:00+00:00,2026-09-08 09:00:00+00:00,6.0,12.389366149902344,11.0,7.833333492279053
2026-09-08 03:00:00+00:00,2026-09-08 10:00:00+00:00,7.0,11.303009986877441,10.0,6.75
2026-09-08 03:00:00+00:00,2026-09-08 11:00:00+00:00,8.0,9.741238594055176,7.0,7.833333492279053
2026-09-08 03:00:00+00:00,2026-09-08 12:00:00+00:00,9.0,9.485555648803711,7.0,6.0
2026-09-08 03:00:00+00:00,2026-09-08 13:00:00+00:00,10.0,10.103415489196777,11.0,6.199999809265137
2026-09-08 03:00:00+00:00,2026-09-08 14:00:00+00:00,11.0,9.87452507019043,8.0,8.166666984558105
2026-09-08 03:00:00+00:00,2026-09-08 15:00:00+00:00,12.0,11.765153884887695,11.0,7.55555534362793
2026-09-08 04:00:00+00:00,2026-09-08 05:00:00+00:00,1.0,14.868817329406738,12.0,10.666666984558105
2026-09-08 04:00:00+00:00,2026-09-08 06:00:00+00:00,2.0,14.62363052368164,13.0,10.5
2026-09-08 04:00:00+00:00,2026-09-08 07:00:00+00:00,3.0,13.342252731323242,11.0,12.333333015441895
2026-09-08 04:00:00+00:00,2026-09-08 08:00:00+00:00,4.0,13.3326416015625,12.0,11.0
2026-09-08 04:00:00+00:00,2026-09-08 09:00:00+00:00,5.0,12.591673851013184,11.0,7.833333492279053
2026-09-08 04:00:00+00:00,2026-09-08 10:00:00+00:00,6.0,11.426901817321777,10.0,6.75
2026-09-08 04:00:00+00:00,2026-09-08 11:00:00+00:00,7.0,9.817327499389648,7.0,7.833333492279053
2026-09-08 04:00:00+00:00,2026-09-08 12:00:00+00:00,8.0,9.539763450622559,7.0,6.0
2026-09-08 04:00:00+00:00,2026-09-08 13:00:00+00:00,9.0,10.126814842224121,11.0,6.199999809265137
2026-09-08 04:00:00+00:00,2026-09-08 14:00:00+00:00,10.0,9.88631534576416,8.0,8.166666984558105
2026-09-08 04:00:00+00:00,2026-09-08 15:00:00+00:00,11.0,11.77380657196045,11.0,7.55555534362793
2026-09-08 04:00:00+00:00,2026-09-08 16:00:00+00:00,12.0,12.670768737792969,12.0,1.8333333730697632
2026-09-08 05:00:00+00:00,2026-09-08 06:00:00+00:00,1.0,10.963532447814941,13.0,10.5
2026-09-08 05:00:00+00:00,2026-09-08 07:00:00+00:00,2.0,11.106549263000488,11.0,12.333333015441895
2026-09-08 05:00:00+00:00,2026-09-08 08:00:00+00:00,3.0,11.841978073120117,12.0,11.0
2026-09-08 05:00:00+00:00,2026-09-08 09:00:00+00:00,4.0,11.58480453491211,11.0,7.833333492279053
2026-09-08 05:00:00+00:00,2026-09-08 10:00:00+00:00,5.0,10.785064697265625,10.0,6.75
2026-09-08 05:00:00+00:00,2026-09-08 11:00:00+00:00,6.0,9.442205429077148,7.0,7.833333492279053
2026-09-08 05:00:00+00:00,2026-09-08 12:00:00+00:00,7.0,9.295331954956055,7.0,6.0
2026-09-08 05:00:00+00:00,2026-09-08 13:00:00+00:00,8.0,10.006787300109863,11.0,6.199999809265137
2026-09-08 05:00:00+00:00,2026-09-08 14:00:00+00:00,9.0,9.82386302947998,8.0,8.166666984558105
2026-09-08 05:00:00+00:00,2026-09-08 15:00:00+00:00,10.0,11.731893539428711,11.0,7.55555534362793
2026-09-08 05:00:00+00:00,2026-09-08 16:00:00+00:00,11.0,12.650270462036133,12.0,1.8333333730697632
2026-09-08 05:00:00+00:00,2026-09-08 17:00:00+00:00,12.0,14.329873085021973,14.0,5.5714287757873535
2026-09-08 06:00:00+00:00,2026-09-08 07:00:00+00:00,1.0,10.68828296661377,11.0,12.333333015441895
2026-09-08 06:00:00+00:00,2026-09-08 08:00:00+00:00,2.0,12.083267211914062,13.0,11.0
2026-09-08 06:00:00+00:00,2026-09-08 09:00:00+00:00,3.0,12.218775749206543,12.0,7.833333492279053
2026-09-08 06:00:00+00:00,2026-09-08 10:00:00+00:00,4.0,11.376845359802246,10.0,6.75
2026-09-08 06:00:00+00:00,2026-09-08 11:00:00+00:00,5.0,9.558046340942383,7.0,7.833333492279053
2026-09-08 06:00:00+00:00,2026-09-08 12:00:00+00:00,6.0,8.154380798339844,5.0,6.0
2026-09-08 06:00:00+00:00,2026-09-08 13:00:00+00:00,7.0,7.990129470825195,9.0,6.199999809265137
2026-09-08 06:00:00+00:00,2026-09-08 14:00:00+00:00,8.0,9.713765144348145,8.0,8.166666984558105
2026-09-08 06:00:00+00:00,2026-09-08 15:00:00+00:00,9.0,12.351947784423828,13.0,7.55555534362793
2026-09-08 06:00:00+00:00,2026-09-08 16:00:00+00:00,10.0,13.521356582641602,13.0,1.8333333730697632
2026-09-08 06:00:00+00:00,2026-09-08 17:00:00+00:00,11.0,14.152658462524414,13.0,5.5714287757873535
2026-09-08 06:00:00+00:00,2026-09-08 18:00:00+00:00,12.0,13.720101356506348,18.0,7.5
2026-09-08 07:00:00+00:00,2026-09-08 08:00:00+00:00,1.0,11.008965492248535,9.0,11.0
2026-09-08 07:00:00+00:00,2026-09-08 09:00:00+00:00,2.0,11.454704284667969,10.0,7.833333492279053
2026-09-08 07:00:00+00:00,2026-09-08 10:00:00+00:00,3.0,11.160979270935059,9.0,6.75
2026-09-08 07:00:00+00:00,2026-09-08 11:00:00+00:00,4.0,9.612310409545898,7.0,7.833333492279053
2026-09-08 07:00:00+00:00,2026-09-08 12:00:00+00:00,5.0,10.375747680664062,9.0,6.0
2026-09-08 07:00:00+00:00,2026-09-08 13:00:00+00:00,6.0,7.099571228027344,4.0,6.199999809265137
2026-09-08 07:00:00+00:00,2026-09-08 14:00:00+00:00,7.0,9.518780708312988,10.0,8.166666984558105
2026-09-08 07:00:00+00:00,2026-09-08 15:00:00+00:00,8.0,12.160453796386719,13.0,7.55555534362793
2026-09-08 07:00:00+00:00,2026-09-08 16:00:00+00:00,9.0,13.073590278625488,12.0,1.8333333730697632
2026-09-08 07:00:00+00:00,2026-09-08 17:00:00+00:00,10.0,13.989020347595215,13.0,5.5714287757873535
2026-09-08 07:00:00+00:00,2026-09-08 18:00:00+00:00,11.0,11.223332405090332,12.0,7.5
2026-09-08 07:00:00+00:00,2026-09-08 19:00:00+00:00,12.0,11.079228401184082,15.0,12.25
2026-09-08 08:00:00+00:00,2026-09-08 09:00:00+00:00,1.0,10.158377647399902,8.0,7.833333492279053
2026-09-08 08:00:00+00:00,2026-09-08 10:00:00+00:00,2.0,10.353459358215332,8.0,6.75
2026-09-08 08:00:00+00:00,2026-09-08 11:00:00+00:00,3.0,8.311345100402832,6.0,7.833333492279053
2026-09-08 08:00:00+00:00,2026-09-08 12:00:00+00:00,4.0,12.009062767028809,14.0,6.0
2026-09-08 08:00:00+00:00,2026-09-08 13:00:00+00:00,5.0,14.806025505065918,15.0,6.199999809265137
2026-09-08 08:00:00+00:00,2026-09-08 14:00:00+00:00,6.0,15.732203483581543,14.0,8.166666984558105
2026-09-08 08:00:00+00:00,2026-09-08 15:00:00+00:00,7.0,15.20765209197998,13.0,7.55555534362793
2026-09-08 08:00:00+00:00,2026-09-08 16:00:00+00:00,8.0,13.11796760559082,10.0,1.8333333730697632
2026-09-08 08:00:00+00:00,2026-09-08 17:00:00+00:00,9.0,9.466448783874512,7.0,5.5714287757873535
2026-09-08 08:00:00+00:00,2026-09-08 18:00:00+00:00,10.0,8.26353645324707,10.0,7.5
2026-09-08 08:00:00+00:00,2026-09-08 19:00:00+00:00,11.0,8.706602096557617,12.0,12.25
2026-09-08 08:00:00+00:00,2026-09-08 20:00:00+00:00,12.0,9.848898887634277,14.0,11.625
2026-09-08 09:00:00+00:00,2026-09-08 10:00:00+00:00,1.0,8.460540771484375,9.0,6.75
2026-09-08 09:00:00+00:00,2026-09-08 11:00:00+00:00,2.0,8.330204010009766,7.0,7.833333492279053
2026-09-08 09:00:00+00:00,2026-09-08 12:00:00+00:00,3.0,8.29545783996582,7.0,6.0
2026-09-08 09:00:00+00:00,2026-09-08 13:00:00+00:00,4.0,6.492844104766846,5.0,6.199999809265137
2026-09-08 09:00:00+00:00,2026-09-08 14:00:00+00:00,5.0,6.169654369354248,4.0,8.166666984558105
2026-09-08 09:00:00+00:00,2026-09-08 15:00:00+00:00,6.0,9.567317008972168,13.0,7.55555534362793
2026-09-08 09:00:00+00:00,2026-09-08 16:00:00+00:00,7.0,11.702892303466797,12.0,1.8333333730697632
2026-09-08 09:00:00+00:00,2026-09-08 17:00:00+00:00,8.0,12.349452018737793,13.0,5.5714287757873535
2026-09-08 09:00:00+00:00,2026-09-08 18:00:00+00:00,9.0,8.054863929748535,8.0,7.5
2026-09-08 09:00:00+00:00,2026-09-08 19:00:00+00:00,10.0,8.002251625061035,11.0,12.25
2026-09-08 09:00:00+00:00,2026-09-08 20:00:00+00:00,11.0,9.259023666381836,14.0,11.625
2026-09-08 09:00:00+00:00,2026-09-08 21:00:00+00:00,12.0,9.884110450744629,14.0,12.333333015441895
2026-09-08 10:00:00+00:00,2026-09-08 11:00:00+00:00,1.0,9.269545555114746,10.0,7.833333492279053
2026-09-08 10:00:00+00:00,2026-09-08 12:00:00+00:00,2.0,11.8774995803833,12.0,6.0
2026-09-08 10:00:00+00:00,2026-09-08 13:00:00+00:00,3.0,11.596638679504395,10.0,6.199999809265137
2026-09-08 10:00:00+00:00,2026-09-08 14:00:00+00:00,4.0,14.146206855773926,15.0,8.166666984558105
2026-09-08 10:00:00+00:00,2026-09-08 15:00:00+00:00,5.0,13.268197059631348,11.0,7.55555534362793
2026-09-08 10:00:00+00:00,2026-09-08 16:00:00+00:00,6.0,13.487184524536133,12.0,1.8333333730697632
2026-09-08 10:00:00+00:00,2026-09-08 17:00:00+00:00,7.0,12.024004936218262,10.0,5.5714287757873535
2026-09-08 10:00:00+00:00,2026-09-08 18:00:00+00:00,8.0,9.967001914978027,11.0,7.5
2026-09-08 10:00:00+00:00,2026-09-08 19:00:00+00:00,9.0,10.891517639160156,15.0,12.25
2026-09-08 10:00:00+00:00,2026-09-08 20:00:00+00:00,10.0,10.349912643432617,14.0,11.625
2026-09-08 10:00:00+00:00,2026-09-08 21:00:00+00:00,11.0,10.269537925720215,14.0,12.333333015441895
2026-09-08 10:00:00+00:00,2026-09-08 22:00:00+00:00,12.0,10.445645332336426,15.0,13.5
2026-09-08 11:00:00+00:00,2026-09-08 12:00:00+00:00,1.0,10.918366432189941,13.0,6.0
2026-09-08 11:00:00+00:00,2026-09-08 13:00:00+00:00,2.0,13.699875831604004,15.0,6.199999809265137
2026-09-08 11:00:00+00:00,2026-09-08 14:00:00+00:00,3.0,13.758437156677246,12.0,8.166666984558105
2026-09-08 11:00:00+00:00,2026-09-08 15:00:00+00:00,4.0,11.358966827392578,8.0,7.55555534362793
2026-09-08 11:00:00+00:00,2026-09-08 16:00:00+00:00,5.0,12.117615699768066,11.0,1.8333333730697632
2026-09-08 11:00:00+00:00,2026-09-08 17:00:00+00:00,6.0,12.070693016052246,11.0,5.5714287757873535
2026-09-08 11:00:00+00:00,2026-09-08 18:00:00+00:00,7.0,11.294400215148926,14.0,7.5
2026-09-08 11:00:00+00:00,2026-09-08 19:00:00+00:00,8.0,9.678603172302246,12.0,12.25
2026-09-08 11:00:00+00:00,2026-09-08 20:00:00+00:00,9.0,9.052810668945312,12.0,11.625
2026-09-08 11:00:00+00:00,2026-09-08 21:00:00+00:00,10.0,9.288237571716309,13.0,12.333333015441895
2026-09-08 11:00:00+00:00,2026-09-08 22:00:00+00:00,11.0,10.212735176086426,15.0,13.5
2026-09-08 11:00:00+00:00,2026-09-08 23:00:00+00:00,12.0,11.69671630859375,17.0,13.571428298950195
2026-09-08 12:00:00+00:00,2026-09-08 13:00:00+00:00,1.0,6.569639682769775,8.0,6.199999809265137
2026-09-08 12:00:00+00:00,2026-09-08 14:00:00+00:00,2.0,6.625929832458496,5.0,8.166666984558105
2026-09-08 12:00:00+00:00,2026-09-08 15:00:00+00:00,3.0,8.879729270935059,9.0,7.55555534362793
2026-09-08 12:00:00+00:00,2026-09-08 16:00:00+00:00,4.0,10.684537887573242,11.0,1.8333333730697632
2026-09-08 12:00:00+00:00,2026-09-08 17:00:00+00:00,5.0,12.157431602478027,12.0,5.5714287757873535
2026-09-08 12:00:00+00:00,2026-09-08 18:00:00+00:00,6.0,11.079729080200195,14.0,7.5
2026-09-08 12:00:00+00:00,2026-09-08 19:00:00+00:00,7.0,10.965962409973145,15.0,12.25
2026-09-08 12:00:00+00:00,2026-09-08 20:00:00+00:00,8.0,10.146807670593262,14.0,11.625
2026-09-08 12:00:00+00:00,2026-09-08 21:00:00+00:00,9.0,10.096972465515137,14.0,12.333333015441895
2026-09-08 12:00:00+00:00,2026-09-08 22:00:00+00:00,10.0,10.497302055358887,15.0,13.5
2026-09-08 12:00:00+00:00,2026-09-08 23:00:00+00:00,11.0,11.028684616088867,16.0,13.571428298950195
2026-09-08 12:00:00+00:00,2026-09-09 00:00:00+00:00,12.0,11.63687801361084,17.0,13.0
2026-09-08 13:00:00+00:00,2026-09-08 14:00:00+00:00,1.0,9.653925895690918,15.0,8.166666984558105
2026-09-08 13:00:00+00:00,2026-09-08 15:00:00+00:00,2.0,10.09996223449707,10.0,7.55555534362793
2026-09-08 13:00:00+00:00,2026-09-08 16:00:00+00:00,3.0,10.644450187683105,9.0,1.8333333730697632
2026-09-08 13:00:00+00:00,2026-09-08 17:00:00+00:00,4.0,10.3453950881958,9.0,5.5714287757873535
2026-09-08 13:00:00+00:00,2026-09-08 18:00:00+00:00,5.0,11.974169731140137,18.0,7.5
2026-09-08 13:00:00+00:00,2026-09-08 19:00:00+00:00,6.0,11.89013385772705,15.0,12.25
2026-09-08 13:00:00+00:00,2026-09-08 20:00:00+00:00,7.0,11.01197338104248,14.0,11.625
2026-09-08 13:00:00+00:00,2026-09-08 21:00:00+00:00,8.0,10.400792121887207,14.0,12.333333015441895
2026-09-08 13:00:00+00:00,2026-09-08 22:00:00+00:00,9.0,11.196161270141602,16.0,13.5
2026-09-08 13:00:00+00:00,2026-09-08 23:00:00+00:00,10.0,11.794898986816406,17.0,13.571428298950195
2026-09-08 13:00:00+00:00,2026-09-09 00:00:00+00:00,11.0,11.475015640258789,16.0,13.0
2026-09-08 13:00:00+00:00,2026-09-09 01:00:00+00:00,12.0,11.962462425231934,17.0,12.0
2026-09-08 14:00:00+00:00,2026-09-08 15:00:00+00:00,1.0,9.422300338745117,8.0,7.55555534362793
2026-09-08 14:00:00+00:00,2026-09-08 16:00:00+00:00,2.0,10.531343460083008,10.0,1.8333333730697632
2026-09-08 14:00:00+00:00,2026-09-08 17:00:00+00:00,3.0,9.634053230285645,8.0,5.5714287757873535
2026-09-08 14:00:00+00:00,2026-09-08 18:00:00+00:00,4.0,12.507634162902832,20.0,7.5
2026-09-08 14:00:00+00:00,2026-09-08 19:00:00+00:00,5.0,12.068925857543945,14.0,12.25
2026-09-08 14:00:00+00:00,2026-09-08 20:00:00+00:00,6.0,10.526031494140625,12.0,11.625
2026-09-08 14:00:00+00:00,2026-09-08 21:00:00+00:00,7.0,10.676046371459961,14.0,12.333333015441895
2026-09-08 14:00:00+00:00,2026-09-08 22:00:00+00:00,8.0,11.197624206542969,16.0,13.5
2026-09-08 14:00:00+00:00,2026-09-08 23:00:00+00:00,9.0,11.863511085510254,17.0,13.571428298950195
2026-09-08 14:00:00+00:00,2026-09-09 00:00:00+00:00,10.0,12.010510444641113,17.0,13.0
2026-09-08 14:00:00+00:00,2026-09-09 01:00:00+00:00,11.0,12.127593994140625,17.0,12.0
2026-09-08 14:00:00+00:00,2026-09-09 02:00:00+00:00,12.0,12.383682250976562,17.0,13.142857551574707
2026-09-08 15:00:00+00:00,2026-09-08 16:00:00+00:00,1.0,8.108589172363281,8.0,1.8333333730697632
2026-09-08 15:00:00+00:00,2026-09-08 17:00:00+00:00,2.0,8.838459968566895,8.0,5.5714287757873535
2026-09-08 15:00:00+00:00,2026-09-08 18:00:00+00:00,3.0,7.296490669250488,9.0,7.5
2026-09-08 15:00:00+00:00,2026-09-08 19:00:00+00:00,4.0,10.347274780273438,16.0,12.25
2026-09-08 15:00:00+00:00,2026-09-08 20:00:00+00:00,5.0,10.698031425476074,15.0,11.625
2026-09-08 15:00:00+00:00,2026-09-08 21:00:00+00:00,6.0,10.161450386047363,14.0,12.333333015441895
2026-09-08 15:00:00+00:00,2026-09-08 22:00:00+00:00,7.0,10.865093231201172,16.0,13.5
2026-09-08 15:00:00+00:00,2026-09-08 23:00:00+00:00,8.0,11.206266403198242,16.0,13.571428298950195
2026-09-08 15:00:00+00:00,2026-09-09 00:00:00+00:00,9.0,10.806288719177246,15.0,13.0
2026-09-08 15:00:00+00:00,2026-09-09 01:00:00+00:00,10.0,11.306731224060059,16.0,12.0
2026-09-08 15:00:00+00:00,2026-09-09 02:00:00+00:00,11.0,11.627864837646484,16.0,13.142857551574707
2026-09-08 15:00:00+00:00,2026-09-09 03:00:00+00:00,12.0,12.278862953186035,17.0,11.5
2026-09-08 16:00:00+00:00,2026-09-08 17:00:00+00:00,1.0,1.7544087171554565,3.0,5.5714287757873535
2026-09-08 16:00:00+00:00,2026-09-08 18:00:00+00:00,2.0,5.258940696716309,10.0,7.5
2026-09-08 16:00:00+00:00,2026-09-08 19:00:00+00:00,3.0,7.981459140777588,14.0,12.25
2026-09-08 16:00:00+00:00,2026-09-08 20:00:00+00:00,4.0,9.451899528503418,14.0,11.625
2026-09-08 16:00:00+00:00,2026-09-08 21:00:00+00:00,5.0,9.565603256225586,14.0,12.333333015441895
2026-09-08 16:00:00+00:00,2026-09-08 22:00:00+00:00,6.0,10.715630531311035,16.0,13.5
2026-09-08 16:00:00+00:00,2026-09-08 23:00:00+00:00,7.0,11.090346336364746,16.0,13.571428298950195
2026-09-08 16:00:00+00:00,2026-09-09 00:00:00+00:00,8.0,11.755784034729004,17.0,13.0
2026-09-08 16:00:00+00:00,2026-09-09 01:00:00+00:00,9.0,12.16435718536377,17.0,12.0
2026-09-08 16:00:00+00:00,2026-09-09 02:00:00+00:00,10.0,11.887012481689453,16.0,13.142857551574707
2026-09-08 16:00:00+00:00,2026-09-09 03:00:00+00:00,11.0,12.059871673583984,16.0,11.5
2026-09-08 16:00:00+00:00,2026-09-09 04:00:00+00:00,12.0,12.323724746704102,16.0,11.0
2026-09-08 17:00:00+00:00,2026-09-08 18:00:00+00:00,1.0,8.75506591796875,19.0,7.5
2026-09-08 17:00:00+00:00,2026-09-08 19:00:00+00:00,2.0,9.732858657836914,15.0,12.25
2026-09-08 17:00:00+00:00,2026-09-08 20:00:00+00:00,3.0,9.624082565307617,13.0,11.625
2026-09-08 17:00:00+00:00,2026-09-08 21:00:00+00:00,4.0,10.39790153503418,15.0,12.333333015441895
2026-09-08 17:00:00+00:00,2026-09-08 22:00:00+00:00,5.0,10.979820251464844,16.0,13.5
2026-09-08 17:00:00+00:00,2026-09-08 23:00:00+00:00,6.0,11.601911544799805,17.0,13.571428298950195
2026-09-08 17:00:00+00:00,2026-09-09 00:00:00+00:00,7.0,11.290506362915039,16.0,13.0
2026-09-08 17:00:00+00:00,2026-09-09 01:00:00+00:00,8.0,11.439916610717773,16.0,12.0
2026-09-08 17:00:00+00:00,2026-09-09 02:00:00+00:00,9.0,12.045958518981934,17.0,13.142857551574707
2026-09-08 17:00:00+00:00,2026-09-09 03:00:00+00:00,10.0,12.446558952331543,17.0,11.5
2026-09-08 17:00:00+00:00,2026-09-09 04:00:00+00:00,11.0,12.319913864135742,16.0,11.0
2026-09-08 17:00:00+00:00,2026-09-09 05:00:00+00:00,12.0,12.530856132507324,16.0,13.25
2026-09-08 18:00:00+00:00,2026-09-08 19:00:00+00:00,1.0,8.825345039367676,15.0,12.25
2026-09-08 18:00:00+00:00,2026-09-08 20:00:00+00:00,2.0,9.683073043823242,15.0,11.625
2026-09-08 18:00:00+00:00,2026-09-08 21:00:00+00:00,3.0,9.827695846557617,14.0,12.333333015441895
2026-09-08 18:00:00+00:00,2026-09-08 22:00:00+00:00,4.0,10.243178367614746,15.0,13.5
2026-09-08 18:00:00+00:00,2026-09-08 23:00:00+00:00,5.0,10.903997421264648,16.0,13.571428298950195
2026-09-08 18:00:00+00:00,2026-09-09 00:00:00+00:00,6.0,10.622283935546875,15.0,13.0
2026-09-08 18:00:00+00:00,2026-09-09 01:00:00+00:00,7.0,10.704530715942383,15.0,12.0
2026-09-08 18:00:00+00:00,2026-09-09 02:00:00+00:00,8.0,11.395671844482422,16.0,13.142857551574707
2026-09-08 18:00:00+00:00,2026-09-09 03:00:00+00:00,9.0,11.345624923706055,15.0,11.5
2026-09-08 18:00:00+00:00,2026-09-09 04:00:00+00:00,10.0,12.244306564331055,17.0,11.0
2026-09-08 18:00:00+00:00,2026-09-09 05:00:00+00:00,11.0,12.031431198120117,15.0,13.25
2026-09-08 18:00:00+00:00,2026-09-09 06:00:00+00:00,12.0,13.139203071594238,17.0,14.0
2026-09-08 19:00:00+00:00,2026-09-08 20:00:00+00:00,1.0,11.245401382446289,13.0,11.625
2026-09-08 19:00:00+00:00,2026-09-08 21:00:00+00:00,2.0,10.614380836486816,15.0,12.333333015441895
2026-09-08 19:00:00+00:00,2026-09-08 22:00:00+00:00,3.0,11.139211654663086,16.0,13.5
2026-09-08 19:00:00+00:00,2026-09-08 23:00:00+00:00,4.0,11.78407096862793,17.0,13.571428298950195
2026-09-08 19:00:00+00:00,2026-09-09 00:00:00+00:00,5.0,11.624323844909668,16.0,13.0
2026-09-08 19:00:00+00:00,2026-09-09 01:00:00+00:00,6.0,11.541881561279297,16.0,12.0
2026-09-08 19:00:00+00:00,2026-09-09 02:00:00+00:00,7.0,11.628697395324707,16.0,13.142857551574707
2026-09-08 19:00:00+00:00,2026-09-09 03:00:00+00:00,8.0,11.944218635559082,16.0,11.5
2026-09-08 19:00:00+00:00,2026-09-09 04:00:00+00:00,9.0,12.536513328552246,17.0,11.0
2026-09-08 19:00:00+00:00,2026-09-09 05:00:00+00:00,10.0,12.564390182495117,16.0,13.25
2026-09-08 19:00:00+00:00,2026-09-09 06:00:00+00:00,11.0,12.866474151611328,16.0,14.0
2026-09-08 19:00:00+00:00,2026-09-09 07:00:00+00:00,12.0,13.167790412902832,16.0,14.0
2026-09-08 20:00:00+00:00,2026-09-08 21:00:00+00:00,1.0,10.268426895141602,14.0,12.333333015441895
2026-09-08 20:00:00+00:00,2026-09-08 22:00:00+00:00,2.0,10.533870697021484,16.0,13.5
2026-09-08 20:00:00+00:00,2026-09-08 23:00:00+00:00,3.0,12.061405181884766,18.0,13.571428298950195
2026-09-08 20:00:00+00:00,2026-09-09 00:00:00+00:00,4.0,11.448018074035645,16.0,13.0
2026-09-08 20:00:00+00:00,2026-09-09 01:00:00+00:00,5.0,11.124079704284668,15.0,12.0
2026-09-08 20:00:00+00:00,2026-09-09 02:00:00+00:00,6.0,11.5686674118042,16.0,13.142857551574707
2026-09-08 20:00:00+00:00,2026-09-09 03:00:00+00:00,7.0,11.9024658203125,16.0,11.5
2026-09-08 20:00:00+00:00,2026-09-09 04:00:00+00:00,8.0,12.158539772033691,16.0,11.0
2026-09-08 20:00:00+00:00,2026-09-09 05:00:00+00:00,9.0,12.36530590057373,16.0,13.25
2026-09-08 20:00:00+00:00,2026-09-09 06:00:00+00:00,10.0,12.73427677154541,16.0,14.0
2026-09-08 20:00:00+00:00,2026-09-09 07:00:00+00:00,11.0,13.716836929321289,17.0,14.0
2026-09-08 20:00:00+00:00,2026-09-09 08:00:00+00:00,12.0,14.062597274780273,17.0,14.333333015441895
2026-09-08 21:00:00+00:00,2026-09-08 22:00:00+00:00,1.0,10.997413635253906,16.0,13.5
2026-09-08 21:00:00+00:00,2026-09-08 23:00:00+00:00,2.0,11.292889595031738,17.0,13.571428298950195
2026-09-08 21:00:00+00:00,2026-09-09 00:00:00+00:00,3.0,11.724357604980469,17.0,13.0
2026-09-08 21:00:00+00:00,2026-09-09 01:00:00+00:00,4.0,11.507306098937988,16.0,12.0
2026-09-08 21:00:00+00:00,2026-09-09 02:00:00+00:00,5.0,11.716612815856934,16.0,13.142857551574707
2026-09-08 21:00:00+00:00,2026-09-09 03:00:00+00:00,6.0,11.867069244384766,16.0,11.5
2026-09-08 21:00:00+00:00,2026-09-09 04:00:00+00:00,7.0,12.124224662780762,16.0,11.0
2026-09-08 21:00:00+00:00,2026-09-09 05:00:00+00:00,8.0,12.007919311523438,15.0,13.25
2026-09-08 21:00:00+00:00,2026-09-09 06:00:00+00:00,9.0,12.761722564697266,16.0,14.0
2026-09-08 21:00:00+00:00,2026-09-09 07:00:00+00:00,10.0,13.71145248413086,17.0,14.0
2026-09-08 21:00:00+00:00,2026-09-09 08:00:00+00:00,11.0,14.241700172424316,17.0,14.333333015441895
2026-09-08 21:00:00+00:00,2026-09-09 09:00:00+00:00,12.0,14.918254852294922,18.0,14.0
2026-09-08 22:00:00+00:00,2026-09-08 23:00:00+00:00,1.0,11.86056900024414,17.0,13.571428298950195
2026-09-08 22:00:00+00:00,2026-09-09 00:00:00+00:00,2.0,11.504033088684082,17.0,13.0
2026-09-08 22:00:00+00:00,2026-09-09 01:00:00+00:00,3.0,11.388251304626465,16.0,12.0
2026-09-08 22:00:00+00:00,2026-09-09 02:00:00+00:00,4.0,11.66670036315918,16.0,13.142857551574707
2026-09-08 22:00:00+00:00,2026-09-09 03:00:00+00:00,5.0,11.835512161254883,16.0,11.5
2026-09-08 22:00:00+00:00,2026-09-09 04:00:00+00:00,6.0,12.101951599121094,16.0,11.0
2026-09-08 22:00:00+00:00,2026-09-09 05:00:00+00:00,7.0,11.99843978881836,15.0,13.25
2026-09-08 22:00:00+00:00,2026-09-09 06:00:00+00:00,8.0,12.759340286254883,16.0,14.0
2026-09-08 22:00:00+00:00,2026-09-09 07:00:00+00:00,9.0,13.710214614868164,17.0,14.0
2026-09-08 22:00:00+00:00,2026-09-09 08:00:00+00:00,10.0,14.241028785705566,17.0,14.333333015441895
2026-09-08 22:00:00+00:00,2026-09-09 09:00:00+00:00,11.0,14.917789459228516,18.0,14.0
2026-09-08 22:00:00+00:00,2026-09-09 10:00:00+00:00,12.0,15.535870552062988,19.0,11.222222328186035
2026-09-08 23:00:00+00:00,2026-09-09 00:00:00+00:00,1.0,11.64083194732666,17.0,13.0
2026-09-08 23:00:00+00:00,2026-09-09 01:00:00+00:00,2.0,11.0050048828125,16.0,12.0
2026-09-08 23:00:00+00:00,2026-09-09 02:00:00+00:00,3.0,11.473165512084961,16.0,13.142857551574707
2026-09-08 23:00:00+00:00,2026-09-09 03:00:00+00:00,4.0,11.737480163574219,16.0,11.5
2026-09-08 23:00:00+00:00,2026-09-09 04:00:00+00:00,5.0,12.03160285949707,16.0,11.0
2026-09-08 23:00:00+00:00,2026-09-09 05:00:00+00:00,6.0,11.969264030456543,15.0,13.25
2026-09-08 23:00:00+00:00,2026-09-09 06:00:00+00:00,7.0,12.752196311950684,16.0,14.0
2026-09-08 23:00:00+00:00,2026-09-09 07:00:00+00:00,8.0,13.706507682800293,17.0,14.0
2026-09-08 23:00:00+00:00,2026-09-09 08:00:00+00:00,9.0,14.239022254943848,17.0,14.333333015441895
2026-09-08 23:00:00+00:00,2026-09-09 09:00:00+00:00,10.0,14.916399002075195,18.0,14.0
2026-09-08 23:00:00+00:00,2026-09-09 10:00:00+00:00,11.0,15.53483772277832,19.0,11.222222328186035
2026-09-08 23:00:00+00:00,2026-09-09 11:00:00+00:00,12.0,16.018871307373047,19.0,13.571428298950195
2026-09-09 00:00:00+00:00,2026-09-09 01:00:00+00:00,1.0,11.079268455505371,16.0,12.0
2026-09-09 00:00:00+00:00,2026-09-09 02:00:00+00:00,2.0,11.126969337463379,16.0,13.142857551574707
2026-09-09 00:00:00+00:00,2026-09-09 03:00:00+00:00,3.0,11.583832740783691,16.0,11.5
2026-09-09 00:00:00+00:00,2026-09-09 04:00:00+00:00,4.0,11.95608901977539,16.0,11.0
2026-09-09 00:00:00+00:00,2026-09-09 05:00:00+00:00,5.0,11.938619613647461,15.0,13.25
2026-09-09 00:00:00+00:00,2026-09-09 06:00:00+00:00,6.0,12.744739532470703,16.0,14.0
2026-09-09 00:00:00+00:00,2026-09-09 07:00:00+00:00,7.0,13.702630043029785,17.0,14.0
2026-09-09 00:00:00+00:00,2026-09-09 08:00:00+00:00,8.0,14.236924171447754,17.0,14.333333015441895
2026-09-09 00:00:00+00:00,2026-09-09 09:00:00+00:00,9.0,14.914945602416992,18.0,14.0
2026-09-09 00:00:00+00:00,2026-09-09 10:00:00+00:00,10.0,15.533756256103516,19.0,11.222222328186035
2026-09-09 00:00:00+00:00,2026-09-09 11:00:00+00:00,11.0,16.018009185791016,19.0,13.571428298950195
2026-09-09 00:00:00+00:00,2026-09-09 12:00:00+00:00,12.0,15.62565803527832,19.0,13.0
2026-09-09 01:00:00+00:00,2026-09-09 02:00:00+00:00,1.0,10.890178680419922,16.0,13.142857551574707
2026-09-09 01:00:00+00:00,2026-09-09 03:00:00+00:00,2.0,11.106051445007324,16.0,11.5
2026-09-09 01:00:00+00:00,2026-09-09 04:00:00+00:00,3.0,11.731474876403809,16.0,11.0
2026-09-09 01:00:00+00:00,2026-09-09 05:00:00+00:00,4.0,11.830845832824707,15.0,13.25
2026-09-09 01:00:00+00:00,2026-09-09 06:00:00+00:00,5.0,12.702686309814453,16.0,14.0
2026-09-09 01:00:00+00:00,2026-09-09 07:00:00+00:00,6.0,13.6792573928833,17.0,14.0
2026-09-09 01:00:00+00:00,2026-09-09 08:00:00+00:00,7.0,14.223320007324219,17.0,14.333333015441895
2026-09-09 01:00:00+00:00,2026-09-09 09:00:00+00:00,8.0,14.90562915802002,18.0,14.0
2026-09-09 01:00:00+00:00,2026-09-09 10:00:00+00:00,9.0,15.526922225952148,19.0,11.222222328186035
2026-09-09 01:00:00+00:00,2026-09-09 11:00:00+00:00,10.0,16.01253890991211,19.0,13.571428298950195
2026-09-09 01:00:00+00:00,2026-09-09 12:00:00+00:00,11.0,15.621574401855469,19.0,13.0
2026-09-09 01:00:00+00:00,2026-09-09 13:00:00+00:00,12.0,14.297924995422363,17.0,12.0
2026-09-09 02:00:00+00:00,2026-09-09 03:00:00+00:00,1.0,11.851956367492676,16.0,11.5
2026-09-09 02:00:00+00:00,2026-09-09 04:00:00+00:00,2.0,11.782028198242188,16.0,11.0
2026-09-09 02:00:00+00:00,2026-09-09 05:00:00+00:00,3.0,11.778759002685547,15.0,13.25
2026-09-09 02:00:00+00:00,2026-09-09 06:00:00+00:00,4.0,12.643759727478027,16.0,14.0
2026-09-09 02:00:00+00:00,2026-09-09 07:00:00+00:00,5.0,13.644774436950684,17.0,14.0
2026-09-09 02:00:00+00:00,2026-09-09 08:00:00+00:00,6.0,14.202117919921875,17.0,14.333333015441895
2026-09-09 02:00:00+00:00,2026-09-09 09:00:00+00:00,7.0,14.891222953796387,18.0,14.0
2026-09-09 02:00:00+00:00,2026-09-09 10:00:00+00:00,8.0,15.516453742980957,19.0,11.222222328186035
2026-09-09 02:00:00+00:00,2026-09-09 11:00:00+00:00,9.0,16.004140853881836,19.0,13.571428298950195
2026-09-09 02:00:00+00:00,2026-09-09 12:00:00+00:00,10.0,15.61529541015625,19.0,13.0
2026-09-09 02:00:00+00:00,2026-09-09 13:00:00+00:00,11.0,14.293623924255371,17.0,12.0
2026-09-09 02:00:00+00:00,2026-09-09 14:00:00+00:00,12.0,12.0891695022583,14.0,7.888888835906982
2026-09-09 03:00:00+00:00,2026-09-09 04:00:00+00:00,1.0,10.778318405151367,16.0,11.0
2026-09-09 03:00:00+00:00,2026-09-09 05:00:00+00:00,2.0,10.987733840942383,15.0,13.25
2026-09-09 03:00:00+00:00,2026-09-09 06:00:00+00:00,3.0,12.199484825134277,16.0,14.0
2026-09-09 03:00:00+00:00,2026-09-09 07:00:00+00:00,4.0,13.374382972717285,17.0,14.0
2026-09-09 03:00:00+00:00,2026-09-09 08:00:00+00:00,5.0,14.049921035766602,17.0,14.333333015441895
2026-09-09 03:00:00+00:00,2026-09-09 09:00:00+00:00,6.0,14.785099029541016,18.0,14.0
2026-09-09 03:00:00+00:00,2026-09-09 10:00:00+00:00,7.0,15.437638282775879,19.0,11.222222328186035
2026-09-09 03:00:00+00:00,2026-09-09 11:00:00+00:00,8.0,15.941347122192383,19.0,13.571428298950195
2026-09-09 03:00:00+00:00,2026-09-09 12:00:00+00:00,9.0,15.568438529968262,19.0,13.0
2026-09-09 03:00:00+00:00,2026-09-09 13:00:00+00:00,10.0,14.261492729187012,17.0,12.0
2026-09-09 03:00:00+00:00,2026-09-09 14:00:00+00:00,11.0,12.065041542053223,14.0,7.888888835906982
2026-09-09 03:00:00+00:00,2026-09-09 15:00:00+00:00,12.0,11.089035987854004,14.0,7.666666507720947
2026-09-09 04:00:00+00:00,2026-09-09 05:00:00+00:00,1.0,10.438596725463867,15.0,13.25
2026-09-09 04:00:00+00:00,2026-09-09 06:00:00+00:00,2.0,11.579784393310547,16.0,14.0
2026-09-09 04:00:00+00:00,2026-09-09 07:00:00+00:00,3.0,13.00018310546875,17.0,14.0
2026-09-09 04:00:00+00:00,2026-09-09 08:00:00+00:00,4.0,13.837470054626465,17.0,14.333333015441895
2026-09-09 04:00:00+00:00,2026-09-09 09:00:00+00:00,5.0,14.635747909545898,18.0,14.0
2026-09-09 04:00:00+00:00,2026-09-09 10:00:00+00:00,6.0,15.309489250183105,19.0,11.222222328186035
2026-09-09 04:00:00+00:00,2026-09-09 11:00:00+00:00,7.0,15.84160327911377,19.0,13.571428298950195
2026-09-09 04:00:00+00:00,2026-09-09 12:00:00+00:00,8.0,15.495219230651855,19.0,13.0
2026-09-09 04:00:00+00:00,2026-09-09 13:00:00+00:00,9.0,14.211037635803223,17.0,12.0
2026-09-09 04:00:00+00:00,2026-09-09 14:00:00+00:00,10.0,12.027140617370605,14.0,7.888888835906982
2026-09-09 04:00:00+00:00,2026-09-09 15:00:00+00:00,11.0,11.057577133178711,14.0,7.666666507720947
2026-09-09 04:00:00+00:00,2026-09-09 16:00:00+00:00,12.0,9.488849639892578,12.0,6.857142925262451
2026-09-09 05:00:00+00:00,2026-09-09 06:00:00+00:00,1.0,13.014925956726074,16.0,14.0
2026-09-09 05:00:00+00:00,2026-09-09 07:00:00+00:00,2.0,13.598160743713379,17.0,14.0
2026-09-09 05:00:00+00:00,2026-09-09 08:00:00+00:00,3.0,14.171794891357422,17.0,14.333333015441895
2026-09-09 05:00:00+00:00,2026-09-09 09:00:00+00:00,4.0,14.884305953979492,18.0,14.0
2026-09-09 05:00:00+00:00,2026-09-09 10:00:00+00:00,5.0,15.51084041595459,19.0,11.222222328186035
2026-09-09 05:00:00+00:00,2026-09-09 11:00:00+00:00,6.0,15.998636245727539,19.0,13.571428298950195
2026-09-09 05:00:00+00:00,2026-09-09 12:00:00+00:00,7.0,15.611369132995605,19.0,13.0
2026-09-09 05:00:00+00:00,2026-09-09 13:00:00+00:00,8.0,14.29098129272461,17.0,12.0
2026-09-09 05:00:00+00:00,2026-09-09 14:00:00+00:00,9.0,12.087176322937012,14.0,7.888888835906982
2026-09-09 05:00:00+00:00,2026-09-09 15:00:00+00:00,10.0,11.107735633850098,14.0,7.666666507720947
2026-09-09 05:00:00+00:00,2026-09-09 16:00:00+00:00,11.0,9.524532318115234,12.0,6.857142925262451
2026-09-09 05:00:00+00:00,2026-09-09 17:00:00+00:00,12.0,8.377737045288086,11.0,8.0
2026-09-09 06:00:00+00:00,2026-09-09 07:00:00+00:00,1.0,13.093470573425293,16.0,14.0
2026-09-09 06:00:00+00:00,2026-09-09 08:00:00+00:00,2.0,13.900050163269043,18.0,14.333333015441895
2026-09-09 06:00:00+00:00,2026-09-09 09:00:00+00:00,3.0,15.841124534606934,21.0,14.0
2026-09-09 06:00:00+00:00,2026-09-09 10:00:00+00:00,4.0,15.322332382202148,18.0,11.222222328186035
2026-09-09 06:00:00+00:00,2026-09-09 11:00:00+00:00,5.0,15.709381103515625,20.0,13.571428298950195
2026-09-09 06:00:00+00:00,2026-09-09 12:00:00+00:00,6.0,13.79697322845459,16.0,13.0
2026-09-09 06:00:00+00:00,2026-09-09 13:00:00+00:00,7.0,13.654773712158203,17.0,12.0
2026-09-09 06:00:00+00:00,2026-09-09 14:00:00+00:00,8.0,12.363777160644531,15.0,7.888888835906982
2026-09-09 06:00:00+00:00,2026-09-09 15:00:00+00:00,9.0,11.24854850769043,14.0,7.666666507720947
2026-09-09 06:00:00+00:00,2026-09-09 16:00:00+00:00,10.0,10.041980743408203,13.0,6.857142925262451
2026-09-09 06:00:00+00:00,2026-09-09 17:00:00+00:00,11.0,8.975149154663086,12.0,8.0
2026-09-09 06:00:00+00:00,2026-09-09 18:00:00+00:00,12.0,8.071279525756836,11.0,4.5714287757873535
2026-09-09 07:00:00+00:00,2026-09-09 08:00:00+00:00,1.0,13.936434745788574,18.0,14.333333015441895
2026-09-09 07:00:00+00:00,2026-09-09 09:00:00+00:00,2.0,15.513594627380371,21.0,14.0
2026-09-09 07:00:00+00:00,2026-09-09 10:00:00+00:00,3.0,15.14719009399414,18.0,11.222222328186035
2026-09-09 07:00:00+00:00,2026-09-09 11:00:00+00:00,4.0,15.610698699951172,20.0,13.571428298950195
2026-09-09 07:00:00+00:00,2026-09-09 12:00:00+00:00,5.0,13.714332580566406,16.0,13.0
2026-09-09 07:00:00+00:00,2026-09-09 13:00:00+00:00,6.0,13.597569465637207,17.0,12.0
2026-09-09 07:00:00+00:00,2026-09-09 14:00:00+00:00,7.0,12.32174015045166,15.0,7.888888835906982
2026-09-09 07:00:00+00:00,2026-09-09 15:00:00+00:00,8.0,11.217144966125488,14.0,7.666666507720947
2026-09-09 07:00:00+00:00,2026-09-09 16:00:00+00:00,9.0,10.022149085998535,13.0,6.857142925262451
2026-09-09 07:00:00+00:00,2026-09-09 17:00:00+00:00,10.0,8.9639310836792,12.0,8.0
2026-09-09 07:00:00+00:00,2026-09-09 18:00:00+00:00,11.0,8.064532279968262,11.0,4.5714287757873535
2026-09-09 07:00:00+00:00,2026-09-09 19:00:00+00:00,12.0,7.824986457824707,11.0,4.142857074737549
2026-09-09 08:00:00+00:00,2026-09-09 09:00:00+00:00,1.0,14.319007873535156,19.0,14.0
2026-09-09 08:00:00+00:00,2026-09-09 10:00:00+00:00,2.0,13.740766525268555,17.0,11.222222328186035
2026-09-09 08:00:00+00:00,2026-09-09 11:00:00+00:00,3.0,14.10115909576416,18.0,13.571428298950195
2026-09-09 08:00:00+00:00,2026-09-09 12:00:00+00:00,4.0,14.85267448425293,19.0,13.0
2026-09-09 08:00:00+00:00,2026-09-09 13:00:00+00:00,5.0,13.392577171325684,16.0,12.0
2026-09-09 08:00:00+00:00,2026-09-09 14:00:00+00:00,6.0,11.634271621704102,14.0,7.888888835906982
2026-09-09 08:00:00+00:00,2026-09-09 15:00:00+00:00,7.0,10.395186424255371,13.0,7.666666507720947
2026-09-09 08:00:00+00:00,2026-09-09 16:00:00+00:00,8.0,8.719915390014648,11.0,6.857142925262451
2026-09-09 08:00:00+00:00,2026-09-09 17:00:00+00:00,9.0,7.550366401672363,10.0,8.0
2026-09-09 08:00:00+00:00,2026-09-09 18:00:00+00:00,10.0,6.6464080810546875,9.0,4.5714287757873535
2026-09-09 08:00:00+00:00,2026-09-09 19:00:00+00:00,11.0,7.592508792877197,11.0,4.142857074737549
2026-09-09 08:00:00+00:00,2026-09-09 20:00:00+00:00,12.0,7.217845916748047,10.0,4.25
2026-09-09 09:00:00+00:00,2026-09-09 10:00:00+00:00,1.0,12.873303413391113,17.0,11.222222328186035
2026-09-09 09:00:00+00:00,2026-09-09 11:00:00+00:00,2.0,15.148720741271973,22.0,13.571428298950195
2026-09-09 09:00:00+00:00,2026-09-09 12:00:00+00:00,3.0,13.859929084777832,17.0,13.0
2026-09-09 09:00:00+00:00,2026-09-09 13:00:00+00:00,4.0,13.420390129089355,17.0,12.0
2026-09-09 09:00:00+00:00,2026-09-09 14:00:00+00:00,5.0,12.060596466064453,15.0,7.888888835906982
2026-09-09 09:00:00+00:00,2026-09-09 15:00:00+00:00,6.0,10.984039306640625,14.0,7.666666507720947
2026-09-09 09:00:00+00:00,2026-09-09 16:00:00+00:00,7.0,9.918427467346191,13.0,6.857142925262451
2026-09-09 09:00:00+00:00,2026-09-09 17:00:00+00:00,8.0,8.898765563964844,12.0,8.0
2026-09-09 09:00:00+00:00,2026-09-09 18:00:00+00:00,9.0,8.596745491027832,12.0,4.5714287757873535
2026-09-09 09:00:00+00:00,2026-09-09 19:00:00+00:00,10.0,7.917476177215576,11.0,4.142857074737549
2026-09-09 09:00:00+00:00,2026-09-09 20:00:00+00:00,11.0,6.633663177490234,9.0,4.25
2026-09-09 09:00:00+00:00,2026-09-09 21:00:00+00:00,12.0,6.295764446258545,9.0,2.857142925262451
2026-09-09 10:00:00+00:00,2026-09-09 11:00:00+00:00,1.0,11.452756881713867,19.0,13.571428298950195
2026-09-09 10:00:00+00:00,2026-09-09 12:00:00+00:00,2.0,11.599255561828613,17.0,13.0
2026-09-09 10:00:00+00:00,2026-09-09 13:00:00+00:00,3.0,11.679925918579102,16.0,12.0
2026-09-09 10:00:00+00:00,2026-09-09 14:00:00+00:00,4.0,10.686650276184082,14.0,7.888888835906982
2026-09-09 10:00:00+00:00,2026-09-09 15:00:00+00:00,5.0,9.813879013061523,13.0,7.666666507720947
2026-09-09 10:00:00+00:00,2026-09-09 16:00:00+00:00,6.0,8.932873725891113,12.0,6.857142925262451
2026-09-09 10:00:00+00:00,2026-09-09 17:00:00+00:00,7.0,8.607086181640625,12.0,8.0
2026-09-09 10:00:00+00:00,2026-09-09 18:00:00+00:00,8.0,7.948578834533691,11.0,4.5714287757873535
2026-09-09 10:00:00+00:00,2026-09-09 19:00:00+00:00,9.0,7.21919059753418,10.0,4.142857074737549
2026-09-09 10:00:00+00:00,2026-09-09 20:00:00+00:00,10.0,6.471858024597168,9.0,4.25
2026-09-09 10:00:00+00:00,2026-09-09 21:00:00+00:00,11.0,6.333327770233154,9.0,2.857142925262451
2026-09-09 10:00:00+00:00,2026-09-09 22:00:00+00:00,12.0,5.7771124839782715,8.0,1.6666666269302368
2026-09-09 11:00:00+00:00,2026-09-09 12:00:00+00:00,1.0,13.131919860839844,19.0,13.0
2026-09-09 11:00:00+00:00,2026-09-09 13:00:00+00:00,2.0,11.997145652770996,16.0,12.0
2026-09-09 11:00:00+00:00,2026-09-09 14:00:00+00:00,3.0,10.692758560180664,14.0,7.888888835906982
2026-09-09 11:00:00+00:00,2026-09-09 15:00:00+00:00,4.0,10.40463638305664,14.0,7.666666507720947
2026-09-09 11:00:00+00:00,2026-09-09 16:00:00+00:00,5.0,9.121672630310059,12.0,6.857142925262451
2026-09-09 11:00:00+00:00,2026-09-09 17:00:00+00:00,6.0,8.088519096374512,11.0,8.0
2026-09-09 11:00:00+00:00,2026-09-09 18:00:00+00:00,7.0,6.752948760986328,9.0,4.5714287757873535
2026-09-09 11:00:00+00:00,2026-09-09 19:00:00+00:00,8.0,6.9800262451171875,10.0,4.142857074737549
2026-09-09 11:00:00+00:00,2026-09-09 20:00:00+00:00,9.0,6.514246463775635,9.0,4.25
2026-09-09 11:00:00+00:00,2026-09-09 21:00:00+00:00,10.0,5.88487434387207,8.0,2.857142925262451
2026-09-09 11:00:00+00:00,2026-09-09 22:00:00+00:00,11.0,5.702723026275635,8.0,1.6666666269302368
2026-09-09 11:00:00+00:00,2026-09-09 23:00:00+00:00,12.0,4.972052097320557,7.0,1.25
2026-09-09 12:00:00+00:00,2026-09-09 13:00:00+00:00,1.0,11.209460258483887,16.0,12.0
2026-09-09 12:00:00+00:00,2026-09-09 14:00:00+00:00,2.0,10.018989562988281,14.0,7.888888835906982
2026-09-09 12:00:00+00:00,2026-09-09 15:00:00+00:00,3.0,10.084024429321289,14.0,7.666666507720947
2026-09-09 12:00:00+00:00,2026-09-09 16:00:00+00:00,4.0,8.947444915771484,12.0,6.857142925262451
2026-09-09 12:00:00+00:00,2026-09-09 17:00:00+00:00,5.0,8.0040283203125,11.0,8.0
2026-09-09 12:00:00+00:00,2026-09-09 18:00:00+00:00,6.0,6.6984171867370605,9.0,4.5714287757873535
2026-09-09 12:00:00+00:00,2026-09-09 19:00:00+00:00,7.0,6.950931549072266,10.0,4.142857074737549
2026-09-09 12:00:00+00:00,2026-09-09 20:00:00+00:00,8.0,6.499421119689941,9.0,4.25
2026-09-09 12:00:00+00:00,2026-09-09 21:00:00+00:00,9.0,5.878661155700684,8.0,2.857142925262451
2026-09-09 12:00:00+00:00,2026-09-09 22:00:00+00:00,10.0,5.70087194442749,8.0,1.6666666269302368
2026-09-09 12:00:00+00:00,2026-09-09 23:00:00+00:00,11.0,4.971065998077393,7.0,1.25
2026-09-09 12:00:00+00:00,2026-09-10 00:00:00+00:00,12.0,4.819064140319824,7.0,1.1666666269302368
2026-09-09 13:00:00+00:00,2026-09-09 14:00:00+00:00,1.0,10.103921890258789,14.0,7.888888835906982
2026-09-09 13:00:00+00:00,2026-09-09 15:00:00+00:00,2.0,9.344728469848633,13.0,7.666666507720947
2026-09-09 13:00:00+00:00,2026-09-09 16:00:00+00:00,3.0,8.732032775878906,12.0,6.857142925262451
2026-09-09 13:00:00+00:00,2026-09-09 17:00:00+00:00,4.0,8.508382797241211,12.0,8.0
2026-09-09 13:00:00+00:00,2026-09-09 18:00:00+00:00,5.0,7.857050895690918,11.0,4.5714287757873535
2026-09-09 13:00:00+00:00,2026-09-09 19:00:00+00:00,6.0,7.164749622344971,10.0,4.142857074737549
2026-09-09 13:00:00+00:00,2026-09-09 20:00:00+00:00,7.0,6.448049068450928,9.0,4.25
2026-09-09 13:00:00+00:00,2026-09-09 21:00:00+00:00,8.0,5.8098297119140625,8.0,2.857142925262451
2026-09-09 13:00:00+00:00,2026-09-09 22:00:00+00:00,9.0,5.65249490737915,8.0,1.6666666269302368
2026-09-09 13:00:00+00:00,2026-09-09 23:00:00+00:00,10.0,5.476387977600098,8.0,1.25
2026-09-09 13:00:00+00:00,2026-09-10 00:00:00+00:00,11.0,4.870362758636475,7.0,1.1666666269302368
2026-09-09 13:00:00+00:00,2026-09-10 01:00:00+00:00,12.0,4.333000659942627,6.0,0.8888888955116272
2026-09-09 14:00:00+00:00,2026-09-09 15:00:00+00:00,1.0,7.736766815185547,14.0,7.666666507720947
2026-09-09 14:00:00+00:00,2026-09-09 16:00:00+00:00,2.0,7.520906448364258,12.0,6.857142925262451
2026-09-09 14:00:00+00:00,2026-09-09 17:00:00+00:00,3.0,6.880273818969727,10.0,8.0
2026-09-09 14:00:00+00:00,2026-09-09 18:00:00+00:00,4.0,6.245891571044922,9.0,4.5714287757873535
2026-09-09 14:00:00+00:00,2026-09-09 19:00:00+00:00,5.0,6.615269660949707,10.0,4.142857074737549
2026-09-09 14:00:00+00:00,2026-09-09 20:00:00+00:00,6.0,5.85319185256958,8.0,4.25
2026-09-09 14:00:00+00:00,2026-09-09 21:00:00+00:00,7.0,5.7626633644104,8.0,2.857142925262451
2026-09-09 14:00:00+00:00,2026-09-09 22:00:00+00:00,8.0,5.722340106964111,8.0,1.6666666269302368
2026-09-09 14:00:00+00:00,2026-09-09 23:00:00+00:00,9.0,5.006936550140381,7.0,1.25
2026-09-09 14:00:00+00:00,2026-09-10 00:00:00+00:00,10.0,4.834664821624756,7.0,1.1666666269302368
2026-09-09 14:00:00+00:00,2026-09-10 01:00:00+00:00,11.0,4.30807638168335,6.0,0.8888888955116272
2026-09-09 14:00:00+00:00,2026-09-10 02:00:00+00:00,12.0,4.195927143096924,6.0,0.0
2026-09-09 15:00:00+00:00,2026-09-09 16:00:00+00:00,1.0,6.690035343170166,12.0,6.857142925262451
2026-09-09 15:00:00+00:00,2026-09-09 17:00:00+00:00,2.0,6.285929203033447,10.0,8.0
2026-09-09 15:00:00+00:00,2026-09-09 18:00:00+00:00,3.0,6.012063980102539,9.0,4.5714287757873535
2026-09-09 15:00:00+00:00,2026-09-09 19:00:00+00:00,4.0,6.485185623168945,10.0,4.142857074737549
2026-09-09 15:00:00+00:00,2026-09-09 20:00:00+00:00,5.0,5.770160675048828,8.0,4.25
2026-09-09 15:00:00+00:00,2026-09-09 21:00:00+00:00,6.0,5.728542327880859,8.0,2.857142925262451
2026-09-09 15:00:00+00:00,2026-09-09 22:00:00+00:00,7.0,5.7095513343811035,8.0,1.6666666269302368
2026-09-09 15:00:00+00:00,2026-09-09 23:00:00+00:00,8.0,4.999720573425293,7.0,1.25
2026-09-09 15:00:00+00:00,2026-09-10 00:00:00+00:00,9.0,4.830413341522217,7.0,1.1666666269302368
2026-09-09 15:00:00+00:00,2026-09-10 01:00:00+00:00,10.0,4.305390357971191,6.0,0.8888888955116272
2026-09-09 15:00:00+00:00,2026-09-10 02:00:00+00:00,11.0,4.194492816925049,6.0,0.0
2026-09-09 15:00:00+00:00,2026-09-10 03:00:00+00:00,12.0,3.536100149154663,4.0,1.75
2026-09-09 16:00:00+00:00,2026-09-09 17:00:00+00:00,1.0,6.690797805786133,12.0,8.0
2026-09-09 16:00:00+00:00,2026-09-09 18:00:00+00:00,2.0,6.865418910980225,11.0,4.5714287757873535
2026-09-09 16:00:00+00:00,2026-09-09 19:00:00+00:00,3.0,6.652487754821777,10.0,4.142857074737549
2026-09-09 16:00:00+00:00,2026-09-09 20:00:00+00:00,4.0,6.190060615539551,9.0,4.25
2026-09-09 16:00:00+00:00,2026-09-09 21:00:00+00:00,5.0,5.67250394821167,8.0,2.857142925262451
2026-09-09 16:00:00+00:00,2026-09-09 22:00:00+00:00,6.0,5.651612281799316,8.0,1.6666666269302368
2026-09-09 16:00:00+00:00,2026-09-09 23:00:00+00:00,7.0,5.008121013641357,7.0,1.25
2026-09-09 16:00:00+00:00,2026-09-10 00:00:00+00:00,8.0,4.818680763244629,7.0,1.1666666269302368
2026-09-09 16:00:00+00:00,2026-09-10 01:00:00+00:00,9.0,4.326165676116943,6.0,0.8888888955116272
2026-09-09 16:00:00+00:00,2026-09-10 02:00:00+00:00,10.0,3.3824174404144287,4.0,0.0
2026-09-09 16:00:00+00:00,2026-09-10 03:00:00+00:00,11.0,3.279475450515747,2.0,1.75
2026-09-09 16:00:00+00:00,2026-09-10 04:00:00+00:00,12.0,4.591963291168213,4.0,4.714285850524902
2026-09-09 17:00:00+00:00,2026-09-09 18:00:00+00:00,1.0,6.828028202056885,11.0,4.5714287757873535
2026-09-09 17:00:00+00:00,2026-09-09 19:00:00+00:00,2.0,6.394711017608643,10.0,4.142857074737549
2026-09-09 17:00:00+00:00,2026-09-09 20:00:00+00:00,3.0,6.712531566619873,10.0,4.25
2026-09-09 17:00:00+00:00,2026-09-09 21:00:00+00:00,4.0,5.740906238555908,8.0,2.857142925262451
2026-09-09 17:00:00+00:00,2026-09-09 22:00:00+00:00,5.0,5.154148578643799,7.0,1.6666666269302368
2026-09-09 17:00:00+00:00,2026-09-09 23:00:00+00:00,6.0,4.929523944854736,7.0,1.25
2026-09-09 17:00:00+00:00,2026-09-10 00:00:00+00:00,7.0,3.7903261184692383,5.0,1.1666666269302368
2026-09-09 17:00:00+00:00,2026-09-10 01:00:00+00:00,8.0,3.2455310821533203,4.0,0.8888888955116272
2026-09-09 17:00:00+00:00,2026-09-10 02:00:00+00:00,9.0,2.666199207305908,3.0,0.0
2026-09-09 17:00:00+00:00,2026-09-10 03:00:00+00:00,10.0,2.2538583278656006,1.0,1.75
2026-09-09 17:00:00+00:00,2026-09-10 04:00:00+00:00,11.0,4.572490692138672,5.0,4.714285850524902
2026-09-09 17:00:00+00:00,2026-09-10 05:00:00+00:00,12.0,6.134965419769287,6.0,4.75
2026-09-09 18:00:00+00:00,2026-09-09 19:00:00+00:00,1.0,5.052969932556152,11.0,4.142857074737549
2026-09-09 18:00:00+00:00,2026-09-09 20:00:00+00:00,2.0,5.143637180328369,9.0,4.25
2026-09-09 18:00:00+00:00,2026-09-09 21:00:00+00:00,3.0,5.097785949707031,8.0,2.857142925262451
2026-09-09 18:00:00+00:00,2026-09-09 22:00:00+00:00,4.0,4.8111186027526855,7.0,1.6666666269302368
2026-09-09 18:00:00+00:00,2026-09-09 23:00:00+00:00,5.0,3.834130048751831,5.0,1.25
2026-09-09 18:00:00+00:00,2026-09-10 00:00:00+00:00,6.0,3.673229932785034,5.0,1.1666666269302368
2026-09-09 18:00:00+00:00,2026-09-10 01:00:00+00:00,7.0,3.51676869392395,5.0,0.8888888955116272
2026-09-09 18:00:00+00:00,2026-09-10 02:00:00+00:00,8.0,3.0518782138824463,3.0,0.0
2026-09-09 18:00:00+00:00,2026-09-10 03:00:00+00:00,9.0,3.667306900024414,2.0,1.75
2026-09-09 18:00:00+00:00,2026-09-10 04:00:00+00:00,10.0,4.877441883087158,5.0,4.714285850524902
2026-09-09 18:00:00+00:00,2026-09-10 05:00:00+00:00,11.0,6.094473361968994,6.0,4.75
2026-09-09 18:00:00+00:00,2026-09-10 06:00:00+00:00,12.0,7.5190935134887695,7.0,4.833333492279053
2026-09-09 19:00:00+00:00,2026-09-09 20:00:00+00:00,1.0,4.459268569946289,10.0,4.25
2026-09-09 19:00:00+00:00,2026-09-09 21:00:00+00:00,2.0,4.406482696533203,8.0,2.857142925262451
2026-09-09 19:00:00+00:00,2026-09-09 22:00:00+00:00,3.0,4.368732452392578,7.0,1.6666666269302368
2026-09-09 19:00:00+00:00,2026-09-09 23:00:00+00:00,4.0,4.444211959838867,7.0,1.25
2026-09-09 19:00:00+00:00,2026-09-10 00:00:00+00:00,5.0,3.6574532985687256,5.0,1.1666666269302368
2026-09-09 19:00:00+00:00,2026-09-10 01:00:00+00:00,6.0,3.1436171531677246,4.0,0.8888888955116272
2026-09-09 19:00:00+00:00,2026-09-10 02:00:00+00:00,7.0,2.5673611164093018,3.0,0.0
2026-09-09 19:00:00+00:00,2026-09-10 03:00:00+00:00,8.0,2.565479278564453,1.0,1.75
2026-09-09 19:00:00+00:00,2026-09-10 04:00:00+00:00,9.0,5.0632643699646,6.0,4.714285850524902
2026-09-09 19:00:00+00:00,2026-09-10 05:00:00+00:00,10.0,6.263916969299316,6.0,4.75
2026-09-09 19:00:00+00:00,2026-09-10 06:00:00+00:00,11.0,7.8801188468933105,8.0,4.833333492279053
2026-09-09 19:00:00+00:00,2026-09-10 07:00:00+00:00,12.0,9.378233909606934,9.0,5.5
2026-09-09 20:00:00+00:00,2026-09-09 21:00:00+00:00,1.0,3.6524887084960938,8.0,2.857142925262451
2026-09-09 20:00:00+00:00,2026-09-09 22:00:00+00:00,2.0,4.253475189208984,8.0,1.6666666269302368
2026-09-09 20:00:00+00:00,2026-09-09 23:00:00+00:00,3.0,3.7077341079711914,6.0,1.25
2026-09-09 20:00:00+00:00,2026-09-10 00:00:00+00:00,4.0,3.3836164474487305,5.0,1.1666666269302368
2026-09-09 20:00:00+00:00,2026-09-10 01:00:00+00:00,5.0,2.4258029460906982,3.0,0.8888888955116272
2026-09-09 20:00:00+00:00,2026-09-10 02:00:00+00:00,6.0,2.533691644668579,3.0,0.0
2026-09-09 20:00:00+00:00,2026-09-10 03:00:00+00:00,7.0,3.239030599594116,2.0,1.75
2026-09-09 20:00:00+00:00,2026-09-10 04:00:00+00:00,8.0,4.493313312530518,5.0,4.714285850524902
2026-09-09 20:00:00+00:00,2026-09-10 05:00:00+00:00,9.0,5.954855442047119,6.0,4.75
2026-09-09 20:00:00+00:00,2026-09-10 06:00:00+00:00,10.0,7.232174873352051,7.0,4.833333492279053
2026-09-09 20:00:00+00:00,2026-09-10 07:00:00+00:00,11.0,8.534557342529297,8.0,5.5
2026-09-09 20:00:00+00:00,2026-09-10 08:00:00+00:00,12.0,9.681344985961914,9.0,7.0
2026-09-09 21:00:00+00:00,2026-09-09 22:00:00+00:00,1.0,2.747309923171997,7.0,1.6666666269302368
2026-09-09 21:00:00+00:00,2026-09-09 23:00:00+00:00,2.0,3.01477313041687,6.0,1.25
2026-09-09 21:00:00+00:00,2026-09-10 00:00:00+00:00,3.0,3.0873119831085205,5.0,1.1666666269302368
2026-09-09 21:00:00+00:00,2026-09-10 01:00:00+00:00,4.0,2.752376079559326,4.0,0.8888888955116272
2026-09-09 21:00:00+00:00,2026-09-10 02:00:00+00:00,5.0,2.2552597522735596,3.0,0.0
2026-09-09 21:00:00+00:00,2026-09-10 03:00:00+00:00,6.0,3.4736084938049316,3.0,1.75
2026-09-09 21:00:00+00:00,2026-09-10 04:00:00+00:00,7.0,5.45774507522583,6.0,4.714285850524902
2026-09-09 21:00:00+00:00,2026-09-10 05:00:00+00:00,8.0,5.783710479736328,5.0,4.75
2026-09-09 21:00:00+00:00,2026-09-10 06:00:00+00:00,9.0,6.666058540344238,6.0,4.833333492279053
2026-09-09 21:00:00+00:00,2026-09-10 07:00:00+00:00,10.0,7.788485050201416,7.0,5.5
2026-09-09 21:00:00+00:00,2026-09-10 08:00:00+00:00,11.0,8.896378517150879,8.0,7.0
2026-09-09 21:00:00+00:00,2026-09-10 09:00:00+00:00,12.0,10.544208526611328,10.0,10.333333015441895
2026-09-09 22:00:00+00:00,2026-09-09 23:00:00+00:00,1.0,1.8288543224334717,6.0,1.25
2026-09-09 22:00:00+00:00,2026-09-10 00:00:00+00:00,2.0,2.3244643211364746,5.0,1.1666666269302368
2026-09-09 22:00:00+00:00,2026-09-10 01:00:00+00:00,3.0,2.3478586673736572,4.0,0.8888888955116272
2026-09-09 22:00:00+00:00,2026-09-10 02:00:00+00:00,4.0,2.0792109966278076,3.0,0.0
2026-09-09 22:00:00+00:00,2026-09-10 03:00:00+00:00,5.0,3.3977129459381104,3.0,1.75
2026-09-09 22:00:00+00:00,2026-09-10 04:00:00+00:00,6.0,5.363081932067871,6.0,4.714285850524902
2026-09-09 22:00:00+00:00,2026-09-10 05:00:00+00:00,7.0,5.707091808319092,5.0,4.75
2026-09-09 22:00:00+00:00,2026-09-10 06:00:00+00:00,8.0,6.621866226196289,6.0,4.833333492279053
2026-09-09 22:00:00+00:00,2026-09-10 07:00:00+00:00,9.0,7.757550239562988,7.0,5.5
2026-09-09 22:00:00+00:00,2026-09-10 08:00:00+00:00,10.0,8.876932144165039,8.0,7.0
2026-09-09 22:00:00+00:00,2026-09-10 09:00:00+00:00,11.0,10.532196044921875,10.0,10.333333015441895
2026-09-09 22:00:00+00:00,2026-09-10 10:00:00+00:00,12.0,10.531888961791992,9.0,13.0
2026-09-09 23:00:00+00:00,2026-09-10 00:00:00+00:00,1.0,1.4401941299438477,5.0,1.1666666269302368
2026-09-09 23:00:00+00:00,2026-09-10 01:00:00+00:00,2.0,1.801709771156311,4.0,0.8888888955116272
2026-09-09 23:00:00+00:00,2026-09-10 02:00:00+00:00,3.0,1.8555878400802612,3.0,0.0
2026-09-09 23:00:00+00:00,2026-09-10 03:00:00+00:00,4.0,3.269643545150757,3.0,1.75
2026-09-09 23:00:00+00:00,2026-09-10 04:00:00+00:00,5.0,5.212062358856201,6.0,4.714285850524902
2026-09-09 23:00:00+00:00,2026-09-10 05:00:00+00:00,6.0,5.595126152038574,5.0,4.75
2026-09-09 23:00:00+00:00,2026-09-10 06:00:00+00:00,7.0,6.557271480560303,6.0,4.833333492279053
2026-09-09 23:00:00+00:00,2026-09-10 07:00:00+00:00,8.0,7.711359977722168,7.0,5.5
2026-09-09 23:00:00+00:00,2026-09-10 08:00:00+00:00,9.0,8.847977638244629,8.0,7.0
2026-09-09 23:00:00+00:00,2026-09-10 09:00:00+00:00,10.0,10.514134407043457,10.0,10.333333015441895
2026-09-09 23:00:00+00:00,2026-09-10 10:00:00+00:00,11.0,10.520618438720703,9.0,13.0
2026-09-09 23:00:00+00:00,2026-09-10 11:00:00+00:00,12.0,11.285210609436035,10.0,13.0
2026-09-10 00:00:00+00:00,2026-09-10 01:00:00+00:00,1.0,1.2149473428726196,4.0,0.8888888955116272
2026-09-10 00:00:00+00:00,2026-09-10 02:00:00+00:00,2.0,1.4829213619232178,3.0,0.0
2026-09-10 00:00:00+00:00,2026-09-10 03:00:00+00:00,3.0,3.096114158630371,3.0,1.75
2026-09-10 00:00:00+00:00,2026-09-10 04:00:00+00:00,4.0,5.070208549499512,6.0,4.714285850524902
2026-09-10 00:00:00+00:00,2026-09-10 05:00:00+00:00,5.0,5.462605953216553,5.0,4.75
2026-09-10 00:00:00+00:00,2026-09-10 06:00:00+00:00,6.0,6.476726055145264,6.0,4.833333492279053
2026-09-10 00:00:00+00:00,2026-09-10 07:00:00+00:00,7.0,7.6583380699157715,7.0,5.5
2026-09-10 00:00:00+00:00,2026-09-10 08:00:00+00:00,8.0,8.814984321594238,8.0,7.0
2026-09-10 00:00:00+00:00,2026-09-10 09:00:00+00:00,9.0,10.49366569519043,10.0,10.333333015441895
2026-09-10 00:00:00+00:00,2026-09-10 10:00:00+00:00,10.0,10.508027076721191,9.0,13.0
2026-09-10 00:00:00+00:00,2026-09-10 11:00:00+00:00,11.0,11.276851654052734,10.0,13.0
2026-09-10 00:00:00+00:00,2026-09-10 12:00:00+00:00,12.0,10.916430473327637,9.0,11.5
2026-09-10 01:00:00+00:00,2026-09-10 02:00:00+00:00,1.0,1.0102179050445557,3.0,0.0
2026-09-10 01:00:00+00:00,2026-09-10 03:00:00+00:00,2.0,2.875293254852295,3.0,1.75
2026-09-10 01:00:00+00:00,2026-09-10 04:00:00+00:00,3.0,4.947829723358154,6.0,4.714285850524902
2026-09-10 01:00:00+00:00,2026-09-10 05:00:00+00:00,4.0,5.329006671905518,5.0,4.75
2026-09-10 01:00:00+00:00,2026-09-10 06:00:00+00:00,5.0,6.395866394042969,6.0,4.833333492279053
2026-09-10 01:00:00+00:00,2026-09-10 07:00:00+00:00,6.0,7.608440399169922,7.0,5.5
2026-09-10 01:00:00+00:00,2026-09-10 08:00:00+00:00,7.0,8.7815523147583,8.0,7.0
2026-09-10 01:00:00+00:00,2026-09-10 09:00:00+00:00,8.0,10.473381996154785,10.0,10.333333015441895
2026-09-10 01:00:00+00:00,2026-09-10 10:00:00+00:00,9.0,10.495698928833008,9.0,13.0
2026-09-10 01:00:00+00:00,2026-09-10 11:00:00+00:00,10.0,11.26860523223877,10.0,13.0
2026-09-10 01:00:00+00:00,2026-09-10 12:00:00+00:00,11.0,10.911283493041992,9.0,11.5
2026-09-10 01:00:00+00:00,2026-09-10 13:00:00+00:00,12.0,11.282305717468262,10.0,8.875
2026-09-10 02:00:00+00:00,2026-09-10 03:00:00+00:00,1.0,2.249286651611328,3.0,1.75
2026-09-10 02:00:00+00:00,2026-09-10 04:00:00+00:00,2.0,4.55369234085083,6.0,4.714285850524902
2026-09-10 02:00:00+00:00,2026-09-10 05:00:00+00:00,3.0,5.016805648803711,5.0,4.75
2026-09-10 02:00:00+00:00,2026-09-10 06:00:00+00:00,4.0,6.220010757446289,6.0,4.833333492279053
2026-09-10 02:00:00+00:00,2026-09-10 07:00:00+00:00,5.0,7.497891426086426,7.0,5.5
2026-09-10 02:00:00+00:00,2026-09-10 08:00:00+00:00,6.0,8.711108207702637,8.0,7.0
2026-09-10 02:00:00+00:00,2026-09-10 09:00:00+00:00,7.0,10.43191909790039,10.0,10.333333015441895
2026-09-10 02:00:00+00:00,2026-09-10 10:00:00+00:00,8.0,10.46866226196289,9.0,13.0
2026-09-10 02:00:00+00:00,2026-09-10 11:00:00+00:00,9.0,11.250585556030273,10.0,13.0
2026-09-10 02:00:00+00:00,2026-09-10 12:00:00+00:00,10.0,10.900230407714844,9.0,11.5
2026-09-10 02:00:00+00:00,2026-09-10 13:00:00+00:00,11.0,11.275651931762695,10.0,8.875
2026-09-10 02:00:00+00:00,2026-09-10 14:00:00+00:00,12.0,11.667847633361816,11.0,7.4285712242126465
2026-09-10 03:00:00+00:00,2026-09-10 04:00:00+00:00,1.0,3.9477272033691406,6.0,4.714285850524902
2026-09-10 03:00:00+00:00,2026-09-10 05:00:00+00:00,2.0,4.702603340148926,5.0,4.75
2026-09-10 03:00:00+00:00,2026-09-10 06:00:00+00:00,3.0,6.061232566833496,6.0,4.833333492279053
2026-09-10 03:00:00+00:00,2026-09-10 07:00:00+00:00,4.0,7.401176452636719,7.0,5.5
2026-09-10 03:00:00+00:00,2026-09-10 08:00:00+00:00,5.0,8.650490760803223,8.0,7.0
2026-09-10 03:00:00+00:00,2026-09-10 09:00:00+00:00,6.0,10.396653175354004,10.0,10.333333015441895
2026-09-10 03:00:00+00:00,2026-09-10 10:00:00+00:00,7.0,10.445221900939941,9.0,13.0
2026-09-10 03:00:00+00:00,2026-09-10 11:00:00+00:00,8.0,11.234874725341797,10.0,13.0
2026-09-10 03:00:00+00:00,2026-09-10 12:00:00+00:00,9.0,10.890642166137695,9.0,11.5
2026-09-10 03:00:00+00:00,2026-09-10 13:00:00+00:00,10.0,11.269887924194336,10.0,8.875
2026-09-10 03:00:00+00:00,2026-09-10 14:00:00+00:00,11.0,11.665567398071289,11.0,7.4285712242126465
2026-09-10 03:00:00+00:00,2026-09-10 15:00:00+00:00,12.0,10.567644119262695,9.0,6.400000095367432
2026-09-10 04:00:00+00:00,2026-09-10 05:00:00+00:00,1.0,5.1505327224731445,5.0,4.75
2026-09-10 04:00:00+00:00,2026-09-10 06:00:00+00:00,2.0,6.268081188201904,6.0,4.833333492279053
2026-09-10 04:00:00+00:00,2026-09-10 07:00:00+00:00,3.0,7.525909900665283,7.0,5.5
2026-09-10 04:00:00+00:00,2026-09-10 08:00:00+00:00,4.0,8.7316255569458,8.0,7.0
2026-09-10 04:00:00+00:00,2026-09-10 09:00:00+00:00,5.0,10.443750381469727,10.0,10.333333015441895
2026-09-10 04:00:00+00:00,2026-09-10 10:00:00+00:00,6.0,10.476112365722656,9.0,13.0
2026-09-10 04:00:00+00:00,2026-09-10 11:00:00+00:00,7.0,11.255605697631836,10.0,13.0
2026-09-10 04:00:00+00:00,2026-09-10 12:00:00+00:00,8.0,10.90333366394043,9.0,11.5
2026-09-10 04:00:00+00:00,2026-09-10 13:00:00+00:00,9.0,11.27751350402832,10.0,8.875
2026-09-10 04:00:00+00:00,2026-09-10 14:00:00+00:00,10.0,11.66858196258545,11.0,7.4285712242126465
2026-09-10 04:00:00+00:00,2026-09-10 15:00:00+00:00,11.0,10.568929672241211,9.0,6.400000095367432
2026-09-10 04:00:00+00:00,2026-09-10 16:00:00+00:00,12.0,10.290172576904297,9.0,5.5
2026-09-10 05:00:00+00:00,2026-09-10 06:00:00+00:00,1.0,6.0459723472595215,6.0,4.833333492279053
2026-09-10 05:00:00+00:00,2026-09-10 07:00:00+00:00,2.0,7.455275535583496,7.0,5.5
2026-09-10 05:00:00+00:00,2026-09-10 08:00:00+00:00,3.0,8.684141159057617,8.0,7.0
2026-09-10 05:00:00+00:00,2026-09-10 09:00:00+00:00,4.0,10.411550521850586,10.0,10.333333015441895
2026-09-10 05:00:00+00:00,2026-09-10 10:00:00+00:00,5.0,10.455704689025879,9.0,13.0
2026-09-10 05:00:00+00:00,2026-09-10 11:00:00+00:00,6.0,11.242388725280762,10.0,13.0
2026-09-10 05:00:00+00:00,2026-09-10 12:00:00+00:00,7.0,10.895146369934082,9.0,11.5
2026-09-10 05:00:00+00:00,2026-09-10 13:00:00+00:00,8.0,11.27254581451416,10.0,8.875
2026-09-10 05:00:00+00:00,2026-09-10 14:00:00+00:00,9.0,11.666609764099121,11.0,7.4285712242126465
2026-09-10 05:00:00+00:00,2026-09-10 15:00:00+00:00,10.0,10.568086624145508,9.0,6.400000095367432
2026-09-10 05:00:00+00:00,2026-09-10 16:00:00+00:00,11.0,10.289796829223633,9.0,5.5
2026-09-10 05:00:00+00:00,2026-09-10 17:00:00+00:00,12.0,9.04039478302002,7.0,4.0
2026-09-10 06:00:00+00:00,2026-09-10 07:00:00+00:00,1.0,5.983852863311768,5.0,5.5
2026-09-10 06:00:00+00:00,2026-09-10 08:00:00+00:00,2.0,6.249725341796875,5.0,7.0
2026-09-10 06:00:00+00:00,2026-09-10 09:00:00+00:00,3.0,7.2408294677734375,7.0,10.333333015441895
2026-09-10 06:00:00+00:00,2026-09-10 10:00:00+00:00,4.0,9.166662216186523,9.0,13.0
2026-09-10 06:00:00+00:00,2026-09-10 11:00:00+00:00,5.0,10.562409400939941,10.0,13.0
2026-09-10 06:00:00+00:00,2026-09-10 12:00:00+00:00,6.0,11.052645683288574,10.0,11.5
2026-09-10 06:00:00+00:00,2026-09-10 13:00:00+00:00,7.0,11.13116455078125,10.0,8.875
2026-09-10 06:00:00+00:00,2026-09-10 14:00:00+00:00,8.0,11.592974662780762,11.0,7.4285712242126465
2026-09-10 06:00:00+00:00,2026-09-10 15:00:00+00:00,9.0,11.160225868225098,10.0,6.400000095367432
2026-09-10 06:00:00+00:00,2026-09-10 16:00:00+00:00,10.0,10.330266952514648,9.0,5.5
2026-09-10 06:00:00+00:00,2026-09-10 17:00:00+00:00,11.0,9.562699317932129,8.0,4.0
2026-09-10 06:00:00+00:00,2026-09-10 18:00:00+00:00,12.0,8.277217864990234,6.0,4.333333492279053
2026-09-10 07:00:00+00:00,2026-09-10 08:00:00+00:00,1.0,7.5544633865356445,8.0,7.0
2026-09-10 07:00:00+00:00,2026-09-10 09:00:00+00:00,2.0,8.640869140625,8.0,10.333333015441895
2026-09-10 07:00:00+00:00,2026-09-10 10:00:00+00:00,3.0,10.837346076965332,11.0,13.0
2026-09-10 07:00:00+00:00,2026-09-10 11:00:00+00:00,4.0,11.993629455566406,11.0,13.0
2026-09-10 07:00:00+00:00,2026-09-10 12:00:00+00:00,5.0,12.365306854248047,11.0,11.5
2026-09-10 07:00:00+00:00,2026-09-10 13:00:00+00:00,6.0,13.369074821472168,13.0,8.875
2026-09-10 07:00:00+00:00,2026-09-10 14:00:00+00:00,7.0,12.627721786499023,11.0,7.4285712242126465
2026-09-10 07:00:00+00:00,2026-09-10 15:00:00+00:00,8.0,12.207832336425781,11.0,6.400000095367432
2026-09-10 07:00:00+00:00,2026-09-10 16:00:00+00:00,9.0,10.611438751220703,9.0,5.5
2026-09-10 07:00:00+00:00,2026-09-10 17:00:00+00:00,10.0,10.076210975646973,9.0,4.0
2026-09-10 07:00:00+00:00,2026-09-10 18:00:00+00:00,11.0,8.746673583984375,7.0,4.333333492279053
2026-09-10 07:00:00+00:00,2026-09-10 19:00:00+00:00,12.0,8.231828689575195,7.0,7.5
2026-09-10 08:00:00+00:00,2026-09-10 09:00:00+00:00,1.0,8.234917640686035,8.0,10.333333015441895
2026-09-10 08:00:00+00:00,2026-09-10 10:00:00+00:00,2.0,9.640216827392578,9.0,13.0
2026-09-10 08:00:00+00:00,2026-09-10 11:00:00+00:00,3.0,10.895157814025879,10.0,13.0
2026-09-10 08:00:00+00:00,2026-09-10 12:00:00+00:00,4.0,11.185616493225098,10.0,11.5
2026-09-10 08:00:00+00:00,2026-09-10 13:00:00+00:00,5.0,11.265644073486328,10.0,8.875
2026-09-10 08:00:00+00:00,2026-09-10 14:00:00+00:00,6.0,9.896622657775879,8.0,7.4285712242126465
2026-09-10 08:00:00+00:00,2026-09-10 15:00:00+00:00,7.0,10.781360626220703,11.0,6.400000095367432
2026-09-10 08:00:00+00:00,2026-09-10 16:00:00+00:00,8.0,10.24398422241211,9.0,5.5
2026-09-10 08:00:00+00:00,2026-09-10 17:00:00+00:00,9.0,9.018959045410156,7.0,4.0
2026-09-10 08:00:00+00:00,2026-09-10 18:00:00+00:00,10.0,8.538178443908691,7.0,4.333333492279053
2026-09-10 08:00:00+00:00,2026-09-10 19:00:00+00:00,11.0,8.157469749450684,7.0,7.5
2026-09-10 08:00:00+00:00,2026-09-10 20:00:00+00:00,12.0,7.402165412902832,6.0,9.571428298950195
2026-09-10 09:00:00+00:00,2026-09-10 10:00:00+00:00,1.0,10.748157501220703,8.0,13.0
2026-09-10 09:00:00+00:00,2026-09-10 11:00:00+00:00,2.0,10.713982582092285,9.0,13.0
2026-09-10 09:00:00+00:00,2026-09-10 12:00:00+00:00,3.0,10.667503356933594,9.0,11.5
2026-09-10 09:00:00+00:00,2026-09-10 13:00:00+00:00,4.0,11.183549880981445,10.0,8.875
2026-09-10 09:00:00+00:00,2026-09-10 14:00:00+00:00,5.0,10.395893096923828,9.0,7.4285712242126465
2026-09-10 09:00:00+00:00,2026-09-10 15:00:00+00:00,6.0,10.464808464050293,10.0,6.400000095367432
2026-09-10 09:00:00+00:00,2026-09-10 16:00:00+00:00,7.0,10.026434898376465,9.0,5.5
2026-09-10 09:00:00+00:00,2026-09-10 17:00:00+00:00,8.0,9.036036491394043,7.0,4.0
2026-09-10 09:00:00+00:00,2026-09-10 18:00:00+00:00,9.0,7.571619510650635,5.0,4.333333492279053
2026-09-10 09:00:00+00:00,2026-09-10 19:00:00+00:00,10.0,6.110692977905273,4.0,7.5
2026-09-10 09:00:00+00:00,2026-09-10 20:00:00+00:00,11.0,5.575315475463867,5.0,9.571428298950195
2026-09-10 09:00:00+00:00,2026-09-10 21:00:00+00:00,12.0,5.327781677246094,5.0,8.800000190734863
2026-09-10 10:00:00+00:00,2026-09-10 11:00:00+00:00,1.0,13.947835922241211,12.0,13.0
2026-09-10 10:00:00+00:00,2026-09-10 12:00:00+00:00,2.0,13.418183326721191,11.0,11.5
2026-09-10 10:00:00+00:00,2026-09-10 13:00:00+00:00,3.0,13.39664077758789,12.0,8.875
2026-09-10 10:00:00+00:00,2026-09-10 14:00:00+00:00,4.0,12.562058448791504,11.0,7.4285712242126465
2026-09-10 10:00:00+00:00,2026-09-10 15:00:00+00:00,5.0,10.99123764038086,9.0,6.400000095367432
2026-09-10 10:00:00+00:00,2026-09-10 16:00:00+00:00,6.0,9.731447219848633,8.0,5.5
2026-09-10 10:00:00+00:00,2026-09-10 17:00:00+00:00,7.0,8.663333892822266,7.0,4.0
2026-09-10 10:00:00+00:00,2026-09-10 18:00:00+00:00,8.0,7.863966464996338,6.0,4.333333492279053
2026-09-10 10:00:00+00:00,2026-09-10 19:00:00+00:00,9.0,7.362703323364258,6.0,7.5
2026-09-10 10:00:00+00:00,2026-09-10 20:00:00+00:00,10.0,7.581995487213135,7.0,9.571428298950195
2026-09-10 10:00:00+00:00,2026-09-10 21:00:00+00:00,11.0,7.701428413391113,7.0,8.800000190734863
2026-09-10 10:00:00+00:00,2026-09-10 22:00:00+00:00,12.0,7.773211479187012,7.0,6.25
2026-09-10 11:00:00+00:00,2026-09-10 12:00:00+00:00,1.0,12.3628511428833,9.0,11.5
2026-09-10 11:00:00+00:00,2026-09-10 13:00:00+00:00,2.0,11.364106178283691,9.0,8.875
2026-09-10 11:00:00+00:00,2026-09-10 14:00:00+00:00,3.0,10.067044258117676,8.0,7.4285712242126465
2026-09-10 11:00:00+00:00,2026-09-10 15:00:00+00:00,4.0,11.31878662109375,12.0,6.400000095367432
2026-09-10 11:00:00+00:00,2026-09-10 16:00:00+00:00,5.0,10.487808227539062,9.0,5.5
2026-09-10 11:00:00+00:00,2026-09-10 17:00:00+00:00,6.0,9.083454132080078,7.0,4.0
2026-09-10 11:00:00+00:00,2026-09-10 18:00:00+00:00,7.0,7.986225605010986,6.0,4.333333492279053
2026-09-10 11:00:00+00:00,2026-09-10 19:00:00+00:00,8.0,7.819563388824463,7.0,7.5
2026-09-10 11:00:00+00:00,2026-09-10 20:00:00+00:00,9.0,7.235702037811279,6.0,9.571428298950195
2026-09-10 11:00:00+00:00,2026-09-10 21:00:00+00:00,10.0,7.545900344848633,7.0,8.800000190734863
2026-09-10 11:00:00+00:00,2026-09-10 22:00:00+00:00,11.0,7.745245933532715,7.0,6.25
2026-09-10 11:00:00+00:00,2026-09-10 23:00:00+00:00,12.0,8.443982124328613,8.0,7.857142925262451
2026-09-10 12:00:00+00:00,2026-09-10 13:00:00+00:00,1.0,10.868656158447266,8.0,8.875
2026-09-10 12:00:00+00:00,2026-09-10 14:00:00+00:00,2.0,10.370234489440918,9.0,7.4285712242126465
2026-09-10 12:00:00+00:00,2026-09-10 15:00:00+00:00,3.0,9.901030540466309,9.0,6.400000095367432
2026-09-10 12:00:00+00:00,2026-09-10 16:00:00+00:00,4.0,9.023174285888672,8.0,5.5
2026-09-10 12:00:00+00:00,2026-09-10 17:00:00+00:00,5.0,7.976745128631592,6.0,4.0
2026-09-10 12:00:00+00:00,2026-09-10 18:00:00+00:00,6.0,6.521176815032959,4.0,4.333333492279053
2026-09-10 12:00:00+00:00,2026-09-10 19:00:00+00:00,7.0,5.7959136962890625,4.0,7.5
2026-09-10 12:00:00+00:00,2026-09-10 20:00:00+00:00,8.0,5.507552623748779,5.0,9.571428298950195
2026-09-10 12:00:00+00:00,2026-09-10 21:00:00+00:00,9.0,6.3789381980896,7.0,8.800000190734863
2026-09-10 12:00:00+00:00,2026-09-10 22:00:00+00:00,10.0,8.032756805419922,9.0,6.25
2026-09-10 12:00:00+00:00,2026-09-10 23:00:00+00:00,11.0,9.385268211364746,10.0,7.857142925262451
2026-09-10 12:00:00+00:00,2026-09-11 00:00:00+00:00,12.0,9.634695053100586,9.0,11.5
2026-09-10 13:00:00+00:00,2026-09-10 14:00:00+00:00,1.0,9.432055473327637,10.0,7.4285712242126465
2026-09-10 13:00:00+00:00,2026-09-10 15:00:00+00:00,2.0,9.575820922851562,9.0,6.400000095367432
2026-09-10 13:00:00+00:00,2026-09-10 16:00:00+00:00,3.0,8.406227111816406,7.0,5.5
2026-09-10 13:00:00+00:00,2026-09-10 17:00:00+00:00,4.0,7.512930870056152,6.0,4.0
2026-09-10 13:00:00+00:00,2026-09-10 18:00:00+00:00,5.0,6.611874103546143,5.0,4.333333492279053
2026-09-10 13:00:00+00:00,2026-09-10 19:00:00+00:00,6.0,5.751622200012207,4.0,7.5
2026-09-10 13:00:00+00:00,2026-09-10 20:00:00+00:00,7.0,6.311866283416748,6.0,9.571428298950195
2026-09-10 13:00:00+00:00,2026-09-10 21:00:00+00:00,8.0,6.468373775482178,6.0,8.800000190734863
2026-09-10 13:00:00+00:00,2026-09-10 22:00:00+00:00,9.0,7.228726863861084,7.0,6.25
2026-09-10 13:00:00+00:00,2026-09-10 23:00:00+00:00,10.0,8.182258605957031,8.0,7.857142925262451
2026-09-10 13:00:00+00:00,2026-09-11 00:00:00+00:00,11.0,8.660782814025879,8.0,11.5
2026-09-10 13:00:00+00:00,2026-09-11 01:00:00+00:00,12.0,9.307792663574219,9.0,11.600000381469727
2026-09-10 14:00:00+00:00,2026-09-10 15:00:00+00:00,1.0,9.129072189331055,11.0,6.400000095367432
2026-09-10 14:00:00+00:00,2026-09-10 16:00:00+00:00,2.0,9.661608695983887,10.0,5.5
2026-09-10 14:00:00+00:00,2026-09-10 17:00:00+00:00,3.0,8.518567085266113,7.0,4.0
2026-09-10 14:00:00+00:00,2026-09-10 18:00:00+00:00,4.0,7.190443992614746,5.0,4.333333492279053
2026-09-10 14:00:00+00:00,2026-09-10 19:00:00+00:00,5.0,5.983956336975098,4.0,7.5
2026-09-10 14:00:00+00:00,2026-09-10 20:00:00+00:00,6.0,5.723679542541504,5.0,9.571428298950195
2026-09-10 14:00:00+00:00,2026-09-10 21:00:00+00:00,7.0,5.330023288726807,5.0,8.800000190734863
2026-09-10 14:00:00+00:00,2026-09-10 22:00:00+00:00,8.0,5.820401668548584,6.0,6.25
2026-09-10 14:00:00+00:00,2026-09-10 23:00:00+00:00,9.0,6.214043140411377,6.0,7.857142925262451
2026-09-10 14:00:00+00:00,2026-09-11 00:00:00+00:00,10.0,7.136328220367432,7.0,11.5
2026-09-10 14:00:00+00:00,2026-09-11 01:00:00+00:00,11.0,8.114105224609375,8.0,11.600000381469727
2026-09-10 14:00:00+00:00,2026-09-11 02:00:00+00:00,12.0,9.073122024536133,9.0,8.625
2026-09-10 15:00:00+00:00,2026-09-10 16:00:00+00:00,1.0,6.997715950012207,8.0,5.5
2026-09-10 15:00:00+00:00,2026-09-10 17:00:00+00:00,2.0,7.63202428817749,7.0,4.0
2026-09-10 15:00:00+00:00,2026-09-10 18:00:00+00:00,3.0,6.68519926071167,5.0,4.333333492279053
2026-09-10 15:00:00+00:00,2026-09-10 19:00:00+00:00,4.0,5.725369930267334,4.0,7.5
2026-09-10 15:00:00+00:00,2026-09-10 20:00:00+00:00,5.0,6.637940406799316,7.0,9.571428298950195
2026-09-10 15:00:00+00:00,2026-09-10 21:00:00+00:00,6.0,8.07486629486084,9.0,8.800000190734863
2026-09-10 15:00:00+00:00,2026-09-10 22:00:00+00:00,7.0,8.487706184387207,8.0,6.25
2026-09-10 15:00:00+00:00,2026-09-10 23:00:00+00:00,8.0,9.287147521972656,9.0,7.857142925262451
2026-09-10 15:00:00+00:00,2026-09-11 00:00:00+00:00,9.0,9.679414749145508,9.0,11.5
2026-09-10 15:00:00+00:00,2026-09-11 01:00:00+00:00,10.0,10.366325378417969,10.0,11.600000381469727
2026-09-10 15:00:00+00:00,2026-09-11 02:00:00+00:00,11.0,10.659248352050781,10.0,8.625
2026-09-10 15:00:00+00:00,2026-09-11 03:00:00+00:00,12.0,11.538487434387207,11.0,10.666666984558105
2026-09-10 16:00:00+00:00,2026-09-10 17:00:00+00:00,1.0,6.229660987854004,6.0,4.0
2026-09-10 16:00:00+00:00,2026-09-10 18:00:00+00:00,2.0,6.182196140289307,5.0,4.333333492279053
2026-09-10 16:00:00+00:00,2026-09-10 19:00:00+00:00,3.0,6.186107158660889,5.0,7.5
2026-09-10 16:00:00+00:00,2026-09-10 20:00:00+00:00,4.0,5.9439616203308105,5.0,9.571428298950195
2026-09-10 16:00:00+00:00,2026-09-10 21:00:00+00:00,5.0,6.296273708343506,6.0,8.800000190734863
2026-09-10 16:00:00+00:00,2026-09-10 22:00:00+00:00,6.0,7.172823429107666,7.0,6.25
2026-09-10 16:00:00+00:00,2026-09-10 23:00:00+00:00,7.0,7.634540557861328,7.0,7.857142925262451
2026-09-10 16:00:00+00:00,2026-09-11 00:00:00+00:00,8.0,8.331185340881348,8.0,11.5
2026-09-10 16:00:00+00:00,2026-09-11 01:00:00+00:00,9.0,8.691794395446777,8.0,11.600000381469727
2026-09-10 16:00:00+00:00,2026-09-11 02:00:00+00:00,10.0,8.597905158996582,7.0,8.625
2026-09-10 16:00:00+00:00,2026-09-11 03:00:00+00:00,11.0,9.62507152557373,9.0,10.666666984558105
2026-09-10 16:00:00+00:00,2026-09-11 04:00:00+00:00,12.0,11.02902603149414,10.0,10.833333015441895
2026-09-10 17:00:00+00:00,2026-09-10 18:00:00+00:00,1.0,5.046613693237305,5.0,4.333333492279053
2026-09-10 17:00:00+00:00,2026-09-10 19:00:00+00:00,2.0,5.2745795249938965,4.0,7.5
2026-09-10 17:00:00+00:00,2026-09-10 20:00:00+00:00,3.0,5.543032169342041,5.0,9.571428298950195
2026-09-10 17:00:00+00:00,2026-09-10 21:00:00+00:00,4.0,5.334590435028076,5.0,8.800000190734863
2026-09-10 17:00:00+00:00,2026-09-10 22:00:00+00:00,5.0,5.968129634857178,6.0,6.25
2026-09-10 17:00:00+00:00,2026-09-10 23:00:00+00:00,6.0,6.5226664543151855,6.0,7.857142925262451
2026-09-10 17:00:00+00:00,2026-09-11 00:00:00+00:00,7.0,7.738531589508057,8.0,11.5
2026-09-10 17:00:00+00:00,2026-09-11 01:00:00+00:00,8.0,8.481801986694336,8.0,11.600000381469727
2026-09-10 17:00:00+00:00,2026-09-11 02:00:00+00:00,9.0,9.278459548950195,9.0,8.625
2026-09-10 17:00:00+00:00,2026-09-11 03:00:00+00:00,10.0,9.9610013961792,9.0,10.666666984558105
2026-09-10 17:00:00+00:00,2026-09-11 04:00:00+00:00,11.0,10.371152877807617,9.0,10.833333015441895
2026-09-10 17:00:00+00:00,2026-09-11 05:00:00+00:00,12.0,11.123586654663086,10.0,11.833333015441895
2026-09-10 18:00:00+00:00,2026-09-10 19:00:00+00:00,1.0,4.647947788238525,3.0,7.5
2026-09-10 18:00:00+00:00,2026-09-10 20:00:00+00:00,2.0,6.395591735839844,8.0,9.571428298950195
2026-09-10 18:00:00+00:00,2026-09-10 21:00:00+00:00,3.0,7.592512607574463,8.0,8.800000190734863
2026-09-10 18:00:00+00:00,2026-09-10 22:00:00+00:00,4.0,8.364716529846191,8.0,6.25
2026-09-10 18:00:00+00:00,2026-09-10 23:00:00+00:00,5.0,9.218850135803223,9.0,7.857142925262451
2026-09-10 18:00:00+00:00,2026-09-11 00:00:00+00:00,6.0,9.552485466003418,9.0,11.5
2026-09-10 18:00:00+00:00,2026-09-11 01:00:00+00:00,7.0,10.335493087768555,10.0,11.600000381469727
2026-09-10 18:00:00+00:00,2026-09-11 02:00:00+00:00,8.0,10.688543319702148,10.0,8.625
2026-09-10 18:00:00+00:00,2026-09-11 03:00:00+00:00,9.0,12.082979202270508,12.0,10.666666984558105
2026-09-10 18:00:00+00:00,2026-09-11 04:00:00+00:00,10.0,12.29163646697998,11.0,10.833333015441895
2026-09-10 18:00:00+00:00,2026-09-11 05:00:00+00:00,11.0,12.640617370605469,11.0,11.833333015441895
2026-09-10 18:00:00+00:00,2026-09-11 06:00:00+00:00,12.0,13.498576164245605,12.0,12.5
2026-09-10 19:00:00+00:00,2026-09-10 20:00:00+00:00,1.0,7.3535566329956055,5.0,9.571428298950195
2026-09-10 19:00:00+00:00,2026-09-10 21:00:00+00:00,2.0,7.579883098602295,7.0,8.800000190734863
2026-09-10 19:00:00+00:00,2026-09-10 22:00:00+00:00,3.0,7.2664971351623535,6.0,6.25
2026-09-10 19:00:00+00:00,2026-09-10 23:00:00+00:00,4.0,7.650004863739014,7.0,7.857142925262451
2026-09-10 19:00:00+00:00,2026-09-11 00:00:00+00:00,5.0,8.372991561889648,8.0,11.5
2026-09-10 19:00:00+00:00,2026-09-11 01:00:00+00:00,6.0,9.726072311401367,10.0,11.600000381469727
2026-09-10 19:00:00+00:00,2026-09-11 02:00:00+00:00,7.0,10.8818998336792,11.0,8.625
2026-09-10 19:00:00+00:00,2026-09-11 03:00:00+00:00,8.0,9.800433158874512,8.0,10.666666984558105
2026-09-10 19:00:00+00:00,2026-09-11 04:00:00+00:00,9.0,11.655970573425293,11.0,10.833333015441895
2026-09-10 19:00:00+00:00,2026-09-11 05:00:00+00:00,10.0,12.39373779296875,11.0,11.833333015441895
2026-09-10 19:00:00+00:00,2026-09-11 06:00:00+00:00,11.0,13.370925903320312,12.0,12.5
2026-09-10 19:00:00+00:00,2026-09-11 07:00:00+00:00,12.0,14.36531925201416,13.0,14.75
2026-09-10 20:00:00+00:00,2026-09-10 21:00:00+00:00,1.0,9.76907730102539,7.0,8.800000190734863
2026-09-10 20:00:00+00:00,2026-09-10 22:00:00+00:00,2.0,9.350093841552734,9.0,6.25
2026-09-10 20:00:00+00:00,2026-09-10 23:00:00+00:00,3.0,9.257803916931152,8.0,7.857142925262451
2026-09-10 20:00:00+00:00,2026-09-11 00:00:00+00:00,4.0,9.438417434692383,8.0,11.5
2026-09-10 20:00:00+00:00,2026-09-11 01:00:00+00:00,5.0,9.72010612487793,9.0,11.600000381469727
2026-09-10 20:00:00+00:00,2026-09-11 02:00:00+00:00,6.0,9.999726295471191,9.0,8.625
2026-09-10 20:00:00+00:00,2026-09-11 03:00:00+00:00,7.0,9.755037307739258,8.0,10.666666984558105
2026-09-10 20:00:00+00:00,2026-09-11 04:00:00+00:00,8.0,11.146821975708008,10.0,10.833333015441895
2026-09-10 20:00:00+00:00,2026-09-11 05:00:00+00:00,9.0,12.173550605773926,11.0,11.833333015441895
2026-09-10 20:00:00+00:00,2026-09-11 06:00:00+00:00,10.0,13.20132827758789,12.0,12.5
2026-09-10 20:00:00+00:00,2026-09-11 07:00:00+00:00,11.0,14.345826148986816,13.0,14.75
2026-09-10 20:00:00+00:00,2026-09-11 08:00:00+00:00,12.0,14.922340393066406,13.0,13.166666984558105
2026-09-10 21:00:00+00:00,2026-09-10 22:00:00+00:00,1.0,8.729355812072754,8.0,6.25
2026-09-10 21:00:00+00:00,2026-09-10 23:00:00+00:00,2.0,9.019777297973633,8.0,7.857142925262451
2026-09-10 21:00:00+00:00,2026-09-11 00:00:00+00:00,3.0,9.086506843566895,8.0,11.5
2026-09-10 21:00:00+00:00,2026-09-11 01:00:00+00:00,4.0,9.569576263427734,9.0,11.600000381469727
2026-09-10 21:00:00+00:00,2026-09-11 02:00:00+00:00,5.0,9.831594467163086,9.0,8.625
2026-09-10 21:00:00+00:00,2026-09-11 03:00:00+00:00,6.0,11.159952163696289,11.0,10.666666984558105
2026-09-10 21:00:00+00:00,2026-09-11 04:00:00+00:00,7.0,11.926469802856445,11.0,10.833333015441895
2026-09-10 21:00:00+00:00,2026-09-11 05:00:00+00:00,8.0,12.32620906829834,11.0,11.833333015441895
2026-09-10 21:00:00+00:00,2026-09-11 06:00:00+00:00,9.0,12.72372055053711,11.0,12.5
2026-09-10 21:00:00+00:00,2026-09-11 07:00:00+00:00,10.0,13.622857093811035,12.0,14.75
2026-09-10 21:00:00+00:00,2026-09-11 08:00:00+00:00,11.0,15.109540939331055,14.0,13.166666984558105
2026-09-10 21:00:00+00:00,2026-09-11 09:00:00+00:00,12.0,14.54908561706543,12.0,11.333333015441895
2026-09-10 22:00:00+00:00,2026-09-10 23:00:00+00:00,1.0,7.437596797943115,8.0,7.857142925262451
2026-09-10 22:00:00+00:00,2026-09-11 00:00:00+00:00,2.0,8.494412422180176,8.0,11.5
2026-09-10 22:00:00+00:00,2026-09-11 01:00:00+00:00,3.0,9.191322326660156,9.0,11.600000381469727
2026-09-10 22:00:00+00:00,2026-09-11 02:00:00+00:00,4.0,9.578128814697266,9.0,8.625
2026-09-10 22:00:00+00:00,2026-09-11 03:00:00+00:00,5.0,10.996846199035645,11.0,10.666666984558105
2026-09-10 22:00:00+00:00,2026-09-11 04:00:00+00:00,6.0,11.819390296936035,11.0,10.833333015441895
2026-09-10 22:00:00+00:00,2026-09-11 05:00:00+00:00,7.0,12.252373695373535,11.0,11.833333015441895
2026-09-10 22:00:00+00:00,2026-09-11 06:00:00+00:00,8.0,12.671730041503906,11.0,12.5
2026-09-10 22:00:00+00:00,2026-09-11 07:00:00+00:00,9.0,13.5853271484375,12.0,14.75
2026-09-10 22:00:00+00:00,2026-09-11 08:00:00+00:00,10.0,15.085404396057129,14.0,13.166666984558105
2026-09-10 22:00:00+00:00,2026-09-11 09:00:00+00:00,11.0,14.533761978149414,12.0,11.333333015441895
2026-09-10 22:00:00+00:00,2026-09-11 10:00:00+00:00,12.0,12.525505065917969,9.0,7.0
2026-09-10 23:00:00+00:00,2026-09-11 00:00:00+00:00,1.0,8.869786262512207,8.0,11.5
2026-09-10 23:00:00+00:00,2026-09-11 01:00:00+00:00,2.0,9.43481159210205,9.0,11.600000381469727
2026-09-10 23:00:00+00:00,2026-09-11 02:00:00+00:00,3.0,9.726890563964844,9.0,8.625
2026-09-10 23:00:00+00:00,2026-09-11 03:00:00+00:00,4.0,11.0950927734375,11.0,10.666666984558105
2026-09-10 23:00:00+00:00,2026-09-11 04:00:00+00:00,5.0,11.88575553894043,11.0,10.833333015441895
2026-09-10 23:00:00+00:00,2026-09-11 05:00:00+00:00,6.0,12.298681259155273,11.0,11.833333015441895
2026-09-10 23:00:00+00:00,2026-09-11 06:00:00+00:00,7.0,12.704046249389648,11.0,12.5
2026-09-10 23:00:00+00:00,2026-09-11 07:00:00+00:00,8.0,13.608613967895508,12.0,14.75
2026-09-10 23:00:00+00:00,2026-09-11 08:00:00+00:00,9.0,15.100415229797363,14.0,13.166666984558105
2026-09-10 23:00:00+00:00,2026-09-11 09:00:00+00:00,10.0,14.54338264465332,12.0,11.333333015441895
2026-09-10 23:00:00+00:00,2026-09-11 10:00:00+00:00,11.0,12.531521797180176,9.0,7.0
2026-09-10 23:00:00+00:00,2026-09-11 11:00:00+00:00,12.0,9.675835609436035,8.0,6.199999809265137
2026-09-11 00:00:00+00:00,2026-09-11 01:00:00+00:00,1.0,11.522146224975586,9.0,11.600000381469727
2026-09-11 00:00:00+00:00,2026-09-11 02:00:00+00:00,2.0,10.939802169799805,9.0,8.625
2026-09-11 00:00:00+00:00,2026-09-11 03:00:00+00:00,3.0,11.7969970703125,11.0,10.666666984558105
2026-09-11 00:00:00+00:00,2026-09-11 04:00:00+00:00,4.0,12.309114456176758,11.0,10.833333015441895
2026-09-11 00:00:00+00:00,2026-09-11 05:00:00+00:00,5.0,12.609641075134277,11.0,11.833333015441895
2026-09-11 00:00:00+00:00,2026-09-11 06:00:00+00:00,6.0,12.930299758911133,11.0,12.5
2026-09-11 00:00:00+00:00,2026-09-11 07:00:00+00:00,7.0,13.769430160522461,12.0,14.75
2026-09-11 00:00:00+00:00,2026-09-11 08:00:00+00:00,8.0,15.203927040100098,14.0,13.166666984558105
2026-09-11 00:00:00+00:00,2026-09-11 09:00:00+00:00,9.0,14.608392715454102,12.0,11.333333015441895
2026-09-11 00:00:00+00:00,2026-09-11 10:00:00+00:00,10.0,12.572334289550781,9.0,7.0
2026-09-11 00:00:00+00:00,2026-09-11 11:00:00+00:00,11.0,9.696520805358887,8.0,6.199999809265137
2026-09-11 00:00:00+00:00,2026-09-11 12:00:00+00:00,12.0,8.453936576843262,8.0,7.25
2026-09-11 01:00:00+00:00,2026-09-11 02:00:00+00:00,1.0,11.342083930969238,9.0,8.625
2026-09-11 01:00:00+00:00,2026-09-11 03:00:00+00:00,2.0,12.109373092651367,11.0,10.666666984558105
2026-09-11 01:00:00+00:00,2026-09-11 04:00:00+00:00,3.0,12.49434757232666,11.0,10.833333015441895
2026-09-11 01:00:00+00:00,2026-09-11 05:00:00+00:00,4.0,12.729544639587402,11.0,11.833333015441895
2026-09-11 01:00:00+00:00,2026-09-11 06:00:00+00:00,5.0,13.021350860595703,11.0,12.5
2026-09-11 01:00:00+00:00,2026-09-11 07:00:00+00:00,6.0,13.832615852355957,12.0,14.75
2026-09-11 01:00:00+00:00,2026-09-11 08:00:00+00:00,7.0,15.246219635009766,14.0,13.166666984558105
2026-09-11 01:00:00+00:00,2026-09-11 09:00:00+00:00,8.0,14.635035514831543,12.0,11.333333015441895
2026-09-11 01:00:00+00:00,2026-09-11 10:00:00+00:00,9.0,12.588640213012695,9.0,7.0
2026-09-11 01:00:00+00:00,2026-09-11 11:00:00+00:00,10.0,9.704611778259277,8.0,6.199999809265137
2026-09-11 01:00:00+00:00,2026-09-11 12:00:00+00:00,11.0,8.45934772491455,8.0,7.25
2026-09-11 01:00:00+00:00,2026-09-11 13:00:00+00:00,12.0,8.037965774536133,9.0,7.5
2026-09-11 02:00:00+00:00,2026-09-11 03:00:00+00:00,1.0,10.079192161560059,11.0,10.666666984558105
2026-09-11 02:00:00+00:00,2026-09-11 04:00:00+00:00,2.0,11.421470642089844,11.0,10.833333015441895
2026-09-11 02:00:00+00:00,2026-09-11 05:00:00+00:00,3.0,11.978720664978027,11.0,11.833333015441895
2026-09-11 02:00:00+00:00,2026-09-11 06:00:00+00:00,4.0,12.472733497619629,11.0,12.5
2026-09-11 02:00:00+00:00,2026-09-11 07:00:00+00:00,5.0,13.442361831665039,12.0,14.75
2026-09-11 02:00:00+00:00,2026-09-11 08:00:00+00:00,6.0,14.993797302246094,14.0,13.166666984558105
2026-09-11 02:00:00+00:00,2026-09-11 09:00:00+00:00,7.0,14.473103523254395,12.0,11.333333015441895
2026-09-11 02:00:00+00:00,2026-09-11 10:00:00+00:00,8.0,12.487711906433105,9.0,7.0
2026-09-11 02:00:00+00:00,2026-09-11 11:00:00+00:00,9.0,9.65418529510498,8.0,6.199999809265137
2026-09-11 02:00:00+00:00,2026-09-11 12:00:00+00:00,10.0,8.425820350646973,8.0,7.25
2026-09-11 02:00:00+00:00,2026-09-11 13:00:00+00:00,11.0,8.015010833740234,9.0,7.5
2026-09-11 02:00:00+00:00,2026-09-11 14:00:00+00:00,12.0,7.502500534057617,9.0,7.714285850524902
2026-09-11 03:00:00+00:00,2026-09-11 04:00:00+00:00,1.0,11.925926208496094,11.0,10.833333015441895
2026-09-11 03:00:00+00:00,2026-09-11 05:00:00+00:00,2.0,12.347100257873535,11.0,11.833333015441895
2026-09-11 03:00:00+00:00,2026-09-11 06:00:00+00:00,3.0,12.698338508605957,11.0,12.5
2026-09-11 03:00:00+00:00,2026-09-11 07:00:00+00:00,4.0,13.606060981750488,12.0,14.75
2026-09-11 03:00:00+00:00,2026-09-11 08:00:00+00:00,5.0,15.103269577026367,14.0,13.166666984558105
2026-09-11 03:00:00+00:00,2026-09-11 09:00:00+00:00,6.0,14.54472541809082,12.0,11.333333015441895
2026-09-11 03:00:00+00:00,2026-09-11 10:00:00+00:00,7.0,12.531869888305664,9.0,7.0
2026-09-11 03:00:00+00:00,2026-09-11 11:00:00+00:00,8.0,9.675873756408691,8.0,6.199999809265137
2026-09-11 03:00:00+00:00,2026-09-11 12:00:00+00:00,9.0,8.440296173095703,8.0,7.25
2026-09-11 03:00:00+00:00,2026-09-11 13:00:00+00:00,10.0,8.02495002746582,9.0,7.5
2026-09-11 03:00:00+00:00,2026-09-11 14:00:00+00:00,11.0,7.507358074188232,9.0,7.714285850524902
2026-09-11 03:00:00+00:00,2026-09-11 15:00:00+00:00,12.0,7.627537250518799,10.0,7.5
2026-09-11 04:00:00+00:00,2026-09-11 05:00:00+00:00,1.0,11.764286994934082,11.0,11.833333015441895
2026-09-11 04:00:00+00:00,2026-09-11 06:00:00+00:00,2.0,12.493520736694336,11.0,12.5
2026-09-11 04:00:00+00:00,2026-09-11 07:00:00+00:00,3.0,13.416912078857422,12.0,14.75
2026-09-11 04:00:00+00:00,2026-09-11 08:00:00+00:00,4.0,14.958433151245117,14.0,13.166666984558105
2026-09-11 04:00:00+00:00,2026-09-11 09:00:00+00:00,5.0,14.45678424835205,12.0,11.333333015441895
2026-09-11 04:00:00+00:00,2026-09-11 10:00:00+00:00,6.0,12.479125022888184,9.0,7.0
2026-09-11 04:00:00+00:00,2026-09-11 11:00:00+00:00,7.0,9.650796890258789,8.0,6.199999809265137
2026-09-11 04:00:00+00:00,2026-09-11 12:00:00+00:00,8.0,8.423391342163086,8.0,7.25
2026-09-11 04:00:00+00:00,2026-09-11 13:00:00+00:00,9.0,8.013278007507324,9.0,7.5
2026-09-11 04:00:00+00:00,2026-09-11 14:00:00+00:00,10.0,7.5016584396362305,9.0,7.714285850524902
2026-09-11 04:00:00+00:00,2026-09-11 15:00:00+00:00,11.0,7.625360488891602,10.0,7.5
2026-09-11 04:00:00+00:00,2026-09-11 16:00:00+00:00,12.0,6.993486404418945,9.0,5.142857074737549
2026-09-11 05:00:00+00:00,2026-09-11 06:00:00+00:00,1.0,12.806265830993652,11.0,12.5
2026-09-11 05:00:00+00:00,2026-09-11 07:00:00+00:00,2.0,13.698299407958984,12.0,14.75
2026-09-11 05:00:00+00:00,2026-09-11 08:00:00+00:00,3.0,15.108478546142578,14.0,13.166666984558105
2026-09-11 05:00:00+00:00,2026-09-11 09:00:00+00:00,4.0,14.549476623535156,12.0,11.333333015441895
2026-09-11 05:00:00+00:00,2026-09-11 10:00:00+00:00,5.0,12.541236877441406,9.0,7.0
2026-09-11 05:00:00+00:00,2026-09-11 11:00:00+00:00,6.0,9.682222366333008,8.0,6.199999809265137
2026-09-11 05:00:00+00:00,2026-09-11 12:00:00+00:00,7.0,8.443843841552734,8.0,7.25
2026-09-11 05:00:00+00:00,2026-09-11 13:00:00+00:00,8.0,8.027241706848145,9.0,7.5
2026-09-11 05:00:00+00:00,2026-09-11 14:00:00+00:00,9.0,7.5085039138793945,9.0,7.714285850524902
2026-09-11 05:00:00+00:00,2026-09-11 15:00:00+00:00,10.0,7.627982139587402,10.0,7.5
2026-09-11 05:00:00+00:00,2026-09-11 16:00:00+00:00,11.0,6.995090961456299,9.0,5.142857074737549
2026-09-11 05:00:00+00:00,2026-09-11 17:00:00+00:00,12.0,5.752392768859863,7.0,5.25
2026-09-11 06:00:00+00:00,2026-09-11 07:00:00+00:00,1.0,13.77203369140625,12.0,14.75
2026-09-11 06:00:00+00:00,2026-09-11 08:00:00+00:00,2.0,14.137112617492676,12.0,13.166666984558105
2026-09-11 06:00:00+00:00,2026-09-11 09:00:00+00:00,3.0,13.966605186462402,12.0,11.333333015441895
2026-09-11 06:00:00+00:00,2026-09-11 10:00:00+00:00,4.0,9.623444557189941,6.0,7.0
2026-09-11 06:00:00+00:00,2026-09-11 11:00:00+00:00,5.0,8.192862510681152,7.0,6.199999809265137
2026-09-11 06:00:00+00:00,2026-09-11 12:00:00+00:00,6.0,6.8464837074279785,6.0,7.25
2026-09-11 06:00:00+00:00,2026-09-11 13:00:00+00:00,7.0,6.506996154785156,7.0,7.5
2026-09-11 06:00:00+00:00,2026-09-11 14:00:00+00:00,8.0,6.558539867401123,8.0,7.714285850524902
2026-09-11 06:00:00+00:00,2026-09-11 15:00:00+00:00,9.0,6.35896110534668,8.0,7.5
2026-09-11 06:00:00+00:00,2026-09-11 16:00:00+00:00,10.0,6.070877552032471,8.0,5.142857074737549
2026-09-11 06:00:00+00:00,2026-09-11 17:00:00+00:00,11.0,4.9081034660339355,6.0,5.25
2026-09-11 06:00:00+00:00,2026-09-11 18:00:00+00:00,12.0,4.644906044006348,6.0,3.5999999046325684
2026-09-11 07:00:00+00:00,2026-09-11 08:00:00+00:00,1.0,13.297320365905762,9.0,13.166666984558105
2026-09-11 07:00:00+00:00,2026-09-11 09:00:00+00:00,2.0,13.017997741699219,10.0,11.333333015441895
2026-09-11 07:00:00+00:00,2026-09-11 10:00:00+00:00,3.0,12.410489082336426,10.0,7.0
2026-09-11 07:00:00+00:00,2026-09-11 11:00:00+00:00,4.0,9.71955394744873,8.0,6.199999809265137
2026-09-11 07:00:00+00:00,2026-09-11 12:00:00+00:00,5.0,8.510233879089355,8.0,7.25
2026-09-11 07:00:00+00:00,2026-09-11 13:00:00+00:00,6.0,8.024521827697754,9.0,7.5
2026-09-11 07:00:00+00:00,2026-09-11 14:00:00+00:00,7.0,7.180513381958008,8.0,7.714285850524902
2026-09-11 07:00:00+00:00,2026-09-11 15:00:00+00:00,8.0,6.720310688018799,8.0,7.5
2026-09-11 07:00:00+00:00,2026-09-11 16:00:00+00:00,9.0,5.7873735427856445,7.0,5.142857074737549
2026-09-11 07:00:00+00:00,2026-09-11 17:00:00+00:00,10.0,4.785043716430664,6.0,5.25
2026-09-11 07:00:00+00:00,2026-09-11 18:00:00+00:00,11.0,3.949687957763672,5.0,3.5999999046325684
2026-09-11 07:00:00+00:00,2026-09-11 19:00:00+00:00,12.0,3.6979048252105713,5.0,2.5
2026-09-11 08:00:00+00:00,2026-09-11 09:00:00+00:00,1.0,14.111300468444824,13.0,11.333333015441895
2026-09-11 08:00:00+00:00,2026-09-11 10:00:00+00:00,2.0,12.375099182128906,9.0,7.0
2026-09-11 08:00:00+00:00,2026-09-11 11:00:00+00:00,3.0,10.255163192749023,7.0,6.199999809265137
2026-09-11 08:00:00+00:00,2026-09-11 12:00:00+00:00,4.0,8.71845817565918,8.0,7.25
2026-09-11 08:00:00+00:00,2026-09-11 13:00:00+00:00,5.0,7.858635902404785,8.0,7.5
2026-09-11 08:00:00+00:00,2026-09-11 14:00:00+00:00,6.0,7.206873893737793,8.0,7.714285850524902
2026-09-11 08:00:00+00:00,2026-09-11 15:00:00+00:00,7.0,6.657502174377441,8.0,7.5
2026-09-11 08:00:00+00:00,2026-09-11 16:00:00+00:00,8.0,5.648911476135254,7.0,5.142857074737549
2026-09-11 08:00:00+00:00,2026-09-11 17:00:00+00:00,9.0,5.309929370880127,7.0,5.25
2026-09-11 08:00:00+00:00,2026-09-11 18:00:00+00:00,10.0,5.120641708374023,7.0,3.5999999046325684
2026-09-11 08:00:00+00:00,2026-09-11 19:00:00+00:00,11.0,4.50968599319458,6.0,2.5
2026-09-11 08:00:00+00:00,2026-09-11 20:00:00+00:00,12.0,4.409525394439697,6.0,2.0
2026-09-11 09:00:00+00:00,2026-09-11 10:00:00+00:00,1.0,13.126523971557617,13.0,7.0
2026-09-11 09:00:00+00:00,2026-09-11 11:00:00+00:00,2.0,10.526906967163086,7.0,6.199999809265137
2026-09-11 09:00:00+00:00,2026-09-11 12:00:00+00:00,3.0,8.157807350158691,5.0,7.25
2026-09-11 09:00:00+00:00,2026-09-11 13:00:00+00:00,4.0,7.993971824645996,8.0,7.5
2026-09-11 09:00:00+00:00,2026-09-11 14:00:00+00:00,5.0,7.266645431518555,8.0,7.714285850524902
2026-09-11 09:00:00+00:00,2026-09-11 15:00:00+00:00,6.0,6.87282133102417,8.0,7.5
2026-09-11 09:00:00+00:00,2026-09-11 16:00:00+00:00,7.0,5.793213844299316,7.0,5.142857074737549
2026-09-11 09:00:00+00:00,2026-09-11 17:00:00+00:00,8.0,4.8351216316223145,6.0,5.25
2026-09-11 09:00:00+00:00,2026-09-11 18:00:00+00:00,9.0,5.0525360107421875,7.0,3.5999999046325684
2026-09-11 09:00:00+00:00,2026-09-11 19:00:00+00:00,10.0,4.479819297790527,6.0,2.5
2026-09-11 09:00:00+00:00,2026-09-11 20:00:00+00:00,11.0,4.401280403137207,6.0,2.0
2026-09-11 09:00:00+00:00,2026-09-11 21:00:00+00:00,12.0,3.7038938999176025,5.0,1.1428571939468384
2026-09-11 10:00:00+00:00,2026-09-11 11:00:00+00:00,1.0,5.57111120223999,7.0,6.199999809265137
2026-09-11 10:00:00+00:00,2026-09-11 12:00:00+00:00,2.0,6.977569103240967,7.0,7.25
2026-09-11 10:00:00+00:00,2026-09-11 13:00:00+00:00,3.0,7.927365779876709,9.0,7.5
2026-09-11 10:00:00+00:00,2026-09-11 14:00:00+00:00,4.0,7.101136684417725,8.0,7.714285850524902
2026-09-11 10:00:00+00:00,2026-09-11 15:00:00+00:00,5.0,6.811491012573242,8.0,7.5
2026-09-11 10:00:00+00:00,2026-09-11 16:00:00+00:00,6.0,5.807425498962402,7.0,5.142857074737549
2026-09-11 10:00:00+00:00,2026-09-11 17:00:00+00:00,7.0,4.530264377593994,5.0,5.25
2026-09-11 10:00:00+00:00,2026-09-11 18:00:00+00:00,8.0,4.764224529266357,5.0,3.5999999046325684
2026-09-11 10:00:00+00:00,2026-09-11 19:00:00+00:00,9.0,4.476162433624268,6.0,2.5
2026-09-11 10:00:00+00:00,2026-09-11 20:00:00+00:00,10.0,4.265371322631836,6.0,2.0
2026-09-11 10:00:00+00:00,2026-09-11 21:00:00+00:00,11.0,4.129159450531006,6.0,1.1428571939468384
2026-09-11 10:00:00+00:00,2026-09-11 22:00:00+00:00,12.0,3.683659315109253,5.0,0.3333333432674408
2026-09-11 11:00:00+00:00,2026-09-11 12:00:00+00:00,1.0,6.336658000946045,7.0,7.25
2026-09-11 11:00:00+00:00,2026-09-11 13:00:00+00:00,2.0,6.221383094787598,7.0,7.5
2026-09-11 11:00:00+00:00,2026-09-11 14:00:00+00:00,3.0,6.202799320220947,7.0,7.714285850524902
2026-09-11 11:00:00+00:00,2026-09-11 15:00:00+00:00,4.0,6.411781311035156,8.0,7.5
2026-09-11 11:00:00+00:00,2026-09-11 16:00:00+00:00,5.0,5.6633992195129395,7.0,5.142857074737549
2026-09-11 11:00:00+00:00,2026-09-11 17:00:00+00:00,6.0,4.277016639709473,5.0,5.25
2026-09-11 11:00:00+00:00,2026-09-11 18:00:00+00:00,7.0,4.943573951721191,7.0,3.5999999046325684
2026-09-11 11:00:00+00:00,2026-09-11 19:00:00+00:00,8.0,4.447488784790039,6.0,2.5
2026-09-11 11:00:00+00:00,2026-09-11 20:00:00+00:00,9.0,3.882533550262451,5.0,2.0
2026-09-11 11:00:00+00:00,2026-09-11 21:00:00+00:00,10.0,4.194028854370117,6.0,1.1428571939468384
2026-09-11 11:00:00+00:00,2026-09-11 22:00:00+00:00,11.0,3.6610193252563477,5.0,0.3333333432674408
2026-09-11 11:00:00+00:00,2026-09-11 23:00:00+00:00,12.0,2.703645706176758,3.0,0.0
2026-09-11 12:00:00+00:00,2026-09-11 13:00:00+00:00,1.0,6.76682186126709,7.0,7.5
2026-09-11 12:00:00+00:00,2026-09-11 14:00:00+00:00,2.0,6.353420734405518,7.0,7.714285850524902
2026-09-11 12:00:00+00:00,2026-09-11 15:00:00+00:00,3.0,6.405381202697754,8.0,7.5
2026-09-11 12:00:00+00:00,2026-09-11 16:00:00+00:00,4.0,5.648040294647217,7.0,5.142857074737549
2026-09-11 12:00:00+00:00,2026-09-11 17:00:00+00:00,5.0,4.273698806762695,5.0,5.25
2026-09-11 12:00:00+00:00,2026-09-11 18:00:00+00:00,6.0,4.943133354187012,7.0,3.5999999046325684
2026-09-11 12:00:00+00:00,2026-09-11 19:00:00+00:00,7.0,4.4477033615112305,6.0,2.5
2026-09-11 12:00:00+00:00,2026-09-11 20:00:00+00:00,8.0,3.882833242416382,5.0,2.0
2026-09-11 12:00:00+00:00,2026-09-11 21:00:00+00:00,9.0,4.19417667388916,6.0,1.1428571939468384
2026-09-11 12:00:00+00:00,2026-09-11 22:00:00+00:00,10.0,3.6610920429229736,5.0,0.3333333432674408
2026-09-11 12:00:00+00:00,2026-09-11 23:00:00+00:00,11.0,2.7036795616149902,3.0,0.0
2026-09-11 12:00:00+00:00,2026-09-12 00:00:00+00:00,12.0,2.4003207683563232,3.0,2.0
2026-09-11 13:00:00+00:00,2026-09-11 14:00:00+00:00,1.0,6.8128509521484375,7.0,7.714285850524902
2026-09-11 13:00:00+00:00,2026-09-11 15:00:00+00:00,2.0,6.483200550079346,8.0,7.5
2026-09-11 13:00:00+00:00,2026-09-11 16:00:00+00:00,3.0,5.635798454284668,7.0,5.142857074737549
2026-09-11 13:00:00+00:00,2026-09-11 17:00:00+00:00,4.0,4.273773670196533,5.0,5.25
2026-09-11 13:00:00+00:00,2026-09-11 18:00:00+00:00,5.0,4.94100284576416,7.0,3.5999999046325684
2026-09-11 13:00:00+00:00,2026-09-11 19:00:00+00:00,6.0,4.446713924407959,6.0,2.5
2026-09-11 13:00:00+00:00,2026-09-11 20:00:00+00:00,7.0,3.8824257850646973,5.0,2.0
2026-09-11 13:00:00+00:00,2026-09-11 21:00:00+00:00,8.0,4.194040775299072,6.0,1.1428571939468384
2026-09-11 13:00:00+00:00,2026-09-11 22:00:00+00:00,9.0,3.660996437072754,5.0,0.3333333432674408
2026-09-11 13:00:00+00:00,2026-09-11 23:00:00+00:00,10.0,2.703629732131958,3.0,0.0
2026-09-11 13:00:00+00:00,2026-09-12 00:00:00+00:00,11.0,2.400294780731201,3.0,2.0
2026-09-11 13:00:00+00:00,2026-09-12 01:00:00+00:00,12.0,2.6948416233062744,4.0,2.3333332538604736
2026-09-11 14:00:00+00:00,2026-09-11 15:00:00+00:00,1.0,6.951014995574951,8.0,7.5
2026-09-11 14:00:00+00:00,2026-09-11 16:00:00+00:00,2.0,5.747979640960693,7.0,5.142857074737549
2026-09-11 14:00:00+00:00,2026-09-11 17:00:00+00:00,3.0,4.319854736328125,5.0,5.25
2026-09-11 14:00:00+00:00,2026-09-11 18:00:00+00:00,4.0,4.941383361816406,7.0,3.5999999046325684
2026-09-11 14:00:00+00:00,2026-09-11 19:00:00+00:00,5.0,4.442713737487793,6.0,2.5
2026-09-11 14:00:00+00:00,2026-09-11 20:00:00+00:00,6.0,3.878422737121582,5.0,2.0
2026-09-11 14:00:00+00:00,2026-09-11 21:00:00+00:00,7.0,4.192178726196289,6.0,1.1428571939468384
2026-09-11 14:00:00+00:00,2026-09-11 22:00:00+00:00,8.0,3.6600334644317627,5.0,0.3333333432674408
2026-09-11 14:00:00+00:00,2026-09-11 23:00:00+00:00,9.0,2.70317006111145,3.0,0.0
2026-09-11 14:00:00+00:00,2026-09-12 00:00:00+00:00,10.0,2.400055408477783,3.0,2.0
2026-09-11 14:00:00+00:00,2026-09-12 01:00:00+00:00,11.0,2.6946866512298584,4.0,2.3333332538604736
2026-09-11 14:00:00+00:00,2026-09-12 02:00:00+00:00,12.0,2.710465908050537,3.0,2.799999952316284
2026-09-11 15:00:00+00:00,2026-09-11 16:00:00+00:00,1.0,6.209811687469482,6.0,5.142857074737549
2026-09-11 15:00:00+00:00,2026-09-11 17:00:00+00:00,2.0,4.691715240478516,5.0,5.25
2026-09-11 15:00:00+00:00,2026-09-11 18:00:00+00:00,3.0,4.517183303833008,6.0,3.5999999046325684
2026-09-11 15:00:00+00:00,2026-09-11 19:00:00+00:00,4.0,3.8388912677764893,5.0,2.5
2026-09-11 15:00:00+00:00,2026-09-11 20:00:00+00:00,5.0,4.261245250701904,6.0,2.0
2026-09-11 15:00:00+00:00,2026-09-11 21:00:00+00:00,6.0,3.7712085247039795,5.0,1.1428571939468384
2026-09-11 15:00:00+00:00,2026-09-11 22:00:00+00:00,7.0,3.7878291606903076,5.0,0.3333333432674408
2026-09-11 15:00:00+00:00,2026-09-11 23:00:00+00:00,8.0,2.8621578216552734,3.0,0.0
2026-09-11 15:00:00+00:00,2026-09-12 00:00:00+00:00,9.0,2.398651361465454,2.0,2.0
2026-09-11 15:00:00+00:00,2026-09-12 01:00:00+00:00,10.0,2.705517292022705,2.0,2.3333332538604736
2026-09-11 15:00:00+00:00,2026-09-12 02:00:00+00:00,11.0,2.2722926139831543,1.0,2.799999952316284
2026-09-11 15:00:00+00:00,2026-09-12 03:00:00+00:00,12.0,3.2130162715911865,4.0,4.166666507720947
2026-09-11 16:00:00+00:00,2026-09-11 17:00:00+00:00,1.0,4.254985809326172,6.0,5.25
2026-09-11 16:00:00+00:00,2026-09-11 18:00:00+00:00,2.0,4.173088550567627,6.0,3.5999999046325684
2026-09-11 16:00:00+00:00,2026-09-11 19:00:00+00:00,3.0,3.9505653381347656,5.0,2.5
2026-09-11 16:00:00+00:00,2026-09-11 20:00:00+00:00,4.0,4.040770053863525,6.0,2.0
2026-09-11 16:00:00+00:00,2026-09-11 21:00:00+00:00,5.0,4.183080196380615,6.0,1.1428571939468384
2026-09-11 16:00:00+00:00,2026-09-11 22:00:00+00:00,6.0,3.3530094623565674,4.0,0.3333333432674408
2026-09-11 16:00:00+00:00,2026-09-11 23:00:00+00:00,7.0,2.2913570404052734,2.0,0.0
2026-09-11 16:00:00+00:00,2026-09-12 00:00:00+00:00,8.0,2.516982316970825,1.0,2.0
2026-09-11 16:00:00+00:00,2026-09-12 01:00:00+00:00,9.0,3.188896894454956,2.0,2.3333332538604736
2026-09-11 16:00:00+00:00,2026-09-12 02:00:00+00:00,10.0,2.76412296295166,2.0,2.799999952316284
2026-09-11 16:00:00+00:00,2026-09-12 03:00:00+00:00,11.0,2.9251742362976074,2.0,4.166666507720947
2026-09-11 16:00:00+00:00,2026-09-12 04:00:00+00:00,12.0,5.134255409240723,5.0,6.5
2026-09-11 17:00:00+00:00,2026-09-11 18:00:00+00:00,1.0,4.904376029968262,7.0,3.5999999046325684
2026-09-11 17:00:00+00:00,2026-09-11 19:00:00+00:00,2.0,4.226536273956299,6.0,2.5
2026-09-11 17:00:00+00:00,2026-09-11 20:00:00+00:00,3.0,3.7673614025115967,5.0,2.0
2026-09-11 17:00:00+00:00,2026-09-11 21:00:00+00:00,4.0,3.7822160720825195,5.0,1.1428571939468384
2026-09-11 17:00:00+00:00,2026-09-11 22:00:00+00:00,5.0,3.2654635906219482,4.0,0.3333333432674408
2026-09-11 17:00:00+00:00,2026-09-11 23:00:00+00:00,6.0,2.4093704223632812,2.0,0.0
2026-09-11 17:00:00+00:00,2026-09-12 00:00:00+00:00,7.0,2.758340835571289,3.0,2.0
2026-09-11 17:00:00+00:00,2026-09-12 01:00:00+00:00,8.0,3.073653221130371,3.0,2.3333332538604736
2026-09-11 17:00:00+00:00,2026-09-12 02:00:00+00:00,9.0,2.981656312942505,2.0,2.799999952316284
2026-09-11 17:00:00+00:00,2026-09-12 03:00:00+00:00,10.0,3.6186013221740723,3.0,4.166666507720947
2026-09-11 17:00:00+00:00,2026-09-12 04:00:00+00:00,11.0,4.0568389892578125,3.0,6.5
2026-09-11 17:00:00+00:00,2026-09-12 05:00:00+00:00,12.0,4.618526935577393,3.0,5.75
2026-09-11 18:00:00+00:00,2026-09-11 19:00:00+00:00,1.0,3.180567502975464,6.0,2.5
2026-09-11 18:00:00+00:00,2026-09-11 20:00:00+00:00,2.0,3.1931095123291016,5.0,2.0
2026-09-11 18:00:00+00:00,2026-09-11 21:00:00+00:00,3.0,3.395909547805786,5.0,1.1428571939468384
2026-09-11 18:00:00+00:00,2026-09-11 22:00:00+00:00,4.0,3.059145212173462,4.0,0.3333333432674408
2026-09-11 18:00:00+00:00,2026-09-11 23:00:00+00:00,5.0,2.2556354999542236,2.0,0.0
2026-09-11 18:00:00+00:00,2026-09-12 00:00:00+00:00,6.0,2.647455930709839,3.0,2.0
2026-09-11 18:00:00+00:00,2026-09-12 01:00:00+00:00,7.0,2.9944303035736084,3.0,2.3333332538604736
2026-09-11 18:00:00+00:00,2026-09-12 02:00:00+00:00,8.0,2.9386136531829834,2.0,2.799999952316284
2026-09-11 18:00:00+00:00,2026-09-12 03:00:00+00:00,9.0,3.5970234870910645,3.0,4.166666507720947
2026-09-11 18:00:00+00:00,2026-09-12 04:00:00+00:00,10.0,4.039581298828125,3.0,6.5
2026-09-11 18:00:00+00:00,2026-09-12 05:00:00+00:00,11.0,4.606762886047363,3.0,5.75
2026-09-11 18:00:00+00:00,2026-09-12 06:00:00+00:00,12.0,5.4672465324401855,5.0,6.75
2026-09-11 19:00:00+00:00,2026-09-11 20:00:00+00:00,1.0,2.581904411315918,6.0,2.0
2026-09-11 19:00:00+00:00,2026-09-11 21:00:00+00:00,2.0,2.7552645206451416,5.0,1.1428571939468384
2026-09-11 19:00:00+00:00,2026-09-11 22:00:00+00:00,3.0,2.6360323429107666,4.0,0.3333333432674408
2026-09-11 19:00:00+00:00,2026-09-11 23:00:00+00:00,4.0,2.2502050399780273,3.0,0.0
2026-09-11 19:00:00+00:00,2026-09-12 00:00:00+00:00,5.0,1.956169843673706,1.0,2.0
2026-09-11 19:00:00+00:00,2026-09-12 01:00:00+00:00,6.0,3.5894577503204346,3.0,2.3333332538604736
2026-09-11 19:00:00+00:00,2026-09-12 02:00:00+00:00,7.0,4.351614952087402,4.0,2.799999952316284
2026-09-11 19:00:00+00:00,2026-09-12 03:00:00+00:00,8.0,4.218510150909424,3.0,4.166666507720947
2026-09-11 19:00:00+00:00,2026-09-12 04:00:00+00:00,9.0,5.036364555358887,4.0,6.5
2026-09-11 19:00:00+00:00,2026-09-12 05:00:00+00:00,10.0,5.4557294845581055,4.0,5.75
2026-09-11 19:00:00+00:00,2026-09-12 06:00:00+00:00,11.0,5.711788177490234,4.0,6.75
2026-09-11 19:00:00+00:00,2026-09-12 07:00:00+00:00,12.0,6.722382068634033,6.0,9.5
2026-09-11 20:00:00+00:00,2026-09-11 21:00:00+00:00,1.0,1.6074687242507935,4.0,1.1428571939468384
2026-09-11 20:00:00+00:00,2026-09-11 22:00:00+00:00,2.0,1.6512683629989624,3.0,0.3333333432674408
2026-09-11 20:00:00+00:00,2026-09-11 23:00:00+00:00,3.0,0.7391165494918823,1.0,0.0
2026-09-11 20:00:00+00:00,2026-09-12 00:00:00+00:00,4.0,1.776309609413147,3.0,2.0
2026-09-11 20:00:00+00:00,2026-09-12 01:00:00+00:00,5.0,2.837374448776245,3.0,2.3333332538604736
2026-09-11 20:00:00+00:00,2026-09-12 02:00:00+00:00,6.0,4.017193794250488,4.0,2.799999952316284
2026-09-11 20:00:00+00:00,2026-09-12 03:00:00+00:00,7.0,4.599097728729248,4.0,4.166666507720947
2026-09-11 20:00:00+00:00,2026-09-12 04:00:00+00:00,8.0,5.548411846160889,5.0,6.5
2026-09-11 20:00:00+00:00,2026-09-12 05:00:00+00:00,9.0,5.64510440826416,4.0,5.75
2026-09-11 20:00:00+00:00,2026-09-12 06:00:00+00:00,10.0,6.704585552215576,6.0,6.75
2026-09-11 20:00:00+00:00,2026-09-12 07:00:00+00:00,11.0,7.589375972747803,7.0,9.5
2026-09-11 20:00:00+00:00,2026-09-12 08:00:00+00:00,12.0,8.696134567260742,8.0,10.166666984558105
2026-09-11 21:00:00+00:00,2026-09-11 22:00:00+00:00,1.0,0.7381844520568848,2.0,0.3333333432674408
2026-09-11 21:00:00+00:00,2026-09-11 23:00:00+00:00,2.0,2.4159395694732666,3.0,0.0
2026-09-11 21:00:00+00:00,2026-09-12 00:00:00+00:00,3.0,3.3170225620269775,3.0,2.0
2026-09-11 21:00:00+00:00,2026-09-12 01:00:00+00:00,4.0,4.112334728240967,4.0,2.3333332538604736
2026-09-11 21:00:00+00:00,2026-09-12 02:00:00+00:00,5.0,4.083003044128418,3.0,2.799999952316284
2026-09-11 21:00:00+00:00,2026-09-12 03:00:00+00:00,6.0,5.071533679962158,4.0,4.166666507720947
2026-09-11 21:00:00+00:00,2026-09-12 04:00:00+00:00,7.0,6.11957311630249,6.0,6.5
2026-09-11 21:00:00+00:00,2026-09-12 05:00:00+00:00,8.0,6.261753082275391,5.0,5.75
2026-09-11 21:00:00+00:00,2026-09-12 06:00:00+00:00,9.0,7.60893440246582,7.0,6.75
2026-09-11 21:00:00+00:00,2026-09-12 07:00:00+00:00,10.0,8.065962791442871,7.0,9.5
2026-09-11 21:00:00+00:00,2026-09-12 08:00:00+00:00,11.0,9.992592811584473,10.0,10.166666984558105
2026-09-11 21:00:00+00:00,2026-09-12 09:00:00+00:00,12.0,9.820873260498047,8.0,12.333333015441895
2026-09-11 22:00:00+00:00,2026-09-11 23:00:00+00:00,1.0,2.0236587524414062,3.0,0.0
2026-09-11 22:00:00+00:00,2026-09-12 00:00:00+00:00,2.0,3.1307902336120605,3.0,2.0
2026-09-11 22:00:00+00:00,2026-09-12 01:00:00+00:00,3.0,4.021265506744385,4.0,2.3333332538604736
2026-09-11 22:00:00+00:00,2026-09-12 02:00:00+00:00,4.0,4.0179524421691895,3.0,2.799999952316284
2026-09-11 22:00:00+00:00,2026-09-12 03:00:00+00:00,5.0,5.004154205322266,4.0,4.166666507720947
2026-09-11 22:00:00+00:00,2026-09-12 04:00:00+00:00,6.0,6.073589324951172,6.0,6.5
2026-09-11 22:00:00+00:00,2026-09-12 05:00:00+00:00,7.0,6.239373207092285,5.0,5.75
2026-09-11 22:00:00+00:00,2026-09-12 06:00:00+00:00,8.0,7.593911170959473,7.0,6.75
2026-09-11 22:00:00+00:00,2026-09-12 07:00:00+00:00,9.0,8.05686092376709,7.0,9.5
2026-09-11 22:00:00+00:00,2026-09-12 08:00:00+00:00,10.0,9.986488342285156,10.0,10.166666984558105
2026-09-11 22:00:00+00:00,2026-09-12 09:00:00+00:00,11.0,9.81731128692627,8.0,12.333333015441895
2026-09-11 22:00:00+00:00,2026-09-12 10:00:00+00:00,12.0,10.320921897888184,9.0,14.5
2026-09-11 23:00:00+00:00,2026-09-12 00:00:00+00:00,1.0,1.6569514274597168,3.0,2.0
2026-09-11 23:00:00+00:00,2026-09-12 01:00:00+00:00,2.0,3.200479030609131,4.0,2.3333332538604736
2026-09-11 23:00:00+00:00,2026-09-12 02:00:00+00:00,3.0,3.5643069744110107,3.0,2.799999952316284
2026-09-11 23:00:00+00:00,2026-09-12 03:00:00+00:00,4.0,4.5776047706604,4.0,4.166666507720947
2026-09-11 23:00:00+00:00,2026-09-12 04:00:00+00:00,5.0,5.769036769866943,6.0,6.5
2026-09-11 23:00:00+00:00,2026-09-12 05:00:00+00:00,6.0,6.069638252258301,5.0,5.75
2026-09-11 23:00:00+00:00,2026-09-12 06:00:00+00:00,7.0,7.483545780181885,7.0,6.75
2026-09-11 23:00:00+00:00,2026-09-12 07:00:00+00:00,8.0,7.992711544036865,7.0,9.5
2026-09-11 23:00:00+00:00,2026-09-12 08:00:00+00:00,9.0,9.94024658203125,10.0,10.166666984558105
2026-09-11 23:00:00+00:00,2026-09-12 09:00:00+00:00,10.0,9.790262222290039,8.0,12.333333015441895
2026-09-11 23:00:00+00:00,2026-09-12 10:00:00+00:00,11.0,10.306083679199219,9.0,14.5
2026-09-11 23:00:00+00:00,2026-09-12 11:00:00+00:00,12.0,12.559331893920898,13.0,14.666666984558105
2026-09-12 00:00:00+00:00,2026-09-12 01:00:00+00:00,1.0,3.3191630840301514,4.0,2.3333332538604736
2026-09-12 00:00:00+00:00,2026-09-12 02:00:00+00:00,2.0,3.6315743923187256,3.0,2.799999952316284
2026-09-12 00:00:00+00:00,2026-09-12 03:00:00+00:00,3.0,4.647690773010254,4.0,4.166666507720947
2026-09-12 00:00:00+00:00,2026-09-12 04:00:00+00:00,4.0,5.813162326812744,6.0,6.5
2026-09-12 00:00:00+00:00,2026-09-12 05:00:00+00:00,5.0,6.095112323760986,5.0,5.75
2026-09-12 00:00:00+00:00,2026-09-12 06:00:00+00:00,6.0,7.500882148742676,7.0,6.75
2026-09-12 00:00:00+00:00,2026-09-12 07:00:00+00:00,7.0,8.002511024475098,7.0,9.5
2026-09-12 00:00:00+00:00,2026-09-12 08:00:00+00:00,8.0,9.947347640991211,10.0,10.166666984558105
2026-09-12 00:00:00+00:00,2026-09-12 09:00:00+00:00,9.0,9.79444408416748,8.0,12.333333015441895
2026-09-12 00:00:00+00:00,2026-09-12 10:00:00+00:00,10.0,10.308374404907227,9.0,14.5
2026-09-12 00:00:00+00:00,2026-09-12 11:00:00+00:00,11.0,12.560847282409668,13.0,14.666666984558105
2026-09-12 00:00:00+00:00,2026-09-12 12:00:00+00:00,12.0,12.567501068115234,12.0,16.25
2026-09-12 01:00:00+00:00,2026-09-12 02:00:00+00:00,1.0,3.085989236831665,3.0,2.799999952316284
2026-09-12 01:00:00+00:00,2026-09-12 03:00:00+00:00,2.0,4.421102523803711,4.0,4.166666507720947
2026-09-12 01:00:00+00:00,2026-09-12 04:00:00+00:00,3.0,5.660040378570557,6.0,6.5
2026-09-12 01:00:00+00:00,2026-09-12 05:00:00+00:00,4.0,5.985230445861816,5.0,5.75
2026-09-12 01:00:00+00:00,2026-09-12 06:00:00+00:00,5.0,7.429477214813232,7.0,6.75
2026-09-12 01:00:00+00:00,2026-09-12 07:00:00+00:00,6.0,7.963901042938232,7.0,9.5
2026-09-12 01:00:00+00:00,2026-09-12 08:00:00+00:00,7.0,9.91865348815918,10.0,10.166666984558105
2026-09-12 01:00:00+00:00,2026-09-12 09:00:00+00:00,8.0,9.77735710144043,8.0,12.333333015441895
2026-09-12 01:00:00+00:00,2026-09-12 10:00:00+00:00,9.0,10.299078941345215,9.0,14.5
2026-09-12 01:00:00+00:00,2026-09-12 11:00:00+00:00,10.0,12.554664611816406,13.0,14.666666984558105
2026-09-12 01:00:00+00:00,2026-09-12 12:00:00+00:00,11.0,12.563105583190918,12.0,16.25
2026-09-12 01:00:00+00:00,2026-09-12 13:00:00+00:00,12.0,13.298879623413086,13.0,16.0
2026-09-12 02:00:00+00:00,2026-09-12 03:00:00+00:00,1.0,4.27154016494751,4.0,4.166666507720947
2026-09-12 02:00:00+00:00,2026-09-12 04:00:00+00:00,2.0,5.580429553985596,6.0,6.5
2026-09-12 02:00:00+00:00,2026-09-12 05:00:00+00:00,3.0,5.938700199127197,5.0,5.75
2026-09-12 02:00:00+00:00,2026-09-12 06:00:00+00:00,4.0,7.392688274383545,7.0,6.75
2026-09-12 02:00:00+00:00,2026-09-12 07:00:00+00:00,5.0,7.943039417266846,7.0,9.5
2026-09-12 02:00:00+00:00,2026-09-12 08:00:00+00:00,6.0,9.904253959655762,10.0,10.166666984558105
2026-09-12 02:00:00+00:00,2026-09-12 09:00:00+00:00,7.0,9.768781661987305,8.0,12.333333015441895
2026-09-12 02:00:00+00:00,2026-09-12 10:00:00+00:00,8.0,10.294317245483398,9.0,14.5
2026-09-12 02:00:00+00:00,2026-09-12 11:00:00+00:00,9.0,12.551340103149414,13.0,14.666666984558105
2026-09-12 02:00:00+00:00,2026-09-12 12:00:00+00:00,10.0,12.560750961303711,12.0,16.25
2026-09-12 02:00:00+00:00,2026-09-12 13:00:00+00:00,11.0,13.297115325927734,13.0,16.0
2026-09-12 02:00:00+00:00,2026-09-12 14:00:00+00:00,12.0,14.17547607421875,14.0,16.0
2026-09-12 03:00:00+00:00,2026-09-12 04:00:00+00:00,1.0,5.437635898590088,6.0,6.5
2026-09-12 03:00:00+00:00,2026-09-12 05:00:00+00:00,2.0,5.919682502746582,5.0,5.75
2026-09-12 03:00:00+00:00,2026-09-12 06:00:00+00:00,3.0,7.377818584442139,7.0,6.75
2026-09-12 03:00:00+00:00,2026-09-12 07:00:00+00:00,4.0,7.929565906524658,7.0,9.5
2026-09-12 03:00:00+00:00,2026-09-12 08:00:00+00:00,5.0,9.895529747009277,10.0,10.166666984558105
2026-09-12 03:00:00+00:00,2026-09-12 09:00:00+00:00,6.0,9.764118194580078,8.0,12.333333015441895
2026-09-12 03:00:00+00:00,2026-09-12 10:00:00+00:00,7.0,10.291670799255371,9.0,14.5
2026-09-12 03:00:00+00:00,2026-09-12 11:00:00+00:00,8.0,12.549419403076172,13.0,14.666666984558105
2026-09-12 03:00:00+00:00,2026-09-12 12:00:00+00:00,9.0,12.559394836425781,12.0,16.25
2026-09-12 03:00:00+00:00,2026-09-12 13:00:00+00:00,10.0,13.29610824584961,13.0,16.0
2026-09-12 03:00:00+00:00,2026-09-12 14:00:00+00:00,11.0,14.174654960632324,14.0,16.0
2026-09-12 03:00:00+00:00,2026-09-12 15:00:00+00:00,12.0,14.849128723144531,15.0,16.200000762939453
2026-09-12 04:00:00+00:00,2026-09-12 05:00:00+00:00,1.0,6.844088554382324,5.0,5.75
2026-09-12 04:00:00+00:00,2026-09-12 06:00:00+00:00,2.0,7.9069108963012695,7.0,6.75
2026-09-12 04:00:00+00:00,2026-09-12 07:00:00+00:00,3.0,8.218607902526855,7.0,9.5
2026-09-12 04:00:00+00:00,2026-09-12 08:00:00+00:00,4.0,10.099695205688477,10.0,10.166666984558105
2026-09-12 04:00:00+00:00,2026-09-12 09:00:00+00:00,5.0,9.891242980957031,8.0,12.333333015441895
2026-09-12 04:00:00+00:00,2026-09-12 10:00:00+00:00,6.0,10.36213207244873,9.0,14.5
2026-09-12 04:00:00+00:00,2026-09-12 11:00:00+00:00,7.0,12.595663070678711,13.0,14.666666984558105
2026-09-12 04:00:00+00:00,2026-09-12 12:00:00+00:00,8.0,12.592124938964844,12.0,16.25
2026-09-12 04:00:00+00:00,2026-09-12 13:00:00+00:00,9.0,13.320991516113281,13.0,16.0
2026-09-12 04:00:00+00:00,2026-09-12 14:00:00+00:00,10.0,14.194896697998047,14.0,16.0
2026-09-12 04:00:00+00:00,2026-09-12 15:00:00+00:00,11.0,14.864319801330566,15.0,16.200000762939453
2026-09-12 04:00:00+00:00,2026-09-12 16:00:00+00:00,12.0,15.380213737487793,16.0,16.5
2026-09-12 05:00:00+00:00,2026-09-12 06:00:00+00:00,1.0,7.262270450592041,7.0,6.75
2026-09-12 05:00:00+00:00,2026-09-12 07:00:00+00:00,2.0,7.98048734664917,7.0,9.5
2026-09-12 05:00:00+00:00,2026-09-12 08:00:00+00:00,3.0,9.916150093078613,10.0,10.166666984558105
2026-09-12 05:00:00+00:00,2026-09-12 09:00:00+00:00,4.0,9.764447212219238,8.0,12.333333015441895
2026-09-12 05:00:00+00:00,2026-09-12 10:00:00+00:00,5.0,10.293285369873047,9.0,14.5
2026-09-12 05:00:00+00:00,2026-09-12 11:00:00+00:00,6.0,12.552192687988281,13.0,14.666666984558105
2026-09-12 05:00:00+00:00,2026-09-12 12:00:00+00:00,7.0,12.561240196228027,12.0,16.25
2026-09-12 05:00:00+00:00,2026-09-12 13:00:00+00:00,8.0,13.297296524047852,13.0,16.0
2026-09-12 05:00:00+00:00,2026-09-12 14:00:00+00:00,9.0,14.175649642944336,14.0,16.0
2026-09-12 05:00:00+00:00,2026-09-12 15:00:00+00:00,10.0,14.849895477294922,15.0,16.200000762939453
2026-09-12 05:00:00+00:00,2026-09-12 16:00:00+00:00,11.0,15.370287895202637,16.0,16.5
2026-09-12 05:00:00+00:00,2026-09-12 17:00:00+00:00,12.0,14.787237167358398,15.0,16.399999618530273
2026-09-12 06:00:00+00:00,2026-09-12 07:00:00+00:00,1.0,8.035623550415039,7.0,9.5
2026-09-12 06:00:00+00:00,2026-09-12 08:00:00+00:00,2.0,8.891197204589844,8.0,10.166666984558105
2026-09-12 06:00:00+00:00,2026-09-12 09:00:00+00:00,3.0,9.219130516052246,8.0,12.333333015441895
2026-09-12 06:00:00+00:00,2026-09-12 10:00:00+00:00,4.0,10.46105670928955,10.0,14.5
2026-09-12 06:00:00+00:00,2026-09-12 11:00:00+00:00,5.0,12.344736099243164,13.0,14.666666984558105
2026-09-12 06:00:00+00:00,2026-09-12 12:00:00+00:00,6.0,12.449522972106934,12.0,16.25
2026-09-12 06:00:00+00:00,2026-09-12 13:00:00+00:00,7.0,13.593189239501953,14.0,16.0
2026-09-12 06:00:00+00:00,2026-09-12 14:00:00+00:00,8.0,14.18043327331543,14.0,16.0
2026-09-12 06:00:00+00:00,2026-09-12 15:00:00+00:00,9.0,15.308069229125977,16.0,16.200000762939453
2026-09-12 06:00:00+00:00,2026-09-12 16:00:00+00:00,10.0,15.603265762329102,16.0,16.5
2026-09-12 06:00:00+00:00,2026-09-12 17:00:00+00:00,11.0,14.866324424743652,15.0,16.399999618530273
2026-09-12 06:00:00+00:00,2026-09-12 18:00:00+00:00,12.0,15.256767272949219,17.0,16.22222137451172
2026-09-12 07:00:00+00:00,2026-09-12 08:00:00+00:00,1.0,9.895947456359863,7.0,10.166666984558105
2026-09-12 07:00:00+00:00,2026-09-12 09:00:00+00:00,2.0,9.891050338745117,8.0,12.333333015441895
2026-09-12 07:00:00+00:00,2026-09-12 10:00:00+00:00,3.0,10.90611743927002,10.0,14.5
2026-09-12 07:00:00+00:00,2026-09-12 11:00:00+00:00,4.0,12.629313468933105,13.0,14.666666984558105
2026-09-12 07:00:00+00:00,2026-09-12 12:00:00+00:00,5.0,13.299888610839844,13.0,16.25
2026-09-12 07:00:00+00:00,2026-09-12 13:00:00+00:00,6.0,14.123046875,14.0,16.0
2026-09-12 07:00:00+00:00,2026-09-12 14:00:00+00:00,7.0,14.846675872802734,15.0,16.0
2026-09-12 07:00:00+00:00,2026-09-12 15:00:00+00:00,8.0,15.698689460754395,16.0,16.200000762939453
2026-09-12 07:00:00+00:00,2026-09-12 16:00:00+00:00,9.0,16.792734146118164,18.0,16.5
2026-09-12 07:00:00+00:00,2026-09-12 17:00:00+00:00,10.0,16.58163070678711,17.0,16.399999618530273
2026-09-12 07:00:00+00:00,2026-09-12 18:00:00+00:00,11.0,16.29482650756836,17.0,16.22222137451172
2026-09-12 07:00:00+00:00,2026-09-12 19:00:00+00:00,12.0,16.30550765991211,18.0,16.600000381469727
2026-09-12 08:00:00+00:00,2026-09-12 09:00:00+00:00,1.0,10.151965141296387,8.0,12.333333015441895
2026-09-12 08:00:00+00:00,2026-09-12 10:00:00+00:00,2.0,12.511499404907227,12.0,14.5
2026-09-12 08:00:00+00:00,2026-09-12 11:00:00+00:00,3.0,13.121881484985352,13.0,14.666666984558105
2026-09-12 08:00:00+00:00,2026-09-12 12:00:00+00:00,4.0,14.068927764892578,14.0,16.25
2026-09-12 08:00:00+00:00,2026-09-12 13:00:00+00:00,5.0,14.556075096130371,14.0,16.0
2026-09-12 08:00:00+00:00,2026-09-12 14:00:00+00:00,6.0,14.786954879760742,14.0,16.0
2026-09-12 08:00:00+00:00,2026-09-12 15:00:00+00:00,7.0,15.72800064086914,16.0,16.200000762939453
2026-09-12 08:00:00+00:00,2026-09-12 16:00:00+00:00,8.0,16.893516540527344,18.0,16.5
2026-09-12 08:00:00+00:00,2026-09-12 17:00:00+00:00,9.0,16.73348617553711,17.0,16.399999618530273
2026-09-12 08:00:00+00:00,2026-09-12 18:00:00+00:00,10.0,16.62527084350586,17.0,16.22222137451172
2026-09-12 08:00:00+00:00,2026-09-12 19:00:00+00:00,11.0,16.674909591674805,18.0,16.600000381469727
2026-09-12 08:00:00+00:00,2026-09-12 20:00:00+00:00,12.0,16.07073974609375,18.0,16.22222137451172
2026-09-12 09:00:00+00:00,2026-09-12 10:00:00+00:00,1.0,13.222790718078613,11.0,14.5
2026-09-12 09:00:00+00:00,2026-09-12 11:00:00+00:00,2.0,14.289459228515625,13.0,14.666666984558105
2026-09-12 09:00:00+00:00,2026-09-12 12:00:00+00:00,3.0,14.9232816696167,14.0,16.25
2026-09-12 09:00:00+00:00,2026-09-12 13:00:00+00:00,4.0,15.058528900146484,14.0,16.0
2026-09-12 09:00:00+00:00,2026-09-12 14:00:00+00:00,5.0,15.173545837402344,14.0,16.0
2026-09-12 09:00:00+00:00,2026-09-12 15:00:00+00:00,6.0,16.122791290283203,16.0,16.200000762939453
2026-09-12 09:00:00+00:00,2026-09-12 16:00:00+00:00,7.0,17.291351318359375,18.0,16.5
2026-09-12 09:00:00+00:00,2026-09-12 17:00:00+00:00,8.0,16.57111167907715,17.0,16.399999618530273
2026-09-12 09:00:00+00:00,2026-09-12 18:00:00+00:00,9.0,16.020509719848633,16.0,16.22222137451172
2026-09-12 09:00:00+00:00,2026-09-12 19:00:00+00:00,10.0,15.92805290222168,17.0,16.600000381469727
2026-09-12 09:00:00+00:00,2026-09-12 20:00:00+00:00,11.0,15.586854934692383,17.0,16.22222137451172
2026-09-12 09:00:00+00:00,2026-09-12 21:00:00+00:00,12.0,15.316622734069824,17.0,14.571428298950195
2026-09-12 10:00:00+00:00,2026-09-12 11:00:00+00:00,1.0,15.018264770507812,12.0,14.666666984558105
2026-09-12 10:00:00+00:00,2026-09-12 12:00:00+00:00,2.0,14.848320007324219,13.0,16.25
2026-09-12 10:00:00+00:00,2026-09-12 13:00:00+00:00,3.0,15.705458641052246,15.0,16.0
2026-09-12 10:00:00+00:00,2026-09-12 14:00:00+00:00,4.0,16.1117000579834,15.0,16.0
2026-09-12 10:00:00+00:00,2026-09-12 15:00:00+00:00,5.0,16.55758285522461,16.0,16.200000762939453
2026-09-12 10:00:00+00:00,2026-09-12 16:00:00+00:00,6.0,17.023527145385742,17.0,16.5
2026-09-12 10:00:00+00:00,2026-09-12 17:00:00+00:00,7.0,17.433794021606445,18.0,16.399999618530273
2026-09-12 10:00:00+00:00,2026-09-12 18:00:00+00:00,8.0,16.775753021240234,17.0,16.22222137451172
2026-09-12 10:00:00+00:00,2026-09-12 19:00:00+00:00,9.0,16.7327880859375,18.0,16.600000381469727
2026-09-12 10:00:00+00:00,2026-09-12 20:00:00+00:00,10.0,16.21791648864746,18.0,16.22222137451172
2026-09-12 10:00:00+00:00,2026-09-12 21:00:00+00:00,11.0,15.357449531555176,17.0,14.571428298950195
2026-09-12 10:00:00+00:00,2026-09-12 22:00:00+00:00,12.0,14.422355651855469,16.0,13.285714149475098
2026-09-12 11:00:00+00:00,2026-09-12 12:00:00+00:00,1.0,15.403270721435547,14.0,16.25
2026-09-12 11:00:00+00:00,2026-09-12 13:00:00+00:00,2.0,16.183338165283203,15.0,16.0
2026-09-12 11:00:00+00:00,2026-09-12 14:00:00+00:00,3.0,16.3609619140625,15.0,16.0
2026-09-12 11:00:00+00:00,2026-09-12 15:00:00+00:00,4.0,16.659381866455078,16.0,16.200000762939453
2026-09-12 11:00:00+00:00,2026-09-12 16:00:00+00:00,5.0,17.414033889770508,18.0,16.5
2026-09-12 11:00:00+00:00,2026-09-12 17:00:00+00:00,6.0,16.883304595947266,17.0,16.399999618530273
2026-09-12 11:00:00+00:00,2026-09-12 18:00:00+00:00,7.0,16.77389907836914,17.0,16.22222137451172
2026-09-12 11:00:00+00:00,2026-09-12 19:00:00+00:00,8.0,16.597972869873047,18.0,16.600000381469727
2026-09-12 11:00:00+00:00,2026-09-12 20:00:00+00:00,9.0,15.686488151550293,17.0,16.22222137451172
2026-09-12 11:00:00+00:00,2026-09-12 21:00:00+00:00,10.0,14.738974571228027,16.0,14.571428298950195
2026-09-12 11:00:00+00:00,2026-09-12 22:00:00+00:00,11.0,14.24854564666748,16.0,13.285714149475098
2026-09-12 11:00:00+00:00,2026-09-12 23:00:00+00:00,12.0,13.469257354736328,15.0,9.833333015441895
2026-09-12 12:00:00+00:00,2026-09-12 13:00:00+00:00,1.0,16.79794692993164,15.0,16.0
2026-09-12 12:00:00+00:00,2026-09-12 14:00:00+00:00,2.0,16.681411743164062,15.0,16.0
2026-09-12 12:00:00+00:00,2026-09-12 15:00:00+00:00,3.0,16.868453979492188,16.0,16.200000762939453
2026-09-12 12:00:00+00:00,2026-09-12 16:00:00+00:00,4.0,17.63905143737793,18.0,16.5
2026-09-12 12:00:00+00:00,2026-09-12 17:00:00+00:00,5.0,17.905841827392578,19.0,16.399999618530273
2026-09-12 12:00:00+00:00,2026-09-12 18:00:00+00:00,6.0,16.698123931884766,16.0,16.22222137451172
2026-09-12 12:00:00+00:00,2026-09-12 19:00:00+00:00,7.0,16.44662094116211,17.0,16.600000381469727
2026-09-12 12:00:00+00:00,2026-09-12 20:00:00+00:00,8.0,15.917594909667969,17.0,16.22222137451172
2026-09-12 12:00:00+00:00,2026-09-12 21:00:00+00:00,9.0,14.93444538116455,16.0,14.571428298950195
2026-09-12 12:00:00+00:00,2026-09-12 22:00:00+00:00,10.0,13.835646629333496,15.0,13.285714149475098
2026-09-12 12:00:00+00:00,2026-09-12 23:00:00+00:00,11.0,13.339056015014648,16.0,9.833333015441895
2026-09-12 12:00:00+00:00,2026-09-13 00:00:00+00:00,12.0,12.23320484161377,14.0,9.75
2026-09-12 13:00:00+00:00,2026-09-12 14:00:00+00:00,1.0,16.69810676574707,16.0,16.0
2026-09-12 13:00:00+00:00,2026-09-12 15:00:00+00:00,2.0,17.316003799438477,17.0,16.200000762939453
2026-09-12 13:00:00+00:00,2026-09-12 16:00:00+00:00,3.0,17.306001663208008,17.0,16.5
2026-09-12 13:00:00+00:00,2026-09-12 17:00:00+00:00,4.0,17.549747467041016,18.0,16.399999618530273
2026-09-12 13:00:00+00:00,2026-09-12 18:00:00+00:00,5.0,17.021808624267578,17.0,16.22222137451172
2026-09-12 13:00:00+00:00,2026-09-12 19:00:00+00:00,6.0,16.858535766601562,18.0,16.600000381469727
2026-09-12 13:00:00+00:00,2026-09-12 20:00:00+00:00,7.0,15.538314819335938,16.0,16.22222137451172
2026-09-12 13:00:00+00:00,2026-09-12 21:00:00+00:00,8.0,14.660127639770508,16.0,14.571428298950195
2026-09-12 13:00:00+00:00,2026-09-12 22:00:00+00:00,9.0,12.842464447021484,13.0,13.285714149475098
2026-09-12 13:00:00+00:00,2026-09-12 23:00:00+00:00,10.0,12.651159286499023,15.0,9.833333015441895
2026-09-12 13:00:00+00:00,2026-09-13 00:00:00+00:00,11.0,12.555282592773438,15.0,9.75
2026-09-12 13:00:00+00:00,2026-09-13 01:00:00+00:00,12.0,11.874603271484375,14.0,9.428571701049805
2026-09-12 14:00:00+00:00,2026-09-12 15:00:00+00:00,1.0,16.758073806762695,17.0,16.200000762939453
2026-09-12 14:00:00+00:00,2026-09-12 16:00:00+00:00,2.0,17.715648651123047,19.0,16.5
2026-09-12 14:00:00+00:00,2026-09-12 17:00:00+00:00,3.0,18.39076805114746,20.0,16.399999618530273
2026-09-12 14:00:00+00:00,2026-09-12 18:00:00+00:00,4.0,17.08177375793457,17.0,16.22222137451172
2026-09-12 14:00:00+00:00,2026-09-12 19:00:00+00:00,5.0,16.708179473876953,18.0,16.600000381469727
2026-09-12 14:00:00+00:00,2026-09-12 20:00:00+00:00,6.0,15.405587196350098,16.0,16.22222137451172
2026-09-12 14:00:00+00:00,2026-09-12 21:00:00+00:00,7.0,15.468557357788086,17.0,14.571428298950195
2026-09-12 14:00:00+00:00,2026-09-12 22:00:00+00:00,8.0,14.666566848754883,16.0,13.285714149475098
2026-09-12 14:00:00+00:00,2026-09-12 23:00:00+00:00,9.0,14.460771560668945,17.0,9.833333015441895
2026-09-12 14:00:00+00:00,2026-09-13 00:00:00+00:00,10.0,13.644845008850098,16.0,9.75
2026-09-12 14:00:00+00:00,2026-09-13 01:00:00+00:00,11.0,11.697135925292969,13.0,9.428571701049805
2026-09-12 14:00:00+00:00,2026-09-13 02:00:00+00:00,12.0,10.445671081542969,12.0,9.0
2026-09-12 15:00:00+00:00,2026-09-12 16:00:00+00:00,1.0,16.676986694335938,17.0,16.5
2026-09-12 15:00:00+00:00,2026-09-12 17:00:00+00:00,2.0,16.926057815551758,18.0,16.399999618530273
2026-09-12 15:00:00+00:00,2026-09-12 18:00:00+00:00,3.0,16.924894332885742,17.0,16.22222137451172
2026-09-12 15:00:00+00:00,2026-09-12 19:00:00+00:00,4.0,16.38778305053711,17.0,16.600000381469727
2026-09-12 15:00:00+00:00,2026-09-12 20:00:00+00:00,5.0,15.870611190795898,17.0,16.22222137451172
2026-09-12 15:00:00+00:00,2026-09-12 21:00:00+00:00,6.0,14.775647163391113,16.0,14.571428298950195
2026-09-12 15:00:00+00:00,2026-09-12 22:00:00+00:00,7.0,14.677001953125,17.0,13.285714149475098
2026-09-12 15:00:00+00:00,2026-09-12 23:00:00+00:00,8.0,14.250244140625,17.0,9.833333015441895
2026-09-12 15:00:00+00:00,2026-09-13 00:00:00+00:00,9.0,12.46066665649414,14.0,9.75
2026-09-12 15:00:00+00:00,2026-09-13 01:00:00+00:00,10.0,11.838720321655273,14.0,9.428571701049805
2026-09-12 15:00:00+00:00,2026-09-13 02:00:00+00:00,11.0,11.070807456970215,13.0,9.0
2026-09-12 15:00:00+00:00,2026-09-13 03:00:00+00:00,12.0,9.74191665649414,11.0,10.0
2026-09-12 16:00:00+00:00,2026-09-12 17:00:00+00:00,1.0,16.907499313354492,19.0,16.399999618530273
2026-09-12 16:00:00+00:00,2026-09-12 18:00:00+00:00,2.0,16.603710174560547,18.0,16.22222137451172
2026-09-12 16:00:00+00:00,2026-09-12 19:00:00+00:00,3.0,15.792760848999023,17.0,16.600000381469727
2026-09-12 16:00:00+00:00,2026-09-12 20:00:00+00:00,4.0,14.81539535522461,16.0,16.22222137451172
2026-09-12 16:00:00+00:00,2026-09-12 21:00:00+00:00,5.0,14.241870880126953,16.0,14.571428298950195
2026-09-12 16:00:00+00:00,2026-09-12 22:00:00+00:00,6.0,13.291925430297852,15.0,13.285714149475098
2026-09-12 16:00:00+00:00,2026-09-12 23:00:00+00:00,7.0,12.480703353881836,14.0,9.833333015441895
2026-09-12 16:00:00+00:00,2026-09-13 00:00:00+00:00,8.0,12.365701675415039,15.0,9.75
2026-09-12 16:00:00+00:00,2026-09-13 01:00:00+00:00,9.0,12.02138900756836,15.0,9.428571701049805
2026-09-12 16:00:00+00:00,2026-09-13 02:00:00+00:00,10.0,10.467489242553711,12.0,9.0
2026-09-12 16:00:00+00:00,2026-09-13 03:00:00+00:00,11.0,9.536627769470215,12.0,10.0
2026-09-12 16:00:00+00:00,2026-09-13 04:00:00+00:00,12.0,8.376891136169434,10.0,8.25
2026-09-12 17:00:00+00:00,2026-09-12 18:00:00+00:00,1.0,15.276860237121582,18.0,16.22222137451172
2026-09-12 17:00:00+00:00,2026-09-12 19:00:00+00:00,2.0,14.258212089538574,16.0,16.600000381469727
2026-09-12 17:00:00+00:00,2026-09-12 20:00:00+00:00,3.0,13.286312103271484,15.0,16.22222137451172
2026-09-12 17:00:00+00:00,2026-09-12 21:00:00+00:00,4.0,12.824039459228516,14.0,14.571428298950195
2026-09-12 17:00:00+00:00,2026-09-12 22:00:00+00:00,5.0,12.842130661010742,14.0,13.285714149475098
2026-09-12 17:00:00+00:00,2026-09-12 23:00:00+00:00,6.0,13.501510620117188,16.0,9.833333015441895
2026-09-12 17:00:00+00:00,2026-09-13 00:00:00+00:00,7.0,11.743520736694336,13.0,9.75
2026-09-12 17:00:00+00:00,2026-09-13 01:00:00+00:00,8.0,10.851741790771484,12.0,9.428571701049805
2026-09-12 17:00:00+00:00,2026-09-13 02:00:00+00:00,9.0,10.618228912353516,12.0,9.0
2026-09-12 17:00:00+00:00,2026-09-13 03:00:00+00:00,10.0,9.64958381652832,11.0,10.0
2026-09-12 17:00:00+00:00,2026-09-13 04:00:00+00:00,11.0,9.264593124389648,11.0,8.25
2026-09-12 17:00:00+00:00,2026-09-13 05:00:00+00:00,12.0,9.183687210083008,11.0,6.0
2026-09-12 18:00:00+00:00,2026-09-12 19:00:00+00:00,1.0,15.743927001953125,18.0,16.600000381469727
2026-09-12 18:00:00+00:00,2026-09-12 20:00:00+00:00,2.0,14.437517166137695,16.0,16.22222137451172
2026-09-12 18:00:00+00:00,2026-09-12 21:00:00+00:00,3.0,14.207862854003906,17.0,14.571428298950195
2026-09-12 18:00:00+00:00,2026-09-12 22:00:00+00:00,4.0,13.686263084411621,16.0,13.285714149475098
2026-09-12 18:00:00+00:00,2026-09-12 23:00:00+00:00,5.0,12.569803237915039,14.0,9.833333015441895
2026-09-12 18:00:00+00:00,2026-09-13 00:00:00+00:00,6.0,11.711777687072754,14.0,9.75
2026-09-12 18:00:00+00:00,2026-09-13 01:00:00+00:00,7.0,11.557313919067383,14.0,9.428571701049805
2026-09-12 18:00:00+00:00,2026-09-13 02:00:00+00:00,8.0,10.643631935119629,12.0,9.0
2026-09-12 18:00:00+00:00,2026-09-13 03:00:00+00:00,9.0,10.079364776611328,11.0,10.0
2026-09-12 18:00:00+00:00,2026-09-13 04:00:00+00:00,10.0,9.211819648742676,10.0,8.25
2026-09-12 18:00:00+00:00,2026-09-13 05:00:00+00:00,11.0,8.531062126159668,9.0,6.0
2026-09-12 18:00:00+00:00,2026-09-13 06:00:00+00:00,12.0,7.957798957824707,8.0,6.25
2026-09-12 19:00:00+00:00,2026-09-12 20:00:00+00:00,1.0,15.449475288391113,16.0,16.22222137451172
2026-09-12 19:00:00+00:00,2026-09-12 21:00:00+00:00,2.0,14.822125434875488,17.0,14.571428298950195
2026-09-12 19:00:00+00:00,2026-09-12 22:00:00+00:00,3.0,12.864473342895508,13.0,13.285714149475098
2026-09-12 19:00:00+00:00,2026-09-12 23:00:00+00:00,4.0,11.957242965698242,13.0,9.833333015441895
2026-09-12 19:00:00+00:00,2026-09-13 00:00:00+00:00,5.0,12.054710388183594,14.0,9.75
2026-09-12 19:00:00+00:00,2026-09-13 01:00:00+00:00,6.0,11.508720397949219,13.0,9.428571701049805
2026-09-12 19:00:00+00:00,2026-09-13 02:00:00+00:00,7.0,10.595024108886719,11.0,9.0
2026-09-12 19:00:00+00:00,2026-09-13 03:00:00+00:00,8.0,9.80620288848877,11.0,10.0
2026-09-12 19:00:00+00:00,2026-09-13 04:00:00+00:00,9.0,9.950823783874512,12.0,8.25
2026-09-12 19:00:00+00:00,2026-09-13 05:00:00+00:00,10.0,8.722052574157715,9.0,6.0
2026-09-12 19:00:00+00:00,2026-09-13 06:00:00+00:00,11.0,8.2044038772583,8.0,6.25
2026-09-12 19:00:00+00:00,2026-09-13 07:00:00+00:00,12.0,8.034947395324707,8.0,4.833333492279053
2026-09-12 20:00:00+00:00,2026-09-12 21:00:00+00:00,1.0,14.861836433410645,15.0,14.571428298950195
2026-09-12 20:00:00+00:00,2026-09-12 22:00:00+00:00,2.0,13.921146392822266,15.0,13.285714149475098
2026-09-12 20:00:00+00:00,2026-09-12 23:00:00+00:00,3.0,13.271951675415039,15.0,9.833333015441895
2026-09-12 20:00:00+00:00,2026-09-13 00:00:00+00:00,4.0,12.103715896606445,14.0,9.75
2026-09-12 20:00:00+00:00,2026-09-13 01:00:00+00:00,5.0,10.439414024353027,11.0,9.428571701049805
2026-09-12 20:00:00+00:00,2026-09-13 02:00:00+00:00,6.0,11.028068542480469,12.0,9.0
2026-09-12 20:00:00+00:00,2026-09-13 03:00:00+00:00,7.0,11.006110191345215,12.0,10.0
2026-09-12 20:00:00+00:00,2026-09-13 04:00:00+00:00,8.0,10.424556732177734,11.0,8.25
2026-09-12 20:00:00+00:00,2026-09-13 05:00:00+00:00,9.0,9.667274475097656,10.0,6.0
2026-09-12 20:00:00+00:00,2026-09-13 06:00:00+00:00,10.0,8.656797409057617,8.0,6.25
2026-09-12 20:00:00+00:00,2026-09-13 07:00:00+00:00,11.0,8.7440767288208,9.0,4.833333492279053
2026-09-12 20:00:00+00:00,2026-09-13 08:00:00+00:00,12.0,7.358633518218994,7.0,4.0
2026-09-12 21:00:00+00:00,2026-09-12 22:00:00+00:00,1.0,13.4674654006958,16.0,13.285714149475098
2026-09-12 21:00:00+00:00,2026-09-12 23:00:00+00:00,2.0,12.024748802185059,14.0,9.833333015441895
2026-09-12 21:00:00+00:00,2026-09-13 00:00:00+00:00,3.0,11.262969970703125,13.0,9.75
2026-09-12 21:00:00+00:00,2026-09-13 01:00:00+00:00,4.0,11.005335807800293,13.0,9.428571701049805
2026-09-12 21:00:00+00:00,2026-09-13 02:00:00+00:00,5.0,10.672139167785645,12.0,9.0
2026-09-12 21:00:00+00:00,2026-09-13 03:00:00+00:00,6.0,9.477673530578613,9.0,10.0
2026-09-12 21:00:00+00:00,2026-09-13 04:00:00+00:00,7.0,9.28336238861084,9.0,8.25
2026-09-12 21:00:00+00:00,2026-09-13 05:00:00+00:00,8.0,10.257522583007812,11.0,6.0
2026-09-12 21:00:00+00:00,2026-09-13 06:00:00+00:00,9.0,10.078960418701172,10.0,6.25
2026-09-12 21:00:00+00:00,2026-09-13 07:00:00+00:00,10.0,9.216821670532227,9.0,4.833333492279053
2026-09-12 21:00:00+00:00,2026-09-13 08:00:00+00:00,11.0,8.574140548706055,8.0,4.0
2026-09-12 21:00:00+00:00,2026-09-13 09:00:00+00:00,12.0,8.260985374450684,8.0,3.3333332538604736
2026-09-12 22:00:00+00:00,2026-09-12 23:00:00+00:00,1.0,11.513198852539062,14.0,9.833333015441895
2026-09-12 22:00:00+00:00,2026-09-13 00:00:00+00:00,2.0,10.799827575683594,13.0,9.75
2026-09-12 22:00:00+00:00,2026-09-13 01:00:00+00:00,3.0,10.764281272888184,13.0,9.428571701049805
2026-09-12 22:00:00+00:00,2026-09-13 02:00:00+00:00,4.0,10.567350387573242,12.0,9.0
2026-09-12 22:00:00+00:00,2026-09-13 03:00:00+00:00,5.0,9.401087760925293,9.0,10.0
2026-09-12 22:00:00+00:00,2026-09-13 04:00:00+00:00,6.0,9.217853546142578,9.0,8.25
2026-09-12 22:00:00+00:00,2026-09-13 05:00:00+00:00,7.0,10.209390640258789,11.0,6.0
2026-09-12 22:00:00+00:00,2026-09-13 06:00:00+00:00,8.0,10.04776668548584,10.0,6.25
2026-09-12 22:00:00+00:00,2026-09-13 07:00:00+00:00,9.0,9.197264671325684,9.0,4.833333492279053
2026-09-12 22:00:00+00:00,2026-09-13 08:00:00+00:00,10.0,8.56075382232666,8.0,4.0
2026-09-12 22:00:00+00:00,2026-09-13 09:00:00+00:00,11.0,8.251164436340332,8.0,3.3333332538604736
2026-09-12 22:00:00+00:00,2026-09-13 10:00:00+00:00,12.0,8.33078384399414,9.0,4.4285712242126465
2026-09-12 23:00:00+00:00,2026-09-13 00:00:00+00:00,1.0,8.982407569885254,13.0,9.75
2026-09-12 23:00:00+00:00,2026-09-13 01:00:00+00:00,2.0,9.537858963012695,13.0,9.428571701049805
2026-09-12 23:00:00+00:00,2026-09-13 02:00:00+00:00,3.0,9.948843955993652,12.0,9.0
2026-09-12 23:00:00+00:00,2026-09-13 03:00:00+00:00,4.0,9.071392059326172,9.0,10.0
2026-09-12 23:00:00+00:00,2026-09-13 04:00:00+00:00,5.0,8.99978256225586,9.0,8.25
2026-09-12 23:00:00+00:00,2026-09-13 05:00:00+00:00,6.0,10.01126480102539,11.0,6.0
2026-09-12 23:00:00+00:00,2026-09-13 06:00:00+00:00,7.0,9.90933609008789,10.0,6.25
2026-09-12 23:00:00+00:00,2026-09-13 07:00:00+00:00,8.0,9.112923622131348,9.0,4.833333492279053
2026-09-12 23:00:00+00:00,2026-09-13 08:00:00+00:00,9.0,8.505631446838379,8.0,4.0
2026-09-12 23:00:00+00:00,2026-09-13 09:00:00+00:00,10.0,8.210269927978516,8.0,3.3333332538604736
2026-09-12 23:00:00+00:00,2026-09-13 10:00:00+00:00,11.0,8.306307792663574,9.0,4.4285712242126465
2026-09-12 23:00:00+00:00,2026-09-13 11:00:00+00:00,12.0,7.169773101806641,8.0,4.888888835906982
2026-09-13 00:00:00+00:00,2026-09-13 01:00:00+00:00,1.0,9.537544250488281,13.0,9.428571701049805
2026-09-13 00:00:00+00:00,2026-09-13 02:00:00+00:00,2.0,9.743860244750977,12.0,9.0
2026-09-13 00:00:00+00:00,2026-09-13 03:00:00+00:00,3.0,8.914856910705566,9.0,10.0
2026-09-13 00:00:00+00:00,2026-09-13 04:00:00+00:00,4.0,8.914539337158203,9.0,8.25
2026-09-13 00:00:00+00:00,2026-09-13 05:00:00+00:00,5.0,9.943862915039062,11.0,6.0
2026-09-13 00:00:00+00:00,2026-09-13 06:00:00+00:00,6.0,9.860513687133789,10.0,6.25
2026-09-13 00:00:00+00:00,2026-09-13 07:00:00+00:00,7.0,9.082427024841309,9.0,4.833333492279053
2026-09-13 00:00:00+00:00,2026-09-13 08:00:00+00:00,8.0,8.486601829528809,8.0,4.0
2026-09-13 00:00:00+00:00,2026-09-13 09:00:00+00:00,9.0,8.196207046508789,8.0,3.3333332538604736
2026-09-13 00:00:00+00:00,2026-09-13 10:00:00+00:00,10.0,8.297834396362305,9.0,4.4285712242126465
2026-09-13 00:00:00+00:00,2026-09-13 11:00:00+00:00,11.0,7.164946556091309,8.0,4.888888835906982
2026-09-13 00:00:00+00:00,2026-09-13 12:00:00+00:00,12.0,7.031335353851318,8.0,6.166666507720947
2026-09-13 01:00:00+00:00,2026-09-13 02:00:00+00:00,1.0,9.249267578125,12.0,9.0
2026-09-13 01:00:00+00:00,2026-09-13 03:00:00+00:00,2.0,8.594222068786621,9.0,10.0
2026-09-13 01:00:00+00:00,2026-09-13 04:00:00+00:00,3.0,8.74341869354248,9.0,8.25
2026-09-13 01:00:00+00:00,2026-09-13 05:00:00+00:00,4.0,9.817679405212402,11.0,6.0
2026-09-13 01:00:00+00:00,2026-09-13 06:00:00+00:00,5.0,9.77718448638916,10.0,6.25
2026-09-13 01:00:00+00:00,2026-09-13 07:00:00+00:00,6.0,9.024898529052734,9.0,4.833333492279053
2026-09-13 01:00:00+00:00,2026-09-13 08:00:00+00:00,7.0,8.449553489685059,8.0,4.0
2026-09-13 01:00:00+00:00,2026-09-13 09:00:00+00:00,8.0,8.170093536376953,8.0,3.3333332538604736
2026-09-13 01:00:00+00:00,2026-09-13 10:00:00+00:00,9.0,8.282211303710938,9.0,4.4285712242126465
2026-09-13 01:00:00+00:00,2026-09-13 11:00:00+00:00,10.0,7.155985355377197,8.0,4.888888835906982
2026-09-13 01:00:00+00:00,2026-09-13 12:00:00+00:00,11.0,7.0261945724487305,8.0,6.166666507720947
2026-09-13 01:00:00+00:00,2026-09-13 13:00:00+00:00,12.0,6.6557769775390625,8.0,5.0
2026-09-13 02:00:00+00:00,2026-09-13 03:00:00+00:00,1.0,8.338605880737305,9.0,10.0
2026-09-13 02:00:00+00:00,2026-09-13 04:00:00+00:00,2.0,8.5732421875,9.0,8.25
2026-09-13 02:00:00+00:00,2026-09-13 05:00:00+00:00,3.0,9.715481758117676,11.0,6.0
2026-09-13 02:00:00+00:00,2026-09-13 06:00:00+00:00,4.0,9.71235466003418,10.0,6.25
2026-09-13 02:00:00+00:00,2026-09-13 07:00:00+00:00,5.0,8.977560997009277,9.0,4.833333492279053
2026-09-13 02:00:00+00:00,2026-09-13 08:00:00+00:00,6.0,8.418509483337402,8.0,4.0
2026-09-13 02:00:00+00:00,2026-09-13 09:00:00+00:00,7.0,8.148682594299316,8.0,3.3333332538604736
2026-09-13 02:00:00+00:00,2026-09-13 10:00:00+00:00,8.0,8.269453048706055,9.0,4.4285712242126465
2026-09-13 02:00:00+00:00,2026-09-13 11:00:00+00:00,9.0,7.148951053619385,8.0,4.888888835906982
2026-09-13 02:00:00+00:00,2026-09-13 12:00:00+00:00,10.0,7.022154331207275,8.0,6.166666507720947
2026-09-13 02:00:00+00:00,2026-09-13 13:00:00+00:00,11.0,6.654508113861084,8.0,5.0
2026-09-13 02:00:00+00:00,2026-09-13 14:00:00+00:00,12.0,5.893533229827881,7.0,3.799999952316284
2026-09-13 03:00:00+00:00,2026-09-13 04:00:00+00:00,1.0,9.793764114379883,9.0,8.25
2026-09-13 03:00:00+00:00,2026-09-13 05:00:00+00:00,2.0,10.427177429199219,11.0,6.0
2026-09-13 03:00:00+00:00,2026-09-13 06:00:00+00:00,3.0,10.182106971740723,10.0,6.25
2026-09-13 03:00:00+00:00,2026-09-13 07:00:00+00:00,4.0,9.2866792678833,9.0,4.833333492279053
2026-09-13 03:00:00+00:00,2026-09-13 08:00:00+00:00,5.0,8.619039535522461,8.0,4.0
2026-09-13 03:00:00+00:00,2026-09-13 09:00:00+00:00,6.0,8.293362617492676,8.0,3.3333332538604736
2026-09-13 03:00:00+00:00,2026-09-13 10:00:00+00:00,7.0,8.356167793273926,9.0,4.4285712242126465
2026-09-13 03:00:00+00:00,2026-09-13 11:00:00+00:00,8.0,7.201101779937744,8.0,4.888888835906982
2026-09-13 03:00:00+00:00,2026-09-13 12:00:00+00:00,9.0,7.05206298828125,8.0,6.166666507720947
2026-09-13 03:00:00+00:00,2026-09-13 13:00:00+00:00,10.0,6.665755271911621,8.0,5.0
2026-09-13 03:00:00+00:00,2026-09-13 14:00:00+00:00,11.0,5.896483421325684,7.0,3.799999952316284
2026-09-13 03:00:00+00:00,2026-09-13 15:00:00+00:00,12.0,5.738470554351807,7.0,3.0
2026-09-13 04:00:00+00:00,2026-09-13 05:00:00+00:00,1.0,8.971717834472656,11.0,6.0
2026-09-13 04:00:00+00:00,2026-09-13 06:00:00+00:00,2.0,9.296768188476562,10.0,6.25
2026-09-13 04:00:00+00:00,2026-09-13 07:00:00+00:00,3.0,8.730907440185547,9.0,4.833333492279053
2026-09-13 04:00:00+00:00,2026-09-13 08:00:00+00:00,4.0,8.258736610412598,8.0,4.0
2026-09-13 04:00:00+00:00,2026-09-13 09:00:00+00:00,5.0,8.047203063964844,8.0,3.3333332538604736
2026-09-13 04:00:00+00:00,2026-09-13 10:00:00+00:00,6.0,8.209272384643555,9.0,4.4285712242126465
2026-09-13 04:00:00+00:00,2026-09-13 11:00:00+00:00,7.0,7.116367340087891,8.0,4.888888835906982
2026-09-13 04:00:00+00:00,2026-09-13 12:00:00+00:00,8.0,7.00341796875,8.0,6.166666507720947
2026-09-13 04:00:00+00:00,2026-09-13 13:00:00+00:00,9.0,6.64885950088501,8.0,5.0
2026-09-13 04:00:00+00:00,2026-09-13 14:00:00+00:00,10.0,5.892731666564941,7.0,3.799999952316284
2026-09-13 04:00:00+00:00,2026-09-13 15:00:00+00:00,11.0,5.738986968994141,7.0,3.0
2026-09-13 04:00:00+00:00,2026-09-13 16:00:00+00:00,12.0,4.921038627624512,6.0,3.875
2026-09-13 05:00:00+00:00,2026-09-13 06:00:00+00:00,1.0,6.764245510101318,10.0,6.25
2026-09-13 05:00:00+00:00,2026-09-13 07:00:00+00:00,2.0,7.334932804107666,9.0,4.833333492279053
2026-09-13 05:00:00+00:00,2026-09-13 08:00:00+00:00,3.0,7.593550682067871,8.0,4.0
2026-09-13 05:00:00+00:00,2026-09-13 09:00:00+00:00,4.0,7.640618801116943,8.0,3.3333332538604736
2026-09-13 05:00:00+00:00,2026-09-13 10:00:00+00:00,5.0,7.930615425109863,9.0,4.4285712242126465
2026-09-13 05:00:00+00:00,2026-09-13 11:00:00+00:00,6.0,6.955583095550537,8.0,4.888888835906982
2026-09-13 05:00:00+00:00,2026-09-13 12:00:00+00:00,7.0,6.930479526519775,8.0,6.166666507720947
2026-09-13 05:00:00+00:00,2026-09-13 13:00:00+00:00,8.0,6.632485866546631,8.0,5.0
2026-09-13 05:00:00+00:00,2026-09-13 14:00:00+00:00,9.0,5.895747661590576,7.0,3.799999952316284
2026-09-13 05:00:00+00:00,2026-09-13 15:00:00+00:00,10.0,5.743961334228516,7.0,3.0
2026-09-13 05:00:00+00:00,2026-09-13 16:00:00+00:00,11.0,4.923864364624023,6.0,3.875
2026-09-13 05:00:00+00:00,2026-09-13 17:00:00+00:00,12.0,4.569122791290283,6.0,2.857142925262451
2026-09-13 06:00:00+00:00,2026-09-13 07:00:00+00:00,1.0,7.292538642883301,8.0,4.833333492279053
2026-09-13 06:00:00+00:00,2026-09-13 08:00:00+00:00,2.0,6.941036701202393,8.0,4.0
2026-09-13 06:00:00+00:00,2026-09-13 09:00:00+00:00,3.0,5.1811652183532715,5.0,3.3333332538604736
2026-09-13 06:00:00+00:00,2026-09-13 10:00:00+00:00,4.0,5.368391990661621,5.0,4.4285712242126465
2026-09-13 06:00:00+00:00,2026-09-13 11:00:00+00:00,5.0,4.916684150695801,5.0,4.888888835906982
2026-09-13 06:00:00+00:00,2026-09-13 12:00:00+00:00,6.0,5.504016876220703,7.0,6.166666507720947
2026-09-13 06:00:00+00:00,2026-09-13 13:00:00+00:00,7.0,6.277919292449951,8.0,5.0
2026-09-13 06:00:00+00:00,2026-09-13 14:00:00+00:00,8.0,6.390552043914795,8.0,3.799999952316284
2026-09-13 06:00:00+00:00,2026-09-13 15:00:00+00:00,9.0,5.246446132659912,6.0,3.0
2026-09-13 06:00:00+00:00,2026-09-13 16:00:00+00:00,10.0,4.4076738357543945,5.0,3.875
2026-09-13 06:00:00+00:00,2026-09-13 17:00:00+00:00,11.0,4.003262519836426,5.0,2.857142925262451
2026-09-13 06:00:00+00:00,2026-09-13 18:00:00+00:00,12.0,3.6809561252593994,5.0,2.700000047683716
2026-09-13 07:00:00+00:00,2026-09-13 08:00:00+00:00,1.0,5.568970680236816,7.0,4.0
2026-09-13 07:00:00+00:00,2026-09-13 09:00:00+00:00,2.0,7.0089850425720215,10.0,3.3333332538604736
2026-09-13 07:00:00+00:00,2026-09-13 10:00:00+00:00,3.0,5.355086803436279,5.0,4.4285712242126465
2026-09-13 07:00:00+00:00,2026-09-13 11:00:00+00:00,4.0,5.2223310470581055,5.0,4.888888835906982
2026-09-13 07:00:00+00:00,2026-09-13 12:00:00+00:00,5.0,5.525317668914795,7.0,6.166666507720947
2026-09-13 07:00:00+00:00,2026-09-13 13:00:00+00:00,6.0,6.253039836883545,8.0,5.0
2026-09-13 07:00:00+00:00,2026-09-13 14:00:00+00:00,7.0,6.483055591583252,8.0,3.799999952316284
2026-09-13 07:00:00+00:00,2026-09-13 15:00:00+00:00,8.0,5.37761116027832,6.0,3.0
2026-09-13 07:00:00+00:00,2026-09-13 16:00:00+00:00,9.0,4.875665187835693,6.0,3.875
2026-09-13 07:00:00+00:00,2026-09-13 17:00:00+00:00,10.0,3.991619825363159,5.0,2.857142925262451
2026-09-13 07:00:00+00:00,2026-09-13 18:00:00+00:00,11.0,3.2908458709716797,4.0,2.700000047683716
2026-09-13 07:00:00+00:00,2026-09-13 19:00:00+00:00,12.0,3.03354549407959,4.0,1.8333333730697632
2026-09-13 08:00:00+00:00,2026-09-13 09:00:00+00:00,1.0,5.239459991455078,8.0,3.3333332538604736
2026-09-13 08:00:00+00:00,2026-09-13 10:00:00+00:00,2.0,5.620164394378662,7.0,4.4285712242126465
2026-09-13 08:00:00+00:00,2026-09-13 11:00:00+00:00,3.0,5.586535930633545,6.0,4.888888835906982
2026-09-13 08:00:00+00:00,2026-09-13 12:00:00+00:00,4.0,4.351089000701904,4.0,6.166666507720947
2026-09-13 08:00:00+00:00,2026-09-13 13:00:00+00:00,5.0,4.130204677581787,4.0,5.0
2026-09-13 08:00:00+00:00,2026-09-13 14:00:00+00:00,6.0,4.624932289123535,6.0,3.799999952316284
2026-09-13 08:00:00+00:00,2026-09-13 15:00:00+00:00,7.0,4.279162406921387,5.0,3.0
2026-09-13 08:00:00+00:00,2026-09-13 16:00:00+00:00,8.0,4.108310222625732,5.0,3.875
2026-09-13 08:00:00+00:00,2026-09-13 17:00:00+00:00,9.0,3.7914562225341797,5.0,2.857142925262451
2026-09-13 08:00:00+00:00,2026-09-13 18:00:00+00:00,10.0,3.405298948287964,4.0,2.700000047683716
2026-09-13 08:00:00+00:00,2026-09-13 19:00:00+00:00,11.0,3.250422477722168,4.0,1.8333333730697632
2026-09-13 08:00:00+00:00,2026-09-13 20:00:00+00:00,12.0,2.5511269569396973,3.0,2.5714285373687744
2026-09-13 09:00:00+00:00,2026-09-13 10:00:00+00:00,1.0,4.624997138977051,5.0,4.4285712242126465
2026-09-13 09:00:00+00:00,2026-09-13 11:00:00+00:00,2.0,4.744175910949707,5.0,4.888888835906982
2026-09-13 09:00:00+00:00,2026-09-13 12:00:00+00:00,3.0,5.45134162902832,7.0,6.166666507720947
2026-09-13 09:00:00+00:00,2026-09-13 13:00:00+00:00,4.0,5.802846431732178,7.0,5.0
2026-09-13 09:00:00+00:00,2026-09-13 14:00:00+00:00,5.0,5.288304328918457,6.0,3.799999952316284
2026-09-13 09:00:00+00:00,2026-09-13 15:00:00+00:00,6.0,5.589592456817627,7.0,3.0
2026-09-13 09:00:00+00:00,2026-09-13 16:00:00+00:00,7.0,5.037275791168213,6.0,3.875
2026-09-13 09:00:00+00:00,2026-09-13 17:00:00+00:00,8.0,3.875375747680664,4.0,2.857142925262451
2026-09-13 09:00:00+00:00,2026-09-13 18:00:00+00:00,9.0,2.7495615482330322,3.0,2.700000047683716
2026-09-13 09:00:00+00:00,2026-09-13 19:00:00+00:00,10.0,2.327312707901001,3.0,1.8333333730697632
2026-09-13 09:00:00+00:00,2026-09-13 20:00:00+00:00,11.0,2.1511569023132324,3.0,2.5714285373687744
2026-09-13 09:00:00+00:00,2026-09-13 21:00:00+00:00,12.0,1.6129575967788696,2.0,1.0
2026-09-13 10:00:00+00:00,2026-09-13 11:00:00+00:00,1.0,4.785533428192139,5.0,4.888888835906982
2026-09-13 10:00:00+00:00,2026-09-13 12:00:00+00:00,2.0,6.316293716430664,8.0,6.166666507720947
2026-09-13 10:00:00+00:00,2026-09-13 13:00:00+00:00,3.0,5.605282783508301,6.0,5.0
2026-09-13 10:00:00+00:00,2026-09-13 14:00:00+00:00,4.0,5.913386344909668,7.0,3.799999952316284
2026-09-13 10:00:00+00:00,2026-09-13 15:00:00+00:00,5.0,5.631725311279297,7.0,3.0
2026-09-13 10:00:00+00:00,2026-09-13 16:00:00+00:00,6.0,4.501327991485596,5.0,3.875
2026-09-13 10:00:00+00:00,2026-09-13 17:00:00+00:00,7.0,3.700399875640869,4.0,2.857142925262451
2026-09-13 10:00:00+00:00,2026-09-13 18:00:00+00:00,8.0,2.922170877456665,3.0,2.700000047683716
2026-09-13 10:00:00+00:00,2026-09-13 19:00:00+00:00,9.0,1.887790322303772,2.0,1.8333333730697632
2026-09-13 10:00:00+00:00,2026-09-13 20:00:00+00:00,10.0,1.680914044380188,2.0,2.5714285373687744
2026-09-13 10:00:00+00:00,2026-09-13 21:00:00+00:00,11.0,1.8700354099273682,3.0,1.0
2026-09-13 10:00:00+00:00,2026-09-13 22:00:00+00:00,12.0,1.9004192352294922,3.0,0.800000011920929
2026-09-13 11:00:00+00:00,2026-09-13 12:00:00+00:00,1.0,5.187877178192139,6.0,6.166666507720947
2026-09-13 11:00:00+00:00,2026-09-13 13:00:00+00:00,2.0,5.5340576171875,7.0,5.0
2026-09-13 11:00:00+00:00,2026-09-13 14:00:00+00:00,3.0,4.568174839019775,5.0,3.799999952316284
2026-09-13 11:00:00+00:00,2026-09-13 15:00:00+00:00,4.0,4.382900238037109,5.0,3.0
2026-09-13 11:00:00+00:00,2026-09-13 16:00:00+00:00,5.0,3.6815404891967773,4.0,3.875
2026-09-13 11:00:00+00:00,2026-09-13 17:00:00+00:00,6.0,3.190415620803833,4.0,2.857142925262451
2026-09-13 11:00:00+00:00,2026-09-13 18:00:00+00:00,7.0,2.493920087814331,3.0,2.700000047683716
2026-09-13 11:00:00+00:00,2026-09-13 19:00:00+00:00,8.0,1.7978771924972534,2.0,1.8333333730697632
2026-09-13 11:00:00+00:00,2026-09-13 20:00:00+00:00,9.0,2.1452672481536865,3.0,2.5714285373687744
2026-09-13 11:00:00+00:00,2026-09-13 21:00:00+00:00,10.0,2.2858164310455322,4.0,1.0
2026-09-13 11:00:00+00:00,2026-09-13 22:00:00+00:00,11.0,2.4001054763793945,4.0,0.800000011920929
2026-09-13 11:00:00+00:00,2026-09-13 23:00:00+00:00,12.0,2.13142991065979,3.0,2.0
2026-09-13 12:00:00+00:00,2026-09-13 13:00:00+00:00,1.0,5.985438823699951,7.0,5.0
2026-09-13 12:00:00+00:00,2026-09-13 14:00:00+00:00,2.0,5.648992538452148,7.0,3.799999952316284
2026-09-13 12:00:00+00:00,2026-09-13 15:00:00+00:00,3.0,5.553340435028076,7.0,3.0
2026-09-13 12:00:00+00:00,2026-09-13 16:00:00+00:00,4.0,4.96144962310791,6.0,3.875
2026-09-13 12:00:00+00:00,2026-09-13 17:00:00+00:00,5.0,4.2392964363098145,5.0,2.857142925262451
2026-09-13 12:00:00+00:00,2026-09-13 18:00:00+00:00,6.0,2.9298317432403564,3.0,2.700000047683716
2026-09-13 12:00:00+00:00,2026-09-13 19:00:00+00:00,7.0,2.2751522064208984,2.0,1.8333333730697632
2026-09-13 12:00:00+00:00,2026-09-13 20:00:00+00:00,8.0,1.6696170568466187,2.0,2.5714285373687744
2026-09-13 12:00:00+00:00,2026-09-13 21:00:00+00:00,9.0,1.3281691074371338,2.0,1.0
2026-09-13 12:00:00+00:00,2026-09-13 22:00:00+00:00,10.0,1.1725505590438843,1.0,0.800000011920929
2026-09-13 12:00:00+00:00,2026-09-13 23:00:00+00:00,11.0,2.2054715156555176,4.0,2.0
2026-09-13 12:00:00+00:00,2026-09-14 00:00:00+00:00,12.0,3.1514976024627686,4.0,0.8333333134651184
2026-09-13 13:00:00+00:00,2026-09-13 14:00:00+00:00,1.0,5.054972171783447,7.0,3.799999952316284
2026-09-13 13:00:00+00:00,2026-09-13 15:00:00+00:00,2.0,4.989414691925049,6.0,3.0
2026-09-13 13:00:00+00:00,2026-09-13 16:00:00+00:00,3.0,4.854463577270508,6.0,3.875
2026-09-13 13:00:00+00:00,2026-09-13 17:00:00+00:00,4.0,4.038788318634033,5.0,2.857142925262451
2026-09-13 13:00:00+00:00,2026-09-13 18:00:00+00:00,5.0,2.2899980545043945,2.0,2.700000047683716
2026-09-13 13:00:00+00:00,2026-09-13 19:00:00+00:00,6.0,1.8782931566238403,2.0,1.8333333730697632
2026-09-13 13:00:00+00:00,2026-09-13 20:00:00+00:00,7.0,1.5542932748794556,2.0,2.5714285373687744
2026-09-13 13:00:00+00:00,2026-09-13 21:00:00+00:00,8.0,1.7142215967178345,3.0,1.0
2026-09-13 13:00:00+00:00,2026-09-13 22:00:00+00:00,9.0,1.636881947517395,3.0,0.800000011920929
2026-09-13 13:00:00+00:00,2026-09-13 23:00:00+00:00,10.0,1.844801425933838,3.0,2.0
2026-09-13 13:00:00+00:00,2026-09-14 00:00:00+00:00,11.0,1.934653639793396,3.0,0.8333333134651184
2026-09-13 13:00:00+00:00,2026-09-14 01:00:00+00:00,12.0,2.4393932819366455,4.0,2.1666667461395264
2026-09-13 14:00:00+00:00,2026-09-13 15:00:00+00:00,1.0,3.4303839206695557,4.0,3.0
2026-09-13 14:00:00+00:00,2026-09-13 16:00:00+00:00,2.0,3.146803617477417,4.0,3.875
2026-09-13 14:00:00+00:00,2026-09-13 17:00:00+00:00,3.0,2.495945930480957,3.0,2.857142925262451
2026-09-13 14:00:00+00:00,2026-09-13 18:00:00+00:00,4.0,2.8888561725616455,4.0,2.700000047683716
2026-09-13 14:00:00+00:00,2026-09-13 19:00:00+00:00,5.0,2.8132412433624268,4.0,1.8333333730697632
2026-09-13 14:00:00+00:00,2026-09-13 20:00:00+00:00,6.0,2.3482751846313477,3.0,2.5714285373687744
2026-09-13 14:00:00+00:00,2026-09-13 21:00:00+00:00,7.0,2.657400131225586,4.0,1.0
2026-09-13 14:00:00+00:00,2026-09-13 22:00:00+00:00,8.0,2.6198723316192627,4.0,0.800000011920929
2026-09-13 14:00:00+00:00,2026-09-13 23:00:00+00:00,9.0,2.038890838623047,2.0,2.0
2026-09-13 14:00:00+00:00,2026-09-14 00:00:00+00:00,10.0,2.5949244499206543,3.0,0.8333333134651184
2026-09-13 14:00:00+00:00,2026-09-14 01:00:00+00:00,11.0,2.846599578857422,4.0,2.1666667461395264
2026-09-13 14:00:00+00:00,2026-09-14 02:00:00+00:00,12.0,2.8199362754821777,3.0,2.799999952316284
2026-09-13 15:00:00+00:00,2026-09-13 16:00:00+00:00,1.0,2.7745232582092285,4.0,3.875
2026-09-13 15:00:00+00:00,2026-09-13 17:00:00+00:00,2.0,2.5607402324676514,3.0,2.857142925262451
2026-09-13 15:00:00+00:00,2026-09-13 18:00:00+00:00,3.0,2.3292624950408936,3.0,2.700000047683716
2026-09-13 15:00:00+00:00,2026-09-13 19:00:00+00:00,4.0,1.6306177377700806,2.0,1.8333333730697632
2026-09-13 15:00:00+00:00,2026-09-13 20:00:00+00:00,5.0,1.4727495908737183,2.0,2.5714285373687744
2026-09-13 15:00:00+00:00,2026-09-13 21:00:00+00:00,6.0,1.2430589199066162,2.0,1.0
2026-09-13 15:00:00+00:00,2026-09-13 22:00:00+00:00,7.0,1.3685393333435059,3.0,0.800000011920929
2026-09-13 15:00:00+00:00,2026-09-13 23:00:00+00:00,8.0,1.7854228019714355,4.0,2.0
2026-09-13 15:00:00+00:00,2026-09-14 00:00:00+00:00,9.0,2.789371967315674,4.0,0.8333333134651184
2026-09-13 15:00:00+00:00,2026-09-14 01:00:00+00:00,10.0,2.875095844268799,3.0,2.1666667461395264
2026-09-13 15:00:00+00:00,2026-09-14 02:00:00+00:00,11.0,3.0074644088745117,4.0,2.799999952316284
2026-09-13 15:00:00+00:00,2026-09-14 03:00:00+00:00,12.0,2.965536594390869,3.0,3.3333332538604736
2026-09-13 16:00:00+00:00,2026-09-13 17:00:00+00:00,1.0,3.681974172592163,4.0,2.857142925262451
2026-09-13 16:00:00+00:00,2026-09-13 18:00:00+00:00,2.0,2.9590651988983154,3.0,2.700000047683716
2026-09-13 16:00:00+00:00,2026-09-13 19:00:00+00:00,3.0,1.9118343591690063,2.0,1.8333333730697632
2026-09-13 16:00:00+00:00,2026-09-13 20:00:00+00:00,4.0,2.6898293495178223,4.0,2.5714285373687744
2026-09-13 16:00:00+00:00,2026-09-13 21:00:00+00:00,5.0,2.587263822555542,4.0,1.0
2026-09-13 16:00:00+00:00,2026-09-13 22:00:00+00:00,6.0,2.609130859375,4.0,0.800000011920929
2026-09-13 16:00:00+00:00,2026-09-13 23:00:00+00:00,7.0,2.212360382080078,3.0,2.0
2026-09-13 16:00:00+00:00,2026-09-14 00:00:00+00:00,8.0,2.048147678375244,3.0,0.8333333134651184
2026-09-13 16:00:00+00:00,2026-09-14 01:00:00+00:00,9.0,2.392982244491577,4.0,2.1666667461395264
2026-09-13 16:00:00+00:00,2026-09-14 02:00:00+00:00,10.0,3.201749086380005,5.0,2.799999952316284
2026-09-13 16:00:00+00:00,2026-09-14 03:00:00+00:00,11.0,3.4683451652526855,4.0,3.3333332538604736
2026-09-13 16:00:00+00:00,2026-09-14 04:00:00+00:00,12.0,3.8607020378112793,4.0,3.4000000953674316
2026-09-13 17:00:00+00:00,2026-09-13 18:00:00+00:00,1.0,2.8102195262908936,4.0,2.700000047683716
2026-09-13 17:00:00+00:00,2026-09-13 19:00:00+00:00,2.0,2.685544490814209,4.0,1.8333333730697632
2026-09-13 17:00:00+00:00,2026-09-13 20:00:00+00:00,3.0,2.233074188232422,3.0,2.5714285373687744
2026-09-13 17:00:00+00:00,2026-09-13 21:00:00+00:00,4.0,3.177044630050659,5.0,1.0
2026-09-13 17:00:00+00:00,2026-09-13 22:00:00+00:00,5.0,2.9811723232269287,4.0,0.800000011920929
2026-09-13 17:00:00+00:00,2026-09-13 23:00:00+00:00,6.0,2.50266170501709,3.0,2.0
2026-09-13 17:00:00+00:00,2026-09-14 00:00:00+00:00,7.0,2.5007660388946533,3.0,0.8333333134651184
2026-09-13 17:00:00+00:00,2026-09-14 01:00:00+00:00,8.0,2.449439287185669,3.0,2.1666667461395264
2026-09-13 17:00:00+00:00,2026-09-14 02:00:00+00:00,9.0,3.6833231449127197,5.0,2.799999952316284
2026-09-13 17:00:00+00:00,2026-09-14 03:00:00+00:00,10.0,3.683457374572754,4.0,3.3333332538604736
2026-09-13 17:00:00+00:00,2026-09-14 04:00:00+00:00,11.0,3.8828539848327637,4.0,3.4000000953674316
2026-09-13 17:00:00+00:00,2026-09-14 05:00:00+00:00,12.0,4.026626110076904,4.0,3.6666667461395264
2026-09-13 18:00:00+00:00,2026-09-13 19:00:00+00:00,1.0,2.1910438537597656,3.0,1.8333333730697632
2026-09-13 18:00:00+00:00,2026-09-13 20:00:00+00:00,2.0,2.1773548126220703,3.0,2.5714285373687744
2026-09-13 18:00:00+00:00,2026-09-13 21:00:00+00:00,3.0,2.41011643409729,4.0,1.0
2026-09-13 18:00:00+00:00,2026-09-13 22:00:00+00:00,4.0,2.4138920307159424,4.0,0.800000011920929
2026-09-13 18:00:00+00:00,2026-09-13 23:00:00+00:00,5.0,2.557155132293701,4.0,2.0
2026-09-13 18:00:00+00:00,2026-09-14 00:00:00+00:00,6.0,2.3932387828826904,3.0,0.8333333134651184
2026-09-13 18:00:00+00:00,2026-09-14 01:00:00+00:00,7.0,2.4214963912963867,3.0,2.1666667461395264
2026-09-13 18:00:00+00:00,2026-09-14 02:00:00+00:00,8.0,2.646231174468994,4.0,2.799999952316284
2026-09-13 18:00:00+00:00,2026-09-14 03:00:00+00:00,9.0,3.1112136840820312,4.0,3.3333332538604736
2026-09-13 18:00:00+00:00,2026-09-14 04:00:00+00:00,10.0,3.4772257804870605,4.0,3.4000000953674316
2026-09-13 18:00:00+00:00,2026-09-14 05:00:00+00:00,11.0,4.348518371582031,5.0,3.6666667461395264
2026-09-13 18:00:00+00:00,2026-09-14 06:00:00+00:00,12.0,4.632426738739014,5.0,5.0
2026-09-13 19:00:00+00:00,2026-09-13 20:00:00+00:00,1.0,1.2803364992141724,1.0,2.5714285373687744
2026-09-13 19:00:00+00:00,2026-09-13 21:00:00+00:00,2.0,1.836182713508606,4.0,1.0
2026-09-13 19:00:00+00:00,2026-09-13 22:00:00+00:00,3.0,2.0995864868164062,4.0,0.800000011920929
2026-09-13 19:00:00+00:00,2026-09-13 23:00:00+00:00,4.0,2.4572296142578125,4.0,2.0
2026-09-13 19:00:00+00:00,2026-09-14 00:00:00+00:00,5.0,2.4434597492218018,4.0,0.8333333134651184
2026-09-13 19:00:00+00:00,2026-09-14 01:00:00+00:00,6.0,2.5510973930358887,4.0,2.1666667461395264
2026-09-13 19:00:00+00:00,2026-09-14 02:00:00+00:00,7.0,3.4223451614379883,5.0,2.799999952316284
2026-09-13 19:00:00+00:00,2026-09-14 03:00:00+00:00,8.0,3.598900556564331,4.0,3.3333332538604736
2026-09-13 19:00:00+00:00,2026-09-14 04:00:00+00:00,9.0,3.438478708267212,3.0,3.4000000953674316
2026-09-13 19:00:00+00:00,2026-09-14 05:00:00+00:00,10.0,3.20766019821167,3.0,3.6666667461395264
2026-09-13 19:00:00+00:00,2026-09-14 06:00:00+00:00,11.0,3.6334900856018066,4.0,5.0
2026-09-13 19:00:00+00:00,2026-09-14 07:00:00+00:00,12.0,4.096568584442139,4.0,5.5
2026-09-13 20:00:00+00:00,2026-09-13 21:00:00+00:00,1.0,2.3077566623687744,3.0,1.0
2026-09-13 20:00:00+00:00,2026-09-13 22:00:00+00:00,2.0,2.4356038570404053,4.0,0.800000011920929
2026-09-13 20:00:00+00:00,2026-09-13 23:00:00+00:00,3.0,2.566251039505005,4.0,2.0
2026-09-13 20:00:00+00:00,2026-09-14 00:00:00+00:00,4.0,2.661545991897583,4.0,0.8333333134651184
2026-09-13 20:00:00+00:00,2026-09-14 01:00:00+00:00,5.0,2.3253040313720703,3.0,2.1666667461395264
2026-09-13 20:00:00+00:00,2026-09-14 02:00:00+00:00,6.0,3.2050046920776367,5.0,2.799999952316284
2026-09-13 20:00:00+00:00,2026-09-14 03:00:00+00:00,7.0,3.133342981338501,4.0,3.3333332538604736
2026-09-13 20:00:00+00:00,2026-09-14 04:00:00+00:00,8.0,3.435513734817505,4.0,3.4000000953674316
2026-09-13 20:00:00+00:00,2026-09-14 05:00:00+00:00,9.0,3.575988531112671,4.0,3.6666667461395264
2026-09-13 20:00:00+00:00,2026-09-14 06:00:00+00:00,10.0,3.8309741020202637,4.0,5.0
2026-09-13 20:00:00+00:00,2026-09-14 07:00:00+00:00,11.0,4.152745246887207,4.0,5.5
2026-09-13 20:00:00+00:00,2026-09-14 08:00:00+00:00,12.0,4.685393333435059,4.0,4.400000095367432
2026-09-13 21:00:00+00:00,2026-09-13 22:00:00+00:00,1.0,1.5700143575668335,3.0,0.800000011920929
2026-09-13 21:00:00+00:00,2026-09-13 23:00:00+00:00,2.0,1.967527985572815,2.0,2.0
2026-09-13 21:00:00+00:00,2026-09-14 00:00:00+00:00,3.0,2.6607277393341064,3.0,0.8333333134651184
2026-09-13 21:00:00+00:00,2026-09-14 01:00:00+00:00,4.0,2.705104112625122,3.0,2.1666667461395264
2026-09-13 21:00:00+00:00,2026-09-14 02:00:00+00:00,5.0,3.4522924423217773,4.0,2.799999952316284
2026-09-13 21:00:00+00:00,2026-09-14 03:00:00+00:00,6.0,4.123438358306885,4.0,3.3333332538604736
2026-09-13 21:00:00+00:00,2026-09-14 04:00:00+00:00,7.0,4.428006172180176,4.0,3.4000000953674316
2026-09-13 21:00:00+00:00,2026-09-14 05:00:00+00:00,8.0,3.781388521194458,3.0,3.6666667461395264
2026-09-13 21:00:00+00:00,2026-09-14 06:00:00+00:00,9.0,4.070334434509277,4.0,5.0
2026-09-13 21:00:00+00:00,2026-09-14 07:00:00+00:00,10.0,4.826107025146484,5.0,5.5
2026-09-13 21:00:00+00:00,2026-09-14 08:00:00+00:00,11.0,5.489495754241943,5.0,4.400000095367432
2026-09-13 21:00:00+00:00,2026-09-14 09:00:00+00:00,12.0,5.868835926055908,5.0,8.600000381469727
2026-09-13 22:00:00+00:00,2026-09-13 23:00:00+00:00,1.0,1.386428952217102,2.0,2.0
2026-09-13 22:00:00+00:00,2026-09-14 00:00:00+00:00,2.0,2.2523081302642822,3.0,0.8333333134651184
2026-09-13 22:00:00+00:00,2026-09-14 01:00:00+00:00,3.0,2.407750129699707,3.0,2.1666667461395264
2026-09-13 22:00:00+00:00,2026-09-14 02:00:00+00:00,4.0,3.242650270462036,4.0,2.799999952316284
2026-09-13 22:00:00+00:00,2026-09-14 03:00:00+00:00,5.0,3.9678797721862793,4.0,3.3333332538604736
2026-09-13 22:00:00+00:00,2026-09-14 04:00:00+00:00,6.0,4.31430196762085,4.0,3.4000000953674316
2026-09-13 22:00:00+00:00,2026-09-14 05:00:00+00:00,7.0,3.7084455490112305,3.0,3.6666667461395264
2026-09-13 22:00:00+00:00,2026-09-14 06:00:00+00:00,8.0,4.0135273933410645,4.0,5.0
2026-09-13 22:00:00+00:00,2026-09-14 07:00:00+00:00,9.0,4.792379856109619,5.0,5.5
2026-09-13 22:00:00+00:00,2026-09-14 08:00:00+00:00,10.0,5.472444534301758,5.0,4.400000095367432
2026-09-13 22:00:00+00:00,2026-09-14 09:00:00+00:00,11.0,5.855855464935303,5.0,8.600000381469727
2026-09-13 22:00:00+00:00,2026-09-14 10:00:00+00:00,12.0,7.60776948928833,8.0,11.0
2026-09-13 23:00:00+00:00,2026-09-14 00:00:00+00:00,1.0,2.633173704147339,3.0,0.8333333134651184
2026-09-13 23:00:00+00:00,2026-09-14 01:00:00+00:00,2.0,2.5733144283294678,3.0,2.1666667461395264
2026-09-13 23:00:00+00:00,2026-09-14 02:00:00+00:00,3.0,3.3775405883789062,4.0,2.799999952316284
2026-09-13 23:00:00+00:00,2026-09-14 03:00:00+00:00,4.0,4.085373401641846,4.0,3.3333332538604736
2026-09-13 23:00:00+00:00,2026-09-14 04:00:00+00:00,5.0,4.394356727600098,4.0,3.4000000953674316
2026-09-13 23:00:00+00:00,2026-09-14 05:00:00+00:00,6.0,3.756742000579834,3.0,3.6666667461395264
2026-09-13 23:00:00+00:00,2026-09-14 06:00:00+00:00,7.0,4.053106307983398,4.0,5.0
2026-09-13 23:00:00+00:00,2026-09-14 07:00:00+00:00,8.0,4.816250801086426,5.0,5.5
2026-09-13 23:00:00+00:00,2026-09-14 08:00:00+00:00,9.0,5.48442268371582,5.0,4.400000095367432
2026-09-13 23:00:00+00:00,2026-09-14 09:00:00+00:00,10.0,5.864943981170654,5.0,8.600000381469727
2026-09-13 23:00:00+00:00,2026-09-14 10:00:00+00:00,11.0,7.611574649810791,8.0,11.0
2026-09-13 23:00:00+00:00,2026-09-14 11:00:00+00:00,12.0,9.06961441040039,9.0,10.5
2026-09-14 00:00:00+00:00,2026-09-14 01:00:00+00:00,1.0,1.2530546188354492,3.0,2.1666667461395264
2026-09-14 00:00:00+00:00,2026-09-14 02:00:00+00:00,2.0,2.543077230453491,4.0,2.799999952316284
2026-09-14 00:00:00+00:00,2026-09-14 03:00:00+00:00,3.0,3.482818126678467,4.0,3.3333332538604736
2026-09-14 00:00:00+00:00,2026-09-14 04:00:00+00:00,4.0,3.836897850036621,4.0,3.4000000953674316
2026-09-14 00:00:00+00:00,2026-09-14 05:00:00+00:00,5.0,3.4007861614227295,3.0,3.6666667461395264
2026-09-14 00:00:00+00:00,2026-09-14 06:00:00+00:00,6.0,3.8184149265289307,4.0,5.0
2026-09-14 00:00:00+00:00,2026-09-14 07:00:00+00:00,7.0,4.66818380355835,5.0,5.5
2026-09-14 00:00:00+00:00,2026-09-14 08:00:00+00:00,8.0,5.405505180358887,5.0,4.400000095367432
2026-09-14 00:00:00+00:00,2026-09-14 09:00:00+00:00,9.0,5.806375503540039,5.0,8.600000381469727
2026-09-14 00:00:00+00:00,2026-09-14 10:00:00+00:00,10.0,7.586968898773193,8.0,11.0
2026-09-14 00:00:00+00:00,2026-09-14 11:00:00+00:00,11.0,9.056020736694336,9.0,10.5
2026-09-14 00:00:00+00:00,2026-09-14 12:00:00+00:00,12.0,8.331412315368652,7.0,12.0
2026-09-14 01:00:00+00:00,2026-09-14 02:00:00+00:00,1.0,2.9981729984283447,4.0,2.799999952316284
2026-09-14 01:00:00+00:00,2026-09-14 03:00:00+00:00,2.0,3.6677393913269043,4.0,3.3333332538604736
2026-09-14 01:00:00+00:00,2026-09-14 04:00:00+00:00,3.0,4.095874309539795,4.0,3.4000000953674316
2026-09-14 01:00:00+00:00,2026-09-14 05:00:00+00:00,4.0,3.5934462547302246,3.0,3.6666667461395264
2026-09-14 01:00:00+00:00,2026-09-14 06:00:00+00:00,5.0,3.92020320892334,4.0,5.0
2026-09-14 01:00:00+00:00,2026-09-14 07:00:00+00:00,6.0,4.732978343963623,5.0,5.5
2026-09-14 01:00:00+00:00,2026-09-14 08:00:00+00:00,7.0,5.442416191101074,5.0,4.400000095367432
2026-09-14 01:00:00+00:00,2026-09-14 09:00:00+00:00,8.0,5.832680702209473,5.0,8.600000381469727
2026-09-14 01:00:00+00:00,2026-09-14 10:00:00+00:00,9.0,7.597992897033691,8.0,11.0
2026-09-14 01:00:00+00:00,2026-09-14 11:00:00+00:00,10.0,9.062213897705078,9.0,10.5
2026-09-14 01:00:00+00:00,2026-09-14 12:00:00+00:00,11.0,8.336031913757324,7.0,12.0
2026-09-14 01:00:00+00:00,2026-09-14 13:00:00+00:00,12.0,9.165531158447266,9.0,11.800000190734863
2026-09-14 02:00:00+00:00,2026-09-14 03:00:00+00:00,1.0,3.487173080444336,4.0,3.3333332538604736
2026-09-14 02:00:00+00:00,2026-09-14 04:00:00+00:00,2.0,3.988135576248169,4.0,3.4000000953674316
2026-09-14 02:00:00+00:00,2026-09-14 05:00:00+00:00,3.0,3.519721031188965,3.0,3.6666667461395264
2026-09-14 02:00:00+00:00,2026-09-14 06:00:00+00:00,4.0,3.8676421642303467,4.0,5.0
2026-09-14 02:00:00+00:00,2026-09-14 07:00:00+00:00,5.0,4.700472831726074,5.0,5.5
2026-09-14 02:00:00+00:00,2026-09-14 08:00:00+00:00,6.0,5.425629615783691,5.0,4.400000095367432
2026-09-14 02:00:00+00:00,2026-09-14 09:00:00+00:00,7.0,5.820209503173828,5.0,8.600000381469727
2026-09-14 02:00:00+00:00,2026-09-14 10:00:00+00:00,8.0,7.592798709869385,8.0,11.0
2026-09-14 02:00:00+00:00,2026-09-14 11:00:00+00:00,9.0,9.059343338012695,9.0,10.5
2026-09-14 02:00:00+00:00,2026-09-14 12:00:00+00:00,10.0,8.333870887756348,7.0,12.0
2026-09-14 02:00:00+00:00,2026-09-14 13:00:00+00:00,11.0,9.164517402648926,9.0,11.800000190734863
2026-09-14 02:00:00+00:00,2026-09-14 14:00:00+00:00,12.0,9.388716697692871,9.0,10.571428298950195
2026-09-14 03:00:00+00:00,2026-09-14 04:00:00+00:00,1.0,3.869553327560425,4.0,3.4000000953674316
2026-09-14 03:00:00+00:00,2026-09-14 05:00:00+00:00,2.0,3.490110158920288,3.0,3.6666667461395264
2026-09-14 03:00:00+00:00,2026-09-14 06:00:00+00:00,3.0,3.841738700866699,4.0,5.0
2026-09-14 03:00:00+00:00,2026-09-14 07:00:00+00:00,4.0,4.679516315460205,5.0,5.5
2026-09-14 03:00:00+00:00,2026-09-14 08:00:00+00:00,5.0,5.414455413818359,5.0,4.400000095367432
2026-09-14 03:00:00+00:00,2026-09-14 09:00:00+00:00,6.0,5.812870502471924,5.0,8.600000381469727
2026-09-14 03:00:00+00:00,2026-09-14 10:00:00+00:00,7.0,7.589786529541016,8.0,11.0
2026-09-14 03:00:00+00:00,2026-09-14 11:00:00+00:00,8.0,9.057587623596191,9.0,10.5
2026-09-14 03:00:00+00:00,2026-09-14 12:00:00+00:00,9.0,8.332564353942871,7.0,12.0
2026-09-14 03:00:00+00:00,2026-09-14 13:00:00+00:00,10.0,9.163902282714844,9.0,11.800000190734863
2026-09-14 03:00:00+00:00,2026-09-14 14:00:00+00:00,11.0,9.388406753540039,9.0,10.571428298950195
2026-09-14 03:00:00+00:00,2026-09-14 15:00:00+00:00,12.0,9.533782005310059,9.0,9.714285850524902
2026-09-14 04:00:00+00:00,2026-09-14 05:00:00+00:00,1.0,3.2358741760253906,3.0,3.6666667461395264
2026-09-14 04:00:00+00:00,2026-09-14 06:00:00+00:00,2.0,3.7154042720794678,4.0,5.0
2026-09-14 04:00:00+00:00,2026-09-14 07:00:00+00:00,3.0,4.5801544189453125,5.0,5.5
2026-09-14 04:00:00+00:00,2026-09-14 08:00:00+00:00,4.0,5.35598611831665,5.0,4.400000095367432
2026-09-14 04:00:00+00:00,2026-09-14 09:00:00+00:00,5.0,5.774168014526367,5.0,8.600000381469727
2026-09-14 04:00:00+00:00,2026-09-14 10:00:00+00:00,6.0,7.573404788970947,8.0,11.0
2026-09-14 04:00:00+00:00,2026-09-14 11:00:00+00:00,7.0,9.047717094421387,9.0,10.5
2026-09-14 04:00:00+00:00,2026-09-14 12:00:00+00:00,8.0,8.326144218444824,7.0,12.0
2026-09-14 04:00:00+00:00,2026-09-14 13:00:00+00:00,9.0,9.161060333251953,9.0,11.800000190734863
2026-09-14 04:00:00+00:00,2026-09-14 14:00:00+00:00,10.0,9.38693904876709,9.0,10.571428298950195
2026-09-14 04:00:00+00:00,2026-09-14 15:00:00+00:00,11.0,9.533103942871094,9.0,9.714285850524902
2026-09-14 04:00:00+00:00,2026-09-14 16:00:00+00:00,12.0,9.150723457336426,8.0,8.666666984558105
2026-09-14 05:00:00+00:00,2026-09-14 06:00:00+00:00,1.0,3.9649527072906494,4.0,5.0
2026-09-14 05:00:00+00:00,2026-09-14 07:00:00+00:00,2.0,4.689428806304932,5.0,5.5
2026-09-14 05:00:00+00:00,2026-09-14 08:00:00+00:00,3.0,5.417500019073486,5.0,4.400000095367432
2026-09-14 05:00:00+00:00,2026-09-14 09:00:00+00:00,4.0,5.827446937561035,5.0,8.600000381469727
2026-09-14 05:00:00+00:00,2026-09-14 10:00:00+00:00,5.0,7.597715854644775,8.0,11.0
2026-09-14 05:00:00+00:00,2026-09-14 11:00:00+00:00,6.0,9.060750961303711,9.0,10.5
2026-09-14 05:00:00+00:00,2026-09-14 12:00:00+00:00,7.0,8.334856033325195,7.0,12.0
2026-09-14 05:00:00+00:00,2026-09-14 13:00:00+00:00,8.0,9.164900779724121,9.0,11.800000190734863
2026-09-14 05:00:00+00:00,2026-09-14 14:00:00+00:00,9.0,9.388906478881836,9.0,10.571428298950195
2026-09-14 05:00:00+00:00,2026-09-14 15:00:00+00:00,10.0,9.534011840820312,9.0,9.714285850524902
2026-09-14 05:00:00+00:00,2026-09-14 16:00:00+00:00,11.0,9.1510591506958,8.0,8.666666984558105
2026-09-14 05:00:00+00:00,2026-09-14 17:00:00+00:00,12.0,8.854052543640137,8.0,8.142857551574707
2026-09-14 06:00:00+00:00,2026-09-14 07:00:00+00:00,1.0,5.13561487197876,5.0,5.5
2026-09-14 06:00:00+00:00,2026-09-14 08:00:00+00:00,2.0,5.365054130554199,5.0,4.400000095367432
2026-09-14 06:00:00+00:00,2026-09-14 09:00:00+00:00,3.0,6.414051055908203,6.0,8.600000381469727
2026-09-14 06:00:00+00:00,2026-09-14 10:00:00+00:00,4.0,7.906454563140869,8.0,11.0
2026-09-14 06:00:00+00:00,2026-09-14 11:00:00+00:00,5.0,9.269360542297363,9.0,10.5
2026-09-14 06:00:00+00:00,2026-09-14 12:00:00+00:00,6.0,8.84650707244873,8.0,12.0
2026-09-14 06:00:00+00:00,2026-09-14 13:00:00+00:00,7.0,8.782711029052734,8.0,11.800000190734863
2026-09-14 06:00:00+00:00,2026-09-14 14:00:00+00:00,8.0,9.759174346923828,10.0,10.571428298950195
2026-09-14 06:00:00+00:00,2026-09-14 15:00:00+00:00,9.0,9.564499855041504,9.0,9.714285850524902
2026-09-14 06:00:00+00:00,2026-09-14 16:00:00+00:00,10.0,8.898706436157227,8.0,8.666666984558105
2026-09-14 06:00:00+00:00,2026-09-14 17:00:00+00:00,11.0,8.559675216674805,8.0,8.142857551574707
2026-09-14 06:00:00+00:00,2026-09-14 18:00:00+00:00,12.0,8.756367683410645,9.0,7.44444465637207
2026-09-14 07:00:00+00:00,2026-09-14 08:00:00+00:00,1.0,5.673142433166504,5.0,4.400000095367432
2026-09-14 07:00:00+00:00,2026-09-14 09:00:00+00:00,2.0,6.592300891876221,6.0,8.600000381469727
2026-09-14 07:00:00+00:00,2026-09-14 10:00:00+00:00,3.0,7.9891862869262695,8.0,11.0
2026-09-14 07:00:00+00:00,2026-09-14 11:00:00+00:00,4.0,9.327500343322754,9.0,10.5
2026-09-14 07:00:00+00:00,2026-09-14 12:00:00+00:00,5.0,8.876941680908203,8.0,12.0
2026-09-14 07:00:00+00:00,2026-09-14 13:00:00+00:00,6.0,8.794994354248047,8.0,11.800000190734863
2026-09-14 07:00:00+00:00,2026-09-14 14:00:00+00:00,7.0,9.764579772949219,10.0,10.571428298950195
2026-09-14 07:00:00+00:00,2026-09-14 15:00:00+00:00,8.0,9.56728744506836,9.0,9.714285850524902
2026-09-14 07:00:00+00:00,2026-09-14 16:00:00+00:00,9.0,8.899471282958984,8.0,8.666666984558105
2026-09-14 07:00:00+00:00,2026-09-14 17:00:00+00:00,10.0,8.559513092041016,8.0,8.142857551574707
2026-09-14 07:00:00+00:00,2026-09-14 18:00:00+00:00,11.0,8.756104469299316,9.0,7.44444465637207
2026-09-14 07:00:00+00:00,2026-09-14 19:00:00+00:00,12.0,8.637822151184082,8.0,5.75
2026-09-14 08:00:00+00:00,2026-09-14 09:00:00+00:00,1.0,5.337986946105957,5.0,8.600000381469727
2026-09-14 08:00:00+00:00,2026-09-14 10:00:00+00:00,2.0,7.5667405128479,8.0,11.0
2026-09-14 08:00:00+00:00,2026-09-14 11:00:00+00:00,3.0,7.607483386993408,7.0,10.5
2026-09-14 08:00:00+00:00,2026-09-14 12:00:00+00:00,4.0,8.25932502746582,8.0,12.0
2026-09-14 08:00:00+00:00,2026-09-14 13:00:00+00:00,5.0,8.418790817260742,8.0,11.800000190734863
2026-09-14 08:00:00+00:00,2026-09-14 14:00:00+00:00,6.0,9.062698364257812,9.0,10.571428298950195
2026-09-14 08:00:00+00:00,2026-09-14 15:00:00+00:00,7.0,8.856664657592773,8.0,9.714285850524902
2026-09-14 08:00:00+00:00,2026-09-14 16:00:00+00:00,8.0,9.286212921142578,9.0,8.666666984558105
2026-09-14 08:00:00+00:00,2026-09-14 17:00:00+00:00,9.0,9.266907691955566,9.0,8.142857551574707
2026-09-14 08:00:00+00:00,2026-09-14 18:00:00+00:00,10.0,9.901975631713867,10.0,7.44444465637207
2026-09-14 08:00:00+00:00,2026-09-14 19:00:00+00:00,11.0,9.75127124786377,9.0,5.75
2026-09-14 08:00:00+00:00,2026-09-14 20:00:00+00:00,12.0,9.155705451965332,8.0,7.599999904632568
2026-09-14 09:00:00+00:00,2026-09-14 10:00:00+00:00,1.0,9.310848236083984,8.0,11.0
2026-09-14 09:00:00+00:00,2026-09-14 11:00:00+00:00,2.0,9.834993362426758,9.0,10.5
2026-09-14 09:00:00+00:00,2026-09-14 12:00:00+00:00,3.0,9.069743156433105,8.0,12.0
2026-09-14 09:00:00+00:00,2026-09-14 13:00:00+00:00,4.0,8.202896118164062,7.0,11.800000190734863
2026-09-14 09:00:00+00:00,2026-09-14 14:00:00+00:00,5.0,9.0331449508667,9.0,10.571428298950195
2026-09-14 09:00:00+00:00,2026-09-14 15:00:00+00:00,6.0,8.880234718322754,8.0,9.714285850524902
2026-09-14 09:00:00+00:00,2026-09-14 16:00:00+00:00,7.0,8.854846954345703,8.0,8.666666984558105
2026-09-14 09:00:00+00:00,2026-09-14 17:00:00+00:00,8.0,8.42956256866455,8.0,8.142857551574707
2026-09-14 09:00:00+00:00,2026-09-14 18:00:00+00:00,9.0,8.201693534851074,8.0,7.44444465637207
2026-09-14 09:00:00+00:00,2026-09-14 19:00:00+00:00,10.0,8.466473579406738,8.0,5.75
2026-09-14 09:00:00+00:00,2026-09-14 20:00:00+00:00,11.0,8.012093544006348,7.0,7.599999904632568
2026-09-14 09:00:00+00:00,2026-09-14 21:00:00+00:00,12.0,7.985398292541504,7.0,7.666666507720947
2026-09-14 10:00:00+00:00,2026-09-14 11:00:00+00:00,1.0,11.101218223571777,9.0,10.5
2026-09-14 10:00:00+00:00,2026-09-14 12:00:00+00:00,2.0,9.743881225585938,8.0,12.0
2026-09-14 10:00:00+00:00,2026-09-14 13:00:00+00:00,3.0,8.526565551757812,7.0,11.800000190734863
2026-09-14 10:00:00+00:00,2026-09-14 14:00:00+00:00,4.0,9.149176597595215,9.0,10.571428298950195
2026-09-14 10:00:00+00:00,2026-09-14 15:00:00+00:00,5.0,8.950201034545898,8.0,9.714285850524902
2026-09-14 10:00:00+00:00,2026-09-14 16:00:00+00:00,6.0,8.88411808013916,8.0,8.666666984558105
2026-09-14 10:00:00+00:00,2026-09-14 17:00:00+00:00,7.0,8.43071460723877,8.0,8.142857551574707
2026-09-14 10:00:00+00:00,2026-09-14 18:00:00+00:00,8.0,8.19560432434082,8.0,7.44444465637207
2026-09-14 10:00:00+00:00,2026-09-14 19:00:00+00:00,9.0,8.463179588317871,8.0,5.75
2026-09-14 10:00:00+00:00,2026-09-14 20:00:00+00:00,10.0,8.010820388793945,7.0,7.599999904632568
2026-09-14 10:00:00+00:00,2026-09-14 21:00:00+00:00,11.0,7.984897136688232,7.0,7.666666507720947
2026-09-14 10:00:00+00:00,2026-09-14 22:00:00+00:00,12.0,7.889382362365723,7.0,7.666666507720947
2026-09-14 11:00:00+00:00,2026-09-14 12:00:00+00:00,1.0,9.620875358581543,8.0,12.0
2026-09-14 11:00:00+00:00,2026-09-14 13:00:00+00:00,2.0,8.654767990112305,7.0,11.800000190734863
2026-09-14 11:00:00+00:00,2026-09-14 14:00:00+00:00,3.0,9.236983299255371,9.0,10.571428298950195
2026-09-14 11:00:00+00:00,2026-09-14 15:00:00+00:00,4.0,8.974040031433105,8.0,9.714285850524902
2026-09-14 11:00:00+00:00,2026-09-14 16:00:00+00:00,5.0,8.88959789276123,8.0,8.666666984558105
2026-09-14 11:00:00+00:00,2026-09-14 17:00:00+00:00,6.0,8.42525577545166,8.0,8.142857551574707
2026-09-14 11:00:00+00:00,2026-09-14 18:00:00+00:00,7.0,8.19042682647705,8.0,7.44444465637207
2026-09-14 11:00:00+00:00,2026-09-14 19:00:00+00:00,8.0,8.46096420288086,8.0,5.75
2026-09-14 11:00:00+00:00,2026-09-14 20:00:00+00:00,9.0,8.009958267211914,7.0,7.599999904632568
2026-09-14 11:00:00+00:00,2026-09-14 21:00:00+00:00,10.0,7.9845123291015625,7.0,7.666666507720947
2026-09-14 11:00:00+00:00,2026-09-14 22:00:00+00:00,11.0,7.889101028442383,7.0,7.666666507720947
2026-09-14 11:00:00+00:00,2026-09-14 23:00:00+00:00,12.0,7.964289665222168,7.0,6.833333492279053
2026-09-14 12:00:00+00:00,2026-09-14 13:00:00+00:00,1.0,10.87252140045166,7.0,11.800000190734863
2026-09-14 12:00:00+00:00,2026-09-14 14:00:00+00:00,2.0,10.432290077209473,9.0,10.571428298950195
2026-09-14 12:00:00+00:00,2026-09-14 15:00:00+00:00,3.0,9.470441818237305,8.0,9.714285850524902
2026-09-14 12:00:00+00:00,2026-09-14 16:00:00+00:00,4.0,9.071704864501953,8.0,8.666666984558105
2026-09-14 12:00:00+00:00,2026-09-14 17:00:00+00:00,5.0,8.436275482177734,8.0,8.142857551574707
2026-09-14 12:00:00+00:00,2026-09-14 18:00:00+00:00,6.0,8.154134750366211,8.0,7.44444465637207
2026-09-14 12:00:00+00:00,2026-09-14 19:00:00+00:00,7.0,8.440743446350098,8.0,5.75
2026-09-14 12:00:00+00:00,2026-09-14 20:00:00+00:00,8.0,8.002111434936523,7.0,7.599999904632568
2026-09-14 12:00:00+00:00,2026-09-14 21:00:00+00:00,9.0,7.982326030731201,7.0,7.666666507720947
2026-09-14 12:00:00+00:00,2026-09-14 22:00:00+00:00,10.0,7.887279033660889,7.0,7.666666507720947
2026-09-14 12:00:00+00:00,2026-09-14 23:00:00+00:00,11.0,7.962873935699463,7.0,6.833333492279053
2026-09-14 12:00:00+00:00,2026-09-15 00:00:00+00:00,12.0,8.546154022216797,8.0,7.0
2026-09-14 13:00:00+00:00,2026-09-14 14:00:00+00:00,1.0,11.526244163513184,9.0,10.571428298950195
2026-09-14 13:00:00+00:00,2026-09-14 15:00:00+00:00,2.0,10.083243370056152,8.0,9.714285850524902
2026-09-14 13:00:00+00:00,2026-09-14 16:00:00+00:00,3.0,9.356884956359863,8.0,8.666666984558105
2026-09-14 13:00:00+00:00,2026-09-14 17:00:00+00:00,4.0,8.522505760192871,8.0,8.142857551574707
2026-09-14 13:00:00+00:00,2026-09-14 18:00:00+00:00,5.0,8.163444519042969,8.0,7.44444465637207
2026-09-14 13:00:00+00:00,2026-09-14 19:00:00+00:00,6.0,8.43581771850586,8.0,5.75
2026-09-14 13:00:00+00:00,2026-09-14 20:00:00+00:00,7.0,8.000764846801758,7.0,7.599999904632568
2026-09-14 13:00:00+00:00,2026-09-14 21:00:00+00:00,8.0,7.982519149780273,7.0,7.666666507720947
2026-09-14 13:00:00+00:00,2026-09-14 22:00:00+00:00,9.0,7.887176990509033,7.0,7.666666507720947
2026-09-14 13:00:00+00:00,2026-09-14 23:00:00+00:00,10.0,7.962678909301758,7.0,6.833333492279053
2026-09-14 13:00:00+00:00,2026-09-15 00:00:00+00:00,11.0,8.546064376831055,8.0,7.0
2026-09-14 13:00:00+00:00,2026-09-15 01:00:00+00:00,12.0,9.177887916564941,9.0,7.833333492279053
2026-09-14 14:00:00+00:00,2026-09-14 15:00:00+00:00,1.0,9.784412384033203,8.0,9.714285850524902
2026-09-14 14:00:00+00:00,2026-09-14 16:00:00+00:00,2.0,9.387301445007324,8.0,8.666666984558105
2026-09-14 14:00:00+00:00,2026-09-14 17:00:00+00:00,3.0,8.603769302368164,8.0,8.142857551574707
2026-09-14 14:00:00+00:00,2026-09-14 18:00:00+00:00,4.0,8.207446098327637,8.0,7.44444465637207
2026-09-14 14:00:00+00:00,2026-09-14 19:00:00+00:00,5.0,8.451727867126465,8.0,5.75
2026-09-14 14:00:00+00:00,2026-09-14 20:00:00+00:00,6.0,8.007623672485352,7.0,7.599999904632568
2026-09-14 14:00:00+00:00,2026-09-14 21:00:00+00:00,7.0,7.985213279724121,7.0,7.666666507720947
2026-09-14 14:00:00+00:00,2026-09-14 22:00:00+00:00,8.0,7.889078140258789,7.0,7.666666507720947
2026-09-14 14:00:00+00:00,2026-09-14 23:00:00+00:00,9.0,7.963993072509766,7.0,6.833333492279053
2026-09-14 14:00:00+00:00,2026-09-15 00:00:00+00:00,10.0,8.546828269958496,8.0,7.0
2026-09-14 14:00:00+00:00,2026-09-15 01:00:00+00:00,11.0,9.178423881530762,9.0,7.833333492279053
2026-09-14 14:00:00+00:00,2026-09-15 02:00:00+00:00,12.0,9.415160179138184,9.0,8.375
2026-09-14 15:00:00+00:00,2026-09-14 16:00:00+00:00,1.0,9.688668251037598,9.0,8.666666984558105
2026-09-14 15:00:00+00:00,2026-09-14 17:00:00+00:00,2.0,9.3090181350708,9.0,8.142857551574707
2026-09-14 15:00:00+00:00,2026-09-14 18:00:00+00:00,3.0,9.969487190246582,10.0,7.44444465637207
2026-09-14 15:00:00+00:00,2026-09-14 19:00:00+00:00,4.0,9.679192543029785,9.0,5.75
2026-09-14 15:00:00+00:00,2026-09-14 20:00:00+00:00,5.0,9.16303825378418,8.0,7.599999904632568
2026-09-14 15:00:00+00:00,2026-09-14 21:00:00+00:00,6.0,8.966768264770508,8.0,7.666666507720947
2026-09-14 15:00:00+00:00,2026-09-14 22:00:00+00:00,7.0,9.35366439819336,9.0,7.666666507720947
2026-09-14 15:00:00+00:00,2026-09-14 23:00:00+00:00,8.0,9.451403617858887,9.0,6.833333492279053
2026-09-14 15:00:00+00:00,2026-09-15 00:00:00+00:00,9.0,9.582806587219238,9.0,7.0
2026-09-14 15:00:00+00:00,2026-09-15 01:00:00+00:00,10.0,10.364118576049805,10.0,7.833333492279053
2026-09-14 15:00:00+00:00,2026-09-15 02:00:00+00:00,11.0,10.046286582946777,9.0,8.375
2026-09-14 15:00:00+00:00,2026-09-15 03:00:00+00:00,12.0,9.002376556396484,7.0,9.5
2026-09-14 16:00:00+00:00,2026-09-14 17:00:00+00:00,1.0,8.512331008911133,9.0,8.142857551574707
2026-09-14 16:00:00+00:00,2026-09-14 18:00:00+00:00,2.0,9.519393920898438,10.0,7.44444465637207
2026-09-14 16:00:00+00:00,2026-09-14 19:00:00+00:00,3.0,9.51386833190918,9.0,5.75
2026-09-14 16:00:00+00:00,2026-09-14 20:00:00+00:00,4.0,9.130069732666016,8.0,7.599999904632568
2026-09-14 16:00:00+00:00,2026-09-14 21:00:00+00:00,5.0,8.997851371765137,8.0,7.666666507720947
2026-09-14 16:00:00+00:00,2026-09-14 22:00:00+00:00,6.0,9.367656707763672,9.0,7.666666507720947
2026-09-14 16:00:00+00:00,2026-09-14 23:00:00+00:00,7.0,9.453645706176758,9.0,6.833333492279053
2026-09-14 16:00:00+00:00,2026-09-15 00:00:00+00:00,8.0,9.584060668945312,9.0,7.0
2026-09-14 16:00:00+00:00,2026-09-15 01:00:00+00:00,9.0,10.364842414855957,10.0,7.833333492279053
2026-09-14 16:00:00+00:00,2026-09-15 02:00:00+00:00,10.0,10.046676635742188,9.0,8.375
2026-09-14 16:00:00+00:00,2026-09-15 03:00:00+00:00,11.0,9.002623558044434,7.0,9.5
2026-09-14 16:00:00+00:00,2026-09-15 04:00:00+00:00,12.0,9.630326271057129,8.0,8.5
2026-09-14 17:00:00+00:00,2026-09-14 18:00:00+00:00,1.0,9.125957489013672,10.0,7.44444465637207
2026-09-14 17:00:00+00:00,2026-09-14 19:00:00+00:00,2.0,9.326211929321289,9.0,5.75
2026-09-14 17:00:00+00:00,2026-09-14 20:00:00+00:00,3.0,9.069621086120605,8.0,7.599999904632568
2026-09-14 17:00:00+00:00,2026-09-14 21:00:00+00:00,4.0,9.004400253295898,8.0,7.666666507720947
2026-09-14 17:00:00+00:00,2026-09-14 22:00:00+00:00,5.0,9.370594024658203,9.0,7.666666507720947
2026-09-14 17:00:00+00:00,2026-09-14 23:00:00+00:00,6.0,9.45165729522705,9.0,6.833333492279053
2026-09-14 17:00:00+00:00,2026-09-15 00:00:00+00:00,7.0,9.582749366760254,9.0,7.0
2026-09-14 17:00:00+00:00,2026-09-15 01:00:00+00:00,8.0,10.364251136779785,10.0,7.833333492279053
2026-09-14 17:00:00+00:00,2026-09-15 02:00:00+00:00,9.0,10.04637622833252,9.0,8.375
2026-09-14 17:00:00+00:00,2026-09-15 03:00:00+00:00,10.0,9.002413749694824,7.0,9.5
2026-09-14 17:00:00+00:00,2026-09-15 04:00:00+00:00,11.0,9.6301851272583,8.0,8.5
2026-09-14 17:00:00+00:00,2026-09-15 05:00:00+00:00,12.0,9.52535343170166,8.0,6.166666507720947
2026-09-14 18:00:00+00:00,2026-09-14 19:00:00+00:00,1.0,7.974233627319336,9.0,5.75
2026-09-14 18:00:00+00:00,2026-09-14 20:00:00+00:00,2.0,8.5110502243042,8.0,7.599999904632568
2026-09-14 18:00:00+00:00,2026-09-14 21:00:00+00:00,3.0,8.786273002624512,8.0,7.666666507720947
2026-09-14 18:00:00+00:00,2026-09-14 22:00:00+00:00,4.0,9.294182777404785,9.0,7.666666507720947
2026-09-14 18:00:00+00:00,2026-09-14 23:00:00+00:00,5.0,9.404756546020508,9.0,6.833333492279053
2026-09-14 18:00:00+00:00,2026-09-15 00:00:00+00:00,6.0,9.550971031188965,9.0,7.0
2026-09-14 18:00:00+00:00,2026-09-15 01:00:00+00:00,7.0,10.348223686218262,10.0,7.833333492279053
2026-09-14 18:00:00+00:00,2026-09-15 02:00:00+00:00,8.0,10.038049697875977,9.0,8.375
2026-09-14 18:00:00+00:00,2026-09-15 03:00:00+00:00,9.0,8.996856689453125,7.0,9.5
2026-09-14 18:00:00+00:00,2026-09-15 04:00:00+00:00,10.0,9.626439094543457,8.0,8.5
2026-09-14 18:00:00+00:00,2026-09-15 05:00:00+00:00,11.0,9.52316951751709,8.0,6.166666507720947
2026-09-14 18:00:00+00:00,2026-09-15 06:00:00+00:00,12.0,9.4280366897583,8.0,7.333333492279053
2026-09-14 19:00:00+00:00,2026-09-14 20:00:00+00:00,1.0,6.83970832824707,8.0,7.599999904632568
2026-09-14 19:00:00+00:00,2026-09-14 21:00:00+00:00,2.0,7.94913911819458,8.0,7.666666507720947
2026-09-14 19:00:00+00:00,2026-09-14 22:00:00+00:00,3.0,8.829339981079102,9.0,7.666666507720947
2026-09-14 19:00:00+00:00,2026-09-14 23:00:00+00:00,4.0,9.156877517700195,9.0,6.833333492279053
2026-09-14 19:00:00+00:00,2026-09-15 00:00:00+00:00,5.0,9.42406177520752,9.0,7.0
2026-09-14 19:00:00+00:00,2026-09-15 01:00:00+00:00,6.0,10.276408195495605,10.0,7.833333492279053
2026-09-14 19:00:00+00:00,2026-09-15 02:00:00+00:00,7.0,9.995543479919434,9.0,8.375
2026-09-14 19:00:00+00:00,2026-09-15 03:00:00+00:00,8.0,8.969925880432129,7.0,9.5
2026-09-14 19:00:00+00:00,2026-09-15 04:00:00+00:00,9.0,9.608695030212402,8.0,8.5
2026-09-14 19:00:00+00:00,2026-09-15 05:00:00+00:00,10.0,9.512742042541504,8.0,6.166666507720947
2026-09-14 19:00:00+00:00,2026-09-15 06:00:00+00:00,11.0,9.422237396240234,8.0,7.333333492279053
2026-09-14 19:00:00+00:00,2026-09-15 07:00:00+00:00,12.0,9.267990112304688,7.0,9.25
2026-09-14 20:00:00+00:00,2026-09-14 21:00:00+00:00,1.0,8.55993366241455,8.0,7.666666507720947
2026-09-14 20:00:00+00:00,2026-09-14 22:00:00+00:00,2.0,9.20258903503418,9.0,7.666666507720947
2026-09-14 20:00:00+00:00,2026-09-14 23:00:00+00:00,3.0,9.337644577026367,9.0,6.833333492279053
2026-09-14 20:00:00+00:00,2026-09-15 00:00:00+00:00,4.0,9.513855934143066,9.0,7.0
2026-09-14 20:00:00+00:00,2026-09-15 01:00:00+00:00,5.0,10.329866409301758,10.0,7.833333492279053
2026-09-14 20:00:00+00:00,2026-09-15 02:00:00+00:00,6.0,10.028141021728516,9.0,8.375
2026-09-14 20:00:00+00:00,2026-09-15 03:00:00+00:00,7.0,8.99022388458252,7.0,9.5
2026-09-14 20:00:00+00:00,2026-09-15 04:00:00+00:00,8.0,9.622000694274902,8.0,8.5
2026-09-14 20:00:00+00:00,2026-09-15 05:00:00+00:00,9.0,9.520584106445312,8.0,6.166666507720947
2026-09-14 20:00:00+00:00,2026-09-15 06:00:00+00:00,10.0,9.426603317260742,8.0,7.333333492279053
2026-09-14 20:00:00+00:00,2026-09-15 07:00:00+00:00,11.0,9.27103328704834,7.0,9.25
2026-09-14 20:00:00+00:00,2026-09-15 08:00:00+00:00,12.0,10.16628646850586,9.0,10.428571701049805
2026-09-14 21:00:00+00:00,2026-09-14 22:00:00+00:00,1.0,8.468157768249512,9.0,7.666666507720947
2026-09-14 21:00:00+00:00,2026-09-14 23:00:00+00:00,2.0,8.984054565429688,9.0,6.833333492279053
2026-09-14 21:00:00+00:00,2026-09-15 00:00:00+00:00,3.0,9.352760314941406,9.0,7.0
2026-09-14 21:00:00+00:00,2026-09-15 01:00:00+00:00,4.0,10.232993125915527,10.0,7.833333492279053
2026-09-14 21:00:00+00:00,2026-09-15 02:00:00+00:00,5.0,9.967551231384277,9.0,8.375
2026-09-14 21:00:00+00:00,2026-09-15 03:00:00+00:00,6.0,8.952864646911621,7.0,9.5
2026-09-14 21:00:00+00:00,2026-09-15 04:00:00+00:00,7.0,9.597620964050293,8.0,8.5
2026-09-14 21:00:00+00:00,2026-09-15 05:00:00+00:00,8.0,9.506192207336426,8.0,6.166666507720947
2026-09-14 21:00:00+00:00,2026-09-15 06:00:00+00:00,9.0,9.418566703796387,8.0,7.333333492279053
2026-09-14 21:00:00+00:00,2026-09-15 07:00:00+00:00,10.0,9.265438079833984,7.0,9.25
2026-09-14 21:00:00+00:00,2026-09-15 08:00:00+00:00,11.0,10.162958145141602,9.0,10.428571701049805
2026-09-14 21:00:00+00:00,2026-09-15 09:00:00+00:00,12.0,11.640945434570312,11.0,10.833333015441895
2026-09-14 22:00:00+00:00,2026-09-14 23:00:00+00:00,1.0,8.35538387298584,9.0,6.833333492279053
2026-09-14 22:00:00+00:00,2026-09-15 00:00:00+00:00,2.0,9.062841415405273,9.0,7.0
2026-09-14 22:00:00+00:00,2026-09-15 01:00:00+00:00,3.0,10.06795597076416,10.0,7.833333492279053
2026-09-14 22:00:00+00:00,2026-09-15 02:00:00+00:00,4.0,9.866077423095703,9.0,8.375
2026-09-14 22:00:00+00:00,2026-09-15 03:00:00+00:00,5.0,8.8912992477417,7.0,9.5
2026-09-14 22:00:00+00:00,2026-09-15 04:00:00+00:00,6.0,9.557319641113281,8.0,8.5
2026-09-14 22:00:00+00:00,2026-09-15 05:00:00+00:00,7.0,9.48208999633789,8.0,6.166666507720947
2026-09-14 22:00:00+00:00,2026-09-15 06:00:00+00:00,8.0,9.404573440551758,8.0,7.333333492279053
2026-09-14 22:00:00+00:00,2026-09-15 07:00:00+00:00,9.0,9.255809783935547,7.0,9.25
2026-09-14 22:00:00+00:00,2026-09-15 08:00:00+00:00,10.0,10.157270431518555,9.0,10.428571701049805
2026-09-14 22:00:00+00:00,2026-09-15 09:00:00+00:00,11.0,11.637862205505371,11.0,10.833333015441895
2026-09-14 22:00:00+00:00,2026-09-15 10:00:00+00:00,12.0,11.730025291442871,10.0,12.666666984558105
2026-09-14 23:00:00+00:00,2026-09-15 00:00:00+00:00,1.0,7.832232475280762,9.0,7.0
2026-09-14 23:00:00+00:00,2026-09-15 01:00:00+00:00,2.0,9.34250545501709,10.0,7.833333492279053
2026-09-14 23:00:00+00:00,2026-09-15 02:00:00+00:00,3.0,9.465141296386719,9.0,8.375
2026-09-14 23:00:00+00:00,2026-09-15 03:00:00+00:00,4.0,8.638558387756348,7.0,9.5
2026-09-14 23:00:00+00:00,2026-09-15 04:00:00+00:00,5.0,9.394268989562988,8.0,8.5
2026-09-14 23:00:00+00:00,2026-09-15 05:00:00+00:00,6.0,9.377213478088379,8.0,6.166666507720947
2026-09-14 23:00:00+00:00,2026-09-15 06:00:00+00:00,7.0,9.341644287109375,8.0,7.333333492279053
2026-09-14 23:00:00+00:00,2026-09-15 07:00:00+00:00,8.0,9.213235855102539,7.0,9.25
2026-09-14 23:00:00+00:00,2026-09-15 08:00:00+00:00,9.0,10.131937980651855,9.0,10.428571701049805
2026-09-14 23:00:00+00:00,2026-09-15 09:00:00+00:00,10.0,11.62399959564209,11.0,10.833333015441895
2026-09-14 23:00:00+00:00,2026-09-15 10:00:00+00:00,11.0,11.720250129699707,10.0,12.666666984558105
2026-09-14 23:00:00+00:00,2026-09-15 11:00:00+00:00,12.0,10.367972373962402,8.0,10.25
2026-09-15 00:00:00+00:00,2026-09-15 01:00:00+00:00,1.0,8.548407554626465,10.0,7.833333492279053
2026-09-15 00:00:00+00:00,2026-09-15 02:00:00+00:00,2.0,9.084790229797363,9.0,8.375
2026-09-15 00:00:00+00:00,2026-09-15 03:00:00+00:00,3.0,8.387310028076172,7.0,9.5
2026-09-15 00:00:00+00:00,2026-09-15 04:00:00+00:00,4.0,9.242019653320312,8.0,8.5
2026-09-15 00:00:00+00:00,2026-09-15 05:00:00+00:00,5.0,9.283108711242676,8.0,6.166666507720947
2026-09-15 00:00:00+00:00,2026-09-15 06:00:00+00:00,6.0,9.284441947937012,8.0,7.333333492279053
2026-09-15 00:00:00+00:00,2026-09-15 07:00:00+00:00,7.0,9.174277305603027,7.0,9.25
2026-09-15 00:00:00+00:00,2026-09-15 08:00:00+00:00,8.0,10.108762741088867,9.0,10.428571701049805
2026-09-15 00:00:00+00:00,2026-09-15 09:00:00+00:00,9.0,11.611337661743164,11.0,10.833333015441895
2026-09-15 00:00:00+00:00,2026-09-15 10:00:00+00:00,10.0,11.7115478515625,10.0,12.666666984558105
2026-09-15 00:00:00+00:00,2026-09-15 11:00:00+00:00,11.0,10.362529754638672,8.0,10.25
2026-09-15 00:00:00+00:00,2026-09-15 12:00:00+00:00,12.0,10.665181159973145,9.0,11.0
2026-09-15 01:00:00+00:00,2026-09-15 02:00:00+00:00,1.0,8.582621574401855,9.0,8.375
2026-09-15 01:00:00+00:00,2026-09-15 03:00:00+00:00,2.0,8.229155540466309,7.0,9.5
2026-09-15 01:00:00+00:00,2026-09-15 04:00:00+00:00,3.0,9.160734176635742,8.0,8.5
2026-09-15 01:00:00+00:00,2026-09-15 05:00:00+00:00,4.0,9.21888256072998,8.0,6.166666507720947
2026-09-15 01:00:00+00:00,2026-09-15 06:00:00+00:00,5.0,9.244394302368164,8.0,7.333333492279053
2026-09-15 01:00:00+00:00,2026-09-15 07:00:00+00:00,6.0,9.15010929107666,7.0,9.25
2026-09-15 01:00:00+00:00,2026-09-15 08:00:00+00:00,7.0,10.094985961914062,9.0,10.428571701049805
2026-09-15 01:00:00+00:00,2026-09-15 09:00:00+00:00,8.0,11.603592872619629,11.0,10.833333015441895
2026-09-15 01:00:00+00:00,2026-09-15 10:00:00+00:00,9.0,11.70628833770752,10.0,12.666666984558105
2026-09-15 01:00:00+00:00,2026-09-15 11:00:00+00:00,10.0,10.359253883361816,8.0,10.25
2026-09-15 01:00:00+00:00,2026-09-15 12:00:00+00:00,11.0,10.663575172424316,9.0,11.0
2026-09-15 01:00:00+00:00,2026-09-15 13:00:00+00:00,12.0,9.815218925476074,8.0,12.0
2026-09-15 02:00:00+00:00,2026-09-15 03:00:00+00:00,1.0,8.31053352355957,7.0,9.5
2026-09-15 02:00:00+00:00,2026-09-15 04:00:00+00:00,2.0,9.290153503417969,8.0,8.5
2026-09-15 02:00:00+00:00,2026-09-15 05:00:00+00:00,3.0,9.279958724975586,8.0,6.166666507720947
2026-09-15 02:00:00+00:00,2026-09-15 06:00:00+00:00,4.0,9.27550220489502,8.0,7.333333492279053
2026-09-15 02:00:00+00:00,2026-09-15 07:00:00+00:00,5.0,9.174373626708984,7.0,9.25
2026-09-15 02:00:00+00:00,2026-09-15 08:00:00+00:00,6.0,10.109400749206543,9.0,10.428571701049805
2026-09-15 02:00:00+00:00,2026-09-15 09:00:00+00:00,7.0,11.611227989196777,11.0,10.833333015441895
2026-09-15 02:00:00+00:00,2026-09-15 10:00:00+00:00,8.0,11.711470603942871,10.0,12.666666984558105
2026-09-15 02:00:00+00:00,2026-09-15 11:00:00+00:00,9.0,10.362524032592773,8.0,10.25
2026-09-15 02:00:00+00:00,2026-09-15 12:00:00+00:00,10.0,10.665181159973145,9.0,11.0
2026-09-15 02:00:00+00:00,2026-09-15 13:00:00+00:00,11.0,9.81601333618164,8.0,12.0
2026-09-15 02:00:00+00:00,2026-09-15 14:00:00+00:00,12.0,10.677674293518066,11.0,11.5
2026-09-15 03:00:00+00:00,2026-09-15 04:00:00+00:00,1.0,10.29489803314209,8.0,8.5
2026-09-15 03:00:00+00:00,2026-09-15 05:00:00+00:00,2.0,9.879470825195312,8.0,6.166666507720947
2026-09-15 03:00:00+00:00,2026-09-15 06:00:00+00:00,3.0,9.604609489440918,8.0,7.333333492279053
2026-09-15 03:00:00+00:00,2026-09-15 07:00:00+00:00,4.0,9.410074234008789,7.0,9.25
2026-09-15 03:00:00+00:00,2026-09-15 08:00:00+00:00,5.0,10.247651100158691,9.0,10.428571701049805
2026-09-15 03:00:00+00:00,2026-09-15 09:00:00+00:00,6.0,11.685382843017578,11.0,10.833333015441895
2026-09-15 03:00:00+00:00,2026-09-15 10:00:00+00:00,7.0,11.764053344726562,10.0,12.666666984558105
2026-09-15 03:00:00+00:00,2026-09-15 11:00:00+00:00,8.0,10.395194053649902,8.0,10.25
2026-09-15 03:00:00+00:00,2026-09-15 12:00:00+00:00,9.0,10.681032180786133,9.0,11.0
2026-09-15 03:00:00+00:00,2026-09-15 13:00:00+00:00,10.0,9.823884963989258,8.0,12.0
2026-09-15 03:00:00+00:00,2026-09-15 14:00:00+00:00,11.0,10.679912567138672,11.0,11.5
2026-09-15 03:00:00+00:00,2026-09-15 15:00:00+00:00,12.0,11.685726165771484,12.0,10.857142448425293
2026-09-15 04:00:00+00:00,2026-09-15 05:00:00+00:00,1.0,8.892679214477539,8.0,6.166666507720947
2026-09-15 04:00:00+00:00,2026-09-15 06:00:00+00:00,2.0,9.189584732055664,8.0,7.333333492279053
2026-09-15 04:00:00+00:00,2026-09-15 07:00:00+00:00,3.0,9.082308769226074,7.0,9.25
2026-09-15 04:00:00+00:00,2026-09-15 08:00:00+00:00,4.0,10.044973373413086,9.0,10.428571701049805
2026-09-15 04:00:00+00:00,2026-09-15 09:00:00+00:00,5.0,11.578521728515625,11.0,10.833333015441895
2026-09-15 04:00:00+00:00,2026-09-15 10:00:00+00:00,6.0,11.690278053283691,10.0,12.666666984558105
2026-09-15 04:00:00+00:00,2026-09-15 11:00:00+00:00,7.0,10.348908424377441,8.0,10.25
2026-09-15 04:00:00+00:00,2026-09-15 12:00:00+00:00,8.0,10.658402442932129,9.0,11.0
2026-09-15 04:00:00+00:00,2026-09-15 13:00:00+00:00,9.0,9.812676429748535,8.0,12.0
2026-09-15 04:00:00+00:00,2026-09-15 14:00:00+00:00,10.0,10.67673110961914,11.0,11.5
2026-09-15 04:00:00+00:00,2026-09-15 15:00:00+00:00,11.0,11.683311462402344,12.0,10.857142448425293
2026-09-15 04:00:00+00:00,2026-09-15 16:00:00+00:00,12.0,11.735203742980957,12.0,9.399999618530273
2026-09-15 05:00:00+00:00,2026-09-15 06:00:00+00:00,1.0,7.419495105743408,8.0,7.333333492279053
2026-09-15 05:00:00+00:00,2026-09-15 07:00:00+00:00,2.0,8.445484161376953,7.0,9.25
2026-09-15 05:00:00+00:00,2026-09-15 08:00:00+00:00,3.0,9.604339599609375,9.0,10.428571701049805
2026-09-15 05:00:00+00:00,2026-09-15 09:00:00+00:00,4.0,11.255023956298828,11.0,10.833333015441895
2026-09-15 05:00:00+00:00,2026-09-15 10:00:00+00:00,5.0,11.50181770324707,10.0,12.666666984558105
2026-09-15 05:00:00+00:00,2026-09-15 11:00:00+00:00,6.0,10.23558235168457,8.0,10.25
2026-09-15 05:00:00+00:00,2026-09-15 12:00:00+00:00,7.0,10.59641170501709,9.0,11.0
2026-09-15 05:00:00+00:00,2026-09-15 13:00:00+00:00,8.0,9.781145095825195,8.0,12.0
2026-09-15 05:00:00+00:00,2026-09-15 14:00:00+00:00,9.0,10.667254447937012,11.0,11.5
2026-09-15 05:00:00+00:00,2026-09-15 15:00:00+00:00,10.0,11.676305770874023,12.0,10.857142448425293
2026-09-15 05:00:00+00:00,2026-09-15 16:00:00+00:00,11.0,11.729125022888184,12.0,9.399999618530273
2026-09-15 05:00:00+00:00,2026-09-15 17:00:00+00:00,12.0,11.359513282775879,12.0,7.5
2026-09-15 06:00:00+00:00,2026-09-15 07:00:00+00:00,1.0,8.644546508789062,7.0,9.25
2026-09-15 06:00:00+00:00,2026-09-15 08:00:00+00:00,2.0,9.768521308898926,9.0,10.428571701049805
2026-09-15 06:00:00+00:00,2026-09-15 09:00:00+00:00,3.0,11.331403732299805,11.0,10.833333015441895
2026-09-15 06:00:00+00:00,2026-09-15 10:00:00+00:00,4.0,11.545145988464355,10.0,12.666666984558105
2026-09-15 06:00:00+00:00,2026-09-15 11:00:00+00:00,5.0,10.264578819274902,8.0,10.25
2026-09-15 06:00:00+00:00,2026-09-15 12:00:00+00:00,6.0,10.61301326751709,9.0,11.0
2026-09-15 06:00:00+00:00,2026-09-15 13:00:00+00:00,7.0,9.789362907409668,8.0,12.0
2026-09-15 06:00:00+00:00,2026-09-15 14:00:00+00:00,8.0,10.669661521911621,11.0,11.5
2026-09-15 06:00:00+00:00,2026-09-15 15:00:00+00:00,9.0,11.67812442779541,12.0,10.857142448425293
2026-09-15 06:00:00+00:00,2026-09-15 16:00:00+00:00,10.0,11.730712890625,12.0,9.399999618530273
2026-09-15 06:00:00+00:00,2026-09-15 17:00:00+00:00,11.0,11.360519409179688,12.0,7.5
2026-09-15 06:00:00+00:00,2026-09-15 18:00:00+00:00,12.0,10.561111450195312,13.0,8.399999618530273
2026-09-15 07:00:00+00:00,2026-09-15 08:00:00+00:00,1.0,10.319218635559082,9.0,10.428571701049805
2026-09-15 07:00:00+00:00,2026-09-15 09:00:00+00:00,2.0,11.647738456726074,11.0,10.833333015441895
2026-09-15 07:00:00+00:00,2026-09-15 10:00:00+00:00,3.0,11.728584289550781,10.0,12.666666984558105
2026-09-15 07:00:00+00:00,2026-09-15 11:00:00+00:00,4.0,10.381094932556152,8.0,10.25
2026-09-15 07:00:00+00:00,2026-09-15 12:00:00+00:00,5.0,10.675405502319336,9.0,11.0
2026-09-15 07:00:00+00:00,2026-09-15 13:00:00+00:00,6.0,9.820475578308105,8.0,12.0
2026-09-15 07:00:00+00:00,2026-09-15 14:00:00+00:00,7.0,10.678746223449707,11.0,11.5
2026-09-15 07:00:00+00:00,2026-09-15 15:00:00+00:00,8.0,11.684957504272461,12.0,10.857142448425293
2026-09-15 07:00:00+00:00,2026-09-15 16:00:00+00:00,9.0,11.736687660217285,12.0,9.399999618530273
2026-09-15 07:00:00+00:00,2026-09-15 17:00:00+00:00,10.0,11.36430549621582,12.0,7.5
2026-09-15 07:00:00+00:00,2026-09-15 18:00:00+00:00,11.0,10.562925338745117,13.0,8.399999618530273
2026-09-15 07:00:00+00:00,2026-09-15 19:00:00+00:00,12.0,7.964893817901611,10.0,4.375
2026-09-15 08:00:00+00:00,2026-09-15 09:00:00+00:00,1.0,11.642701148986816,11.0,10.833333015441895
2026-09-15 08:00:00+00:00,2026-09-15 10:00:00+00:00,2.0,11.554150581359863,10.0,12.666666984558105
2026-09-15 08:00:00+00:00,2026-09-15 11:00:00+00:00,3.0,11.401244163513184,10.0,10.25
2026-09-15 08:00:00+00:00,2026-09-15 12:00:00+00:00,4.0,12.11347484588623,11.0,11.0
2026-09-15 08:00:00+00:00,2026-09-15 13:00:00+00:00,5.0,11.625510215759277,10.0,12.0
2026-09-15 08:00:00+00:00,2026-09-15 14:00:00+00:00,6.0,12.20146369934082,12.0,11.5
2026-09-15 08:00:00+00:00,2026-09-15 15:00:00+00:00,7.0,12.229519844055176,12.0,10.857142448425293
2026-09-15 08:00:00+00:00,2026-09-15 16:00:00+00:00,8.0,12.153923034667969,12.0,9.399999618530273
2026-09-15 08:00:00+00:00,2026-09-15 17:00:00+00:00,9.0,11.737311363220215,12.0,7.5
2026-09-15 08:00:00+00:00,2026-09-15 18:00:00+00:00,10.0,10.087334632873535,10.0,8.399999618530273
2026-09-15 08:00:00+00:00,2026-09-15 19:00:00+00:00,11.0,8.363696098327637,11.0,4.375
2026-09-15 08:00:00+00:00,2026-09-15 20:00:00+00:00,12.0,5.170587539672852,5.0,1.8571428060531616
2026-09-15 09:00:00+00:00,2026-09-15 10:00:00+00:00,1.0,11.07748794555664,9.0,12.666666984558105
2026-09-15 09:00:00+00:00,2026-09-15 11:00:00+00:00,2.0,10.273338317871094,8.0,10.25
2026-09-15 09:00:00+00:00,2026-09-15 12:00:00+00:00,3.0,10.427191734313965,9.0,11.0
2026-09-15 09:00:00+00:00,2026-09-15 13:00:00+00:00,4.0,10.951313018798828,10.0,12.0
2026-09-15 09:00:00+00:00,2026-09-15 14:00:00+00:00,5.0,11.820843696594238,12.0,11.5
2026-09-15 09:00:00+00:00,2026-09-15 15:00:00+00:00,6.0,10.918617248535156,10.0,10.857142448425293
2026-09-15 09:00:00+00:00,2026-09-15 16:00:00+00:00,7.0,10.146757125854492,10.0,9.399999618530273
2026-09-15 09:00:00+00:00,2026-09-15 17:00:00+00:00,8.0,9.755840301513672,10.0,7.5
2026-09-15 09:00:00+00:00,2026-09-15 18:00:00+00:00,9.0,9.514734268188477,10.0,8.399999618530273
2026-09-15 09:00:00+00:00,2026-09-15 19:00:00+00:00,10.0,7.1828837394714355,9.0,4.375
2026-09-15 09:00:00+00:00,2026-09-15 20:00:00+00:00,11.0,5.021243095397949,5.0,1.8571428060531616
2026-09-15 09:00:00+00:00,2026-09-15 21:00:00+00:00,12.0,3.491297960281372,3.0,1.1428571939468384
2026-09-15 10:00:00+00:00,2026-09-15 11:00:00+00:00,1.0,11.874261856079102,8.0,10.25
2026-09-15 10:00:00+00:00,2026-09-15 12:00:00+00:00,2.0,10.605067253112793,8.0,11.0
2026-09-15 10:00:00+00:00,2026-09-15 13:00:00+00:00,3.0,10.674482345581055,10.0,12.0
2026-09-15 10:00:00+00:00,2026-09-15 14:00:00+00:00,4.0,11.540457725524902,12.0,11.5
2026-09-15 10:00:00+00:00,2026-09-15 15:00:00+00:00,5.0,10.84605598449707,10.0,10.857142448425293
2026-09-15 10:00:00+00:00,2026-09-15 16:00:00+00:00,6.0,9.909433364868164,10.0,9.399999618530273
2026-09-15 10:00:00+00:00,2026-09-15 17:00:00+00:00,7.0,8.463882446289062,8.0,7.5
2026-09-15 10:00:00+00:00,2026-09-15 18:00:00+00:00,8.0,7.82740592956543,8.0,8.399999618530273
2026-09-15 10:00:00+00:00,2026-09-15 19:00:00+00:00,9.0,6.686533451080322,9.0,4.375
2026-09-15 10:00:00+00:00,2026-09-15 20:00:00+00:00,10.0,5.482616424560547,7.0,1.8571428060531616
2026-09-15 10:00:00+00:00,2026-09-15 21:00:00+00:00,11.0,4.2470526695251465,5.0,1.1428571939468384
2026-09-15 10:00:00+00:00,2026-09-15 22:00:00+00:00,12.0,3.8367345333099365,4.0,2.0
2026-09-15 11:00:00+00:00,2026-09-15 12:00:00+00:00,1.0,11.076611518859863,11.0,11.0
2026-09-15 11:00:00+00:00,2026-09-15 13:00:00+00:00,2.0,11.17081069946289,10.0,12.0
2026-09-15 11:00:00+00:00,2026-09-15 14:00:00+00:00,3.0,12.026918411254883,12.0,11.5
2026-09-15 11:00:00+00:00,2026-09-15 15:00:00+00:00,4.0,12.517704010009766,13.0,10.857142448425293
2026-09-15 11:00:00+00:00,2026-09-15 16:00:00+00:00,5.0,11.253887176513672,11.0,9.399999618530273
2026-09-15 11:00:00+00:00,2026-09-15 17:00:00+00:00,6.0,10.095858573913574,10.0,7.5
2026-09-15 11:00:00+00:00,2026-09-15 18:00:00+00:00,7.0,9.471267700195312,10.0,8.399999618530273
2026-09-15 11:00:00+00:00,2026-09-15 19:00:00+00:00,8.0,7.541953086853027,10.0,4.375
2026-09-15 11:00:00+00:00,2026-09-15 20:00:00+00:00,9.0,6.720608711242676,9.0,1.8571428060531616
2026-09-15 11:00:00+00:00,2026-09-15 21:00:00+00:00,10.0,4.141087532043457,4.0,1.1428571939468384
2026-09-15 11:00:00+00:00,2026-09-15 22:00:00+00:00,11.0,2.7057125568389893,2.0,2.0
2026-09-15 11:00:00+00:00,2026-09-15 23:00:00+00:00,12.0,4.1337809562683105,4.0,1.399999976158142
2026-09-15 12:00:00+00:00,2026-09-15 13:00:00+00:00,1.0,12.064146995544434,11.0,12.0
2026-09-15 12:00:00+00:00,2026-09-15 14:00:00+00:00,2.0,12.2861328125,12.0,11.5
2026-09-15 12:00:00+00:00,2026-09-15 15:00:00+00:00,3.0,11.412909507751465,11.0,10.857142448425293
2026-09-15 12:00:00+00:00,2026-09-15 16:00:00+00:00,4.0,10.088175773620605,10.0,9.399999618530273
2026-09-15 12:00:00+00:00,2026-09-15 17:00:00+00:00,5.0,9.487818717956543,10.0,7.5
2026-09-15 12:00:00+00:00,2026-09-15 18:00:00+00:00,6.0,9.16639518737793,13.0,8.399999618530273
2026-09-15 12:00:00+00:00,2026-09-15 19:00:00+00:00,7.0,7.8112335205078125,10.0,4.375
2026-09-15 12:00:00+00:00,2026-09-15 20:00:00+00:00,8.0,5.222645282745361,5.0,1.8571428060531616
2026-09-15 12:00:00+00:00,2026-09-15 21:00:00+00:00,9.0,4.8067626953125,4.0,1.1428571939468384
2026-09-15 12:00:00+00:00,2026-09-15 22:00:00+00:00,10.0,4.767560005187988,5.0,2.0
2026-09-15 12:00:00+00:00,2026-09-15 23:00:00+00:00,11.0,4.917202472686768,6.0,1.399999976158142
2026-09-15 12:00:00+00:00,2026-09-16 00:00:00+00:00,12.0,6.500326633453369,11.0,0.8571428656578064
2026-09-15 13:00:00+00:00,2026-09-15 14:00:00+00:00,1.0,12.165582656860352,12.0,11.5
2026-09-15 13:00:00+00:00,2026-09-15 15:00:00+00:00,2.0,12.154251098632812,12.0,10.857142448425293
2026-09-15 13:00:00+00:00,2026-09-15 16:00:00+00:00,3.0,11.772254943847656,12.0,9.399999618530273
2026-09-15 13:00:00+00:00,2026-09-15 17:00:00+00:00,4.0,10.278377532958984,10.0,7.5
2026-09-15 13:00:00+00:00,2026-09-15 18:00:00+00:00,5.0,8.717706680297852,11.0,8.399999618530273
2026-09-15 13:00:00+00:00,2026-09-15 19:00:00+00:00,6.0,6.032358646392822,7.0,4.375
2026-09-15 13:00:00+00:00,2026-09-15 20:00:00+00:00,7.0,5.882176399230957,8.0,1.8571428060531616
2026-09-15 13:00:00+00:00,2026-09-15 21:00:00+00:00,8.0,5.554690361022949,8.0,1.1428571939468384
2026-09-15 13:00:00+00:00,2026-09-15 22:00:00+00:00,9.0,3.674370050430298,4.0,2.0
2026-09-15 13:00:00+00:00,2026-09-15 23:00:00+00:00,10.0,4.733170032501221,5.0,1.399999976158142
2026-09-15 13:00:00+00:00,2026-09-16 00:00:00+00:00,11.0,5.5294189453125,9.0,0.8571428656578064
2026-09-15 13:00:00+00:00,2026-09-16 01:00:00+00:00,12.0,6.80072021484375,11.0,4.0
2026-09-15 14:00:00+00:00,2026-09-15 15:00:00+00:00,1.0,11.987180709838867,14.0,10.857142448425293
2026-09-15 14:00:00+00:00,2026-09-15 16:00:00+00:00,2.0,11.410233497619629,12.0,9.399999618530273
2026-09-15 14:00:00+00:00,2026-09-15 17:00:00+00:00,3.0,9.95523452758789,10.0,7.5
2026-09-15 14:00:00+00:00,2026-09-15 18:00:00+00:00,4.0,8.702733993530273,9.0,8.399999618530273
2026-09-15 14:00:00+00:00,2026-09-15 19:00:00+00:00,5.0,6.897891998291016,9.0,4.375
2026-09-15 14:00:00+00:00,2026-09-15 20:00:00+00:00,6.0,5.395669937133789,7.0,1.8571428060531616
2026-09-15 14:00:00+00:00,2026-09-15 21:00:00+00:00,7.0,4.341141700744629,5.0,1.1428571939468384
2026-09-15 14:00:00+00:00,2026-09-15 22:00:00+00:00,8.0,4.602143287658691,6.0,2.0
2026-09-15 14:00:00+00:00,2026-09-15 23:00:00+00:00,9.0,5.739429473876953,9.0,1.399999976158142
2026-09-15 14:00:00+00:00,2026-09-16 00:00:00+00:00,10.0,5.609744071960449,9.0,0.8571428656578064
2026-09-15 14:00:00+00:00,2026-09-16 01:00:00+00:00,11.0,7.477890491485596,12.0,4.0
2026-09-15 14:00:00+00:00,2026-09-16 02:00:00+00:00,12.0,8.176982879638672,12.0,4.875
2026-09-15 15:00:00+00:00,2026-09-15 16:00:00+00:00,1.0,10.404868125915527,12.0,9.399999618530273
2026-09-15 15:00:00+00:00,2026-09-15 17:00:00+00:00,2.0,9.843050003051758,11.0,7.5
2026-09-15 15:00:00+00:00,2026-09-15 18:00:00+00:00,3.0,8.791851997375488,11.0,8.399999618530273
2026-09-15 15:00:00+00:00,2026-09-15 19:00:00+00:00,4.0,7.2214131355285645,10.0,4.375
2026-09-15 15:00:00+00:00,2026-09-15 20:00:00+00:00,5.0,4.647480487823486,5.0,1.8571428060531616
2026-09-15 15:00:00+00:00,2026-09-15 21:00:00+00:00,6.0,2.5772624015808105,1.0,1.1428571939468384
2026-09-15 15:00:00+00:00,2026-09-15 22:00:00+00:00,7.0,3.8693673610687256,4.0,2.0
2026-09-15 15:00:00+00:00,2026-09-15 23:00:00+00:00,8.0,5.056200981140137,5.0,1.399999976158142
2026-09-15 15:00:00+00:00,2026-09-16 00:00:00+00:00,9.0,5.704494476318359,9.0,0.8571428656578064
2026-09-15 15:00:00+00:00,2026-09-16 01:00:00+00:00,10.0,6.49090051651001,10.0,4.0
2026-09-15 15:00:00+00:00,2026-09-16 02:00:00+00:00,11.0,7.339086055755615,11.0,4.875
2026-09-15 15:00:00+00:00,2026-09-16 03:00:00+00:00,12.0,7.111708641052246,10.0,5.857142925262451
2026-09-15 16:00:00+00:00,2026-09-15 17:00:00+00:00,1.0,8.347900390625,10.0,7.5
2026-09-15 16:00:00+00:00,2026-09-15 18:00:00+00:00,2.0,8.065919876098633,12.0,8.399999618530273
2026-09-15 16:00:00+00:00,2026-09-15 19:00:00+00:00,3.0,6.452388763427734,9.0,4.375
2026-09-15 16:00:00+00:00,2026-09-15 20:00:00+00:00,4.0,4.462814807891846,5.0,1.8571428060531616
2026-09-15 16:00:00+00:00,2026-09-15 21:00:00+00:00,5.0,3.9778389930725098,5.0,1.1428571939468384
2026-09-15 16:00:00+00:00,2026-09-15 22:00:00+00:00,6.0,4.192382335662842,5.0,2.0
2026-09-15 16:00:00+00:00,2026-09-15 23:00:00+00:00,7.0,4.750089168548584,5.0,1.399999976158142
2026-09-15 16:00:00+00:00,2026-09-16 00:00:00+00:00,8.0,7.905130863189697,14.0,0.8571428656578064
2026-09-15 16:00:00+00:00,2026-09-16 01:00:00+00:00,9.0,7.901701927185059,11.0,4.0
2026-09-15 16:00:00+00:00,2026-09-16 02:00:00+00:00,10.0,6.987496376037598,9.0,4.875
2026-09-15 16:00:00+00:00,2026-09-16 03:00:00+00:00,11.0,7.176696300506592,10.0,5.857142925262451
2026-09-15 16:00:00+00:00,2026-09-16 04:00:00+00:00,12.0,6.418793678283691,8.0,6.142857074737549
2026-09-15 17:00:00+00:00,2026-09-15 18:00:00+00:00,1.0,7.312536239624023,10.0,8.399999618530273
2026-09-15 17:00:00+00:00,2026-09-15 19:00:00+00:00,2.0,6.440937042236328,10.0,4.375
2026-09-15 17:00:00+00:00,2026-09-15 20:00:00+00:00,3.0,5.749659538269043,8.0,1.8571428060531616
2026-09-15 17:00:00+00:00,2026-09-15 21:00:00+00:00,4.0,3.4682538509368896,3.0,1.1428571939468384
2026-09-15 17:00:00+00:00,2026-09-15 22:00:00+00:00,5.0,3.2288405895233154,4.0,2.0
2026-09-15 17:00:00+00:00,2026-09-15 23:00:00+00:00,6.0,3.952047824859619,4.0,1.399999976158142
2026-09-15 17:00:00+00:00,2026-09-16 00:00:00+00:00,7.0,4.986518859863281,4.0,0.8571428656578064
2026-09-15 17:00:00+00:00,2026-09-16 01:00:00+00:00,8.0,7.652291297912598,13.0,4.0
2026-09-15 17:00:00+00:00,2026-09-16 02:00:00+00:00,9.0,7.5861077308654785,10.0,4.875
2026-09-15 17:00:00+00:00,2026-09-16 03:00:00+00:00,10.0,8.007824897766113,11.0,5.857142925262451
2026-09-15 17:00:00+00:00,2026-09-16 04:00:00+00:00,11.0,7.028707981109619,9.0,6.142857074737549
2026-09-15 17:00:00+00:00,2026-09-16 05:00:00+00:00,12.0,7.098957061767578,9.0,6.25
2026-09-15 18:00:00+00:00,2026-09-15 19:00:00+00:00,1.0,6.763285160064697,11.0,4.375
2026-09-15 18:00:00+00:00,2026-09-15 20:00:00+00:00,2.0,4.897551536560059,7.0,1.8571428060531616
2026-09-15 18:00:00+00:00,2026-09-15 21:00:00+00:00,3.0,3.0857808589935303,2.0,1.1428571939468384
2026-09-15 18:00:00+00:00,2026-09-15 22:00:00+00:00,4.0,3.780487298965454,4.0,2.0
2026-09-15 18:00:00+00:00,2026-09-15 23:00:00+00:00,5.0,4.913753032684326,6.0,1.399999976158142
2026-09-15 18:00:00+00:00,2026-09-16 00:00:00+00:00,6.0,4.324853420257568,4.0,0.8571428656578064
2026-09-15 18:00:00+00:00,2026-09-16 01:00:00+00:00,7.0,5.853568077087402,10.0,4.0
2026-09-15 18:00:00+00:00,2026-09-16 02:00:00+00:00,8.0,7.012259006500244,11.0,4.875
2026-09-15 18:00:00+00:00,2026-09-16 03:00:00+00:00,9.0,7.682723045349121,11.0,5.857142925262451
2026-09-15 18:00:00+00:00,2026-09-16 04:00:00+00:00,10.0,6.3288445472717285,8.0,6.142857074737549
2026-09-15 18:00:00+00:00,2026-09-16 05:00:00+00:00,11.0,6.2460036277771,8.0,6.25
2026-09-15 18:00:00+00:00,2026-09-16 06:00:00+00:00,12.0,7.829949378967285,10.0,6.5
2026-09-15 19:00:00+00:00,2026-09-15 20:00:00+00:00,1.0,3.2787094116210938,7.0,1.8571428060531616
2026-09-15 19:00:00+00:00,2026-09-15 21:00:00+00:00,2.0,2.249992609024048,3.0,1.1428571939468384
2026-09-15 19:00:00+00:00,2026-09-15 22:00:00+00:00,3.0,2.85644793510437,4.0,2.0
2026-09-15 19:00:00+00:00,2026-09-15 23:00:00+00:00,4.0,4.584514617919922,7.0,1.399999976158142
2026-09-15 19:00:00+00:00,2026-09-16 00:00:00+00:00,5.0,4.6193013191223145,5.0,0.8571428656578064
2026-09-15 19:00:00+00:00,2026-09-16 01:00:00+00:00,6.0,5.618638515472412,10.0,4.0
2026-09-15 19:00:00+00:00,2026-09-16 02:00:00+00:00,7.0,6.225595474243164,9.0,4.875
2026-09-15 19:00:00+00:00,2026-09-16 03:00:00+00:00,8.0,6.681273937225342,10.0,5.857142925262451
2026-09-15 19:00:00+00:00,2026-09-16 04:00:00+00:00,9.0,6.580398082733154,9.0,6.142857074737549
2026-09-15 19:00:00+00:00,2026-09-16 05:00:00+00:00,10.0,6.353823184967041,8.0,6.25
2026-09-15 19:00:00+00:00,2026-09-16 06:00:00+00:00,11.0,7.333208084106445,9.0,6.5
2026-09-15 19:00:00+00:00,2026-09-16 07:00:00+00:00,12.0,7.7871551513671875,9.0,8.5
2026-09-15 20:00:00+00:00,2026-09-15 21:00:00+00:00,1.0,1.7175700664520264,4.0,1.1428571939468384
2026-09-15 20:00:00+00:00,2026-09-15 22:00:00+00:00,2.0,1.7730435132980347,3.0,2.0
2026-09-15 20:00:00+00:00,2026-09-15 23:00:00+00:00,3.0,3.259106159210205,4.0,1.399999976158142
2026-09-15 20:00:00+00:00,2026-09-16 00:00:00+00:00,4.0,4.435435771942139,5.0,0.8571428656578064
2026-09-15 20:00:00+00:00,2026-09-16 01:00:00+00:00,5.0,7.046688079833984,12.0,4.0
2026-09-15 20:00:00+00:00,2026-09-16 02:00:00+00:00,6.0,7.832822322845459,12.0,4.875
2026-09-15 20:00:00+00:00,2026-09-16 03:00:00+00:00,7.0,7.77734899520874,11.0,5.857142925262451
2026-09-15 20:00:00+00:00,2026-09-16 04:00:00+00:00,8.0,7.42054557800293,10.0,6.142857074737549
2026-09-15 20:00:00+00:00,2026-09-16 05:00:00+00:00,9.0,7.677749156951904,10.0,6.25
2026-09-15 20:00:00+00:00,2026-09-16 06:00:00+00:00,10.0,7.961892604827881,10.0,6.5
2026-09-15 20:00:00+00:00,2026-09-16 07:00:00+00:00,11.0,8.752067565917969,11.0,8.5
2026-09-15 20:00:00+00:00,2026-09-16 08:00:00+00:00,12.0,9.854455947875977,13.0,9.857142448425293
2026-09-15 21:00:00+00:00,2026-09-15 22:00:00+00:00,1.0,2.7870028018951416,5.0,2.0
2026-09-15 21:00:00+00:00,2026-09-15 23:00:00+00:00,2.0,3.8706538677215576,5.0,1.399999976158142
2026-09-15 21:00:00+00:00,2026-09-16 00:00:00+00:00,3.0,4.172260284423828,5.0,0.8571428656578064
2026-09-15 21:00:00+00:00,2026-09-16 01:00:00+00:00,4.0,5.22597074508667,9.0,4.0
2026-09-15 21:00:00+00:00,2026-09-16 02:00:00+00:00,5.0,5.700451850891113,9.0,4.875
2026-09-15 21:00:00+00:00,2026-09-16 03:00:00+00:00,6.0,6.2580976486206055,9.0,5.857142925262451
2026-09-15 21:00:00+00:00,2026-09-16 04:00:00+00:00,7.0,7.01163911819458,10.0,6.142857074737549
2026-09-15 21:00:00+00:00,2026-09-16 05:00:00+00:00,8.0,7.060537815093994,9.0,6.25
2026-09-15 21:00:00+00:00,2026-09-16 06:00:00+00:00,9.0,6.982199192047119,9.0,6.5
2026-09-15 21:00:00+00:00,2026-09-16 07:00:00+00:00,10.0,8.214310646057129,11.0,8.5
2026-09-15 21:00:00+00:00,2026-09-16 08:00:00+00:00,11.0,9.27514934539795,12.0,9.857142448425293
2026-09-15 21:00:00+00:00,2026-09-16 09:00:00+00:00,12.0,9.148640632629395,11.0,10.333333015441895
2026-09-15 22:00:00+00:00,2026-09-15 23:00:00+00:00,1.0,3.0848586559295654,5.0,1.399999976158142
2026-09-15 22:00:00+00:00,2026-09-16 00:00:00+00:00,2.0,3.673118829727173,5.0,0.8571428656578064
2026-09-15 22:00:00+00:00,2026-09-16 01:00:00+00:00,3.0,5.007787704467773,9.0,4.0
2026-09-15 22:00:00+00:00,2026-09-16 02:00:00+00:00,4.0,5.563499927520752,9.0,4.875
2026-09-15 22:00:00+00:00,2026-09-16 03:00:00+00:00,5.0,6.1761908531188965,9.0,5.857142925262451
2026-09-15 22:00:00+00:00,2026-09-16 04:00:00+00:00,6.0,6.961475372314453,10.0,6.142857074737549
2026-09-15 22:00:00+00:00,2026-09-16 05:00:00+00:00,7.0,7.034975528717041,9.0,6.25
2026-09-15 22:00:00+00:00,2026-09-16 06:00:00+00:00,8.0,6.973962783813477,9.0,6.5
2026-09-15 22:00:00+00:00,2026-09-16 07:00:00+00:00,9.0,8.211217880249023,11.0,8.5
2026-09-15 22:00:00+00:00,2026-09-16 08:00:00+00:00,10.0,9.273933410644531,12.0,9.857142448425293
2026-09-15 22:00:00+00:00,2026-09-16 09:00:00+00:00,11.0,9.147964477539062,11.0,10.333333015441895
2026-09-15 22:00:00+00:00,2026-09-16 10:00:00+00:00,12.0,9.40355396270752,11.0,10.5
2026-09-15 23:00:00+00:00,2026-09-16 00:00:00+00:00,1.0,2.2412266731262207,5.0,0.8571428656578064
2026-09-15 23:00:00+00:00,2026-09-16 01:00:00+00:00,2.0,4.1375322341918945,9.0,4.0
2026-09-15 23:00:00+00:00,2026-09-16 02:00:00+00:00,3.0,5.115690231323242,9.0,4.875
2026-09-15 23:00:00+00:00,2026-09-16 03:00:00+00:00,4.0,5.909726619720459,9.0,5.857142925262451
2026-09-15 23:00:00+00:00,2026-09-16 04:00:00+00:00,5.0,6.786777019500732,10.0,6.142857074737549
2026-09-15 23:00:00+00:00,2026-09-16 05:00:00+00:00,6.0,6.94606351852417,9.0,6.25
2026-09-15 23:00:00+00:00,2026-09-16 06:00:00+00:00,7.0,6.944872856140137,9.0,6.5
2026-09-15 23:00:00+00:00,2026-09-16 07:00:00+00:00,8.0,8.200244903564453,11.0,8.5
2026-09-15 23:00:00+00:00,2026-09-16 08:00:00+00:00,9.0,9.26964282989502,12.0,9.857142448425293
2026-09-15 23:00:00+00:00,2026-09-16 09:00:00+00:00,10.0,9.145584106445312,11.0,10.333333015441895
2026-09-15 23:00:00+00:00,2026-09-16 10:00:00+00:00,11.0,9.402597427368164,11.0,10.5
2026-09-15 23:00:00+00:00,2026-09-16 11:00:00+00:00,12.0,9.117559432983398,11.0,12.0
2026-09-16 00:00:00+00:00,2026-09-16 01:00:00+00:00,1.0,2.5048484802246094,9.0,4.0
2026-09-16 00:00:00+00:00,2026-09-16 02:00:00+00:00,2.0,4.159521579742432,9.0,4.875
2026-09-16 00:00:00+00:00,2026-09-16 03:00:00+00:00,3.0,5.423661231994629,9.0,5.857142925262451
2026-09-16 00:00:00+00:00,2026-09-16 04:00:00+00:00,4.0,6.499510765075684,10.0,6.142857074737549
2026-09-16 00:00:00+00:00,2026-09-16 05:00:00+00:00,5.0,6.804232120513916,9.0,6.25
2026-09-16 00:00:00+00:00,2026-09-16 06:00:00+00:00,6.0,6.88399600982666,9.0,6.5
2026-09-16 00:00:00+00:00,2026-09-16 07:00:00+00:00,7.0,8.174395561218262,11.0,8.5
2026-09-16 00:00:00+00:00,2026-09-16 08:00:00+00:00,8.0,9.260453224182129,12.0,9.857142448425293
2026-09-16 00:00:00+00:00,2026-09-16 09:00:00+00:00,9.0,9.140737533569336,11.0,10.333333015441895
2026-09-16 00:00:00+00:00,2026-09-16 10:00:00+00:00,10.0,9.400611877441406,11.0,10.5
2026-09-16 00:00:00+00:00,2026-09-16 11:00:00+00:00,11.0,9.116520881652832,11.0,12.0
2026-09-16 00:00:00+00:00,2026-09-16 12:00:00+00:00,12.0,10.421696662902832,13.0,11.5
2026-09-16 01:00:00+00:00,2026-09-16 02:00:00+00:00,1.0,4.120669364929199,9.0,4.875
2026-09-16 01:00:00+00:00,2026-09-16 03:00:00+00:00,2.0,5.153672695159912,9.0,5.857142925262451
2026-09-16 01:00:00+00:00,2026-09-16 04:00:00+00:00,3.0,6.412072658538818,10.0,6.142857074737549
2026-09-16 01:00:00+00:00,2026-09-16 05:00:00+00:00,4.0,6.7666120529174805,9.0,6.25
2026-09-16 01:00:00+00:00,2026-09-16 06:00:00+00:00,5.0,6.861081600189209,9.0,6.5
2026-09-16 01:00:00+00:00,2026-09-16 07:00:00+00:00,6.0,8.163290023803711,11.0,8.5
2026-09-16 01:00:00+00:00,2026-09-16 08:00:00+00:00,7.0,9.256811141967773,12.0,9.857142448425293
2026-09-16 01:00:00+00:00,2026-09-16 09:00:00+00:00,8.0,9.138933181762695,11.0,10.333333015441895
2026-09-16 01:00:00+00:00,2026-09-16 10:00:00+00:00,9.0,9.39986801147461,11.0,10.5
2026-09-16 01:00:00+00:00,2026-09-16 11:00:00+00:00,10.0,9.116125106811523,11.0,12.0
2026-09-16 01:00:00+00:00,2026-09-16 12:00:00+00:00,11.0,10.42149829864502,13.0,11.5
2026-09-16 01:00:00+00:00,2026-09-16 13:00:00+00:00,12.0,10.659749031066895,13.0,10.166666984558105
2026-09-16 02:00:00+00:00,2026-09-16 03:00:00+00:00,1.0,4.918617248535156,9.0,5.857142925262451
2026-09-16 02:00:00+00:00,2026-09-16 04:00:00+00:00,2.0,6.066508769989014,10.0,6.142857074737549
2026-09-16 02:00:00+00:00,2026-09-16 05:00:00+00:00,3.0,6.608362197875977,9.0,6.25
2026-09-16 02:00:00+00:00,2026-09-16 06:00:00+00:00,4.0,6.790256023406982,9.0,6.5
2026-09-16 02:00:00+00:00,2026-09-16 07:00:00+00:00,5.0,8.130106925964355,11.0,8.5
2026-09-16 02:00:00+00:00,2026-09-16 08:00:00+00:00,6.0,9.245987892150879,12.0,9.857142448425293
2026-09-16 02:00:00+00:00,2026-09-16 09:00:00+00:00,7.0,9.133491516113281,11.0,10.333333015441895
2026-09-16 02:00:00+00:00,2026-09-16 10:00:00+00:00,8.0,9.397619247436523,11.0,10.5
2026-09-16 02:00:00+00:00,2026-09-16 11:00:00+00:00,9.0,9.114933013916016,11.0,12.0
2026-09-16 02:00:00+00:00,2026-09-16 12:00:00+00:00,10.0,10.420900344848633,13.0,11.5
2026-09-16 02:00:00+00:00,2026-09-16 13:00:00+00:00,11.0,10.659391403198242,13.0,10.166666984558105
2026-09-16 02:00:00+00:00,2026-09-16 14:00:00+00:00,12.0,9.49174976348877,11.0,10.333333015441895
2026-09-16 03:00:00+00:00,2026-09-16 04:00:00+00:00,1.0,5.94824743270874,10.0,6.142857074737549
2026-09-16 03:00:00+00:00,2026-09-16 05:00:00+00:00,2.0,6.370075702667236,9.0,6.25
2026-09-16 03:00:00+00:00,2026-09-16 06:00:00+00:00,3.0,6.708502769470215,9.0,6.5
2026-09-16 03:00:00+00:00,2026-09-16 07:00:00+00:00,4.0,8.107377052307129,11.0,8.5
2026-09-16 03:00:00+00:00,2026-09-16 08:00:00+00:00,5.0,9.24058723449707,12.0,9.857142448425293
2026-09-16 03:00:00+00:00,2026-09-16 09:00:00+00:00,6.0,9.129498481750488,11.0,10.333333015441895
2026-09-16 03:00:00+00:00,2026-09-16 10:00:00+00:00,7.0,9.395812034606934,11.0,10.5
2026-09-16 03:00:00+00:00,2026-09-16 11:00:00+00:00,8.0,9.114054679870605,11.0,12.0
2026-09-16 03:00:00+00:00,2026-09-16 12:00:00+00:00,9.0,10.420470237731934,13.0,11.5
2026-09-16 03:00:00+00:00,2026-09-16 13:00:00+00:00,10.0,10.659127235412598,13.0,10.166666984558105
2026-09-16 03:00:00+00:00,2026-09-16 14:00:00+00:00,11.0,9.491649627685547,11.0,10.333333015441895
2026-09-16 03:00:00+00:00,2026-09-16 15:00:00+00:00,12.0,8.548280715942383,10.0,9.0
2026-09-16 04:00:00+00:00,2026-09-16 05:00:00+00:00,1.0,6.02907133102417,9.0,6.25
2026-09-16 04:00:00+00:00,2026-09-16 06:00:00+00:00,2.0,6.383219242095947,9.0,6.5
2026-09-16 04:00:00+00:00,2026-09-16 07:00:00+00:00,3.0,7.979660511016846,11.0,8.5
2026-09-16 04:00:00+00:00,2026-09-16 08:00:00+00:00,4.0,9.203333854675293,12.0,9.857142448425293
2026-09-16 04:00:00+00:00,2026-09-16 09:00:00+00:00,5.0,9.114631652832031,11.0,10.333333015441895
2026-09-16 04:00:00+00:00,2026-09-16 10:00:00+00:00,6.0,9.389719009399414,11.0,10.5
2026-09-16 04:00:00+00:00,2026-09-16 11:00:00+00:00,7.0,9.110584259033203,11.0,12.0
2026-09-16 04:00:00+00:00,2026-09-16 12:00:00+00:00,8.0,10.418719291687012,13.0,11.5
2026-09-16 04:00:00+00:00,2026-09-16 13:00:00+00:00,9.0,10.658102035522461,13.0,10.166666984558105
2026-09-16 04:00:00+00:00,2026-09-16 14:00:00+00:00,10.0,9.491272926330566,11.0,10.333333015441895
2026-09-16 04:00:00+00:00,2026-09-16 15:00:00+00:00,11.0,8.5481538772583,10.0,9.0
2026-09-16 04:00:00+00:00,2026-09-16 16:00:00+00:00,12.0,8.619089126586914,11.0,7.0
2026-09-16 05:00:00+00:00,2026-09-16 06:00:00+00:00,1.0,6.056859016418457,9.0,6.5
2026-09-16 05:00:00+00:00,2026-09-16 07:00:00+00:00,2.0,7.601118087768555,11.0,8.5
2026-09-16 05:00:00+00:00,2026-09-16 08:00:00+00:00,3.0,9.053033828735352,12.0,9.857142448425293
2026-09-16 05:00:00+00:00,2026-09-16 09:00:00+00:00,4.0,9.068001747131348,11.0,10.333333015441895
2026-09-16 05:00:00+00:00,2026-09-16 10:00:00+00:00,5.0,9.376386642456055,11.0,10.5
2026-09-16 05:00:00+00:00,2026-09-16 11:00:00+00:00,6.0,9.101692199707031,11.0,12.0
2026-09-16 05:00:00+00:00,2026-09-16 12:00:00+00:00,7.0,10.413886070251465,13.0,11.5
2026-09-16 05:00:00+00:00,2026-09-16 13:00:00+00:00,8.0,10.655391693115234,13.0,10.166666984558105
2026-09-16 05:00:00+00:00,2026-09-16 14:00:00+00:00,9.0,9.4902925491333,11.0,10.333333015441895
2026-09-16 05:00:00+00:00,2026-09-16 15:00:00+00:00,10.0,8.547829627990723,10.0,9.0
2026-09-16 05:00:00+00:00,2026-09-16 16:00:00+00:00,11.0,8.619032859802246,11.0,7.0
2026-09-16 05:00:00+00:00,2026-09-16 17:00:00+00:00,12.0,8.421735763549805,11.0,5.25
2026-09-16 06:00:00+00:00,2026-09-16 07:00:00+00:00,1.0,6.899271488189697,9.0,8.5
2026-09-16 06:00:00+00:00,2026-09-16 08:00:00+00:00,2.0,8.446288108825684,12.0,9.857142448425293
2026-09-16 06:00:00+00:00,2026-09-16 09:00:00+00:00,3.0,9.830985069274902,12.0,10.333333015441895
2026-09-16 06:00:00+00:00,2026-09-16 10:00:00+00:00,4.0,9.949270248413086,12.0,10.5
2026-09-16 06:00:00+00:00,2026-09-16 11:00:00+00:00,5.0,9.909402847290039,12.0,12.0
2026-09-16 06:00:00+00:00,2026-09-16 12:00:00+00:00,6.0,10.21445083618164,13.0,11.5
2026-09-16 06:00:00+00:00,2026-09-16 13:00:00+00:00,7.0,11.581806182861328,15.0,10.166666984558105
2026-09-16 06:00:00+00:00,2026-09-16 14:00:00+00:00,8.0,10.739005088806152,13.0,10.333333015441895
2026-09-16 06:00:00+00:00,2026-09-16 15:00:00+00:00,9.0,9.396553993225098,11.0,9.0
2026-09-16 06:00:00+00:00,2026-09-16 16:00:00+00:00,10.0,9.40766716003418,12.0,7.0
2026-09-16 06:00:00+00:00,2026-09-16 17:00:00+00:00,11.0,8.71092700958252,11.0,5.25
2026-09-16 06:00:00+00:00,2026-09-16 18:00:00+00:00,12.0,7.768941879272461,10.0,3.4285714626312256
2026-09-16 07:00:00+00:00,2026-09-16 08:00:00+00:00,1.0,8.527734756469727,11.0,9.857142448425293
2026-09-16 07:00:00+00:00,2026-09-16 09:00:00+00:00,2.0,8.816475868225098,11.0,10.333333015441895
2026-09-16 07:00:00+00:00,2026-09-16 10:00:00+00:00,3.0,9.95284366607666,12.0,10.5
2026-09-16 07:00:00+00:00,2026-09-16 11:00:00+00:00,4.0,10.77825927734375,13.0,12.0
2026-09-16 07:00:00+00:00,2026-09-16 12:00:00+00:00,5.0,10.928120613098145,13.0,11.5
2026-09-16 07:00:00+00:00,2026-09-16 13:00:00+00:00,6.0,10.039591789245605,12.0,10.166666984558105
2026-09-16 07:00:00+00:00,2026-09-16 14:00:00+00:00,7.0,9.809075355529785,12.0,10.333333015441895
2026-09-16 07:00:00+00:00,2026-09-16 15:00:00+00:00,8.0,9.087213516235352,11.0,9.0
2026-09-16 07:00:00+00:00,2026-09-16 16:00:00+00:00,9.0,8.741612434387207,11.0,7.0
2026-09-16 07:00:00+00:00,2026-09-16 17:00:00+00:00,10.0,8.067276000976562,10.0,5.25
2026-09-16 07:00:00+00:00,2026-09-16 18:00:00+00:00,11.0,7.234804630279541,9.0,3.4285714626312256
2026-09-16 07:00:00+00:00,2026-09-16 19:00:00+00:00,12.0,6.764673709869385,9.0,3.3333332538604736
2026-09-16 08:00:00+00:00,2026-09-16 09:00:00+00:00,1.0,9.545401573181152,10.0,10.333333015441895
2026-09-16 08:00:00+00:00,2026-09-16 10:00:00+00:00,2.0,9.751352310180664,12.0,10.5
2026-09-16 08:00:00+00:00,2026-09-16 11:00:00+00:00,3.0,11.044235229492188,14.0,12.0
2026-09-16 08:00:00+00:00,2026-09-16 12:00:00+00:00,4.0,10.753332138061523,12.0,11.5
2026-09-16 08:00:00+00:00,2026-09-16 13:00:00+00:00,5.0,10.77901840209961,13.0,10.166666984558105
2026-09-16 08:00:00+00:00,2026-09-16 14:00:00+00:00,6.0,9.613249778747559,11.0,10.333333015441895
2026-09-16 08:00:00+00:00,2026-09-16 15:00:00+00:00,7.0,9.23331069946289,11.0,9.0
2026-09-16 08:00:00+00:00,2026-09-16 16:00:00+00:00,8.0,8.75416088104248,11.0,7.0
2026-09-16 08:00:00+00:00,2026-09-16 17:00:00+00:00,9.0,8.139200210571289,10.0,5.25
2026-09-16 08:00:00+00:00,2026-09-16 18:00:00+00:00,10.0,7.830918312072754,10.0,3.4285714626312256
2026-09-16 08:00:00+00:00,2026-09-16 19:00:00+00:00,11.0,6.99018669128418,9.0,3.3333332538604736
2026-09-16 08:00:00+00:00,2026-09-16 20:00:00+00:00,12.0,5.312765598297119,6.0,3.375
2026-09-16 09:00:00+00:00,2026-09-16 10:00:00+00:00,1.0,10.085566520690918,13.0,10.5
2026-09-16 09:00:00+00:00,2026-09-16 11:00:00+00:00,2.0,9.356131553649902,11.0,12.0
2026-09-16 09:00:00+00:00,2026-09-16 12:00:00+00:00,3.0,9.59205150604248,12.0,11.5
2026-09-16 09:00:00+00:00,2026-09-16 13:00:00+00:00,4.0,10.831379890441895,14.0,10.166666984558105
2026-09-16 09:00:00+00:00,2026-09-16 14:00:00+00:00,5.0,10.108027458190918,12.0,10.333333015441895
2026-09-16 09:00:00+00:00,2026-09-16 15:00:00+00:00,6.0,9.833250045776367,12.0,9.0
2026-09-16 09:00:00+00:00,2026-09-16 16:00:00+00:00,7.0,8.912575721740723,11.0,7.0
2026-09-16 09:00:00+00:00,2026-09-16 17:00:00+00:00,8.0,8.063589096069336,10.0,5.25
2026-09-16 09:00:00+00:00,2026-09-16 18:00:00+00:00,9.0,7.254830837249756,9.0,3.4285714626312256
2026-09-16 09:00:00+00:00,2026-09-16 19:00:00+00:00,10.0,6.497455596923828,8.0,3.3333332538604736
2026-09-16 09:00:00+00:00,2026-09-16 20:00:00+00:00,11.0,5.1153645515441895,6.0,3.375
2026-09-16 09:00:00+00:00,2026-09-16 21:00:00+00:00,12.0,5.280974864959717,6.0,5.599999904632568
2026-09-16 10:00:00+00:00,2026-09-16 11:00:00+00:00,1.0,10.724769592285156,13.0,12.0
2026-09-16 10:00:00+00:00,2026-09-16 12:00:00+00:00,2.0,9.599579811096191,11.0,11.5
2026-09-16 10:00:00+00:00,2026-09-16 13:00:00+00:00,3.0,10.247763633728027,13.0,10.166666984558105
2026-09-16 10:00:00+00:00,2026-09-16 14:00:00+00:00,4.0,9.223368644714355,11.0,10.333333015441895
2026-09-16 10:00:00+00:00,2026-09-16 15:00:00+00:00,5.0,9.387472152709961,12.0,9.0
2026-09-16 10:00:00+00:00,2026-09-16 16:00:00+00:00,6.0,8.777013778686523,11.0,7.0
2026-09-16 10:00:00+00:00,2026-09-16 17:00:00+00:00,7.0,7.538240909576416,9.0,5.25
2026-09-16 10:00:00+00:00,2026-09-16 18:00:00+00:00,8.0,7.165117263793945,9.0,3.4285714626312256
2026-09-16 10:00:00+00:00,2026-09-16 19:00:00+00:00,9.0,6.340967178344727,8.0,3.3333332538604736
2026-09-16 10:00:00+00:00,2026-09-16 20:00:00+00:00,10.0,5.347353458404541,6.0,3.375
2026-09-16 10:00:00+00:00,2026-09-16 21:00:00+00:00,11.0,5.4007487297058105,6.0,5.599999904632568
2026-09-16 10:00:00+00:00,2026-09-16 22:00:00+00:00,12.0,5.842100143432617,6.0,6.800000190734863
2026-09-16 11:00:00+00:00,2026-09-16 12:00:00+00:00,1.0,11.6172456741333,12.0,11.5
2026-09-16 11:00:00+00:00,2026-09-16 13:00:00+00:00,2.0,11.412858009338379,13.0,10.166666984558105
2026-09-16 11:00:00+00:00,2026-09-16 14:00:00+00:00,3.0,10.413100242614746,12.0,10.333333015441895
2026-09-16 11:00:00+00:00,2026-09-16 15:00:00+00:00,4.0,9.963725090026855,12.0,9.0
2026-09-16 11:00:00+00:00,2026-09-16 16:00:00+00:00,5.0,9.076106071472168,11.0,7.0
2026-09-16 11:00:00+00:00,2026-09-16 17:00:00+00:00,6.0,7.702754974365234,9.0,5.25
2026-09-16 11:00:00+00:00,2026-09-16 18:00:00+00:00,7.0,6.786440849304199,8.0,3.4285714626312256
2026-09-16 11:00:00+00:00,2026-09-16 19:00:00+00:00,8.0,5.930128574371338,7.0,3.3333332538604736
2026-09-16 11:00:00+00:00,2026-09-16 20:00:00+00:00,9.0,4.900054931640625,5.0,3.375
2026-09-16 11:00:00+00:00,2026-09-16 21:00:00+00:00,10.0,5.854416370391846,7.0,5.599999904632568
2026-09-16 11:00:00+00:00,2026-09-16 22:00:00+00:00,11.0,4.722363471984863,4.0,6.800000190734863
2026-09-16 11:00:00+00:00,2026-09-16 23:00:00+00:00,12.0,6.101130485534668,7.0,6.833333492279053
2026-09-16 12:00:00+00:00,2026-09-16 13:00:00+00:00,1.0,10.890933990478516,13.0,10.166666984558105
2026-09-16 12:00:00+00:00,2026-09-16 14:00:00+00:00,2.0,10.03515625,12.0,10.333333015441895
2026-09-16 12:00:00+00:00,2026-09-16 15:00:00+00:00,3.0,9.171934127807617,11.0,9.0
2026-09-16 12:00:00+00:00,2026-09-16 16:00:00+00:00,4.0,8.655011177062988,11.0,7.0
2026-09-16 12:00:00+00:00,2026-09-16 17:00:00+00:00,5.0,8.391424179077148,11.0,5.25
2026-09-16 12:00:00+00:00,2026-09-16 18:00:00+00:00,6.0,7.627065181732178,10.0,3.4285714626312256
2026-09-16 12:00:00+00:00,2026-09-16 19:00:00+00:00,7.0,7.300483703613281,9.0,3.3333332538604736
2026-09-16 12:00:00+00:00,2026-09-16 20:00:00+00:00,8.0,6.308193206787109,8.0,3.375
2026-09-16 12:00:00+00:00,2026-09-16 21:00:00+00:00,9.0,5.221024990081787,6.0,5.599999904632568
2026-09-16 12:00:00+00:00,2026-09-16 22:00:00+00:00,10.0,5.5048909187316895,6.0,6.800000190734863
2026-09-16 12:00:00+00:00,2026-09-16 23:00:00+00:00,11.0,7.112611293792725,9.0,6.833333492279053
2026-09-16 12:00:00+00:00,2026-09-17 00:00:00+00:00,12.0,7.630702495574951,9.0,5.75
2026-09-16 13:00:00+00:00,2026-09-16 14:00:00+00:00,1.0,8.586894989013672,10.0,10.333333015441895
2026-09-16 13:00:00+00:00,2026-09-16 15:00:00+00:00,2.0,9.138054847717285,12.0,9.0
2026-09-16 13:00:00+00:00,2026-09-16 16:00:00+00:00,3.0,8.675045013427734,11.0,7.0
2026-09-16 13:00:00+00:00,2026-09-16 17:00:00+00:00,4.0,7.547459602355957,9.0,5.25
2026-09-16 13:00:00+00:00,2026-09-16 18:00:00+00:00,5.0,6.577249050140381,8.0,3.4285714626312256
2026-09-16 13:00:00+00:00,2026-09-16 19:00:00+00:00,6.0,5.7521281242370605,7.0,3.3333332538604736
2026-09-16 13:00:00+00:00,2026-09-16 20:00:00+00:00,7.0,4.750688552856445,5.0,3.375
2026-09-16 13:00:00+00:00,2026-09-16 21:00:00+00:00,8.0,5.646825790405273,6.0,5.599999904632568
2026-09-16 13:00:00+00:00,2026-09-16 22:00:00+00:00,9.0,6.711109638214111,7.0,6.800000190734863
2026-09-16 13:00:00+00:00,2026-09-16 23:00:00+00:00,10.0,6.6787896156311035,7.0,6.833333492279053
2026-09-16 13:00:00+00:00,2026-09-17 00:00:00+00:00,11.0,6.974249362945557,8.0,5.75
2026-09-16 13:00:00+00:00,2026-09-17 01:00:00+00:00,12.0,8.275424003601074,8.0,7.166666507720947
2026-09-16 14:00:00+00:00,2026-09-16 15:00:00+00:00,1.0,9.444908142089844,12.0,9.0
2026-09-16 14:00:00+00:00,2026-09-16 16:00:00+00:00,2.0,8.493636131286621,11.0,7.0
2026-09-16 14:00:00+00:00,2026-09-16 17:00:00+00:00,3.0,7.37246036529541,9.0,5.25
2026-09-16 14:00:00+00:00,2026-09-16 18:00:00+00:00,4.0,6.227546215057373,7.0,3.4285714626312256
2026-09-16 14:00:00+00:00,2026-09-16 19:00:00+00:00,5.0,5.251833438873291,6.0,3.3333332538604736
2026-09-16 14:00:00+00:00,2026-09-16 20:00:00+00:00,6.0,4.81168794631958,5.0,3.375
2026-09-16 14:00:00+00:00,2026-09-16 21:00:00+00:00,7.0,5.54470157623291,6.0,5.599999904632568
2026-09-16 14:00:00+00:00,2026-09-16 22:00:00+00:00,8.0,7.509267807006836,10.0,6.800000190734863
2026-09-16 14:00:00+00:00,2026-09-16 23:00:00+00:00,9.0,8.008169174194336,11.0,6.833333492279053
2026-09-16 14:00:00+00:00,2026-09-17 00:00:00+00:00,10.0,7.407939434051514,8.0,5.75
2026-09-16 14:00:00+00:00,2026-09-17 01:00:00+00:00,11.0,9.656092643737793,11.0,7.166666507720947
2026-09-16 14:00:00+00:00,2026-09-17 02:00:00+00:00,12.0,10.26076602935791,10.0,10.800000190734863
2026-09-16 15:00:00+00:00,2026-09-16 16:00:00+00:00,1.0,7.85584831237793,11.0,7.0
2026-09-16 15:00:00+00:00,2026-09-16 17:00:00+00:00,2.0,7.21377420425415,10.0,5.25
2026-09-16 15:00:00+00:00,2026-09-16 18:00:00+00:00,3.0,6.801204204559326,9.0,3.4285714626312256
2026-09-16 15:00:00+00:00,2026-09-16 19:00:00+00:00,4.0,5.867648124694824,7.0,3.3333332538604736
2026-09-16 15:00:00+00:00,2026-09-16 20:00:00+00:00,5.0,5.506898403167725,7.0,3.375
2026-09-16 15:00:00+00:00,2026-09-16 21:00:00+00:00,6.0,4.830387592315674,5.0,5.599999904632568
2026-09-16 15:00:00+00:00,2026-09-16 22:00:00+00:00,7.0,6.419068813323975,7.0,6.800000190734863
2026-09-16 15:00:00+00:00,2026-09-16 23:00:00+00:00,8.0,7.416098117828369,8.0,6.833333492279053
2026-09-16 15:00:00+00:00,2026-09-17 00:00:00+00:00,9.0,7.906858444213867,10.0,5.75
2026-09-16 15:00:00+00:00,2026-09-17 01:00:00+00:00,10.0,9.160330772399902,11.0,7.166666507720947
2026-09-16 15:00:00+00:00,2026-09-17 02:00:00+00:00,11.0,10.44416618347168,11.0,10.800000190734863
2026-09-16 15:00:00+00:00,2026-09-17 03:00:00+00:00,12.0,10.162590980529785,9.0,12.166666984558105
2026-09-16 16:00:00+00:00,2026-09-16 17:00:00+00:00,1.0,6.185704708099365,9.0,5.25
2026-09-16 16:00:00+00:00,2026-09-16 18:00:00+00:00,2.0,5.670481204986572,8.0,3.4285714626312256
2026-09-16 16:00:00+00:00,2026-09-16 19:00:00+00:00,3.0,5.366887092590332,7.0,3.3333332538604736
2026-09-16 16:00:00+00:00,2026-09-16 20:00:00+00:00,4.0,5.261300086975098,6.0,3.375
2026-09-16 16:00:00+00:00,2026-09-16 21:00:00+00:00,5.0,5.194615840911865,5.0,5.599999904632568
2026-09-16 16:00:00+00:00,2026-09-16 22:00:00+00:00,6.0,6.128712177276611,6.0,6.800000190734863
2026-09-16 16:00:00+00:00,2026-09-16 23:00:00+00:00,7.0,6.544774055480957,7.0,6.833333492279053
2026-09-16 16:00:00+00:00,2026-09-17 00:00:00+00:00,8.0,7.898065567016602,7.0,5.75
2026-09-16 16:00:00+00:00,2026-09-17 01:00:00+00:00,9.0,9.035707473754883,10.0,7.166666507720947
2026-09-16 16:00:00+00:00,2026-09-17 02:00:00+00:00,10.0,9.669648170471191,9.0,10.800000190734863
2026-09-16 16:00:00+00:00,2026-09-17 03:00:00+00:00,11.0,11.233613014221191,11.0,12.166666984558105
2026-09-16 16:00:00+00:00,2026-09-17 04:00:00+00:00,12.0,12.341347694396973,12.0,14.0
2026-09-16 17:00:00+00:00,2026-09-16 18:00:00+00:00,1.0,4.965672492980957,7.0,3.4285714626312256
2026-09-16 17:00:00+00:00,2026-09-16 19:00:00+00:00,2.0,5.082950115203857,7.0,3.3333332538604736
2026-09-16 17:00:00+00:00,2026-09-16 20:00:00+00:00,3.0,5.146646976470947,6.0,3.375
2026-09-16 17:00:00+00:00,2026-09-16 21:00:00+00:00,4.0,5.72767448425293,6.0,5.599999904632568
2026-09-16 17:00:00+00:00,2026-09-16 22:00:00+00:00,5.0,6.998823642730713,9.0,6.800000190734863
2026-09-16 17:00:00+00:00,2026-09-16 23:00:00+00:00,6.0,7.64860725402832,10.0,6.833333492279053
2026-09-16 17:00:00+00:00,2026-09-17 00:00:00+00:00,7.0,7.41223669052124,9.0,5.75
2026-09-16 17:00:00+00:00,2026-09-17 01:00:00+00:00,8.0,9.633415222167969,11.0,7.166666507720947
2026-09-16 17:00:00+00:00,2026-09-17 02:00:00+00:00,9.0,7.746868133544922,6.0,10.800000190734863
2026-09-16 17:00:00+00:00,2026-09-17 03:00:00+00:00,10.0,10.360121726989746,11.0,12.166666984558105
2026-09-16 17:00:00+00:00,2026-09-17 04:00:00+00:00,11.0,11.712482452392578,11.0,14.0
2026-09-16 17:00:00+00:00,2026-09-17 05:00:00+00:00,12.0,12.970745086669922,13.0,14.600000381469727
2026-09-16 18:00:00+00:00,2026-09-16 19:00:00+00:00,1.0,3.7557451725006104,6.0,3.3333332538604736
2026-09-16 18:00:00+00:00,2026-09-16 20:00:00+00:00,2.0,4.391563892364502,6.0,3.375
2026-09-16 18:00:00+00:00,2026-09-16 21:00:00+00:00,3.0,4.423633575439453,4.0,5.599999904632568
2026-09-16 18:00:00+00:00,2026-09-16 22:00:00+00:00,4.0,5.516112804412842,5.0,6.800000190734863
2026-09-16 18:00:00+00:00,2026-09-16 23:00:00+00:00,5.0,5.972812175750732,6.0,6.833333492279053
2026-09-16 18:00:00+00:00,2026-09-17 00:00:00+00:00,6.0,7.237703323364258,10.0,5.75
2026-09-16 18:00:00+00:00,2026-09-17 01:00:00+00:00,7.0,8.184950828552246,10.0,7.166666507720947
2026-09-16 18:00:00+00:00,2026-09-17 02:00:00+00:00,8.0,8.338205337524414,8.0,10.800000190734863
2026-09-16 18:00:00+00:00,2026-09-17 03:00:00+00:00,9.0,10.169757843017578,11.0,12.166666984558105
2026-09-16 18:00:00+00:00,2026-09-17 04:00:00+00:00,10.0,11.359002113342285,11.0,14.0
2026-09-16 18:00:00+00:00,2026-09-17 05:00:00+00:00,11.0,12.885574340820312,15.0,14.600000381469727
2026-09-16 18:00:00+00:00,2026-09-17 06:00:00+00:00,12.0,15.379365921020508,18.0,18.33333396911621
2026-09-16 19:00:00+00:00,2026-09-16 20:00:00+00:00,1.0,3.4892992973327637,5.0,3.375
2026-09-16 19:00:00+00:00,2026-09-16 21:00:00+00:00,2.0,4.424006462097168,5.0,5.599999904632568
2026-09-16 19:00:00+00:00,2026-09-16 22:00:00+00:00,3.0,5.54536771774292,6.0,6.800000190734863
2026-09-16 19:00:00+00:00,2026-09-16 23:00:00+00:00,4.0,3.871849298477173,3.0,6.833333492279053
2026-09-16 19:00:00+00:00,2026-09-17 00:00:00+00:00,5.0,6.273253917694092,9.0,5.75
2026-09-16 19:00:00+00:00,2026-09-17 01:00:00+00:00,6.0,8.076752662658691,8.0,7.166666507720947
2026-09-16 19:00:00+00:00,2026-09-17 02:00:00+00:00,7.0,9.781702995300293,11.0,10.800000190734863
2026-09-16 19:00:00+00:00,2026-09-17 03:00:00+00:00,8.0,10.36696720123291,10.0,12.166666984558105
2026-09-16 19:00:00+00:00,2026-09-17 04:00:00+00:00,9.0,11.423677444458008,11.0,14.0
2026-09-16 19:00:00+00:00,2026-09-17 05:00:00+00:00,10.0,13.2053804397583,13.0,14.600000381469727
2026-09-16 19:00:00+00:00,2026-09-17 06:00:00+00:00,11.0,15.386568069458008,18.0,18.33333396911621
2026-09-16 19:00:00+00:00,2026-09-17 07:00:00+00:00,12.0,15.734551429748535,16.0,18.33333396911621
2026-09-16 20:00:00+00:00,2026-09-16 21:00:00+00:00,1.0,4.9476118087768555,8.0,5.599999904632568
2026-09-16 20:00:00+00:00,2026-09-16 22:00:00+00:00,2.0,6.373260974884033,9.0,6.800000190734863
2026-09-16 20:00:00+00:00,2026-09-16 23:00:00+00:00,3.0,6.959911823272705,9.0,6.833333492279053
2026-09-16 20:00:00+00:00,2026-09-17 00:00:00+00:00,4.0,7.750820636749268,10.0,5.75
2026-09-16 20:00:00+00:00,2026-09-17 01:00:00+00:00,5.0,7.26655387878418,7.0,7.166666507720947
2026-09-16 20:00:00+00:00,2026-09-17 02:00:00+00:00,6.0,9.24896240234375,10.0,10.800000190734863
2026-09-16 20:00:00+00:00,2026-09-17 03:00:00+00:00,7.0,10.429033279418945,10.0,12.166666984558105
2026-09-16 20:00:00+00:00,2026-09-17 04:00:00+00:00,8.0,11.890594482421875,12.0,14.0
2026-09-16 20:00:00+00:00,2026-09-17 05:00:00+00:00,9.0,13.644692420959473,16.0,14.600000381469727
2026-09-16 20:00:00+00:00,2026-09-17 06:00:00+00:00,10.0,15.608790397644043,18.0,18.33333396911621
2026-09-16 20:00:00+00:00,2026-09-17 07:00:00+00:00,11.0,16.112783432006836,17.0,18.33333396911621
2026-09-16 20:00:00+00:00,2026-09-17 08:00:00+00:00,12.0,16.355932235717773,16.0,17.0
2026-09-16 21:00:00+00:00,2026-09-16 22:00:00+00:00,1.0,6.9048590660095215,6.0,6.800000190734863
2026-09-16 21:00:00+00:00,2026-09-16 23:00:00+00:00,2.0,6.949201583862305,6.0,6.833333492279053
2026-09-16 21:00:00+00:00,2026-09-17 00:00:00+00:00,3.0,7.612990379333496,10.0,5.75
2026-09-16 21:00:00+00:00,2026-09-17 01:00:00+00:00,4.0,8.009775161743164,9.0,7.166666507720947
2026-09-16 21:00:00+00:00,2026-09-17 02:00:00+00:00,5.0,8.921687126159668,8.0,10.800000190734863
2026-09-16 21:00:00+00:00,2026-09-17 03:00:00+00:00,6.0,10.173255920410156,10.0,12.166666984558105
2026-09-16 21:00:00+00:00,2026-09-17 04:00:00+00:00,7.0,11.407864570617676,11.0,14.0
2026-09-16 21:00:00+00:00,2026-09-17 05:00:00+00:00,8.0,11.969289779663086,13.0,14.600000381469727
2026-09-16 21:00:00+00:00,2026-09-17 06:00:00+00:00,9.0,14.42475700378418,17.0,18.33333396911621
2026-09-16 21:00:00+00:00,2026-09-17 07:00:00+00:00,10.0,15.676806449890137,17.0,18.33333396911621
2026-09-16 21:00:00+00:00,2026-09-17 08:00:00+00:00,11.0,16.188343048095703,16.0,17.0
2026-09-16 21:00:00+00:00,2026-09-17 09:00:00+00:00,12.0,17.367446899414062,16.0,17.16666603088379
2026-09-16 22:00:00+00:00,2026-09-16 23:00:00+00:00,1.0,7.042672634124756,6.0,6.833333492279053
2026-09-16 22:00:00+00:00,2026-09-17 00:00:00+00:00,2.0,7.5287322998046875,10.0,5.75
2026-09-16 22:00:00+00:00,2026-09-17 01:00:00+00:00,3.0,7.929886817932129,9.0,7.166666507720947
2026-09-16 22:00:00+00:00,2026-09-17 02:00:00+00:00,4.0,8.884961128234863,8.0,10.800000190734863
2026-09-16 22:00:00+00:00,2026-09-17 03:00:00+00:00,5.0,10.146034240722656,10.0,12.166666984558105
2026-09-16 22:00:00+00:00,2026-09-17 04:00:00+00:00,6.0,11.383833885192871,11.0,14.0
2026-09-16 22:00:00+00:00,2026-09-17 05:00:00+00:00,7.0,11.953296661376953,13.0,14.600000381469727
2026-09-16 22:00:00+00:00,2026-09-17 06:00:00+00:00,8.0,14.41187858581543,17.0,18.33333396911621
2026-09-16 22:00:00+00:00,2026-09-17 07:00:00+00:00,9.0,15.666460037231445,17.0,18.33333396911621
2026-09-16 22:00:00+00:00,2026-09-17 08:00:00+00:00,10.0,16.179903030395508,16.0,17.0
2026-09-16 22:00:00+00:00,2026-09-17 09:00:00+00:00,11.0,17.36153221130371,16.0,17.16666603088379
2026-09-16 22:00:00+00:00,2026-09-17 10:00:00+00:00,12.0,17.958106994628906,16.0,16.83333396911621
2026-09-16 23:00:00+00:00,2026-09-17 00:00:00+00:00,1.0,6.948709487915039,10.0,5.75
2026-09-16 23:00:00+00:00,2026-09-17 01:00:00+00:00,2.0,7.449685096740723,9.0,7.166666507720947
2026-09-16 23:00:00+00:00,2026-09-17 02:00:00+00:00,3.0,8.638875007629395,8.0,10.800000190734863
2026-09-16 23:00:00+00:00,2026-09-17 03:00:00+00:00,4.0,9.960349082946777,10.0,12.166666984558105
2026-09-16 23:00:00+00:00,2026-09-17 04:00:00+00:00,5.0,11.231460571289062,11.0,14.0
2026-09-16 23:00:00+00:00,2026-09-17 05:00:00+00:00,6.0,11.846670150756836,13.0,14.600000381469727
2026-09-16 23:00:00+00:00,2026-09-17 06:00:00+00:00,7.0,14.3229398727417,17.0,18.33333396911621
2026-09-16 23:00:00+00:00,2026-09-17 07:00:00+00:00,8.0,15.595738410949707,17.0,18.33333396911621
2026-09-16 23:00:00+00:00,2026-09-17 08:00:00+00:00,9.0,16.12236213684082,16.0,17.0
2026-09-16 23:00:00+00:00,2026-09-17 09:00:00+00:00,10.0,17.32110595703125,16.0,17.16666603088379
2026-09-16 23:00:00+00:00,2026-09-17 10:00:00+00:00,11.0,17.9315128326416,16.0,16.83333396911621
2026-09-16 23:00:00+00:00,2026-09-17 11:00:00+00:00,12.0,17.576868057250977,15.0,17.0
2026-09-17 00:00:00+00:00,2026-09-17 01:00:00+00:00,1.0,6.197409152984619,9.0,7.166666507720947
2026-09-17 00:00:00+00:00,2026-09-17 02:00:00+00:00,2.0,7.936261177062988,8.0,10.800000190734863
2026-09-17 00:00:00+00:00,2026-09-17 03:00:00+00:00,3.0,9.485061645507812,10.0,12.166666984558105
2026-09-17 00:00:00+00:00,2026-09-17 04:00:00+00:00,4.0,10.845122337341309,11.0,14.0
2026-09-17 00:00:00+00:00,2026-09-17 05:00:00+00:00,5.0,11.59272289276123,13.0,14.600000381469727
2026-09-17 00:00:00+00:00,2026-09-17 06:00:00+00:00,6.0,14.097138404846191,17.0,18.33333396911621
2026-09-17 00:00:00+00:00,2026-09-17 07:00:00+00:00,7.0,15.422307014465332,17.0,18.33333396911621
2026-09-17 00:00:00+00:00,2026-09-17 08:00:00+00:00,8.0,15.981833457946777,16.0,17.0
2026-09-17 00:00:00+00:00,2026-09-17 09:00:00+00:00,9.0,17.21747398376465,16.0,17.16666603088379
2026-09-17 00:00:00+00:00,2026-09-17 10:00:00+00:00,10.0,17.869720458984375,16.0,16.83333396911621
2026-09-17 00:00:00+00:00,2026-09-17 11:00:00+00:00,11.0,17.535491943359375,15.0,17.0
2026-09-17 00:00:00+00:00,2026-09-17 12:00:00+00:00,12.0,17.395641326904297,15.0,18.399999618530273
2026-09-17 01:00:00+00:00,2026-09-17 02:00:00+00:00,1.0,8.674116134643555,8.0,10.800000190734863
2026-09-17 01:00:00+00:00,2026-09-17 03:00:00+00:00,2.0,9.901779174804688,10.0,12.166666984558105
2026-09-17 01:00:00+00:00,2026-09-17 04:00:00+00:00,3.0,11.16609001159668,11.0,14.0
2026-09-17 01:00:00+00:00,2026-09-17 05:00:00+00:00,4.0,11.804805755615234,13.0,14.600000381469727
2026-09-17 01:00:00+00:00,2026-09-17 06:00:00+00:00,5.0,14.288887023925781,17.0,18.33333396911621
2026-09-17 01:00:00+00:00,2026-09-17 07:00:00+00:00,6.0,15.56903076171875,17.0,18.33333396911621
2026-09-17 01:00:00+00:00,2026-09-17 08:00:00+00:00,7.0,16.100563049316406,16.0,17.0
2026-09-17 01:00:00+00:00,2026-09-17 09:00:00+00:00,8.0,17.305343627929688,16.0,17.16666603088379
2026-09-17 01:00:00+00:00,2026-09-17 10:00:00+00:00,9.0,17.92120933532715,16.0,16.83333396911621
2026-09-17 01:00:00+00:00,2026-09-17 11:00:00+00:00,10.0,17.570024490356445,15.0,17.0
2026-09-17 01:00:00+00:00,2026-09-17 12:00:00+00:00,11.0,17.416719436645508,15.0,18.399999618530273
2026-09-17 01:00:00+00:00,2026-09-17 13:00:00+00:00,12.0,18.05815887451172,16.0,17.5
2026-09-17 02:00:00+00:00,2026-09-17 03:00:00+00:00,1.0,11.51196575164795,10.0,12.166666984558105
2026-09-17 02:00:00+00:00,2026-09-17 04:00:00+00:00,2.0,12.116600036621094,11.0,14.0
2026-09-17 02:00:00+00:00,2026-09-17 05:00:00+00:00,3.0,12.423188209533691,13.0,14.600000381469727
2026-09-17 02:00:00+00:00,2026-09-17 06:00:00+00:00,4.0,14.862330436706543,17.0,18.33333396911621
2026-09-17 02:00:00+00:00,2026-09-17 07:00:00+00:00,5.0,16.0162410736084,17.0,18.33333396911621
2026-09-17 02:00:00+00:00,2026-09-17 08:00:00+00:00,6.0,16.460683822631836,16.0,17.0
2026-09-17 02:00:00+00:00,2026-09-17 09:00:00+00:00,7.0,17.553577423095703,16.0,17.16666603088379
2026-09-17 02:00:00+00:00,2026-09-17 10:00:00+00:00,8.0,18.095754623413086,16.0,16.83333396911621
2026-09-17 02:00:00+00:00,2026-09-17 11:00:00+00:00,9.0,17.68818473815918,15.0,17.0
2026-09-17 02:00:00+00:00,2026-09-17 12:00:00+00:00,10.0,17.48683738708496,15.0,18.399999618530273
2026-09-17 02:00:00+00:00,2026-09-17 13:00:00+00:00,11.0,18.09164810180664,16.0,17.5
2026-09-17 02:00:00+00:00,2026-09-17 14:00:00+00:00,12.0,18.231843948364258,16.0,20.799999237060547
2026-09-17 03:00:00+00:00,2026-09-17 04:00:00+00:00,1.0,12.794500350952148,11.0,14.0
2026-09-17 03:00:00+00:00,2026-09-17 05:00:00+00:00,2.0,12.822012901306152,13.0,14.600000381469727
2026-09-17 03:00:00+00:00,2026-09-17 06:00:00+00:00,3.0,15.191879272460938,17.0,18.33333396911621
2026-09-17 03:00:00+00:00,2026-09-17 07:00:00+00:00,4.0,16.256195068359375,17.0,18.33333396911621
2026-09-17 03:00:00+00:00,2026-09-17 08:00:00+00:00,5.0,16.650800704956055,16.0,17.0
2026-09-17 03:00:00+00:00,2026-09-17 09:00:00+00:00,6.0,17.68034553527832,16.0,17.16666603088379
2026-09-17 03:00:00+00:00,2026-09-17 10:00:00+00:00,7.0,18.194337844848633,16.0,16.83333396911621
2026-09-17 03:00:00+00:00,2026-09-17 11:00:00+00:00,8.0,17.75487518310547,15.0,17.0
2026-09-17 03:00:00+00:00,2026-09-17 12:00:00+00:00,9.0,17.526351928710938,15.0,18.399999618530273
2026-09-17 03:00:00+00:00,2026-09-17 13:00:00+00:00,10.0,18.11102294921875,16.0,17.5
2026-09-17 03:00:00+00:00,2026-09-17 14:00:00+00:00,11.0,18.243425369262695,16.0,20.799999237060547
2026-09-17 03:00:00+00:00,2026-09-17 15:00:00+00:00,12.0,18.962663650512695,17.0,18.428571701049805
2026-09-17 04:00:00+00:00,2026-09-17 05:00:00+00:00,1.0,13.834877014160156,13.0,14.600000381469727
2026-09-17 04:00:00+00:00,2026-09-17 06:00:00+00:00,2.0,15.796689987182617,17.0,18.33333396911621
2026-09-17 04:00:00+00:00,2026-09-17 07:00:00+00:00,3.0,16.749168395996094,17.0,18.33333396911621
2026-09-17 04:00:00+00:00,2026-09-17 08:00:00+00:00,4.0,17.035871505737305,16.0,17.0
2026-09-17 04:00:00+00:00,2026-09-17 09:00:00+00:00,5.0,17.918779373168945,16.0,17.16666603088379
2026-09-17 04:00:00+00:00,2026-09-17 10:00:00+00:00,6.0,18.377431869506836,16.0,16.83333396911621
2026-09-17 04:00:00+00:00,2026-09-17 11:00:00+00:00,7.0,17.880268096923828,15.0,17.0
2026-09-17 04:00:00+00:00,2026-09-17 12:00:00+00:00,8.0,17.600801467895508,15.0,18.399999618530273
2026-09-17 04:00:00+00:00,2026-09-17 13:00:00+00:00,9.0,18.147512435913086,16.0,17.5
2026-09-17 04:00:00+00:00,2026-09-17 14:00:00+00:00,10.0,18.26462173461914,16.0,20.799999237060547
2026-09-17 04:00:00+00:00,2026-09-17 15:00:00+00:00,11.0,18.97431755065918,17.0,18.428571701049805
2026-09-17 04:00:00+00:00,2026-09-17 16:00:00+00:00,12.0,18.98857307434082,17.0,14.666666984558105
2026-09-17 05:00:00+00:00,2026-09-17 06:00:00+00:00,1.0,16.3100528717041,17.0,18.33333396911621
2026-09-17 05:00:00+00:00,2026-09-17 07:00:00+00:00,2.0,17.10756492614746,17.0,18.33333396911621
2026-09-17 05:00:00+00:00,2026-09-17 08:00:00+00:00,3.0,17.288223266601562,16.0,17.0
2026-09-17 05:00:00+00:00,2026-09-17 09:00:00+00:00,4.0,18.074108123779297,16.0,17.16666603088379
2026-09-17 05:00:00+00:00,2026-09-17 10:00:00+00:00,5.0,18.5008487701416,16.0,16.83333396911621
2026-09-17 05:00:00+00:00,2026-09-17 11:00:00+00:00,6.0,17.959110260009766,15.0,17.0
2026-09-17 05:00:00+00:00,2026-09-17 12:00:00+00:00,7.0,17.64738655090332,15.0,18.399999618530273
2026-09-17 05:00:00+00:00,2026-09-17 13:00:00+00:00,8.0,18.170072555541992,16.0,17.5
2026-09-17 05:00:00+00:00,2026-09-17 14:00:00+00:00,9.0,18.277557373046875,16.0,20.799999237060547
2026-09-17 05:00:00+00:00,2026-09-17 15:00:00+00:00,10.0,18.981409072875977,17.0,18.428571701049805
2026-09-17 05:00:00+00:00,2026-09-17 16:00:00+00:00,11.0,18.99199867248535,17.0,14.666666984558105
2026-09-17 05:00:00+00:00,2026-09-17 17:00:00+00:00,12.0,13.619965553283691,9.0,13.333333015441895
2026-09-17 06:00:00+00:00,2026-09-17 07:00:00+00:00,1.0,19.171489715576172,19.0,18.33333396911621
2026-09-17 06:00:00+00:00,2026-09-17 08:00:00+00:00,2.0,19.037809371948242,18.0,17.0
2026-09-17 06:00:00+00:00,2026-09-17 09:00:00+00:00,3.0,18.261003494262695,15.0,17.16666603088379
2026-09-17 06:00:00+00:00,2026-09-17 10:00:00+00:00,4.0,19.853248596191406,18.0,16.83333396911621
2026-09-17 06:00:00+00:00,2026-09-17 11:00:00+00:00,5.0,19.973793029785156,17.0,17.0
2026-09-17 06:00:00+00:00,2026-09-17 12:00:00+00:00,6.0,19.402620315551758,16.0,18.399999618530273
2026-09-17 06:00:00+00:00,2026-09-17 13:00:00+00:00,7.0,19.690933227539062,17.0,17.5
2026-09-17 06:00:00+00:00,2026-09-17 14:00:00+00:00,8.0,19.505475997924805,17.0,20.799999237060547
2026-09-17 06:00:00+00:00,2026-09-17 15:00:00+00:00,9.0,21.42255973815918,21.0,18.428571701049805
2026-09-17 06:00:00+00:00,2026-09-17 16:00:00+00:00,10.0,19.045650482177734,15.0,14.666666984558105
2026-09-17 06:00:00+00:00,2026-09-17 17:00:00+00:00,11.0,15.7801513671875,13.0,13.333333015441895
2026-09-17 06:00:00+00:00,2026-09-17 18:00:00+00:00,12.0,13.917759895324707,14.0,10.75
2026-09-17 07:00:00+00:00,2026-09-17 08:00:00+00:00,1.0,18.527652740478516,15.0,17.0
2026-09-17 07:00:00+00:00,2026-09-17 09:00:00+00:00,2.0,18.22639274597168,15.0,17.16666603088379
2026-09-17 07:00:00+00:00,2026-09-17 10:00:00+00:00,3.0,18.740447998046875,16.0,16.83333396911621
2026-09-17 07:00:00+00:00,2026-09-17 11:00:00+00:00,4.0,18.954856872558594,16.0,17.0
2026-09-17 07:00:00+00:00,2026-09-17 12:00:00+00:00,5.0,19.115720748901367,16.0,18.399999618530273
2026-09-17 07:00:00+00:00,2026-09-17 13:00:00+00:00,6.0,18.963409423828125,16.0,17.5
2026-09-17 07:00:00+00:00,2026-09-17 14:00:00+00:00,7.0,19.864532470703125,18.0,20.799999237060547
2026-09-17 07:00:00+00:00,2026-09-17 15:00:00+00:00,8.0,20.647708892822266,19.0,18.428571701049805
2026-09-17 07:00:00+00:00,2026-09-17 16:00:00+00:00,9.0,18.151996612548828,14.0,14.666666984558105
2026-09-17 07:00:00+00:00,2026-09-17 17:00:00+00:00,10.0,15.723443984985352,13.0,13.333333015441895
2026-09-17 07:00:00+00:00,2026-09-17 18:00:00+00:00,11.0,14.307223320007324,14.0,10.75
2026-09-17 07:00:00+00:00,2026-09-17 19:00:00+00:00,12.0,9.926687240600586,9.0,3.4000000953674316
2026-09-17 08:00:00+00:00,2026-09-17 09:00:00+00:00,1.0,17.96245002746582,16.0,17.16666603088379
2026-09-17 08:00:00+00:00,2026-09-17 10:00:00+00:00,2.0,19.010616302490234,17.0,16.83333396911621
2026-09-17 08:00:00+00:00,2026-09-17 11:00:00+00:00,3.0,18.73843765258789,16.0,17.0
2026-09-17 08:00:00+00:00,2026-09-17 12:00:00+00:00,4.0,18.033245086669922,15.0,18.399999618530273
2026-09-17 08:00:00+00:00,2026-09-17 13:00:00+00:00,5.0,19.00516700744629,17.0,17.5
2026-09-17 08:00:00+00:00,2026-09-17 14:00:00+00:00,6.0,20.11277198791504,19.0,20.799999237060547
2026-09-17 08:00:00+00:00,2026-09-17 15:00:00+00:00,7.0,20.251239776611328,18.0,18.428571701049805
2026-09-17 08:00:00+00:00,2026-09-17 16:00:00+00:00,8.0,18.524263381958008,15.0,14.666666984558105
2026-09-17 08:00:00+00:00,2026-09-17 17:00:00+00:00,9.0,15.340267181396484,13.0,13.333333015441895
2026-09-17 08:00:00+00:00,2026-09-17 18:00:00+00:00,10.0,14.057971954345703,14.0,10.75
2026-09-17 08:00:00+00:00,2026-09-17 19:00:00+00:00,11.0,10.427206039428711,9.0,3.4000000953674316
2026-09-17 08:00:00+00:00,2026-09-17 20:00:00+00:00,12.0,8.297026634216309,10.0,2.75
2026-09-17 09:00:00+00:00,2026-09-17 10:00:00+00:00,1.0,18.869178771972656,17.0,16.83333396911621
2026-09-17 09:00:00+00:00,2026-09-17 11:00:00+00:00,2.0,18.45417594909668,15.0,17.0
2026-09-17 09:00:00+00:00,2026-09-17 12:00:00+00:00,3.0,17.92523765563965,15.0,18.399999618530273
2026-09-17 09:00:00+00:00,2026-09-17 13:00:00+00:00,4.0,18.812162399291992,17.0,17.5
2026-09-17 09:00:00+00:00,2026-09-17 14:00:00+00:00,5.0,19.640380859375,18.0,20.799999237060547
2026-09-17 09:00:00+00:00,2026-09-17 15:00:00+00:00,6.0,20.753765106201172,19.0,18.428571701049805
2026-09-17 09:00:00+00:00,2026-09-17 16:00:00+00:00,7.0,19.4892635345459,16.0,14.666666984558105
2026-09-17 09:00:00+00:00,2026-09-17 17:00:00+00:00,8.0,15.301135063171387,11.0,13.333333015441895
2026-09-17 09:00:00+00:00,2026-09-17 18:00:00+00:00,9.0,14.811594009399414,13.0,10.75
2026-09-17 09:00:00+00:00,2026-09-17 19:00:00+00:00,10.0,12.168736457824707,12.0,3.4000000953674316
2026-09-17 09:00:00+00:00,2026-09-17 20:00:00+00:00,11.0,12.145797729492188,16.0,2.75
2026-09-17 09:00:00+00:00,2026-09-17 21:00:00+00:00,12.0,7.555922508239746,6.0,1.5
2026-09-17 10:00:00+00:00,2026-09-17 11:00:00+00:00,1.0,18.69727325439453,17.0,17.0
2026-09-17 10:00:00+00:00,2026-09-17 12:00:00+00:00,2.0,18.787063598632812,16.0,18.399999618530273
2026-09-17 10:00:00+00:00,2026-09-17 13:00:00+00:00,3.0,18.636873245239258,16.0,17.5
2026-09-17 10:00:00+00:00,2026-09-17 14:00:00+00:00,4.0,19.731151580810547,18.0,20.799999237060547
2026-09-17 10:00:00+00:00,2026-09-17 15:00:00+00:00,5.0,21.234655380249023,20.0,18.428571701049805
2026-09-17 10:00:00+00:00,2026-09-17 16:00:00+00:00,6.0,16.488792419433594,12.0,14.666666984558105
2026-09-17 10:00:00+00:00,2026-09-17 17:00:00+00:00,7.0,14.974672317504883,14.0,13.333333015441895
2026-09-17 10:00:00+00:00,2026-09-17 18:00:00+00:00,8.0,13.371437072753906,13.0,10.75
2026-09-17 10:00:00+00:00,2026-09-17 19:00:00+00:00,9.0,11.81322193145752,11.0,3.4000000953674316
2026-09-17 10:00:00+00:00,2026-09-17 20:00:00+00:00,10.0,7.758367538452148,7.0,2.75
2026-09-17 10:00:00+00:00,2026-09-17 21:00:00+00:00,11.0,7.497781753540039,9.0,1.5
2026-09-17 10:00:00+00:00,2026-09-17 22:00:00+00:00,12.0,6.750910758972168,9.0,5.800000190734863
2026-09-17 11:00:00+00:00,2026-09-17 12:00:00+00:00,1.0,18.62710952758789,17.0,18.399999618530273
2026-09-17 11:00:00+00:00,2026-09-17 13:00:00+00:00,2.0,19.843368530273438,18.0,17.5
2026-09-17 11:00:00+00:00,2026-09-17 14:00:00+00:00,3.0,20.75896453857422,19.0,20.799999237060547
2026-09-17 11:00:00+00:00,2026-09-17 15:00:00+00:00,4.0,21.61450958251953,20.0,18.428571701049805
2026-09-17 11:00:00+00:00,2026-09-17 16:00:00+00:00,5.0,16.239559173583984,12.0,14.666666984558105
2026-09-17 11:00:00+00:00,2026-09-17 17:00:00+00:00,6.0,14.616999626159668,13.0,13.333333015441895
2026-09-17 11:00:00+00:00,2026-09-17 18:00:00+00:00,7.0,13.365412712097168,13.0,10.75
2026-09-17 11:00:00+00:00,2026-09-17 19:00:00+00:00,8.0,10.986041069030762,11.0,3.4000000953674316
2026-09-17 11:00:00+00:00,2026-09-17 20:00:00+00:00,9.0,6.775322437286377,6.0,2.75
2026-09-17 11:00:00+00:00,2026-09-17 21:00:00+00:00,10.0,5.911188125610352,7.0,1.5
2026-09-17 11:00:00+00:00,2026-09-17 22:00:00+00:00,11.0,5.1165642738342285,6.0,5.800000190734863
2026-09-17 11:00:00+00:00,2026-09-17 23:00:00+00:00,12.0,6.492565631866455,10.0,7.400000095367432
2026-09-17 12:00:00+00:00,2026-09-17 13:00:00+00:00,1.0,19.755231857299805,17.0,17.5
2026-09-17 12:00:00+00:00,2026-09-17 14:00:00+00:00,2.0,21.285825729370117,20.0,20.799999237060547
2026-09-17 12:00:00+00:00,2026-09-17 15:00:00+00:00,3.0,21.42214012145996,19.0,18.428571701049805
2026-09-17 12:00:00+00:00,2026-09-17 16:00:00+00:00,4.0,20.413930892944336,17.0,14.666666984558105
2026-09-17 12:00:00+00:00,2026-09-17 17:00:00+00:00,5.0,17.089176177978516,13.0,13.333333015441895
2026-09-17 12:00:00+00:00,2026-09-17 18:00:00+00:00,6.0,13.82763957977295,11.0,10.75
2026-09-17 12:00:00+00:00,2026-09-17 19:00:00+00:00,7.0,11.407242774963379,10.0,3.4000000953674316
2026-09-17 12:00:00+00:00,2026-09-17 20:00:00+00:00,8.0,7.328792095184326,4.0,2.75
2026-09-17 12:00:00+00:00,2026-09-17 21:00:00+00:00,9.0,7.974723815917969,11.0,1.5
2026-09-17 12:00:00+00:00,2026-09-17 22:00:00+00:00,10.0,8.112470626831055,11.0,5.800000190734863
2026-09-17 12:00:00+00:00,2026-09-17 23:00:00+00:00,11.0,8.500592231750488,12.0,7.400000095367432
2026-09-17 12:00:00+00:00,2026-09-18 00:00:00+00:00,12.0,8.388100624084473,12.0,8.5
2026-09-17 13:00:00+00:00,2026-09-17 14:00:00+00:00,1.0,19.56400489807129,20.0,20.799999237060547
2026-09-17 13:00:00+00:00,2026-09-17 15:00:00+00:00,2.0,20.878463745117188,20.0,18.428571701049805
2026-09-17 13:00:00+00:00,2026-09-17 16:00:00+00:00,3.0,18.870328903198242,16.0,14.666666984558105
2026-09-17 13:00:00+00:00,2026-09-17 17:00:00+00:00,4.0,16.420717239379883,15.0,13.333333015441895
2026-09-17 13:00:00+00:00,2026-09-17 18:00:00+00:00,5.0,13.512474060058594,11.0,10.75
2026-09-17 13:00:00+00:00,2026-09-17 19:00:00+00:00,6.0,10.694740295410156,8.0,3.4000000953674316
2026-09-17 13:00:00+00:00,2026-09-17 20:00:00+00:00,7.0,8.973079681396484,10.0,2.75
2026-09-17 13:00:00+00:00,2026-09-17 21:00:00+00:00,8.0,9.891440391540527,14.0,1.5
2026-09-17 13:00:00+00:00,2026-09-17 22:00:00+00:00,9.0,8.808990478515625,12.0,5.800000190734863
2026-09-17 13:00:00+00:00,2026-09-17 23:00:00+00:00,10.0,8.125285148620605,11.0,7.400000095367432
2026-09-17 13:00:00+00:00,2026-09-18 00:00:00+00:00,11.0,8.480293273925781,12.0,8.5
2026-09-17 13:00:00+00:00,2026-09-18 01:00:00+00:00,12.0,9.140543937683105,13.0,8.333333015441895
2026-09-17 14:00:00+00:00,2026-09-17 15:00:00+00:00,1.0,21.647151947021484,18.0,18.428571701049805
2026-09-17 14:00:00+00:00,2026-09-17 16:00:00+00:00,2.0,16.658367156982422,10.0,14.666666984558105
2026-09-17 14:00:00+00:00,2026-09-17 17:00:00+00:00,3.0,14.827281951904297,13.0,13.333333015441895
2026-09-17 14:00:00+00:00,2026-09-17 18:00:00+00:00,4.0,13.540143966674805,13.0,10.75
2026-09-17 14:00:00+00:00,2026-09-17 19:00:00+00:00,5.0,12.604300498962402,13.0,3.4000000953674316
2026-09-17 14:00:00+00:00,2026-09-17 20:00:00+00:00,6.0,8.882342338562012,9.0,2.75
2026-09-17 14:00:00+00:00,2026-09-17 21:00:00+00:00,7.0,8.014860153198242,11.0,1.5
2026-09-17 14:00:00+00:00,2026-09-17 22:00:00+00:00,8.0,8.896010398864746,13.0,5.800000190734863
2026-09-17 14:00:00+00:00,2026-09-17 23:00:00+00:00,9.0,7.72772741317749,10.0,7.400000095367432
2026-09-17 14:00:00+00:00,2026-09-18 00:00:00+00:00,10.0,7.685439586639404,11.0,8.5
2026-09-17 14:00:00+00:00,2026-09-18 01:00:00+00:00,11.0,8.836669921875,13.0,8.333333015441895
2026-09-17 14:00:00+00:00,2026-09-18 02:00:00+00:00,12.0,9.346551895141602,13.0,8.0
2026-09-17 15:00:00+00:00,2026-09-17 16:00:00+00:00,1.0,17.499006271362305,15.0,14.666666984558105
2026-09-17 15:00:00+00:00,2026-09-17 17:00:00+00:00,2.0,17.318525314331055,15.0,13.333333015441895
2026-09-17 15:00:00+00:00,2026-09-17 18:00:00+00:00,3.0,13.983100891113281,11.0,10.75
2026-09-17 15:00:00+00:00,2026-09-17 19:00:00+00:00,4.0,12.057916641235352,11.0,3.4000000953674316
2026-09-17 15:00:00+00:00,2026-09-17 20:00:00+00:00,5.0,6.9688920974731445,5.0,2.75
2026-09-17 15:00:00+00:00,2026-09-17 21:00:00+00:00,6.0,7.045083045959473,7.0,1.5
2026-09-17 15:00:00+00:00,2026-09-17 22:00:00+00:00,7.0,8.114069938659668,12.0,5.800000190734863
2026-09-17 15:00:00+00:00,2026-09-17 23:00:00+00:00,8.0,8.631821632385254,12.0,7.400000095367432
2026-09-17 15:00:00+00:00,2026-09-18 00:00:00+00:00,9.0,9.189945220947266,13.0,8.5
2026-09-17 15:00:00+00:00,2026-09-18 01:00:00+00:00,10.0,9.388751029968262,13.0,8.333333015441895
2026-09-17 15:00:00+00:00,2026-09-18 02:00:00+00:00,11.0,9.472467422485352,13.0,8.0
2026-09-17 15:00:00+00:00,2026-09-18 03:00:00+00:00,12.0,9.693613052368164,13.0,8.800000190734863
2026-09-17 16:00:00+00:00,2026-09-17 17:00:00+00:00,1.0,15.11517333984375,17.0,13.333333015441895
2026-09-17 16:00:00+00:00,2026-09-17 18:00:00+00:00,2.0,15.09805965423584,15.0,10.75
2026-09-17 16:00:00+00:00,2026-09-17 19:00:00+00:00,3.0,14.443900108337402,13.0,3.4000000953674316
2026-09-17 16:00:00+00:00,2026-09-17 20:00:00+00:00,4.0,10.28199291229248,10.0,2.75
2026-09-17 16:00:00+00:00,2026-09-17 21:00:00+00:00,5.0,9.19404411315918,12.0,1.5
2026-09-17 16:00:00+00:00,2026-09-17 22:00:00+00:00,6.0,8.042230606079102,11.0,5.800000190734863
2026-09-17 16:00:00+00:00,2026-09-17 23:00:00+00:00,7.0,6.232162952423096,9.0,7.400000095367432
2026-09-17 16:00:00+00:00,2026-09-18 00:00:00+00:00,8.0,9.006896018981934,14.0,8.5
2026-09-17 16:00:00+00:00,2026-09-18 01:00:00+00:00,9.0,9.389041900634766,13.0,8.333333015441895
2026-09-17 16:00:00+00:00,2026-09-18 02:00:00+00:00,10.0,9.444623947143555,13.0,8.0
2026-09-17 16:00:00+00:00,2026-09-18 03:00:00+00:00,11.0,9.870275497436523,13.0,8.800000190734863
2026-09-17 16:00:00+00:00,2026-09-18 04:00:00+00:00,12.0,9.899840354919434,13.0,8.0
2026-09-17 17:00:00+00:00,2026-09-17 18:00:00+00:00,1.0,13.43580436706543,12.0,10.75
2026-09-17 17:00:00+00:00,2026-09-17 19:00:00+00:00,2.0,11.088991165161133,10.0,3.4000000953674316
2026-09-17 17:00:00+00:00,2026-09-17 20:00:00+00:00,3.0,8.380343437194824,9.0,2.75
2026-09-17 17:00:00+00:00,2026-09-17 21:00:00+00:00,4.0,8.674723625183105,12.0,1.5
2026-09-17 17:00:00+00:00,2026-09-17 22:00:00+00:00,5.0,9.061483383178711,13.0,5.800000190734863
2026-09-17 17:00:00+00:00,2026-09-17 23:00:00+00:00,6.0,7.593898773193359,10.0,7.400000095367432
2026-09-17 17:00:00+00:00,2026-09-18 00:00:00+00:00,7.0,7.713044166564941,11.0,8.5
2026-09-17 17:00:00+00:00,2026-09-18 01:00:00+00:00,8.0,8.86362361907959,13.0,8.333333015441895
2026-09-17 17:00:00+00:00,2026-09-18 02:00:00+00:00,9.0,8.821174621582031,12.0,8.0
2026-09-17 17:00:00+00:00,2026-09-18 03:00:00+00:00,10.0,8.971084594726562,12.0,8.800000190734863
2026-09-17 17:00:00+00:00,2026-09-18 04:00:00+00:00,11.0,9.120111465454102,12.0,8.0
2026-09-17 17:00:00+00:00,2026-09-18 05:00:00+00:00,12.0,9.431904792785645,12.0,7.0
2026-09-17 18:00:00+00:00,2026-09-17 19:00:00+00:00,1.0,11.405120849609375,12.0,3.4000000953674316
2026-09-17 18:00:00+00:00,2026-09-17 20:00:00+00:00,2.0,7.927689552307129,9.0,2.75
2026-09-17 18:00:00+00:00,2026-09-17 21:00:00+00:00,3.0,7.502668380737305,10.0,1.5
2026-09-17 18:00:00+00:00,2026-09-17 22:00:00+00:00,4.0,8.032626152038574,12.0,5.800000190734863
2026-09-17 18:00:00+00:00,2026-09-17 23:00:00+00:00,5.0,8.072986602783203,11.0,7.400000095367432
2026-09-17 18:00:00+00:00,2026-09-18 00:00:00+00:00,6.0,8.442051887512207,12.0,8.5
2026-09-17 18:00:00+00:00,2026-09-18 01:00:00+00:00,7.0,9.128817558288574,13.0,8.333333015441895
2026-09-17 18:00:00+00:00,2026-09-18 02:00:00+00:00,8.0,8.951340675354004,12.0,8.0
2026-09-17 18:00:00+00:00,2026-09-18 03:00:00+00:00,9.0,9.587512969970703,13.0,8.800000190734863
2026-09-17 18:00:00+00:00,2026-09-18 04:00:00+00:00,10.0,9.776335716247559,13.0,8.0
2026-09-17 18:00:00+00:00,2026-09-18 05:00:00+00:00,11.0,9.399809837341309,12.0,7.0
2026-09-17 18:00:00+00:00,2026-09-18 06:00:00+00:00,12.0,9.68510627746582,12.0,8.5
2026-09-17 19:00:00+00:00,2026-09-17 20:00:00+00:00,1.0,2.216822385787964,9.0,2.75
2026-09-17 19:00:00+00:00,2026-09-17 21:00:00+00:00,2.0,3.8688883781433105,9.0,1.5
2026-09-17 19:00:00+00:00,2026-09-17 22:00:00+00:00,3.0,5.798512935638428,10.0,5.800000190734863
2026-09-17 19:00:00+00:00,2026-09-17 23:00:00+00:00,4.0,5.115657329559326,8.0,7.400000095367432
2026-09-17 19:00:00+00:00,2026-09-18 00:00:00+00:00,5.0,7.836255073547363,13.0,8.5
2026-09-17 19:00:00+00:00,2026-09-18 01:00:00+00:00,6.0,8.888827323913574,13.0,8.333333015441895
2026-09-17 19:00:00+00:00,2026-09-18 02:00:00+00:00,7.0,8.62470531463623,12.0,8.0
2026-09-17 19:00:00+00:00,2026-09-18 03:00:00+00:00,8.0,9.508164405822754,13.0,8.800000190734863
2026-09-17 19:00:00+00:00,2026-09-18 04:00:00+00:00,9.0,9.786773681640625,13.0,8.0
2026-09-17 19:00:00+00:00,2026-09-18 05:00:00+00:00,10.0,10.05044937133789,13.0,7.0
2026-09-17 19:00:00+00:00,2026-09-18 06:00:00+00:00,11.0,10.359766960144043,13.0,8.5
2026-09-17 19:00:00+00:00,2026-09-18 07:00:00+00:00,12.0,10.803174018859863,13.0,10.0
2026-09-17 20:00:00+00:00,2026-09-17 21:00:00+00:00,1.0,4.7195634841918945,11.0,1.5
2026-09-17 20:00:00+00:00,2026-09-17 22:00:00+00:00,2.0,6.152834892272949,12.0,5.800000190734863
2026-09-17 20:00:00+00:00,2026-09-17 23:00:00+00:00,3.0,7.411725997924805,12.0,7.400000095367432
2026-09-17 20:00:00+00:00,2026-09-18 00:00:00+00:00,4.0,7.306168079376221,11.0,8.5
2026-09-17 20:00:00+00:00,2026-09-18 01:00:00+00:00,5.0,7.939201831817627,12.0,8.333333015441895
2026-09-17 20:00:00+00:00,2026-09-18 02:00:00+00:00,6.0,8.453582763671875,12.0,8.0
2026-09-17 20:00:00+00:00,2026-09-18 03:00:00+00:00,7.0,8.817002296447754,12.0,8.800000190734863
2026-09-17 20:00:00+00:00,2026-09-18 04:00:00+00:00,8.0,9.07437515258789,12.0,8.0
2026-09-17 20:00:00+00:00,2026-09-18 05:00:00+00:00,9.0,8.899169921875,11.0,7.0
2026-09-17 20:00:00+00:00,2026-09-18 06:00:00+00:00,10.0,9.25805950164795,11.0,8.5
2026-09-17 20:00:00+00:00,2026-09-18 07:00:00+00:00,11.0,9.92215633392334,12.0,10.0
2026-09-17 20:00:00+00:00,2026-09-18 08:00:00+00:00,12.0,10.876270294189453,13.0,9.0
2026-09-17 21:00:00+00:00,2026-09-17 22:00:00+00:00,1.0,2.9492592811584473,12.0,5.800000190734863
2026-09-17 21:00:00+00:00,2026-09-17 23:00:00+00:00,2.0,5.571117401123047,12.0,7.400000095367432
2026-09-17 21:00:00+00:00,2026-09-18 00:00:00+00:00,3.0,6.915501117706299,12.0,8.5
2026-09-17 21:00:00+00:00,2026-09-18 01:00:00+00:00,4.0,7.817850589752197,12.0,8.333333015441895
2026-09-17 21:00:00+00:00,2026-09-18 02:00:00+00:00,5.0,8.560554504394531,12.0,8.0
2026-09-17 21:00:00+00:00,2026-09-18 03:00:00+00:00,6.0,9.397930145263672,13.0,8.800000190734863
2026-09-17 21:00:00+00:00,2026-09-18 04:00:00+00:00,7.0,9.318988800048828,12.0,8.0
2026-09-17 21:00:00+00:00,2026-09-18 05:00:00+00:00,8.0,9.070194244384766,11.0,7.0
2026-09-17 21:00:00+00:00,2026-09-18 06:00:00+00:00,9.0,9.140403747558594,11.0,8.5
2026-09-17 21:00:00+00:00,2026-09-18 07:00:00+00:00,10.0,9.369826316833496,11.0,10.0
2026-09-17 21:00:00+00:00,2026-09-18 08:00:00+00:00,11.0,10.102871894836426,12.0,9.0
2026-09-17 21:00:00+00:00,2026-09-18 09:00:00+00:00,12.0,10.570959091186523,12.0,10.5
2026-09-17 22:00:00+00:00,2026-09-17 23:00:00+00:00,1.0,6.258993625640869,12.0,7.400000095367432
2026-09-17 22:00:00+00:00,2026-09-18 00:00:00+00:00,2.0,6.947329044342041,12.0,8.5
2026-09-17 22:00:00+00:00,2026-09-18 01:00:00+00:00,3.0,7.887910842895508,12.0,8.333333015441895
2026-09-17 22:00:00+00:00,2026-09-18 02:00:00+00:00,4.0,8.61469841003418,12.0,8.0
2026-09-17 22:00:00+00:00,2026-09-18 03:00:00+00:00,5.0,9.428451538085938,13.0,8.800000190734863
2026-09-17 22:00:00+00:00,2026-09-18 04:00:00+00:00,6.0,9.33180046081543,12.0,8.0
2026-09-17 22:00:00+00:00,2026-09-18 05:00:00+00:00,7.0,9.077696800231934,11.0,7.0
2026-09-17 22:00:00+00:00,2026-09-18 06:00:00+00:00,8.0,9.144325256347656,11.0,8.5
2026-09-17 22:00:00+00:00,2026-09-18 07:00:00+00:00,9.0,9.371706008911133,11.0,10.0
2026-09-17 22:00:00+00:00,2026-09-18 08:00:00+00:00,10.0,10.103574752807617,12.0,9.0
2026-09-17 22:00:00+00:00,2026-09-18 09:00:00+00:00,11.0,10.571345329284668,12.0,10.5
2026-09-17 22:00:00+00:00,2026-09-18 10:00:00+00:00,12.0,11.507638931274414,13.0,12.833333015441895
2026-09-17 23:00:00+00:00,2026-09-18 00:00:00+00:00,1.0,6.866700172424316,12.0,8.5
2026-09-17 23:00:00+00:00,2026-09-18 01:00:00+00:00,2.0,7.567940711975098,12.0,8.333333015441895
2026-09-17 23:00:00+00:00,2026-09-18 02:00:00+00:00,3.0,8.471536636352539,12.0,8.0
2026-09-17 23:00:00+00:00,2026-09-18 03:00:00+00:00,4.0,9.351065635681152,13.0,8.800000190734863
2026-09-17 23:00:00+00:00,2026-09-18 04:00:00+00:00,5.0,9.304924011230469,12.0,8.0
2026-09-17 23:00:00+00:00,2026-09-18 05:00:00+00:00,6.0,9.062784194946289,11.0,7.0
2026-09-17 23:00:00+00:00,2026-09-18 06:00:00+00:00,7.0,9.136414527893066,11.0,8.5
2026-09-17 23:00:00+00:00,2026-09-18 07:00:00+00:00,8.0,9.36788558959961,11.0,10.0
2026-09-17 23:00:00+00:00,2026-09-18 08:00:00+00:00,9.0,10.10213851928711,12.0,9.0
2026-09-17 23:00:00+00:00,2026-09-18 09:00:00+00:00,10.0,10.570556640625,12.0,10.5
2026-09-17 23:00:00+00:00,2026-09-18 10:00:00+00:00,11.0,11.50706958770752,13.0,12.833333015441895
2026-09-17 23:00:00+00:00,2026-09-18 11:00:00+00:00,12.0,11.93868637084961,13.0,15.833333015441895
2026-09-18 00:00:00+00:00,2026-09-18 01:00:00+00:00,1.0,7.915975570678711,12.0,8.333333015441895
2026-09-18 00:00:00+00:00,2026-09-18 02:00:00+00:00,2.0,8.428933143615723,12.0,8.0
2026-09-18 00:00:00+00:00,2026-09-18 03:00:00+00:00,3.0,9.369921684265137,13.0,8.800000190734863
2026-09-18 00:00:00+00:00,2026-09-18 04:00:00+00:00,4.0,9.310088157653809,12.0,8.0
2026-09-18 00:00:00+00:00,2026-09-18 05:00:00+00:00,5.0,9.065497398376465,11.0,7.0
2026-09-18 00:00:00+00:00,2026-09-18 06:00:00+00:00,6.0,9.137810707092285,11.0,8.5
2026-09-18 00:00:00+00:00,2026-09-18 07:00:00+00:00,7.0,9.368557929992676,11.0,10.0
2026-09-18 00:00:00+00:00,2026-09-18 08:00:00+00:00,8.0,10.102389335632324,12.0,9.0
2026-09-18 00:00:00+00:00,2026-09-18 09:00:00+00:00,9.0,10.570693969726562,12.0,10.5
2026-09-18 00:00:00+00:00,2026-09-18 10:00:00+00:00,10.0,11.507168769836426,13.0,12.833333015441895
2026-09-18 00:00:00+00:00,2026-09-18 11:00:00+00:00,11.0,11.938751220703125,13.0,15.833333015441895
2026-09-18 00:00:00+00:00,2026-09-18 12:00:00+00:00,12.0,11.698477745056152,12.0,15.25
2026-09-18 01:00:00+00:00,2026-09-18 02:00:00+00:00,1.0,8.095069885253906,12.0,8.0
2026-09-18 01:00:00+00:00,2026-09-18 03:00:00+00:00,2.0,8.904994010925293,13.0,8.800000190734863
2026-09-18 01:00:00+00:00,2026-09-18 04:00:00+00:00,3.0,9.05455207824707,12.0,8.0
2026-09-18 01:00:00+00:00,2026-09-18 05:00:00+00:00,4.0,8.939061164855957,11.0,7.0
2026-09-18 01:00:00+00:00,2026-09-18 06:00:00+00:00,5.0,9.073566436767578,11.0,8.5
2026-09-18 01:00:00+00:00,2026-09-18 07:00:00+00:00,6.0,9.338083267211914,11.0,10.0
2026-09-18 01:00:00+00:00,2026-09-18 08:00:00+00:00,7.0,10.09111499786377,12.0,9.0
2026-09-18 01:00:00+00:00,2026-09-18 09:00:00+00:00,8.0,10.564498901367188,12.0,10.5
2026-09-18 01:00:00+00:00,2026-09-18 10:00:00+00:00,9.0,11.502671241760254,13.0,12.833333015441895
2026-09-18 01:00:00+00:00,2026-09-18 11:00:00+00:00,10.0,11.935799598693848,13.0,15.833333015441895
2026-09-18 01:00:00+00:00,2026-09-18 12:00:00+00:00,11.0,11.696664810180664,12.0,15.25
2026-09-18 01:00:00+00:00,2026-09-18 13:00:00+00:00,12.0,12.253034591674805,13.0,15.5
2026-09-18 02:00:00+00:00,2026-09-18 03:00:00+00:00,1.0,8.118354797363281,13.0,8.800000190734863
2026-09-18 02:00:00+00:00,2026-09-18 04:00:00+00:00,2.0,8.390887260437012,12.0,8.0
2026-09-18 02:00:00+00:00,2026-09-18 05:00:00+00:00,3.0,8.58148193359375,11.0,7.0
2026-09-18 02:00:00+00:00,2026-09-18 06:00:00+00:00,4.0,8.90221118927002,11.0,8.5
2026-09-18 02:00:00+00:00,2026-09-18 07:00:00+00:00,5.0,9.266260147094727,11.0,10.0
2026-09-18 02:00:00+00:00,2026-09-18 08:00:00+00:00,6.0,10.069393157958984,12.0,9.0
2026-09-18 02:00:00+00:00,2026-09-18 09:00:00+00:00,7.0,10.551860809326172,12.0,10.5
2026-09-18 02:00:00+00:00,2026-09-18 10:00:00+00:00,8.0,11.493027687072754,13.0,12.833333015441895
2026-09-18 02:00:00+00:00,2026-09-18 11:00:00+00:00,9.0,11.929505348205566,13.0,15.833333015441895
2026-09-18 02:00:00+00:00,2026-09-18 12:00:00+00:00,10.0,11.692802429199219,12.0,15.25
2026-09-18 02:00:00+00:00,2026-09-18 13:00:00+00:00,11.0,12.250743865966797,13.0,15.5
2026-09-18 02:00:00+00:00,2026-09-18 14:00:00+00:00,12.0,12.555106163024902,13.0,16.33333396911621
2026-09-18 03:00:00+00:00,2026-09-18 04:00:00+00:00,1.0,8.2459135055542,12.0,8.0
2026-09-18 03:00:00+00:00,2026-09-18 05:00:00+00:00,2.0,8.321695327758789,11.0,7.0
2026-09-18 03:00:00+00:00,2026-09-18 06:00:00+00:00,3.0,8.780113220214844,11.0,8.5
2026-09-18 03:00:00+00:00,2026-09-18 07:00:00+00:00,4.0,9.221097946166992,11.0,10.0
2026-09-18 03:00:00+00:00,2026-09-18 08:00:00+00:00,5.0,10.059107780456543,12.0,9.0
2026-09-18 03:00:00+00:00,2026-09-18 09:00:00+00:00,6.0,10.546914100646973,12.0,10.5
2026-09-18 03:00:00+00:00,2026-09-18 10:00:00+00:00,7.0,11.488734245300293,13.0,12.833333015441895
2026-09-18 03:00:00+00:00,2026-09-18 11:00:00+00:00,8.0,11.92663860321045,13.0,15.833333015441895
2026-09-18 03:00:00+00:00,2026-09-18 12:00:00+00:00,9.0,11.691033363342285,12.0,15.25
2026-09-18 03:00:00+00:00,2026-09-18 13:00:00+00:00,10.0,12.24969482421875,13.0,15.5
2026-09-18 03:00:00+00:00,2026-09-18 14:00:00+00:00,11.0,12.554342269897461,13.0,16.33333396911621
2026-09-18 03:00:00+00:00,2026-09-18 15:00:00+00:00,12.0,13.07947826385498,14.0,16.799999237060547
2026-09-18 04:00:00+00:00,2026-09-18 05:00:00+00:00,1.0,7.676168918609619,11.0,7.0
2026-09-18 04:00:00+00:00,2026-09-18 06:00:00+00:00,2.0,8.277710914611816,11.0,8.5
2026-09-18 04:00:00+00:00,2026-09-18 07:00:00+00:00,3.0,8.996037483215332,11.0,10.0
2026-09-18 04:00:00+00:00,2026-09-18 08:00:00+00:00,4.0,9.995109558105469,12.0,9.0
2026-09-18 04:00:00+00:00,2026-09-18 09:00:00+00:00,5.0,10.522789001464844,12.0,10.5
2026-09-18 04:00:00+00:00,2026-09-18 10:00:00+00:00,6.0,11.465360641479492,13.0,12.833333015441895
2026-09-18 04:00:00+00:00,2026-09-18 11:00:00+00:00,7.0,11.910930633544922,13.0,15.833333015441895
2026-09-18 04:00:00+00:00,2026-09-18 12:00:00+00:00,8.0,11.681384086608887,12.0,15.25
2026-09-18 04:00:00+00:00,2026-09-18 13:00:00+00:00,9.0,12.243982315063477,13.0,15.5
2026-09-18 04:00:00+00:00,2026-09-18 14:00:00+00:00,10.0,12.550175666809082,13.0,16.33333396911621
2026-09-18 04:00:00+00:00,2026-09-18 15:00:00+00:00,11.0,13.077104568481445,14.0,16.799999237060547
2026-09-18 04:00:00+00:00,2026-09-18 16:00:00+00:00,12.0,13.19822883605957,14.0,16.0
2026-09-18 05:00:00+00:00,2026-09-18 06:00:00+00:00,1.0,7.319332599639893,11.0,8.5
2026-09-18 05:00:00+00:00,2026-09-18 07:00:00+00:00,2.0,8.379464149475098,11.0,10.0
2026-09-18 05:00:00+00:00,2026-09-18 08:00:00+00:00,3.0,9.740135192871094,12.0,9.0
2026-09-18 05:00:00+00:00,2026-09-18 09:00:00+00:00,4.0,10.438557624816895,12.0,10.5
2026-09-18 05:00:00+00:00,2026-09-18 10:00:00+00:00,5.0,11.419431686401367,13.0,12.833333015441895
2026-09-18 05:00:00+00:00,2026-09-18 11:00:00+00:00,6.0,11.88046646118164,13.0,15.833333015441895
2026-09-18 05:00:00+00:00,2026-09-18 12:00:00+00:00,7.0,11.663455963134766,12.0,15.25
2026-09-18 05:00:00+00:00,2026-09-18 13:00:00+00:00,8.0,12.233429908752441,13.0,15.5
2026-09-18 05:00:00+00:00,2026-09-18 14:00:00+00:00,9.0,12.54238224029541,13.0,16.33333396911621
2026-09-18 05:00:00+00:00,2026-09-18 15:00:00+00:00,10.0,13.072650909423828,14.0,16.799999237060547
2026-09-18 05:00:00+00:00,2026-09-18 16:00:00+00:00,11.0,13.19607925415039,14.0,16.0
2026-09-18 05:00:00+00:00,2026-09-18 17:00:00+00:00,12.0,12.88028335571289,14.0,19.0
2026-09-18 06:00:00+00:00,2026-09-18 07:00:00+00:00,1.0,9.404779434204102,13.0,10.0
2026-09-18 06:00:00+00:00,2026-09-18 08:00:00+00:00,2.0,10.63090705871582,14.0,9.0
2026-09-18 06:00:00+00:00,2026-09-18 09:00:00+00:00,3.0,10.602696418762207,12.0,10.5
2026-09-18 06:00:00+00:00,2026-09-18 10:00:00+00:00,4.0,11.01409912109375,12.0,12.833333015441895
2026-09-18 06:00:00+00:00,2026-09-18 11:00:00+00:00,5.0,11.204296112060547,12.0,15.833333015441895
2026-09-18 06:00:00+00:00,2026-09-18 12:00:00+00:00,6.0,11.966560363769531,13.0,15.25
2026-09-18 06:00:00+00:00,2026-09-18 13:00:00+00:00,7.0,12.829492568969727,14.0,15.5
2026-09-18 06:00:00+00:00,2026-09-18 14:00:00+00:00,8.0,13.69057559967041,15.0,16.33333396911621
2026-09-18 06:00:00+00:00,2026-09-18 15:00:00+00:00,9.0,13.508727073669434,14.0,16.799999237060547
2026-09-18 06:00:00+00:00,2026-09-18 16:00:00+00:00,10.0,13.550914764404297,14.0,16.0
2026-09-18 06:00:00+00:00,2026-09-18 17:00:00+00:00,11.0,13.673439025878906,14.0,19.0
2026-09-18 06:00:00+00:00,2026-09-18 18:00:00+00:00,12.0,14.09178352355957,15.0,21.200000762939453
2026-09-18 07:00:00+00:00,2026-09-18 08:00:00+00:00,1.0,10.395384788513184,13.0,9.0
2026-09-18 07:00:00+00:00,2026-09-18 09:00:00+00:00,2.0,11.385575294494629,14.0,10.5
2026-09-18 07:00:00+00:00,2026-09-18 10:00:00+00:00,3.0,11.554950714111328,13.0,12.833333015441895
2026-09-18 07:00:00+00:00,2026-09-18 11:00:00+00:00,4.0,12.2598237991333,14.0,15.833333015441895
2026-09-18 07:00:00+00:00,2026-09-18 12:00:00+00:00,5.0,12.326722145080566,13.0,15.25
2026-09-18 07:00:00+00:00,2026-09-18 13:00:00+00:00,6.0,12.54739761352539,13.0,15.5
2026-09-18 07:00:00+00:00,2026-09-18 14:00:00+00:00,7.0,13.12689208984375,14.0,16.33333396911621
2026-09-18 07:00:00+00:00,2026-09-18 15:00:00+00:00,8.0,13.862007141113281,15.0,16.799999237060547
2026-09-18 07:00:00+00:00,2026-09-18 16:00:00+00:00,9.0,13.713570594787598,14.0,16.0
2026-09-18 07:00:00+00:00,2026-09-18 17:00:00+00:00,10.0,13.716106414794922,14.0,19.0
2026-09-18 07:00:00+00:00,2026-09-18 18:00:00+00:00,11.0,14.341477394104004,16.0,21.200000762939453
2026-09-18 07:00:00+00:00,2026-09-18 19:00:00+00:00,12.0,14.393531799316406,16.0,20.799999237060547
2026-09-18 08:00:00+00:00,2026-09-18 09:00:00+00:00,1.0,9.608195304870605,12.0,10.5
2026-09-18 08:00:00+00:00,2026-09-18 10:00:00+00:00,2.0,10.844569206237793,13.0,12.833333015441895
2026-09-18 08:00:00+00:00,2026-09-18 11:00:00+00:00,3.0,11.546098709106445,13.0,15.833333015441895
2026-09-18 08:00:00+00:00,2026-09-18 12:00:00+00:00,4.0,12.03642463684082,13.0,15.25
2026-09-18 08:00:00+00:00,2026-09-18 13:00:00+00:00,5.0,12.304065704345703,13.0,15.5
2026-09-18 08:00:00+00:00,2026-09-18 14:00:00+00:00,6.0,12.917603492736816,14.0,16.33333396911621
2026-09-18 08:00:00+00:00,2026-09-18 15:00:00+00:00,7.0,13.288352966308594,14.0,16.799999237060547
2026-09-18 08:00:00+00:00,2026-09-18 16:00:00+00:00,8.0,13.573583602905273,14.0,16.0
2026-09-18 08:00:00+00:00,2026-09-18 17:00:00+00:00,9.0,13.494693756103516,14.0,19.0
2026-09-18 08:00:00+00:00,2026-09-18 18:00:00+00:00,10.0,13.855757713317871,15.0,21.200000762939453
2026-09-18 08:00:00+00:00,2026-09-18 19:00:00+00:00,11.0,14.727678298950195,17.0,20.799999237060547
2026-09-18 08:00:00+00:00,2026-09-18 20:00:00+00:00,12.0,15.320015907287598,18.0,20.14285659790039
2026-09-18 09:00:00+00:00,2026-09-18 10:00:00+00:00,1.0,10.816109657287598,12.0,12.833333015441895
2026-09-18 09:00:00+00:00,2026-09-18 11:00:00+00:00,2.0,11.209417343139648,12.0,15.833333015441895
2026-09-18 09:00:00+00:00,2026-09-18 12:00:00+00:00,3.0,11.927318572998047,13.0,15.25
2026-09-18 09:00:00+00:00,2026-09-18 13:00:00+00:00,4.0,12.361763000488281,13.0,15.5
2026-09-18 09:00:00+00:00,2026-09-18 14:00:00+00:00,5.0,12.97496509552002,14.0,16.33333396911621
2026-09-18 09:00:00+00:00,2026-09-18 15:00:00+00:00,6.0,13.21999454498291,14.0,16.799999237060547
2026-09-18 09:00:00+00:00,2026-09-18 16:00:00+00:00,7.0,13.419754028320312,14.0,16.0
2026-09-18 09:00:00+00:00,2026-09-18 17:00:00+00:00,8.0,13.570213317871094,14.0,19.0
2026-09-18 09:00:00+00:00,2026-09-18 18:00:00+00:00,9.0,14.493870735168457,16.0,21.200000762939453
2026-09-18 09:00:00+00:00,2026-09-18 19:00:00+00:00,10.0,15.521278381347656,18.0,20.799999237060547
2026-09-18 09:00:00+00:00,2026-09-18 20:00:00+00:00,11.0,16.051700592041016,19.0,20.14285659790039
2026-09-18 09:00:00+00:00,2026-09-18 21:00:00+00:00,12.0,15.257213592529297,18.0,19.200000762939453
2026-09-18 10:00:00+00:00,2026-09-18 11:00:00+00:00,1.0,13.101136207580566,14.0,15.833333015441895
2026-09-18 10:00:00+00:00,2026-09-18 12:00:00+00:00,2.0,13.230703353881836,14.0,15.25
2026-09-18 10:00:00+00:00,2026-09-18 13:00:00+00:00,3.0,13.425141334533691,14.0,15.5
2026-09-18 10:00:00+00:00,2026-09-18 14:00:00+00:00,4.0,13.420957565307617,14.0,16.33333396911621
2026-09-18 10:00:00+00:00,2026-09-18 15:00:00+00:00,5.0,13.412222862243652,14.0,16.799999237060547
2026-09-18 10:00:00+00:00,2026-09-18 16:00:00+00:00,6.0,13.110735893249512,13.0,16.0
2026-09-18 10:00:00+00:00,2026-09-18 17:00:00+00:00,7.0,13.644648551940918,14.0,19.0
2026-09-18 10:00:00+00:00,2026-09-18 18:00:00+00:00,8.0,14.642882347106934,16.0,21.200000762939453
2026-09-18 10:00:00+00:00,2026-09-18 19:00:00+00:00,9.0,16.187753677368164,19.0,20.799999237060547
2026-09-18 10:00:00+00:00,2026-09-18 20:00:00+00:00,10.0,16.920581817626953,20.0,20.14285659790039
2026-09-18 10:00:00+00:00,2026-09-18 21:00:00+00:00,11.0,15.849547386169434,18.0,19.200000762939453
2026-09-18 10:00:00+00:00,2026-09-18 22:00:00+00:00,12.0,15.487060546875,19.0,18.5
2026-09-18 11:00:00+00:00,2026-09-18 12:00:00+00:00,1.0,15.750672340393066,14.0,15.25
2026-09-18 11:00:00+00:00,2026-09-18 13:00:00+00:00,2.0,15.77158260345459,15.0,15.5
2026-09-18 11:00:00+00:00,2026-09-18 14:00:00+00:00,3.0,15.485011100769043,15.0,16.33333396911621
2026-09-18 11:00:00+00:00,2026-09-18 15:00:00+00:00,4.0,15.215620994567871,15.0,16.799999237060547
2026-09-18 11:00:00+00:00,2026-09-18 16:00:00+00:00,5.0,14.50272274017334,14.0,16.0
2026-09-18 11:00:00+00:00,2026-09-18 17:00:00+00:00,6.0,14.253992080688477,14.0,19.0
2026-09-18 11:00:00+00:00,2026-09-18 18:00:00+00:00,7.0,15.099431037902832,16.0,21.200000762939453
2026-09-18 11:00:00+00:00,2026-09-18 19:00:00+00:00,8.0,16.581005096435547,19.0,20.799999237060547
2026-09-18 11:00:00+00:00,2026-09-18 20:00:00+00:00,9.0,17.101232528686523,20.0,20.14285659790039
2026-09-18 11:00:00+00:00,2026-09-18 21:00:00+00:00,10.0,16.73594856262207,20.0,19.200000762939453
2026-09-18 11:00:00+00:00,2026-09-18 22:00:00+00:00,11.0,15.505226135253906,18.0,18.5
2026-09-18 11:00:00+00:00,2026-09-18 23:00:00+00:00,12.0,15.178597450256348,18.0,17.66666603088379
2026-09-18 12:00:00+00:00,2026-09-18 13:00:00+00:00,1.0,15.759259223937988,15.0,15.5
2026-09-18 12:00:00+00:00,2026-09-18 14:00:00+00:00,2.0,16.19696044921875,16.0,16.33333396911621
2026-09-18 12:00:00+00:00,2026-09-18 15:00:00+00:00,3.0,15.519139289855957,15.0,16.799999237060547
2026-09-18 12:00:00+00:00,2026-09-18 16:00:00+00:00,4.0,14.170722961425781,13.0,16.0
2026-09-18 12:00:00+00:00,2026-09-18 17:00:00+00:00,5.0,14.179513931274414,14.0,19.0
2026-09-18 12:00:00+00:00,2026-09-18 18:00:00+00:00,6.0,15.031525611877441,16.0,21.200000762939453
2026-09-18 12:00:00+00:00,2026-09-18 19:00:00+00:00,7.0,16.065401077270508,18.0,20.799999237060547
2026-09-18 12:00:00+00:00,2026-09-18 20:00:00+00:00,8.0,16.47030258178711,19.0,20.14285659790039
2026-09-18 12:00:00+00:00,2026-09-18 21:00:00+00:00,9.0,16.172636032104492,19.0,19.200000762939453
2026-09-18 12:00:00+00:00,2026-09-18 22:00:00+00:00,10.0,15.268975257873535,18.0,18.5
2026-09-18 12:00:00+00:00,2026-09-18 23:00:00+00:00,11.0,14.120660781860352,16.0,17.66666603088379
2026-09-18 12:00:00+00:00,2026-09-19 00:00:00+00:00,12.0,13.545567512512207,15.0,20.399999618530273
2026-09-18 13:00:00+00:00,2026-09-18 14:00:00+00:00,1.0,16.427114486694336,16.0,16.33333396911621
2026-09-18 13:00:00+00:00,2026-09-18 15:00:00+00:00,2.0,15.92846965789795,15.0,16.799999237060547
2026-09-18 13:00:00+00:00,2026-09-18 16:00:00+00:00,3.0,15.539034843444824,15.0,16.0
2026-09-18 13:00:00+00:00,2026-09-18 17:00:00+00:00,4.0,15.658836364746094,16.0,19.0
2026-09-18 13:00:00+00:00,2026-09-18 18:00:00+00:00,5.0,16.01934051513672,17.0,21.200000762939453
2026-09-18 13:00:00+00:00,2026-09-18 19:00:00+00:00,6.0,16.420175552368164,18.0,20.799999237060547
2026-09-18 13:00:00+00:00,2026-09-18 20:00:00+00:00,7.0,16.650856018066406,19.0,20.14285659790039
2026-09-18 13:00:00+00:00,2026-09-18 21:00:00+00:00,8.0,16.193462371826172,19.0,19.200000762939453
2026-09-18 13:00:00+00:00,2026-09-18 22:00:00+00:00,9.0,15.77358341217041,19.0,18.5
2026-09-18 13:00:00+00:00,2026-09-18 23:00:00+00:00,10.0,14.595773696899414,17.0,17.66666603088379
2026-09-18 13:00:00+00:00,2026-09-19 00:00:00+00:00,11.0,13.955506324768066,15.0,20.399999618530273
2026-09-18 13:00:00+00:00,2026-09-19 01:00:00+00:00,12.0,14.937503814697266,18.0,19.0
2026-09-18 14:00:00+00:00,2026-09-18 15:00:00+00:00,1.0,16.407163619995117,15.0,16.799999237060547
2026-09-18 14:00:00+00:00,2026-09-18 16:00:00+00:00,2.0,16.06542205810547,15.0,16.0
2026-09-18 14:00:00+00:00,2026-09-18 17:00:00+00:00,3.0,15.921318054199219,16.0,19.0
2026-09-18 14:00:00+00:00,2026-09-18 18:00:00+00:00,4.0,16.25929832458496,17.0,21.200000762939453
2026-09-18 14:00:00+00:00,2026-09-18 19:00:00+00:00,5.0,17.12240982055664,19.0,20.799999237060547
2026-09-18 14:00:00+00:00,2026-09-18 20:00:00+00:00,6.0,17.417194366455078,20.0,20.14285659790039
2026-09-18 14:00:00+00:00,2026-09-18 21:00:00+00:00,7.0,16.658531188964844,19.0,19.200000762939453
2026-09-18 14:00:00+00:00,2026-09-18 22:00:00+00:00,8.0,15.459258079528809,18.0,18.5
2026-09-18 14:00:00+00:00,2026-09-18 23:00:00+00:00,9.0,15.463019371032715,19.0,17.66666603088379
2026-09-18 14:00:00+00:00,2026-09-19 00:00:00+00:00,10.0,16.36924171447754,21.0,20.399999618530273
2026-09-18 14:00:00+00:00,2026-09-19 01:00:00+00:00,11.0,15.714174270629883,19.0,19.0
2026-09-18 14:00:00+00:00,2026-09-19 02:00:00+00:00,12.0,15.601943016052246,19.0,19.600000381469727
2026-09-18 15:00:00+00:00,2026-09-18 16:00:00+00:00,1.0,16.008752822875977,14.0,16.0
2026-09-18 15:00:00+00:00,2026-09-18 17:00:00+00:00,2.0,16.158971786499023,16.0,19.0
2026-09-18 15:00:00+00:00,2026-09-18 18:00:00+00:00,3.0,16.99590301513672,18.0,21.200000762939453
2026-09-18 15:00:00+00:00,2026-09-18 19:00:00+00:00,4.0,17.611642837524414,19.0,20.799999237060547
2026-09-18 15:00:00+00:00,2026-09-18 20:00:00+00:00,5.0,17.16977882385254,19.0,20.14285659790039
2026-09-18 15:00:00+00:00,2026-09-18 21:00:00+00:00,6.0,16.408954620361328,19.0,19.200000762939453
2026-09-18 15:00:00+00:00,2026-09-18 22:00:00+00:00,7.0,15.917264938354492,19.0,18.5
2026-09-18 15:00:00+00:00,2026-09-18 23:00:00+00:00,8.0,15.625650405883789,19.0,17.66666603088379
2026-09-18 15:00:00+00:00,2026-09-19 00:00:00+00:00,9.0,15.880393028259277,19.0,20.399999618530273
2026-09-18 15:00:00+00:00,2026-09-19 01:00:00+00:00,10.0,15.644523620605469,19.0,19.0
2026-09-18 15:00:00+00:00,2026-09-19 02:00:00+00:00,11.0,15.649113655090332,19.0,19.600000381469727
2026-09-18 15:00:00+00:00,2026-09-19 03:00:00+00:00,12.0,16.25075912475586,20.0,19.0
2026-09-18 16:00:00+00:00,2026-09-18 17:00:00+00:00,1.0,15.996935844421387,17.0,19.0
2026-09-18 16:00:00+00:00,2026-09-18 18:00:00+00:00,2.0,16.7479190826416,19.0,21.200000762939453
2026-09-18 16:00:00+00:00,2026-09-18 19:00:00+00:00,3.0,17.1053524017334,19.0,20.799999237060547
2026-09-18 16:00:00+00:00,2026-09-18 20:00:00+00:00,4.0,16.69859504699707,19.0,20.14285659790039
2026-09-18 16:00:00+00:00,2026-09-18 21:00:00+00:00,5.0,16.322595596313477,19.0,19.200000762939453
2026-09-18 16:00:00+00:00,2026-09-18 22:00:00+00:00,6.0,16.523818969726562,21.0,18.5
2026-09-18 16:00:00+00:00,2026-09-18 23:00:00+00:00,7.0,15.722229957580566,19.0,17.66666603088379
2026-09-18 16:00:00+00:00,2026-09-19 00:00:00+00:00,8.0,15.113884925842285,18.0,20.399999618530273
2026-09-18 16:00:00+00:00,2026-09-19 01:00:00+00:00,9.0,15.483046531677246,19.0,19.0
2026-09-18 16:00:00+00:00,2026-09-19 02:00:00+00:00,10.0,16.064184188842773,20.0,19.600000381469727
2026-09-18 16:00:00+00:00,2026-09-19 03:00:00+00:00,11.0,16.556964874267578,20.0,19.0
2026-09-18 16:00:00+00:00,2026-09-19 04:00:00+00:00,12.0,16.25881004333496,18.0,19.75
2026-09-18 17:00:00+00:00,2026-09-18 18:00:00+00:00,1.0,19.528575897216797,18.0,21.200000762939453
2026-09-18 17:00:00+00:00,2026-09-18 19:00:00+00:00,2.0,19.667673110961914,20.0,20.799999237060547
2026-09-18 17:00:00+00:00,2026-09-18 20:00:00+00:00,3.0,19.04622459411621,20.0,20.14285659790039
2026-09-18 17:00:00+00:00,2026-09-18 21:00:00+00:00,4.0,17.65558624267578,19.0,19.200000762939453
2026-09-18 17:00:00+00:00,2026-09-18 22:00:00+00:00,5.0,16.243505477905273,18.0,18.5
2026-09-18 17:00:00+00:00,2026-09-18 23:00:00+00:00,6.0,15.976037979125977,19.0,17.66666603088379
2026-09-18 17:00:00+00:00,2026-09-19 00:00:00+00:00,7.0,15.969533920288086,19.0,20.399999618530273
2026-09-18 17:00:00+00:00,2026-09-19 01:00:00+00:00,8.0,16.56930923461914,21.0,19.0
2026-09-18 17:00:00+00:00,2026-09-19 02:00:00+00:00,9.0,15.962850570678711,19.0,19.600000381469727
2026-09-18 17:00:00+00:00,2026-09-19 03:00:00+00:00,10.0,16.099977493286133,19.0,19.0
2026-09-18 17:00:00+00:00,2026-09-19 04:00:00+00:00,11.0,16.84584617614746,20.0,19.75
2026-09-18 17:00:00+00:00,2026-09-19 05:00:00+00:00,12.0,17.318950653076172,20.0,19.285715103149414
2026-09-18 18:00:00+00:00,2026-09-18 19:00:00+00:00,1.0,20.550077438354492,18.0,20.799999237060547
2026-09-18 18:00:00+00:00,2026-09-18 20:00:00+00:00,2.0,19.548236846923828,19.0,20.14285659790039
2026-09-18 18:00:00+00:00,2026-09-18 21:00:00+00:00,3.0,17.907217025756836,18.0,19.200000762939453
2026-09-18 18:00:00+00:00,2026-09-18 22:00:00+00:00,4.0,16.885560989379883,18.0,18.5
2026-09-18 18:00:00+00:00,2026-09-18 23:00:00+00:00,5.0,17.354249954223633,21.0,17.66666603088379
2026-09-18 18:00:00+00:00,2026-09-19 00:00:00+00:00,6.0,17.376550674438477,20.0,20.399999618530273
2026-09-18 18:00:00+00:00,2026-09-19 01:00:00+00:00,7.0,17.00088882446289,20.0,19.0
2026-09-18 18:00:00+00:00,2026-09-19 02:00:00+00:00,8.0,16.168109893798828,19.0,19.600000381469727
2026-09-18 18:00:00+00:00,2026-09-19 03:00:00+00:00,9.0,16.442039489746094,20.0,19.0
2026-09-18 18:00:00+00:00,2026-09-19 04:00:00+00:00,10.0,16.440628051757812,19.0,19.75
2026-09-18 18:00:00+00:00,2026-09-19 05:00:00+00:00,11.0,16.448942184448242,18.0,19.285715103149414
2026-09-18 18:00:00+00:00,2026-09-19 06:00:00+00:00,12.0,16.477598190307617,18.0,17.25
2026-09-18 19:00:00+00:00,2026-09-18 20:00:00+00:00,1.0,19.775129318237305,20.0,20.14285659790039
2026-09-18 19:00:00+00:00,2026-09-18 21:00:00+00:00,2.0,18.426284790039062,19.0,19.200000762939453
2026-09-18 19:00:00+00:00,2026-09-18 22:00:00+00:00,3.0,17.570999145507812,20.0,18.5
2026-09-18 19:00:00+00:00,2026-09-18 23:00:00+00:00,4.0,17.194076538085938,20.0,17.66666603088379
2026-09-18 19:00:00+00:00,2026-09-19 00:00:00+00:00,5.0,17.01065444946289,20.0,20.399999618530273
2026-09-18 19:00:00+00:00,2026-09-19 01:00:00+00:00,6.0,16.720378875732422,20.0,19.0
2026-09-18 19:00:00+00:00,2026-09-19 02:00:00+00:00,7.0,16.071739196777344,19.0,19.600000381469727
2026-09-18 19:00:00+00:00,2026-09-19 03:00:00+00:00,8.0,16.06151008605957,19.0,19.0
2026-09-18 19:00:00+00:00,2026-09-19 04:00:00+00:00,9.0,16.271669387817383,19.0,19.75
2026-09-18 19:00:00+00:00,2026-09-19 05:00:00+00:00,10.0,16.37946891784668,18.0,19.285715103149414
2026-09-18 19:00:00+00:00,2026-09-19 06:00:00+00:00,11.0,16.428768157958984,17.0,17.25
2026-09-18 19:00:00+00:00,2026-09-19 07:00:00+00:00,12.0,17.44550323486328,19.0,17.0
2026-09-18 20:00:00+00:00,2026-09-18 21:00:00+00:00,1.0,19.295475006103516,21.0,19.200000762939453
2026-09-18 20:00:00+00:00,2026-09-18 22:00:00+00:00,2.0,17.79281234741211,20.0,18.5
2026-09-18 20:00:00+00:00,2026-09-18 23:00:00+00:00,3.0,17.059436798095703,20.0,17.66666603088379
2026-09-18 20:00:00+00:00,2026-09-19 00:00:00+00:00,4.0,16.951984405517578,20.0,20.399999618530273
2026-09-18 20:00:00+00:00,2026-09-19 01:00:00+00:00,5.0,16.245100021362305,19.0,19.0
2026-09-18 20:00:00+00:00,2026-09-19 02:00:00+00:00,6.0,15.923379898071289,19.0,19.600000381469727
2026-09-18 20:00:00+00:00,2026-09-19 03:00:00+00:00,7.0,15.664861679077148,18.0,19.0
2026-09-18 20:00:00+00:00,2026-09-19 04:00:00+00:00,8.0,16.285261154174805,19.0,19.75
2026-09-18 20:00:00+00:00,2026-09-19 05:00:00+00:00,9.0,16.647891998291016,19.0,19.285715103149414
2026-09-18 20:00:00+00:00,2026-09-19 06:00:00+00:00,10.0,16.951541900634766,19.0,17.25
2026-09-18 20:00:00+00:00,2026-09-19 07:00:00+00:00,11.0,16.814449310302734,18.0,17.0
2026-09-18 20:00:00+00:00,2026-09-19 08:00:00+00:00,12.0,17.533222198486328,18.0,17.5
2026-09-18 21:00:00+00:00,2026-09-18 22:00:00+00:00,1.0,17.53752899169922,19.0,18.5
2026-09-18 21:00:00+00:00,2026-09-18 23:00:00+00:00,2.0,16.933515548706055,20.0,17.66666603088379
2026-09-18 21:00:00+00:00,2026-09-19 00:00:00+00:00,3.0,17.165645599365234,20.0,20.399999618530273
2026-09-18 21:00:00+00:00,2026-09-19 01:00:00+00:00,4.0,16.927743911743164,20.0,19.0
2026-09-18 21:00:00+00:00,2026-09-19 02:00:00+00:00,5.0,16.633026123046875,20.0,19.600000381469727
2026-09-18 21:00:00+00:00,2026-09-19 03:00:00+00:00,6.0,16.642616271972656,20.0,19.0
2026-09-18 21:00:00+00:00,2026-09-19 04:00:00+00:00,7.0,16.362951278686523,19.0,19.75
2026-09-18 21:00:00+00:00,2026-09-19 05:00:00+00:00,8.0,16.58037757873535,19.0,19.285715103149414
2026-09-18 21:00:00+00:00,2026-09-19 06:00:00+00:00,9.0,17.566566467285156,20.0,17.25
2026-09-18 21:00:00+00:00,2026-09-19 07:00:00+00:00,10.0,18.157018661499023,20.0,17.0
2026-09-18 21:00:00+00:00,2026-09-19 08:00:00+00:00,11.0,18.633867263793945,20.0,17.5
2026-09-18 21:00:00+00:00,2026-09-19 09:00:00+00:00,12.0,17.54899024963379,17.0,18.14285659790039
2026-09-18 22:00:00+00:00,2026-09-18 23:00:00+00:00,1.0,17.28120231628418,20.0,17.66666603088379
2026-09-18 22:00:00+00:00,2026-09-19 00:00:00+00:00,2.0,17.199609756469727,20.0,20.399999618530273
2026-09-18 22:00:00+00:00,2026-09-19 01:00:00+00:00,3.0,16.99714469909668,20.0,19.0
2026-09-18 22:00:00+00:00,2026-09-19 02:00:00+00:00,4.0,16.68024253845215,20.0,19.600000381469727
2026-09-18 22:00:00+00:00,2026-09-19 03:00:00+00:00,5.0,16.672008514404297,20.0,19.0
2026-09-18 22:00:00+00:00,2026-09-19 04:00:00+00:00,6.0,16.382291793823242,19.0,19.75
2026-09-18 22:00:00+00:00,2026-09-19 05:00:00+00:00,7.0,16.59449005126953,19.0,19.285715103149414
2026-09-18 22:00:00+00:00,2026-09-19 06:00:00+00:00,8.0,17.576881408691406,20.0,17.25
2026-09-18 22:00:00+00:00,2026-09-19 07:00:00+00:00,9.0,18.165746688842773,20.0,17.0
2026-09-18 22:00:00+00:00,2026-09-19 08:00:00+00:00,10.0,18.641454696655273,20.0,17.5
2026-09-18 22:00:00+00:00,2026-09-19 09:00:00+00:00,11.0,17.555158615112305,17.0,18.14285659790039
2026-09-18 22:00:00+00:00,2026-09-19 10:00:00+00:00,12.0,18.10779571533203,18.0,18.600000381469727
2026-09-18 23:00:00+00:00,2026-09-19 00:00:00+00:00,1.0,17.05200958251953,20.0,20.399999618530273
2026-09-18 23:00:00+00:00,2026-09-19 01:00:00+00:00,2.0,16.69196891784668,20.0,19.0
2026-09-18 23:00:00+00:00,2026-09-19 02:00:00+00:00,3.0,16.4945068359375,20.0,19.600000381469727
2026-09-18 23:00:00+00:00,2026-09-19 03:00:00+00:00,4.0,16.55278778076172,20.0,19.0
2026-09-18 23:00:00+00:00,2026-09-19 04:00:00+00:00,5.0,16.304330825805664,19.0,19.75
2026-09-18 23:00:00+00:00,2026-09-19 05:00:00+00:00,6.0,16.53828239440918,19.0,19.285715103149414
2026-09-18 23:00:00+00:00,2026-09-19 06:00:00+00:00,7.0,17.53425407409668,20.0,17.25
2026-09-18 23:00:00+00:00,2026-09-19 07:00:00+00:00,8.0,18.129854202270508,20.0,17.0
2026-09-18 23:00:00+00:00,2026-09-19 08:00:00+00:00,9.0,18.610858917236328,20.0,17.5
2026-09-18 23:00:00+00:00,2026-09-19 09:00:00+00:00,10.0,17.530221939086914,17.0,18.14285659790039
2026-09-18 23:00:00+00:00,2026-09-19 10:00:00+00:00,11.0,18.09039878845215,18.0,18.600000381469727
2026-09-18 23:00:00+00:00,2026-09-19 11:00:00+00:00,12.0,19.268566131591797,19.0,21.0
2026-09-19 00:00:00+00:00,2026-09-19 01:00:00+00:00,1.0,19.21038818359375,20.0,19.0
2026-09-19 00:00:00+00:00,2026-09-19 02:00:00+00:00,2.0,18.033798217773438,20.0,19.600000381469727
2026-09-19 00:00:00+00:00,2026-09-19 03:00:00+00:00,3.0,17.716711044311523,20.0,19.0
2026-09-19 00:00:00+00:00,2026-09-19 04:00:00+00:00,4.0,17.19396209716797,19.0,19.75
2026-09-19 00:00:00+00:00,2026-09-19 05:00:00+00:00,5.0,17.234052658081055,19.0,19.285715103149414
2026-09-19 00:00:00+00:00,2026-09-19 06:00:00+00:00,6.0,18.093685150146484,20.0,17.25
2026-09-19 00:00:00+00:00,2026-09-19 07:00:00+00:00,7.0,18.578996658325195,20.0,17.0
2026-09-19 00:00:00+00:00,2026-09-19 08:00:00+00:00,8.0,18.992517471313477,20.0,17.5
2026-09-19 00:00:00+00:00,2026-09-19 09:00:00+00:00,9.0,17.837263107299805,17.0,18.14285659790039
2026-09-19 00:00:00+00:00,2026-09-19 10:00:00+00:00,10.0,18.300960540771484,18.0,18.600000381469727
2026-09-19 00:00:00+00:00,2026-09-19 11:00:00+00:00,11.0,19.421117782592773,19.0,21.0
2026-09-19 00:00:00+00:00,2026-09-19 12:00:00+00:00,12.0,20.201427459716797,20.0,21.83333396911621
2026-09-19 01:00:00+00:00,2026-09-19 02:00:00+00:00,1.0,17.4921875,20.0,19.600000381469727
2026-09-19 01:00:00+00:00,2026-09-19 03:00:00+00:00,2.0,17.168245315551758,20.0,19.0
2026-09-19 01:00:00+00:00,2026-09-19 04:00:00+00:00,3.0,16.76974868774414,19.0,19.75
2026-09-19 01:00:00+00:00,2026-09-19 05:00:00+00:00,4.0,16.89099884033203,19.0,19.285715103149414
2026-09-19 01:00:00+00:00,2026-09-19 06:00:00+00:00,5.0,17.80980110168457,20.0,17.25
2026-09-19 01:00:00+00:00,2026-09-19 07:00:00+00:00,6.0,18.34723663330078,20.0,17.0
2026-09-19 01:00:00+00:00,2026-09-19 08:00:00+00:00,7.0,18.799964904785156,20.0,17.5
2026-09-19 01:00:00+00:00,2026-09-19 09:00:00+00:00,8.0,17.683305740356445,17.0,18.14285659790039
2026-09-19 01:00:00+00:00,2026-09-19 10:00:00+00:00,9.0,18.19712257385254,18.0,18.600000381469727
2026-09-19 01:00:00+00:00,2026-09-19 11:00:00+00:00,10.0,19.34539222717285,19.0,21.0
2026-09-19 01:00:00+00:00,2026-09-19 12:00:00+00:00,11.0,20.140933990478516,20.0,21.83333396911621
2026-09-19 01:00:00+00:00,2026-09-19 13:00:00+00:00,12.0,20.236949920654297,19.0,23.66666603088379
2026-09-19 02:00:00+00:00,2026-09-19 03:00:00+00:00,1.0,18.614578247070312,20.0,19.0
2026-09-19 02:00:00+00:00,2026-09-19 04:00:00+00:00,2.0,17.780792236328125,19.0,19.75
2026-09-19 02:00:00+00:00,2026-09-19 05:00:00+00:00,3.0,17.729434967041016,19.0,19.285715103149414
2026-09-19 02:00:00+00:00,2026-09-19 06:00:00+00:00,4.0,18.48192596435547,20.0,17.25
2026-09-19 02:00:00+00:00,2026-09-19 07:00:00+00:00,5.0,18.88497543334961,20.0,17.0
2026-09-19 02:00:00+00:00,2026-09-19 08:00:00+00:00,6.0,19.22459602355957,20.0,17.5
2026-09-19 02:00:00+00:00,2026-09-19 09:00:00+00:00,7.0,18.008907318115234,17.0,18.14285659790039
2026-09-19 02:00:00+00:00,2026-09-19 10:00:00+00:00,8.0,18.412750244140625,18.0,18.600000381469727
2026-09-19 02:00:00+00:00,2026-09-19 11:00:00+00:00,9.0,19.504295349121094,19.0,21.0
2026-09-19 02:00:00+00:00,2026-09-19 12:00:00+00:00,10.0,20.274669647216797,20.0,21.83333396911621
2026-09-19 02:00:00+00:00,2026-09-19 13:00:00+00:00,11.0,20.33698272705078,19.0,23.66666603088379
2026-09-19 02:00:00+00:00,2026-09-19 14:00:00+00:00,12.0,20.815946578979492,20.0,22.714284896850586
2026-09-19 03:00:00+00:00,2026-09-19 04:00:00+00:00,1.0,17.926664352416992,19.0,19.75
2026-09-19 03:00:00+00:00,2026-09-19 05:00:00+00:00,2.0,17.75654411315918,19.0,19.285715103149414
2026-09-19 03:00:00+00:00,2026-09-19 06:00:00+00:00,3.0,18.512176513671875,20.0,17.25
2026-09-19 03:00:00+00:00,2026-09-19 07:00:00+00:00,4.0,18.91101837158203,20.0,17.0
2026-09-19 03:00:00+00:00,2026-09-19 08:00:00+00:00,5.0,19.242847442626953,20.0,17.5
2026-09-19 03:00:00+00:00,2026-09-19 09:00:00+00:00,6.0,18.022205352783203,17.0,18.14285659790039
2026-09-19 03:00:00+00:00,2026-09-19 10:00:00+00:00,7.0,18.42147445678711,18.0,18.600000381469727
2026-09-19 03:00:00+00:00,2026-09-19 11:00:00+00:00,8.0,19.511308670043945,19.0,21.0
2026-09-19 03:00:00+00:00,2026-09-19 12:00:00+00:00,9.0,20.2808895111084,20.0,21.83333396911621
2026-09-19 03:00:00+00:00,2026-09-19 13:00:00+00:00,10.0,20.34178924560547,19.0,23.66666603088379
2026-09-19 03:00:00+00:00,2026-09-19 14:00:00+00:00,11.0,20.81989288330078,20.0,22.714284896850586
2026-09-19 03:00:00+00:00,2026-09-19 15:00:00+00:00,12.0,21.34982681274414,21.0,23.285715103149414
2026-09-19 04:00:00+00:00,2026-09-19 05:00:00+00:00,1.0,19.25273323059082,19.0,19.285715103149414
2026-09-19 04:00:00+00:00,2026-09-19 06:00:00+00:00,2.0,19.458471298217773,20.0,17.25
2026-09-19 04:00:00+00:00,2026-09-19 07:00:00+00:00,3.0,19.590892791748047,20.0,17.0
2026-09-19 04:00:00+00:00,2026-09-19 08:00:00+00:00,4.0,19.728046417236328,20.0,17.5
2026-09-19 04:00:00+00:00,2026-09-19 09:00:00+00:00,5.0,18.407289505004883,17.0,18.14285659790039
2026-09-19 04:00:00+00:00,2026-09-19 10:00:00+00:00,6.0,18.691125869750977,18.0,18.600000381469727
2026-09-19 04:00:00+00:00,2026-09-19 11:00:00+00:00,7.0,19.736591339111328,19.0,21.0
2026-09-19 04:00:00+00:00,2026-09-19 12:00:00+00:00,8.0,20.469715118408203,20.0,21.83333396911621
2026-09-19 04:00:00+00:00,2026-09-19 13:00:00+00:00,9.0,20.489238739013672,19.0,23.66666603088379
2026-09-19 04:00:00+00:00,2026-09-19 14:00:00+00:00,10.0,20.93914222717285,20.0,22.714284896850586
2026-09-19 04:00:00+00:00,2026-09-19 15:00:00+00:00,11.0,21.44589614868164,21.0,23.285715103149414
2026-09-19 04:00:00+00:00,2026-09-19 16:00:00+00:00,12.0,21.91570281982422,22.0,22.285715103149414
2026-09-19 05:00:00+00:00,2026-09-19 06:00:00+00:00,1.0,19.39278221130371,20.0,17.25
2026-09-19 05:00:00+00:00,2026-09-19 07:00:00+00:00,2.0,19.512968063354492,20.0,17.0
2026-09-19 05:00:00+00:00,2026-09-19 08:00:00+00:00,3.0,19.674243927001953,20.0,17.5
2026-09-19 05:00:00+00:00,2026-09-19 09:00:00+00:00,4.0,18.365243911743164,17.0,18.14285659790039
2026-09-19 05:00:00+00:00,2026-09-19 10:00:00+00:00,5.0,18.658824920654297,18.0,18.600000381469727
2026-09-19 05:00:00+00:00,2026-09-19 11:00:00+00:00,6.0,19.709144592285156,19.0,21.0
2026-09-19 05:00:00+00:00,2026-09-19 12:00:00+00:00,7.0,20.447429656982422,20.0,21.83333396911621
2026-09-19 05:00:00+00:00,2026-09-19 13:00:00+00:00,8.0,20.471933364868164,19.0,23.66666603088379
2026-09-19 05:00:00+00:00,2026-09-19 14:00:00+00:00,9.0,20.924827575683594,20.0,22.714284896850586
2026-09-19 05:00:00+00:00,2026-09-19 15:00:00+00:00,10.0,21.434450149536133,21.0,23.285715103149414
2026-09-19 05:00:00+00:00,2026-09-19 16:00:00+00:00,11.0,21.90610122680664,22.0,22.285715103149414
2026-09-19 05:00:00+00:00,2026-09-19 17:00:00+00:00,12.0,21.68151092529297,22.0,22.5
2026-09-19 06:00:00+00:00,2026-09-19 07:00:00+00:00,1.0,17.57749366760254,16.0,17.0
2026-09-19 06:00:00+00:00,2026-09-19 08:00:00+00:00,2.0,18.716970443725586,17.0,17.5
2026-09-19 06:00:00+00:00,2026-09-19 09:00:00+00:00,3.0,18.434852600097656,16.0,18.14285659790039
2026-09-19 06:00:00+00:00,2026-09-19 10:00:00+00:00,4.0,19.421092987060547,18.0,18.600000381469727
2026-09-19 06:00:00+00:00,2026-09-19 11:00:00+00:00,5.0,21.374622344970703,21.0,21.0
2026-09-19 06:00:00+00:00,2026-09-19 12:00:00+00:00,6.0,21.664609909057617,20.0,21.83333396911621
2026-09-19 06:00:00+00:00,2026-09-19 13:00:00+00:00,7.0,21.24643325805664,19.0,23.66666603088379
2026-09-19 06:00:00+00:00,2026-09-19 14:00:00+00:00,8.0,22.14763641357422,21.0,22.714284896850586
2026-09-19 06:00:00+00:00,2026-09-19 15:00:00+00:00,9.0,22.866432189941406,22.0,23.285715103149414
2026-09-19 06:00:00+00:00,2026-09-19 16:00:00+00:00,10.0,23.1489315032959,23.0,22.285715103149414
2026-09-19 06:00:00+00:00,2026-09-19 17:00:00+00:00,11.0,22.30499267578125,22.0,22.5
2026-09-19 06:00:00+00:00,2026-09-19 18:00:00+00:00,12.0,21.569133758544922,22.0,22.5
2026-09-19 07:00:00+00:00,2026-09-19 08:00:00+00:00,1.0,17.685102462768555,16.0,17.5
2026-09-19 07:00:00+00:00,2026-09-19 09:00:00+00:00,2.0,17.65188217163086,15.0,18.14285659790039
2026-09-19 07:00:00+00:00,2026-09-19 10:00:00+00:00,3.0,18.736478805541992,17.0,18.600000381469727
2026-09-19 07:00:00+00:00,2026-09-19 11:00:00+00:00,4.0,21.194124221801758,22.0,21.0
2026-09-19 07:00:00+00:00,2026-09-19 12:00:00+00:00,5.0,21.866554260253906,21.0,21.83333396911621
2026-09-19 07:00:00+00:00,2026-09-19 13:00:00+00:00,6.0,21.595016479492188,20.0,23.66666603088379
2026-09-19 07:00:00+00:00,2026-09-19 14:00:00+00:00,7.0,21.610240936279297,20.0,22.714284896850586
2026-09-19 07:00:00+00:00,2026-09-19 15:00:00+00:00,8.0,22.483400344848633,22.0,23.285715103149414
2026-09-19 07:00:00+00:00,2026-09-19 16:00:00+00:00,9.0,23.019184112548828,23.0,22.285715103149414
2026-09-19 07:00:00+00:00,2026-09-19 17:00:00+00:00,10.0,22.36022186279297,22.0,22.5
2026-09-19 07:00:00+00:00,2026-09-19 18:00:00+00:00,11.0,21.678180694580078,22.0,22.5
2026-09-19 07:00:00+00:00,2026-09-19 19:00:00+00:00,12.0,20.517135620117188,21.0,22.5
2026-09-19 08:00:00+00:00,2026-09-19 09:00:00+00:00,1.0,18.799936294555664,17.0,18.14285659790039
2026-09-19 08:00:00+00:00,2026-09-19 10:00:00+00:00,2.0,19.359539031982422,17.0,18.600000381469727
2026-09-19 08:00:00+00:00,2026-09-19 11:00:00+00:00,3.0,19.431941986083984,17.0,21.0
2026-09-19 08:00:00+00:00,2026-09-19 12:00:00+00:00,4.0,21.060169219970703,21.0,21.83333396911621
2026-09-19 08:00:00+00:00,2026-09-19 13:00:00+00:00,5.0,21.613868713378906,20.0,23.66666603088379
2026-09-19 08:00:00+00:00,2026-09-19 14:00:00+00:00,6.0,21.717985153198242,20.0,22.714284896850586
2026-09-19 08:00:00+00:00,2026-09-19 15:00:00+00:00,7.0,22.426790237426758,22.0,23.285715103149414
2026-09-19 08:00:00+00:00,2026-09-19 16:00:00+00:00,8.0,23.358335494995117,24.0,22.285715103149414
2026-09-19 08:00:00+00:00,2026-09-19 17:00:00+00:00,9.0,22.91246795654297,23.0,22.5
2026-09-19 08:00:00+00:00,2026-09-19 18:00:00+00:00,10.0,21.86235809326172,22.0,22.5
2026-09-19 08:00:00+00:00,2026-09-19 19:00:00+00:00,11.0,20.280424118041992,20.0,22.5
2026-09-19 08:00:00+00:00,2026-09-19 20:00:00+00:00,12.0,19.24549102783203,20.0,20.399999618530273
2026-09-19 09:00:00+00:00,2026-09-19 10:00:00+00:00,1.0,18.957813262939453,16.0,18.600000381469727
2026-09-19 09:00:00+00:00,2026-09-19 11:00:00+00:00,2.0,19.537647247314453,17.0,21.0
2026-09-19 09:00:00+00:00,2026-09-19 12:00:00+00:00,3.0,21.023765563964844,21.0,21.83333396911621
2026-09-19 09:00:00+00:00,2026-09-19 13:00:00+00:00,4.0,21.569047927856445,20.0,23.66666603088379
2026-09-19 09:00:00+00:00,2026-09-19 14:00:00+00:00,5.0,22.612863540649414,22.0,22.714284896850586
2026-09-19 09:00:00+00:00,2026-09-19 15:00:00+00:00,6.0,22.807395935058594,22.0,23.285715103149414
2026-09-19 09:00:00+00:00,2026-09-19 16:00:00+00:00,7.0,22.532169342041016,22.0,22.285715103149414
2026-09-19 09:00:00+00:00,2026-09-19 17:00:00+00:00,8.0,22.054288864135742,22.0,22.5
2026-09-19 09:00:00+00:00,2026-09-19 18:00:00+00:00,9.0,21.14276123046875,21.0,22.5
2026-09-19 09:00:00+00:00,2026-09-19 19:00:00+00:00,10.0,20.42418670654297,21.0,22.5
2026-09-19 09:00:00+00:00,2026-09-19 20:00:00+00:00,11.0,19.24634552001953,20.0,20.399999618530273
2026-09-19 09:00:00+00:00,2026-09-19 21:00:00+00:00,12.0,18.177364349365234,20.0,19.88888931274414
2026-09-19 10:00:00+00:00,2026-09-19 11:00:00+00:00,1.0,20.194671630859375,18.0,21.0
2026-09-19 10:00:00+00:00,2026-09-19 12:00:00+00:00,2.0,22.126497268676758,22.0,21.83333396911621
2026-09-19 10:00:00+00:00,2026-09-19 13:00:00+00:00,3.0,23.00205421447754,22.0,23.66666603088379
2026-09-19 10:00:00+00:00,2026-09-19 14:00:00+00:00,4.0,23.292430877685547,22.0,22.714284896850586
2026-09-19 10:00:00+00:00,2026-09-19 15:00:00+00:00,5.0,23.671119689941406,23.0,23.285715103149414
2026-09-19 10:00:00+00:00,2026-09-19 16:00:00+00:00,6.0,23.020288467407227,22.0,22.285715103149414
2026-09-19 10:00:00+00:00,2026-09-19 17:00:00+00:00,7.0,22.467872619628906,22.0,22.5
2026-09-19 10:00:00+00:00,2026-09-19 18:00:00+00:00,8.0,21.974855422973633,22.0,22.5
2026-09-19 10:00:00+00:00,2026-09-19 19:00:00+00:00,9.0,20.546533584594727,20.0,22.5
2026-09-19 10:00:00+00:00,2026-09-19 20:00:00+00:00,10.0,19.9879207611084,21.0,20.399999618530273
2026-09-19 10:00:00+00:00,2026-09-19 21:00:00+00:00,11.0,19.108348846435547,21.0,19.88888931274414
2026-09-19 10:00:00+00:00,2026-09-19 22:00:00+00:00,12.0,17.23952293395996,19.0,17.571428298950195
2026-09-19 11:00:00+00:00,2026-09-19 12:00:00+00:00,1.0,21.994504928588867,19.0,21.83333396911621
2026-09-19 11:00:00+00:00,2026-09-19 13:00:00+00:00,2.0,23.137088775634766,22.0,23.66666603088379
2026-09-19 11:00:00+00:00,2026-09-19 14:00:00+00:00,3.0,23.064437866210938,21.0,22.714284896850586
2026-09-19 11:00:00+00:00,2026-09-19 15:00:00+00:00,4.0,23.27129364013672,22.0,23.285715103149414
2026-09-19 11:00:00+00:00,2026-09-19 16:00:00+00:00,5.0,22.99201202392578,22.0,22.285715103149414
2026-09-19 11:00:00+00:00,2026-09-19 17:00:00+00:00,6.0,22.644651412963867,22.0,22.5
2026-09-19 11:00:00+00:00,2026-09-19 18:00:00+00:00,7.0,21.527137756347656,21.0,22.5
2026-09-19 11:00:00+00:00,2026-09-19 19:00:00+00:00,8.0,20.333040237426758,20.0,22.5
2026-09-19 11:00:00+00:00,2026-09-19 20:00:00+00:00,9.0,19.926025390625,21.0,20.399999618530273
2026-09-19 11:00:00+00:00,2026-09-19 21:00:00+00:00,10.0,18.607839584350586,20.0,19.88888931274414
2026-09-19 11:00:00+00:00,2026-09-19 22:00:00+00:00,11.0,17.114505767822266,19.0,17.571428298950195
2026-09-19 11:00:00+00:00,2026-09-19 23:00:00+00:00,12.0,15.55029010772705,18.0,18.0
2026-09-19 12:00:00+00:00,2026-09-19 13:00:00+00:00,1.0,23.220983505249023,21.0,23.66666603088379
2026-09-19 12:00:00+00:00,2026-09-19 14:00:00+00:00,2.0,24.451936721801758,23.0,22.714284896850586
2026-09-19 12:00:00+00:00,2026-09-19 15:00:00+00:00,3.0,24.167245864868164,22.0,23.285715103149414
2026-09-19 12:00:00+00:00,2026-09-19 16:00:00+00:00,4.0,23.624645233154297,22.0,22.285715103149414
2026-09-19 12:00:00+00:00,2026-09-19 17:00:00+00:00,5.0,22.86616325378418,22.0,22.5
2026-09-19 12:00:00+00:00,2026-09-19 18:00:00+00:00,6.0,21.775514602661133,21.0,22.5
2026-09-19 12:00:00+00:00,2026-09-19 19:00:00+00:00,7.0,20.94864273071289,21.0,22.5
2026-09-19 12:00:00+00:00,2026-09-19 20:00:00+00:00,8.0,19.77952003479004,20.0,20.399999618530273
2026-09-19 12:00:00+00:00,2026-09-19 21:00:00+00:00,9.0,18.240861892700195,19.0,19.88888931274414
2026-09-19 12:00:00+00:00,2026-09-19 22:00:00+00:00,10.0,16.902587890625,19.0,17.571428298950195
2026-09-19 12:00:00+00:00,2026-09-19 23:00:00+00:00,11.0,15.339333534240723,18.0,18.0
2026-09-19 12:00:00+00:00,2026-09-20 00:00:00+00:00,12.0,12.879645347595215,15.0,14.600000381469727
2026-09-19 13:00:00+00:00,2026-09-19 14:00:00+00:00,1.0,24.72266960144043,22.0,22.714284896850586
2026-09-19 13:00:00+00:00,2026-09-19 15:00:00+00:00,2.0,24.564449310302734,22.0,23.285715103149414
2026-09-19 13:00:00+00:00,2026-09-19 16:00:00+00:00,3.0,23.950927734375,22.0,22.285715103149414
2026-09-19 13:00:00+00:00,2026-09-19 17:00:00+00:00,4.0,23.35065460205078,22.0,22.5
2026-09-19 13:00:00+00:00,2026-09-19 18:00:00+00:00,5.0,22.2673397064209,21.0,22.5
2026-09-19 13:00:00+00:00,2026-09-19 19:00:00+00:00,6.0,20.956953048706055,20.0,22.5
2026-09-19 13:00:00+00:00,2026-09-19 20:00:00+00:00,7.0,19.948991775512695,20.0,20.399999618530273
2026-09-19 13:00:00+00:00,2026-09-19 21:00:00+00:00,8.0,18.859312057495117,20.0,19.88888931274414
2026-09-19 13:00:00+00:00,2026-09-19 22:00:00+00:00,9.0,17.417461395263672,19.0,17.571428298950195
2026-09-19 13:00:00+00:00,2026-09-19 23:00:00+00:00,10.0,15.726240158081055,18.0,18.0
2026-09-19 13:00:00+00:00,2026-09-20 00:00:00+00:00,11.0,13.651918411254883,16.0,14.600000381469727
2026-09-19 13:00:00+00:00,2026-09-20 01:00:00+00:00,12.0,11.527506828308105,14.0,13.0
2026-09-19 14:00:00+00:00,2026-09-19 15:00:00+00:00,1.0,23.953670501708984,23.0,23.285715103149414
2026-09-19 14:00:00+00:00,2026-09-19 16:00:00+00:00,2.0,23.700206756591797,22.0,22.285715103149414
2026-09-19 14:00:00+00:00,2026-09-19 17:00:00+00:00,3.0,22.458913803100586,21.0,22.5
2026-09-19 14:00:00+00:00,2026-09-19 18:00:00+00:00,4.0,21.16276741027832,20.0,22.5
2026-09-19 14:00:00+00:00,2026-09-19 19:00:00+00:00,5.0,20.404266357421875,20.0,22.5
2026-09-19 14:00:00+00:00,2026-09-19 20:00:00+00:00,6.0,19.204757690429688,19.0,20.399999618530273
2026-09-19 14:00:00+00:00,2026-09-19 21:00:00+00:00,7.0,19.000659942626953,21.0,19.88888931274414
2026-09-19 14:00:00+00:00,2026-09-19 22:00:00+00:00,8.0,17.485727310180664,19.0,17.571428298950195
2026-09-19 14:00:00+00:00,2026-09-19 23:00:00+00:00,9.0,15.924164772033691,18.0,18.0
2026-09-19 14:00:00+00:00,2026-09-20 00:00:00+00:00,10.0,14.329876899719238,17.0,14.600000381469727
2026-09-19 14:00:00+00:00,2026-09-20 01:00:00+00:00,11.0,13.386956214904785,16.0,13.0
2026-09-19 14:00:00+00:00,2026-09-20 02:00:00+00:00,12.0,12.214273452758789,15.0,12.0
2026-09-20 06:00:00+00:00,2026-09-20 07:00:00+00:00,1.0,10.161094665527344,15.0,11.0
2026-09-20 06:00:00+00:00,2026-09-20 08:00:00+00:00,2.0,11.019266128540039,15.0,12.399999618530273
2026-09-20 06:00:00+00:00,2026-09-20 09:00:00+00:00,3.0,11.6497163772583,15.0,13.199999809265137
2026-09-20 06:00:00+00:00,2026-09-20 10:00:00+00:00,4.0,12.513863563537598,16.0,14.666666984558105
2026-09-20 06:00:00+00:00,2026-09-20 11:00:00+00:00,5.0,12.83863353729248,16.0,15.0
2026-09-20 06:00:00+00:00,2026-09-20 12:00:00+00:00,6.0,12.282788276672363,15.0,12.75
2026-09-20 06:00:00+00:00,2026-09-20 13:00:00+00:00,7.0,11.393778800964355,14.0,11.714285850524902
2026-09-20 06:00:00+00:00,2026-09-20 14:00:00+00:00,8.0,10.978569984436035,14.0,11.333333015441895
2026-09-20 06:00:00+00:00,2026-09-20 15:00:00+00:00,9.0,10.23007583618164,13.0,8.571428298950195
2026-09-20 06:00:00+00:00,2026-09-20 16:00:00+00:00,10.0,9.249866485595703,12.0,7.0
2026-09-20 06:00:00+00:00,2026-09-20 17:00:00+00:00,11.0,8.234015464782715,11.0,6.0
2026-09-20 06:00:00+00:00,2026-09-20 18:00:00+00:00,12.0,7.300252914428711,10.0,7.0
2026-09-20 07:00:00+00:00,2026-09-20 08:00:00+00:00,1.0,11.359408378601074,16.0,12.399999618530273
2026-09-20 07:00:00+00:00,2026-09-20 09:00:00+00:00,2.0,12.429581642150879,17.0,13.199999809265137
2026-09-20 07:00:00+00:00,2026-09-20 10:00:00+00:00,3.0,13.125062942504883,17.0,14.666666984558105
2026-09-20 07:00:00+00:00,2026-09-20 11:00:00+00:00,4.0,12.91342544555664,16.0,15.0
2026-09-20 07:00:00+00:00,2026-09-20 12:00:00+00:00,5.0,12.212258338928223,15.0,12.75
2026-09-20 07:00:00+00:00,2026-09-20 13:00:00+00:00,6.0,11.816357612609863,15.0,11.714285850524902
2026-09-20 07:00:00+00:00,2026-09-20 14:00:00+00:00,7.0,10.598532676696777,13.0,11.333333015441895
2026-09-20 07:00:00+00:00,2026-09-20 15:00:00+00:00,8.0,10.080973625183105,13.0,8.571428298950195
2026-09-20 07:00:00+00:00,2026-09-20 16:00:00+00:00,9.0,9.167799949645996,12.0,7.0
2026-09-20 07:00:00+00:00,2026-09-20 17:00:00+00:00,10.0,8.251108169555664,11.0,6.0
2026-09-20 07:00:00+00:00,2026-09-20 18:00:00+00:00,11.0,7.884363174438477,11.0,7.0
2026-09-20 07:00:00+00:00,2026-09-20 19:00:00+00:00,12.0,7.171356678009033,10.0,4.0
2026-09-20 08:00:00+00:00,2026-09-20 09:00:00+00:00,1.0,12.504907608032227,17.0,13.199999809265137
2026-09-20 08:00:00+00:00,2026-09-20 10:00:00+00:00,2.0,13.109832763671875,17.0,14.666666984558105
2026-09-20 08:00:00+00:00,2026-09-20 11:00:00+00:00,3.0,12.886622428894043,16.0,15.0
2026-09-20 08:00:00+00:00,2026-09-20 12:00:00+00:00,4.0,12.676817893981934,16.0,12.75
2026-09-20 08:00:00+00:00,2026-09-20 13:00:00+00:00,5.0,11.992780685424805,15.0,11.714285850524902
2026-09-20 08:00:00+00:00,2026-09-20 14:00:00+00:00,6.0,10.66831111907959,13.0,11.333333015441895
2026-09-20 08:00:00+00:00,2026-09-20 15:00:00+00:00,7.0,10.016961097717285,13.0,8.571428298950195
2026-09-20 08:00:00+00:00,2026-09-20 16:00:00+00:00,8.0,9.174320220947266,12.0,7.0
2026-09-20 08:00:00+00:00,2026-09-20 17:00:00+00:00,9.0,8.262389183044434,11.0,6.0
2026-09-20 08:00:00+00:00,2026-09-20 18:00:00+00:00,10.0,7.309203624725342,10.0,7.0
2026-09-20 08:00:00+00:00,2026-09-20 19:00:00+00:00,11.0,6.522427558898926,9.0,4.0
2026-09-20 08:00:00+00:00,2026-09-20 20:00:00+00:00,12.0,5.847923755645752,8.0,4.0
2026-09-20 09:00:00+00:00,2026-09-20 10:00:00+00:00,1.0,12.51128101348877,16.0,14.666666984558105
2026-09-20 09:00:00+00:00,2026-09-20 11:00:00+00:00,2.0,12.5773286819458,16.0,15.0
2026-09-20 09:00:00+00:00,2026-09-20 12:00:00+00:00,3.0,12.162114143371582,15.0,12.75
2026-09-20 09:00:00+00:00,2026-09-20 13:00:00+00:00,4.0,12.314692497253418,16.0,11.714285850524902
2026-09-20 09:00:00+00:00,2026-09-20 14:00:00+00:00,5.0,11.290088653564453,14.0,11.333333015441895
2026-09-20 09:00:00+00:00,2026-09-20 15:00:00+00:00,6.0,10.807939529418945,14.0,8.571428298950195
2026-09-20 09:00:00+00:00,2026-09-20 16:00:00+00:00,7.0,9.324562072753906,12.0,7.0
2026-09-20 09:00:00+00:00,2026-09-20 17:00:00+00:00,8.0,8.253538131713867,11.0,6.0
2026-09-20 09:00:00+00:00,2026-09-20 18:00:00+00:00,9.0,7.3183794021606445,10.0,7.0
2026-09-20 09:00:00+00:00,2026-09-20 19:00:00+00:00,10.0,7.0094523429870605,10.0,4.0
2026-09-20 09:00:00+00:00,2026-09-20 20:00:00+00:00,11.0,6.405075550079346,9.0,4.0
2026-09-20 09:00:00+00:00,2026-09-20 21:00:00+00:00,12.0,5.694852828979492,8.0,3.0
2026-09-20 10:00:00+00:00,2026-09-20 11:00:00+00:00,1.0,13.37430477142334,15.0,15.0
2026-09-20 10:00:00+00:00,2026-09-20 12:00:00+00:00,2.0,12.723875999450684,15.0,12.75
2026-09-20 10:00:00+00:00,2026-09-20 13:00:00+00:00,3.0,11.84032917022705,14.0,11.714285850524902
2026-09-20 10:00:00+00:00,2026-09-20 14:00:00+00:00,4.0,11.32618236541748,14.0,11.333333015441895
2026-09-20 10:00:00+00:00,2026-09-20 15:00:00+00:00,5.0,10.356185913085938,13.0,8.571428298950195
2026-09-20 10:00:00+00:00,2026-09-20 16:00:00+00:00,6.0,9.819482803344727,13.0,7.0
2026-09-20 10:00:00+00:00,2026-09-20 17:00:00+00:00,7.0,8.923880577087402,12.0,6.0
2026-09-20 10:00:00+00:00,2026-09-20 18:00:00+00:00,8.0,7.511740684509277,10.0,7.0
2026-09-20 10:00:00+00:00,2026-09-20 19:00:00+00:00,9.0,6.528651714324951,9.0,4.0
2026-09-20 10:00:00+00:00,2026-09-20 20:00:00+00:00,10.0,6.306962966918945,9.0,4.0
2026-09-20 10:00:00+00:00,2026-09-20 21:00:00+00:00,11.0,6.220273017883301,9.0,3.0
2026-09-20 10:00:00+00:00,2026-09-20 22:00:00+00:00,12.0,6.05792236328125,9.0,3.5
2026-09-20 11:00:00+00:00,2026-09-20 12:00:00+00:00,1.0,13.31488037109375,15.0,12.75
2026-09-20 11:00:00+00:00,2026-09-20 13:00:00+00:00,2.0,12.54157543182373,15.0,11.714285850524902
2026-09-20 11:00:00+00:00,2026-09-20 14:00:00+00:00,3.0,11.730362892150879,14.0,11.333333015441895
2026-09-20 11:00:00+00:00,2026-09-20 15:00:00+00:00,4.0,11.091691970825195,14.0,8.571428298950195
2026-09-20 11:00:00+00:00,2026-09-20 16:00:00+00:00,5.0,10.043798446655273,13.0,7.0
2026-09-20 11:00:00+00:00,2026-09-20 17:00:00+00:00,6.0,9.005992889404297,12.0,6.0
2026-09-20 11:00:00+00:00,2026-09-20 18:00:00+00:00,7.0,7.486580848693848,10.0,7.0
2026-09-20 11:00:00+00:00,2026-09-20 19:00:00+00:00,8.0,7.054027557373047,10.0,4.0
2026-09-20 11:00:00+00:00,2026-09-20 20:00:00+00:00,9.0,6.897350311279297,10.0,4.0
2026-09-20 11:00:00+00:00,2026-09-20 21:00:00+00:00,10.0,6.878658771514893,10.0,3.0
2026-09-20 11:00:00+00:00,2026-09-20 22:00:00+00:00,11.0,6.917617321014404,10.0,3.5
2026-09-20 11:00:00+00:00,2026-09-20 23:00:00+00:00,12.0,6.9064788818359375,10.0,2.799999952316284
2026-09-20 12:00:00+00:00,2026-09-20 13:00:00+00:00,1.0,11.498761177062988,15.0,11.714285850524902
2026-09-20 12:00:00+00:00,2026-09-20 14:00:00+00:00,2.0,11.394545555114746,15.0,11.333333015441895
2026-09-20 12:00:00+00:00,2026-09-20 15:00:00+00:00,3.0,10.815598487854004,14.0,8.571428298950195
2026-09-20 12:00:00+00:00,2026-09-20 16:00:00+00:00,4.0,9.859038352966309,13.0,7.0
2026-09-20 12:00:00+00:00,2026-09-20 17:00:00+00:00,5.0,8.33541202545166,11.0,6.0
2026-09-20 12:00:00+00:00,2026-09-20 18:00:00+00:00,6.0,7.839719295501709,11.0,7.0
2026-09-20 12:00:00+00:00,2026-09-20 19:00:00+00:00,7.0,7.144931793212891,10.0,4.0
2026-09-20 12:00:00+00:00,2026-09-20 20:00:00+00:00,8.0,6.882742404937744,10.0,4.0
2026-09-20 12:00:00+00:00,2026-09-20 21:00:00+00:00,9.0,6.3212890625,9.0,3.0
2026-09-20 12:00:00+00:00,2026-09-20 22:00:00+00:00,10.0,6.748929023742676,10.0,3.5
2026-09-20 12:00:00+00:00,2026-09-20 23:00:00+00:00,11.0,6.378207206726074,9.0,2.799999952316284
2026-09-20 12:00:00+00:00,2026-09-21 00:00:00+00:00,12.0,6.165191173553467,9.0,2.7142856121063232
2026-09-20 13:00:00+00:00,2026-09-20 14:00:00+00:00,1.0,10.446002006530762,14.0,11.333333015441895
2026-09-20 13:00:00+00:00,2026-09-20 15:00:00+00:00,2.0,10.174955368041992,14.0,8.571428298950195
2026-09-20 13:00:00+00:00,2026-09-20 16:00:00+00:00,3.0,9.625094413757324,13.0,7.0
2026-09-20 13:00:00+00:00,2026-09-20 17:00:00+00:00,4.0,8.818037986755371,12.0,6.0
2026-09-20 13:00:00+00:00,2026-09-20 18:00:00+00:00,5.0,7.998227119445801,11.0,7.0
2026-09-20 13:00:00+00:00,2026-09-20 19:00:00+00:00,6.0,7.158036231994629,10.0,4.0
2026-09-20 13:00:00+00:00,2026-09-20 20:00:00+00:00,7.0,6.427567958831787,9.0,4.0
2026-09-20 13:00:00+00:00,2026-09-20 21:00:00+00:00,8.0,6.724115371704102,10.0,3.0
2026-09-20 13:00:00+00:00,2026-09-20 22:00:00+00:00,9.0,6.278332710266113,9.0,3.5
2026-09-20 13:00:00+00:00,2026-09-20 23:00:00+00:00,10.0,6.728445053100586,10.0,2.799999952316284
2026-09-20 13:00:00+00:00,2026-09-21 00:00:00+00:00,11.0,6.22270393371582,9.0,2.7142856121063232
2026-09-20 13:00:00+00:00,2026-09-21 01:00:00+00:00,12.0,4.771454811096191,6.0,2.4285714626312256
2026-09-20 14:00:00+00:00,2026-09-20 15:00:00+00:00,1.0,10.17883014678955,15.0,8.571428298950195
2026-09-20 14:00:00+00:00,2026-09-20 16:00:00+00:00,2.0,9.200801849365234,13.0,7.0
2026-09-20 14:00:00+00:00,2026-09-20 17:00:00+00:00,3.0,8.048415184020996,11.0,6.0
2026-09-20 14:00:00+00:00,2026-09-20 18:00:00+00:00,4.0,7.752998352050781,11.0,7.0
2026-09-20 14:00:00+00:00,2026-09-20 19:00:00+00:00,5.0,7.661154747009277,11.0,4.0
2026-09-20 14:00:00+00:00,2026-09-20 20:00:00+00:00,6.0,7.02833366394043,10.0,4.0
2026-09-20 14:00:00+00:00,2026-09-20 21:00:00+00:00,7.0,6.92844295501709,10.0,3.0
2026-09-20 14:00:00+00:00,2026-09-20 22:00:00+00:00,8.0,6.783668518066406,10.0,3.5
2026-09-20 14:00:00+00:00,2026-09-20 23:00:00+00:00,9.0,7.354065418243408,11.0,2.799999952316284
2026-09-20 14:00:00+00:00,2026-09-21 00:00:00+00:00,10.0,6.995388507843018,10.0,2.7142856121063232
2026-09-20 14:00:00+00:00,2026-09-21 01:00:00+00:00,11.0,6.088713645935059,8.0,2.4285714626312256
2026-09-20 14:00:00+00:00,2026-09-21 02:00:00+00:00,12.0,5.917602062225342,8.0,4.0
2026-09-20 15:00:00+00:00,2026-09-20 16:00:00+00:00,1.0,7.6730523109436035,13.0,7.0
2026-09-20 15:00:00+00:00,2026-09-20 17:00:00+00:00,2.0,7.658042907714844,12.0,6.0
2026-09-20 15:00:00+00:00,2026-09-20 18:00:00+00:00,3.0,7.507322788238525,11.0,7.0
2026-09-20 15:00:00+00:00,2026-09-20 19:00:00+00:00,4.0,7.097139358520508,10.0,4.0
2026-09-20 15:00:00+00:00,2026-09-20 20:00:00+00:00,5.0,6.359881401062012,9.0,4.0
2026-09-20 15:00:00+00:00,2026-09-20 21:00:00+00:00,6.0,6.2218217849731445,9.0,3.0
2026-09-20 15:00:00+00:00,2026-09-20 22:00:00+00:00,7.0,6.124509811401367,9.0,3.5
2026-09-20 15:00:00+00:00,2026-09-20 23:00:00+00:00,8.0,6.572324275970459,10.0,2.799999952316284
2026-09-20 15:00:00+00:00,2026-09-21 00:00:00+00:00,9.0,6.229355812072754,9.0,2.7142856121063232
2026-09-20 15:00:00+00:00,2026-09-21 01:00:00+00:00,10.0,4.705684661865234,6.0,2.4285714626312256
2026-09-20 15:00:00+00:00,2026-09-21 02:00:00+00:00,11.0,4.443208694458008,6.0,4.0
2026-09-20 15:00:00+00:00,2026-09-21 03:00:00+00:00,12.0,4.33916711807251,6.0,4.0
2026-09-20 16:00:00+00:00,2026-09-20 17:00:00+00:00,1.0,6.43256950378418,12.0,6.0
2026-09-20 16:00:00+00:00,2026-09-20 18:00:00+00:00,2.0,6.647045135498047,11.0,7.0
2026-09-20 16:00:00+00:00,2026-09-20 19:00:00+00:00,3.0,6.619763374328613,10.0,4.0
2026-09-20 16:00:00+00:00,2026-09-20 20:00:00+00:00,4.0,6.2659125328063965,9.0,4.0
2026-09-20 16:00:00+00:00,2026-09-20 21:00:00+00:00,5.0,6.711163520812988,10.0,3.0
2026-09-20 16:00:00+00:00,2026-09-20 22:00:00+00:00,6.0,6.246281623840332,9.0,3.5
2026-09-20 16:00:00+00:00,2026-09-20 23:00:00+00:00,7.0,6.67857027053833,10.0,2.799999952316284
2026-09-20 16:00:00+00:00,2026-09-21 00:00:00+00:00,8.0,6.270086288452148,9.0,2.7142856121063232
2026-09-20 16:00:00+00:00,2026-09-21 01:00:00+00:00,9.0,5.305685520172119,7.0,2.4285714626312256
2026-09-20 16:00:00+00:00,2026-09-21 02:00:00+00:00,10.0,4.855374813079834,6.0,4.0
2026-09-20 16:00:00+00:00,2026-09-21 03:00:00+00:00,11.0,4.788830757141113,6.0,4.0
2026-09-20 16:00:00+00:00,2026-09-21 04:00:00+00:00,12.0,5.0593953132629395,7.0,4.666666507720947
2026-09-20 17:00:00+00:00,2026-09-20 18:00:00+00:00,1.0,5.630455493927002,11.0,7.0
2026-09-20 17:00:00+00:00,2026-09-20 19:00:00+00:00,2.0,5.897317886352539,10.0,4.0
2026-09-20 17:00:00+00:00,2026-09-20 20:00:00+00:00,3.0,5.826290130615234,9.0,4.0
2026-09-20 17:00:00+00:00,2026-09-20 21:00:00+00:00,4.0,5.525649547576904,8.0,3.0
2026-09-20 17:00:00+00:00,2026-09-20 22:00:00+00:00,5.0,5.994153022766113,9.0,3.5
2026-09-20 17:00:00+00:00,2026-09-20 23:00:00+00:00,6.0,6.109081745147705,9.0,2.799999952316284
2026-09-20 17:00:00+00:00,2026-09-21 00:00:00+00:00,7.0,5.576418876647949,8.0,2.7142856121063232
2026-09-20 17:00:00+00:00,2026-09-21 01:00:00+00:00,8.0,6.073162078857422,9.0,2.4285714626312256
2026-09-20 17:00:00+00:00,2026-09-21 02:00:00+00:00,9.0,5.226161003112793,7.0,4.0
2026-09-20 17:00:00+00:00,2026-09-21 03:00:00+00:00,10.0,5.182301998138428,7.0,4.0
2026-09-20 17:00:00+00:00,2026-09-21 04:00:00+00:00,11.0,5.376767158508301,7.0,4.666666507720947
2026-09-20 17:00:00+00:00,2026-09-21 05:00:00+00:00,12.0,5.680639743804932,7.0,4.800000190734863
2026-09-20 18:00:00+00:00,2026-09-20 19:00:00+00:00,1.0,6.043886661529541,10.0,4.0
2026-09-20 18:00:00+00:00,2026-09-20 20:00:00+00:00,2.0,6.123355865478516,10.0,4.0
2026-09-20 18:00:00+00:00,2026-09-20 21:00:00+00:00,3.0,6.009575366973877,9.0,3.0
2026-09-20 18:00:00+00:00,2026-09-20 22:00:00+00:00,4.0,6.03892183303833,9.0,3.5
2026-09-20 18:00:00+00:00,2026-09-20 23:00:00+00:00,5.0,6.0660858154296875,9.0,2.799999952316284
2026-09-20 18:00:00+00:00,2026-09-21 00:00:00+00:00,6.0,6.143281936645508,9.0,2.7142856121063232
2026-09-20 18:00:00+00:00,2026-09-21 01:00:00+00:00,7.0,4.809946537017822,6.0,2.4285714626312256
2026-09-20 18:00:00+00:00,2026-09-21 02:00:00+00:00,8.0,6.032720565795898,9.0,4.0
2026-09-20 18:00:00+00:00,2026-09-21 03:00:00+00:00,9.0,5.899580001831055,8.0,4.0
2026-09-20 18:00:00+00:00,2026-09-21 04:00:00+00:00,10.0,5.974592208862305,8.0,4.666666507720947
2026-09-20 18:00:00+00:00,2026-09-21 05:00:00+00:00,11.0,6.1330060958862305,8.0,4.800000190734863
2026-09-20 18:00:00+00:00,2026-09-21 06:00:00+00:00,12.0,6.917189121246338,9.0,5.0
2026-09-20 19:00:00+00:00,2026-09-20 20:00:00+00:00,1.0,4.029280662536621,9.0,4.0
2026-09-20 19:00:00+00:00,2026-09-20 21:00:00+00:00,2.0,4.968791484832764,9.0,3.0
2026-09-20 19:00:00+00:00,2026-09-20 22:00:00+00:00,3.0,5.507126808166504,9.0,3.5
2026-09-20 19:00:00+00:00,2026-09-20 23:00:00+00:00,4.0,5.759453773498535,9.0,2.799999952316284
2026-09-20 19:00:00+00:00,2026-09-21 00:00:00+00:00,5.0,5.397532939910889,8.0,2.7142856121063232
2026-09-20 19:00:00+00:00,2026-09-21 01:00:00+00:00,6.0,4.494456768035889,6.0,2.4285714626312256
2026-09-20 19:00:00+00:00,2026-09-21 02:00:00+00:00,7.0,5.564154148101807,8.0,4.0
2026-09-20 19:00:00+00:00,2026-09-21 03:00:00+00:00,8.0,5.92317533493042,8.0,4.0
2026-09-20 19:00:00+00:00,2026-09-21 04:00:00+00:00,9.0,6.02794075012207,8.0,4.666666507720947
2026-09-20 19:00:00+00:00,2026-09-21 05:00:00+00:00,10.0,6.164879322052002,8.0,4.800000190734863
2026-09-20 19:00:00+00:00,2026-09-21 06:00:00+00:00,11.0,6.816492080688477,9.0,5.0
2026-09-20 19:00:00+00:00,2026-09-21 07:00:00+00:00,12.0,7.820137023925781,10.0,6.0
2026-09-20 20:00:00+00:00,2026-09-20 21:00:00+00:00,1.0,3.860440969467163,8.0,3.0
2026-09-20 20:00:00+00:00,2026-09-20 22:00:00+00:00,2.0,4.885346412658691,9.0,3.5
2026-09-20 20:00:00+00:00,2026-09-20 23:00:00+00:00,3.0,4.936742305755615,8.0,2.799999952316284
2026-09-20 20:00:00+00:00,2026-09-21 00:00:00+00:00,4.0,5.050883769989014,8.0,2.7142856121063232
2026-09-20 20:00:00+00:00,2026-09-21 01:00:00+00:00,5.0,6.348906517028809,10.0,2.4285714626312256
2026-09-20 20:00:00+00:00,2026-09-21 02:00:00+00:00,6.0,5.714306831359863,8.0,4.0
2026-09-20 20:00:00+00:00,2026-09-21 03:00:00+00:00,7.0,5.241002559661865,7.0,4.0
2026-09-20 20:00:00+00:00,2026-09-21 04:00:00+00:00,8.0,5.330242156982422,7.0,4.666666507720947
2026-09-20 20:00:00+00:00,2026-09-21 05:00:00+00:00,9.0,5.51305627822876,7.0,4.800000190734863
2026-09-20 20:00:00+00:00,2026-09-21 06:00:00+00:00,10.0,6.22019624710083,8.0,5.0
2026-09-20 20:00:00+00:00,2026-09-21 07:00:00+00:00,11.0,7.066259860992432,9.0,6.0
2026-09-20 20:00:00+00:00,2026-09-21 08:00:00+00:00,12.0,7.975120544433594,10.0,7.199999809265137
2026-09-20 21:00:00+00:00,2026-09-20 22:00:00+00:00,1.0,3.0707459449768066,8.0,3.5
2026-09-20 21:00:00+00:00,2026-09-20 23:00:00+00:00,2.0,3.9839084148406982,8.0,2.799999952316284
2026-09-20 21:00:00+00:00,2026-09-21 00:00:00+00:00,3.0,4.298578262329102,7.0,2.7142856121063232
2026-09-20 21:00:00+00:00,2026-09-21 01:00:00+00:00,4.0,4.3850274085998535,6.0,2.4285714626312256
2026-09-20 21:00:00+00:00,2026-09-21 02:00:00+00:00,5.0,5.832819938659668,9.0,4.0
2026-09-20 21:00:00+00:00,2026-09-21 03:00:00+00:00,6.0,6.137563705444336,9.0,4.0
2026-09-20 21:00:00+00:00,2026-09-21 04:00:00+00:00,7.0,6.000685214996338,8.0,4.666666507720947
2026-09-20 21:00:00+00:00,2026-09-21 05:00:00+00:00,8.0,6.076493263244629,8.0,4.800000190734863
2026-09-20 21:00:00+00:00,2026-09-21 06:00:00+00:00,9.0,6.888270378112793,9.0,5.0
2026-09-20 21:00:00+00:00,2026-09-21 07:00:00+00:00,10.0,7.180665493011475,9.0,6.0
2026-09-20 21:00:00+00:00,2026-09-21 08:00:00+00:00,11.0,7.410566806793213,9.0,7.199999809265137
2026-09-20 21:00:00+00:00,2026-09-21 09:00:00+00:00,12.0,8.005349159240723,10.0,5.75
2026-09-20 22:00:00+00:00,2026-09-20 23:00:00+00:00,1.0,3.525499105453491,8.0,2.799999952316284
2026-09-20 22:00:00+00:00,2026-09-21 00:00:00+00:00,2.0,3.856682777404785,7.0,2.7142856121063232
2026-09-20 22:00:00+00:00,2026-09-21 01:00:00+00:00,3.0,4.205377578735352,6.0,2.4285714626312256
2026-09-20 22:00:00+00:00,2026-09-21 02:00:00+00:00,4.0,5.763359546661377,9.0,4.0
2026-09-20 22:00:00+00:00,2026-09-21 03:00:00+00:00,5.0,6.097078800201416,9.0,4.0
2026-09-20 22:00:00+00:00,2026-09-21 04:00:00+00:00,6.0,5.978466987609863,8.0,4.666666507720947
2026-09-20 22:00:00+00:00,2026-09-21 05:00:00+00:00,7.0,6.067117691040039,8.0,4.800000190734863
2026-09-20 22:00:00+00:00,2026-09-21 06:00:00+00:00,8.0,6.885043621063232,9.0,5.0
2026-09-20 22:00:00+00:00,2026-09-21 07:00:00+00:00,9.0,7.179012775421143,9.0,6.0
2026-09-20 22:00:00+00:00,2026-09-21 08:00:00+00:00,10.0,7.4099836349487305,9.0,7.199999809265137
2026-09-20 22:00:00+00:00,2026-09-21 09:00:00+00:00,11.0,8.005077362060547,10.0,5.75
2026-09-20 22:00:00+00:00,2026-09-21 10:00:00+00:00,12.0,8.244688034057617,10.0,5.400000095367432
2026-09-20 23:00:00+00:00,2026-09-21 00:00:00+00:00,1.0,2.829191207885742,7.0,2.7142856121063232
2026-09-20 23:00:00+00:00,2026-09-21 01:00:00+00:00,2.0,3.57879638671875,6.0,2.4285714626312256
2026-09-20 23:00:00+00:00,2026-09-21 02:00:00+00:00,3.0,5.475640296936035,9.0,4.0
2026-09-20 23:00:00+00:00,2026-09-21 03:00:00+00:00,4.0,5.938375949859619,9.0,4.0
2026-09-20 23:00:00+00:00,2026-09-21 04:00:00+00:00,5.0,5.896167755126953,8.0,4.666666507720947
2026-09-20 23:00:00+00:00,2026-09-21 05:00:00+00:00,6.0,6.040996074676514,8.0,4.800000190734863
2026-09-20 23:00:00+00:00,2026-09-21 06:00:00+00:00,7.0,6.8775200843811035,9.0,5.0
2026-09-20 23:00:00+00:00,2026-09-21 07:00:00+00:00,8.0,7.174528121948242,9.0,6.0
2026-09-20 23:00:00+00:00,2026-09-21 08:00:00+00:00,9.0,7.408291339874268,9.0,7.199999809265137
2026-09-20 23:00:00+00:00,2026-09-21 09:00:00+00:00,10.0,8.004327774047852,10.0,5.75
2026-09-20 23:00:00+00:00,2026-09-21 10:00:00+00:00,11.0,8.244308471679688,10.0,5.400000095367432
2026-09-20 23:00:00+00:00,2026-09-21 11:00:00+00:00,12.0,7.822018146514893,9.0,5.0
2026-09-21 00:00:00+00:00,2026-09-21 01:00:00+00:00,1.0,3.0739223957061768,6.0,2.4285714626312256
2026-09-21 00:00:00+00:00,2026-09-21 02:00:00+00:00,2.0,4.9999823570251465,9.0,4.0
2026-09-21 00:00:00+00:00,2026-09-21 03:00:00+00:00,3.0,5.728951454162598,9.0,4.0
2026-09-21 00:00:00+00:00,2026-09-21 04:00:00+00:00,4.0,5.816195964813232,8.0,4.666666507720947
2026-09-21 00:00:00+00:00,2026-09-21 05:00:00+00:00,5.0,6.0111918449401855,8.0,4.800000190734863
2026-09-21 00:00:00+00:00,2026-09-21 06:00:00+00:00,6.0,6.868337631225586,9.0,5.0
2026-09-21 00:00:00+00:00,2026-09-21 07:00:00+00:00,7.0,7.1691813468933105,9.0,6.0
2026-09-21 00:00:00+00:00,2026-09-21 08:00:00+00:00,8.0,7.406303405761719,9.0,7.199999809265137
2026-09-21 00:00:00+00:00,2026-09-21 09:00:00+00:00,9.0,8.00355052947998,10.0,5.75
2026-09-21 00:00:00+00:00,2026-09-21 10:00:00+00:00,10.0,8.24390697479248,10.0,5.400000095367432
2026-09-21 00:00:00+00:00,2026-09-21 11:00:00+00:00,11.0,7.821840286254883,9.0,5.0
2026-09-21 00:00:00+00:00,2026-09-21 12:00:00+00:00,12.0,6.979691505432129,8.0,4.666666507720947
2026-09-21 01:00:00+00:00,2026-09-21 02:00:00+00:00,1.0,3.9003591537475586,9.0,4.0
2026-09-21 01:00:00+00:00,2026-09-21 03:00:00+00:00,2.0,4.985372543334961,9.0,4.0
2026-09-21 01:00:00+00:00,2026-09-21 04:00:00+00:00,3.0,5.470430374145508,8.0,4.666666507720947
2026-09-21 01:00:00+00:00,2026-09-21 05:00:00+00:00,4.0,5.857306003570557,8.0,4.800000190734863
2026-09-21 01:00:00+00:00,2026-09-21 06:00:00+00:00,5.0,6.819215297698975,9.0,5.0
2026-09-21 01:00:00+00:00,2026-09-21 07:00:00+00:00,6.0,7.140693187713623,9.0,6.0
2026-09-21 01:00:00+00:00,2026-09-21 08:00:00+00:00,7.0,7.394314765930176,9.0,7.199999809265137
2026-09-21 01:00:00+00:00,2026-09-21 09:00:00+00:00,8.0,7.998907089233398,10.0,5.75
2026-09-21 01:00:00+00:00,2026-09-21 10:00:00+00:00,9.0,8.24162769317627,10.0,5.400000095367432
2026-09-21 01:00:00+00:00,2026-09-21 11:00:00+00:00,10.0,7.8208327293396,9.0,5.0
2026-09-21 01:00:00+00:00,2026-09-21 12:00:00+00:00,11.0,6.979549407958984,8.0,4.666666507720947
2026-09-21 01:00:00+00:00,2026-09-21 13:00:00+00:00,12.0,6.584049224853516,8.0,5.666666507720947
2026-09-21 02:00:00+00:00,2026-09-21 03:00:00+00:00,1.0,4.336790084838867,9.0,4.0
2026-09-21 02:00:00+00:00,2026-09-21 04:00:00+00:00,2.0,4.963221549987793,8.0,4.666666507720947
2026-09-21 02:00:00+00:00,2026-09-21 05:00:00+00:00,3.0,5.611451148986816,8.0,4.800000190734863
2026-09-21 02:00:00+00:00,2026-09-21 06:00:00+00:00,4.0,6.727258682250977,9.0,5.0
2026-09-21 02:00:00+00:00,2026-09-21 07:00:00+00:00,5.0,7.087395191192627,9.0,6.0
2026-09-21 02:00:00+00:00,2026-09-21 08:00:00+00:00,6.0,7.372413635253906,9.0,7.199999809265137
2026-09-21 02:00:00+00:00,2026-09-21 09:00:00+00:00,7.0,7.990458965301514,10.0,5.75
2026-09-21 02:00:00+00:00,2026-09-21 10:00:00+00:00,8.0,8.237345695495605,10.0,5.400000095367432
2026-09-21 02:00:00+00:00,2026-09-21 11:00:00+00:00,9.0,7.818927764892578,9.0,5.0
2026-09-21 02:00:00+00:00,2026-09-21 12:00:00+00:00,10.0,6.97926664352417,8.0,4.666666507720947
2026-09-21 02:00:00+00:00,2026-09-21 13:00:00+00:00,11.0,6.584123611450195,8.0,5.666666507720947
2026-09-21 02:00:00+00:00,2026-09-21 14:00:00+00:00,12.0,5.835160732269287,7.0,4.666666507720947
2026-09-21 03:00:00+00:00,2026-09-21 04:00:00+00:00,1.0,4.221951961517334,8.0,4.666666507720947
2026-09-21 03:00:00+00:00,2026-09-21 05:00:00+00:00,2.0,5.09050178527832,8.0,4.800000190734863
2026-09-21 03:00:00+00:00,2026-09-21 06:00:00+00:00,3.0,6.499916076660156,9.0,5.0
2026-09-21 03:00:00+00:00,2026-09-21 07:00:00+00:00,4.0,6.980421543121338,9.0,6.0
2026-09-21 03:00:00+00:00,2026-09-21 08:00:00+00:00,5.0,7.331822872161865,9.0,7.199999809265137
2026-09-21 03:00:00+00:00,2026-09-21 09:00:00+00:00,6.0,7.9741692543029785,10.0,5.75
2026-09-21 03:00:00+00:00,2026-09-21 10:00:00+00:00,7.0,8.228636741638184,10.0,5.400000095367432
2026-09-21 03:00:00+00:00,2026-09-21 11:00:00+00:00,8.0,7.815078258514404,9.0,5.0
2026-09-21 03:00:00+00:00,2026-09-21 12:00:00+00:00,9.0,6.978675365447998,8.0,4.666666507720947
2026-09-21 03:00:00+00:00,2026-09-21 13:00:00+00:00,10.0,6.584262371063232,8.0,5.666666507720947
2026-09-21 03:00:00+00:00,2026-09-21 14:00:00+00:00,11.0,5.835343360900879,7.0,4.666666507720947
2026-09-21 03:00:00+00:00,2026-09-21 15:00:00+00:00,12.0,5.544161319732666,7.0,4.5
2026-09-21 04:00:00+00:00,2026-09-21 05:00:00+00:00,1.0,4.832681179046631,8.0,4.800000190734863
2026-09-21 04:00:00+00:00,2026-09-21 06:00:00+00:00,2.0,6.190557479858398,9.0,5.0
2026-09-21 04:00:00+00:00,2026-09-21 07:00:00+00:00,3.0,6.862526893615723,9.0,6.0
2026-09-21 04:00:00+00:00,2026-09-21 08:00:00+00:00,4.0,7.2938456535339355,9.0,7.199999809265137
2026-09-21 04:00:00+00:00,2026-09-21 09:00:00+00:00,5.0,7.959973335266113,10.0,5.75
2026-09-21 04:00:00+00:00,2026-09-21 10:00:00+00:00,6.0,8.220443725585938,10.0,5.400000095367432
2026-09-21 04:00:00+00:00,2026-09-21 11:00:00+00:00,7.0,7.811325550079346,9.0,5.0
2026-09-21 04:00:00+00:00,2026-09-21 12:00:00+00:00,8.0,6.97801399230957,8.0,4.666666507720947
2026-09-21 04:00:00+00:00,2026-09-21 13:00:00+00:00,9.0,6.584346771240234,8.0,5.666666507720947
2026-09-21 04:00:00+00:00,2026-09-21 14:00:00+00:00,10.0,5.835498809814453,7.0,4.666666507720947
2026-09-21 04:00:00+00:00,2026-09-21 15:00:00+00:00,11.0,5.544240474700928,7.0,4.5
2026-09-21 04:00:00+00:00,2026-09-21 16:00:00+00:00,12.0,4.819979667663574,6.0,5.199999809265137
2026-09-21 05:00:00+00:00,2026-09-21 06:00:00+00:00,1.0,5.675055027008057,9.0,5.0
2026-09-21 05:00:00+00:00,2026-09-21 07:00:00+00:00,2.0,6.472311496734619,9.0,6.0
2026-09-21 05:00:00+00:00,2026-09-21 08:00:00+00:00,3.0,7.147040843963623,9.0,7.199999809265137
2026-09-21 05:00:00+00:00,2026-09-21 09:00:00+00:00,4.0,7.915782928466797,10.0,5.75
2026-09-21 05:00:00+00:00,2026-09-21 10:00:00+00:00,5.0,8.198753356933594,10.0,5.400000095367432
2026-09-21 05:00:00+00:00,2026-09-21 11:00:00+00:00,6.0,7.800258636474609,9.0,5.0
2026-09-21 05:00:00+00:00,2026-09-21 12:00:00+00:00,7.0,6.975904941558838,8.0,4.666666507720947
2026-09-21 05:00:00+00:00,2026-09-21 13:00:00+00:00,8.0,6.584478855133057,8.0,5.666666507720947
2026-09-21 05:00:00+00:00,2026-09-21 14:00:00+00:00,9.0,5.835903167724609,7.0,4.666666507720947
2026-09-21 05:00:00+00:00,2026-09-21 15:00:00+00:00,10.0,5.544453144073486,7.0,4.5
2026-09-21 05:00:00+00:00,2026-09-21 16:00:00+00:00,11.0,4.820067882537842,6.0,5.199999809265137
2026-09-21 05:00:00+00:00,2026-09-21 17:00:00+00:00,12.0,4.645724773406982,6.0,4.833333492279053
2026-09-21 06:00:00+00:00,2026-09-21 07:00:00+00:00,1.0,5.8338541984558105,9.0,6.0
2026-09-21 06:00:00+00:00,2026-09-21 08:00:00+00:00,2.0,6.906612873077393,9.0,7.199999809265137
2026-09-21 06:00:00+00:00,2026-09-21 09:00:00+00:00,3.0,7.056395530700684,8.0,5.75
2026-09-21 06:00:00+00:00,2026-09-21 10:00:00+00:00,4.0,7.624344825744629,9.0,5.400000095367432
2026-09-21 06:00:00+00:00,2026-09-21 11:00:00+00:00,5.0,7.0599846839904785,8.0,5.0
2026-09-21 06:00:00+00:00,2026-09-21 12:00:00+00:00,6.0,6.356720447540283,7.0,4.666666507720947
2026-09-21 06:00:00+00:00,2026-09-21 13:00:00+00:00,7.0,5.853255748748779,7.0,5.666666507720947
2026-09-21 06:00:00+00:00,2026-09-21 14:00:00+00:00,8.0,6.166421890258789,8.0,4.666666507720947
2026-09-21 06:00:00+00:00,2026-09-21 15:00:00+00:00,9.0,5.632622718811035,7.0,4.5
2026-09-21 06:00:00+00:00,2026-09-21 16:00:00+00:00,10.0,5.496260643005371,7.0,5.199999809265137
2026-09-21 06:00:00+00:00,2026-09-21 17:00:00+00:00,11.0,4.762319087982178,6.0,4.833333492279053
2026-09-21 06:00:00+00:00,2026-09-21 18:00:00+00:00,12.0,5.06256103515625,7.0,3.5
2026-09-21 07:00:00+00:00,2026-09-21 08:00:00+00:00,1.0,6.722818851470947,9.0,7.199999809265137
2026-09-21 07:00:00+00:00,2026-09-21 09:00:00+00:00,2.0,7.425924777984619,9.0,5.75
2026-09-21 07:00:00+00:00,2026-09-21 10:00:00+00:00,3.0,7.62625789642334,9.0,5.400000095367432
2026-09-21 07:00:00+00:00,2026-09-21 11:00:00+00:00,4.0,7.0646653175354,8.0,5.0
2026-09-21 07:00:00+00:00,2026-09-21 12:00:00+00:00,5.0,6.296983242034912,7.0,4.666666507720947
2026-09-21 07:00:00+00:00,2026-09-21 13:00:00+00:00,6.0,6.4178056716918945,8.0,5.666666507720947
2026-09-21 07:00:00+00:00,2026-09-21 14:00:00+00:00,7.0,5.849002361297607,7.0,4.666666507720947
2026-09-21 07:00:00+00:00,2026-09-21 15:00:00+00:00,8.0,5.58773136138916,7.0,4.5
2026-09-21 07:00:00+00:00,2026-09-21 16:00:00+00:00,9.0,4.889706611633301,6.0,5.199999809265137
2026-09-21 07:00:00+00:00,2026-09-21 17:00:00+00:00,10.0,4.6931023597717285,6.0,4.833333492279053
2026-09-21 07:00:00+00:00,2026-09-21 18:00:00+00:00,11.0,4.975204944610596,7.0,3.5
2026-09-21 07:00:00+00:00,2026-09-21 19:00:00+00:00,12.0,4.9631829261779785,7.0,2.5
2026-09-21 08:00:00+00:00,2026-09-21 09:00:00+00:00,1.0,7.399114608764648,9.0,5.75
2026-09-21 08:00:00+00:00,2026-09-21 10:00:00+00:00,2.0,7.518202781677246,9.0,5.400000095367432
2026-09-21 08:00:00+00:00,2026-09-21 11:00:00+00:00,3.0,6.9353742599487305,8.0,5.0
2026-09-21 08:00:00+00:00,2026-09-21 12:00:00+00:00,4.0,6.2853102684021,7.0,4.666666507720947
2026-09-21 08:00:00+00:00,2026-09-21 13:00:00+00:00,5.0,5.885060787200928,7.0,5.666666507720947
2026-09-21 08:00:00+00:00,2026-09-21 14:00:00+00:00,6.0,6.243471622467041,8.0,4.666666507720947
2026-09-21 08:00:00+00:00,2026-09-21 15:00:00+00:00,7.0,5.7099785804748535,7.0,4.5
2026-09-21 08:00:00+00:00,2026-09-21 16:00:00+00:00,8.0,4.982551574707031,6.0,5.199999809265137
2026-09-21 08:00:00+00:00,2026-09-21 17:00:00+00:00,9.0,4.6008429527282715,6.0,4.833333492279053
2026-09-21 08:00:00+00:00,2026-09-21 18:00:00+00:00,10.0,4.952337265014648,7.0,3.5
2026-09-21 08:00:00+00:00,2026-09-21 19:00:00+00:00,11.0,4.476736545562744,6.0,2.5
2026-09-21 08:00:00+00:00,2026-09-21 20:00:00+00:00,12.0,4.387536525726318,6.0,2.0
2026-09-21 09:00:00+00:00,2026-09-21 10:00:00+00:00,1.0,6.38967752456665,9.0,5.400000095367432
2026-09-21 09:00:00+00:00,2026-09-21 11:00:00+00:00,2.0,6.129184722900391,7.0,5.0
2026-09-21 09:00:00+00:00,2026-09-21 12:00:00+00:00,3.0,6.118102073669434,7.0,4.666666507720947
2026-09-21 09:00:00+00:00,2026-09-21 13:00:00+00:00,4.0,5.973703861236572,7.0,5.666666507720947
2026-09-21 09:00:00+00:00,2026-09-21 14:00:00+00:00,5.0,5.795246124267578,7.0,4.666666507720947
2026-09-21 09:00:00+00:00,2026-09-21 15:00:00+00:00,6.0,5.532436847686768,7.0,4.5
2026-09-21 09:00:00+00:00,2026-09-21 16:00:00+00:00,7.0,4.9191107749938965,6.0,5.199999809265137
2026-09-21 09:00:00+00:00,2026-09-21 17:00:00+00:00,8.0,5.140369415283203,7.0,4.833333492279053
2026-09-21 09:00:00+00:00,2026-09-21 18:00:00+00:00,9.0,5.066489219665527,7.0,3.5
2026-09-21 09:00:00+00:00,2026-09-21 19:00:00+00:00,10.0,4.541222095489502,6.0,2.5
2026-09-21 09:00:00+00:00,2026-09-21 20:00:00+00:00,11.0,4.4328718185424805,6.0,2.0
2026-09-21 09:00:00+00:00,2026-09-21 21:00:00+00:00,12.0,4.348719596862793,6.0,2.4000000953674316
2026-09-21 10:00:00+00:00,2026-09-21 11:00:00+00:00,1.0,5.361678600311279,7.0,5.0
2026-09-21 10:00:00+00:00,2026-09-21 12:00:00+00:00,2.0,5.435055255889893,6.0,4.666666507720947
2026-09-21 10:00:00+00:00,2026-09-21 13:00:00+00:00,3.0,5.922691822052002,7.0,5.666666507720947
2026-09-21 10:00:00+00:00,2026-09-21 14:00:00+00:00,4.0,6.4419636726379395,8.0,4.666666507720947
2026-09-21 10:00:00+00:00,2026-09-21 15:00:00+00:00,5.0,6.377377033233643,8.0,4.5
2026-09-21 10:00:00+00:00,2026-09-21 16:00:00+00:00,6.0,5.23971700668335,6.0,5.199999809265137
2026-09-21 10:00:00+00:00,2026-09-21 17:00:00+00:00,7.0,4.78696346282959,6.0,4.833333492279053
2026-09-21 10:00:00+00:00,2026-09-21 18:00:00+00:00,8.0,4.455318450927734,6.0,3.5
2026-09-21 10:00:00+00:00,2026-09-21 19:00:00+00:00,9.0,4.297417163848877,6.0,2.5
2026-09-21 10:00:00+00:00,2026-09-21 20:00:00+00:00,10.0,4.33466911315918,6.0,2.0
2026-09-21 10:00:00+00:00,2026-09-21 21:00:00+00:00,11.0,4.245129585266113,6.0,2.4000000953674316
2026-09-21 10:00:00+00:00,2026-09-21 22:00:00+00:00,12.0,4.616506099700928,7.0,1.4285714626312256
2026-09-21 11:00:00+00:00,2026-09-21 12:00:00+00:00,1.0,5.218303203582764,7.0,4.666666507720947
2026-09-21 11:00:00+00:00,2026-09-21 13:00:00+00:00,2.0,5.663975238800049,7.0,5.666666507720947
2026-09-21 11:00:00+00:00,2026-09-21 14:00:00+00:00,3.0,6.360905647277832,8.0,4.666666507720947
2026-09-21 11:00:00+00:00,2026-09-21 15:00:00+00:00,4.0,6.39454984664917,8.0,4.5
2026-09-21 11:00:00+00:00,2026-09-21 16:00:00+00:00,5.0,5.699145317077637,7.0,5.199999809265137
2026-09-21 11:00:00+00:00,2026-09-21 17:00:00+00:00,6.0,5.322524070739746,7.0,4.833333492279053
2026-09-21 11:00:00+00:00,2026-09-21 18:00:00+00:00,7.0,4.594929218292236,6.0,3.5
2026-09-21 11:00:00+00:00,2026-09-21 19:00:00+00:00,8.0,4.435372352600098,6.0,2.5
2026-09-21 11:00:00+00:00,2026-09-21 20:00:00+00:00,9.0,4.356130599975586,6.0,2.0
2026-09-21 11:00:00+00:00,2026-09-21 21:00:00+00:00,10.0,3.7875144481658936,5.0,2.4000000953674316
2026-09-21 11:00:00+00:00,2026-09-21 22:00:00+00:00,11.0,4.0944600105285645,6.0,1.4285714626312256
2026-09-21 11:00:00+00:00,2026-09-21 23:00:00+00:00,12.0,4.197652816772461,6.0,0.6666666865348816
2026-09-21 12:00:00+00:00,2026-09-21 13:00:00+00:00,1.0,4.96799898147583,7.0,5.666666507720947
2026-09-21 12:00:00+00:00,2026-09-21 14:00:00+00:00,2.0,5.4359331130981445,7.0,4.666666507720947
2026-09-21 12:00:00+00:00,2026-09-21 15:00:00+00:00,3.0,5.614223957061768,7.0,4.5
2026-09-21 12:00:00+00:00,2026-09-21 16:00:00+00:00,4.0,6.074098110198975,8.0,5.199999809265137
2026-09-21 12:00:00+00:00,2026-09-21 17:00:00+00:00,5.0,5.422302722930908,7.0,4.833333492279053
2026-09-21 12:00:00+00:00,2026-09-21 18:00:00+00:00,6.0,5.221652507781982,7.0,3.5
2026-09-21 12:00:00+00:00,2026-09-21 19:00:00+00:00,7.0,4.529269695281982,6.0,2.5
2026-09-21 12:00:00+00:00,2026-09-21 20:00:00+00:00,8.0,3.8774521350860596,5.0,2.0
2026-09-21 12:00:00+00:00,2026-09-21 21:00:00+00:00,9.0,4.287532806396484,6.0,2.4000000953674316
2026-09-21 12:00:00+00:00,2026-09-21 22:00:00+00:00,10.0,4.132137775421143,6.0,1.4285714626312256
2026-09-21 12:00:00+00:00,2026-09-21 23:00:00+00:00,11.0,4.1185102462768555,6.0,0.6666666865348816
2026-09-21 12:00:00+00:00,2026-09-22 00:00:00+00:00,12.0,4.197506427764893,6.0,0.1428571492433548
2026-09-21 13:00:00+00:00,2026-09-21 14:00:00+00:00,1.0,6.215552806854248,8.0,4.666666507720947
2026-09-21 13:00:00+00:00,2026-09-21 15:00:00+00:00,2.0,5.93046236038208,7.0,4.5
2026-09-21 13:00:00+00:00,2026-09-21 16:00:00+00:00,3.0,5.66957950592041,7.0,5.199999809265137
2026-09-21 13:00:00+00:00,2026-09-21 17:00:00+00:00,4.0,5.344156265258789,7.0,4.833333492279053
2026-09-21 13:00:00+00:00,2026-09-21 18:00:00+00:00,5.0,5.1395087242126465,7.0,3.5
2026-09-21 13:00:00+00:00,2026-09-21 19:00:00+00:00,6.0,4.499791622161865,6.0,2.5
2026-09-21 13:00:00+00:00,2026-09-21 20:00:00+00:00,7.0,3.884371280670166,5.0,2.0
2026-09-21 13:00:00+00:00,2026-09-21 21:00:00+00:00,8.0,3.689887523651123,5.0,2.4000000953674316
2026-09-21 13:00:00+00:00,2026-09-21 22:00:00+00:00,9.0,4.04270601272583,6.0,1.4285714626312256
2026-09-21 13:00:00+00:00,2026-09-21 23:00:00+00:00,10.0,4.058774471282959,6.0,0.6666666865348816
2026-09-21 13:00:00+00:00,2026-09-22 00:00:00+00:00,11.0,4.112611293792725,6.0,0.1428571492433548
2026-09-21 13:00:00+00:00,2026-09-22 01:00:00+00:00,12.0,3.7258737087249756,5.0,0.25
2026-09-21 14:00:00+00:00,2026-09-21 15:00:00+00:00,1.0,4.85099458694458,7.0,4.5
2026-09-21 14:00:00+00:00,2026-09-21 16:00:00+00:00,2.0,5.12897253036499,7.0,5.199999809265137
2026-09-21 14:00:00+00:00,2026-09-21 17:00:00+00:00,3.0,5.225170135498047,7.0,4.833333492279053
2026-09-21 14:00:00+00:00,2026-09-21 18:00:00+00:00,4.0,5.1161980628967285,7.0,3.5
2026-09-21 14:00:00+00:00,2026-09-21 19:00:00+00:00,5.0,4.514072895050049,6.0,2.5
2026-09-21 14:00:00+00:00,2026-09-21 20:00:00+00:00,6.0,3.872910976409912,5.0,2.0
2026-09-21 14:00:00+00:00,2026-09-21 21:00:00+00:00,7.0,3.720216751098633,5.0,2.4000000953674316
2026-09-21 14:00:00+00:00,2026-09-21 22:00:00+00:00,8.0,4.045853137969971,6.0,1.4285714626312256
2026-09-21 14:00:00+00:00,2026-09-21 23:00:00+00:00,9.0,4.1090168952941895,6.0,0.6666666865348816
2026-09-21 14:00:00+00:00,2026-09-22 00:00:00+00:00,10.0,4.224476337432861,6.0,0.1428571492433548
2026-09-21 14:00:00+00:00,2026-09-22 01:00:00+00:00,11.0,3.8471903800964355,5.0,0.25
2026-09-21 14:00:00+00:00,2026-09-22 02:00:00+00:00,12.0,3.3904354572296143,4.0,1.600000023841858
2026-09-21 15:00:00+00:00,2026-09-21 16:00:00+00:00,1.0,4.70606803894043,7.0,5.199999809265137
2026-09-21 15:00:00+00:00,2026-09-21 17:00:00+00:00,2.0,4.939577102661133,7.0,4.833333492279053
2026-09-21 15:00:00+00:00,2026-09-21 18:00:00+00:00,3.0,5.026580810546875,7.0,3.5
2026-09-21 15:00:00+00:00,2026-09-21 19:00:00+00:00,4.0,4.991844654083252,7.0,2.5
2026-09-21 15:00:00+00:00,2026-09-21 20:00:00+00:00,5.0,4.447065830230713,6.0,2.0
2026-09-21 15:00:00+00:00,2026-09-21 21:00:00+00:00,6.0,4.362398624420166,6.0,2.4000000953674316
2026-09-21 15:00:00+00:00,2026-09-21 22:00:00+00:00,7.0,4.199624061584473,6.0,1.4285714626312256
2026-09-21 15:00:00+00:00,2026-09-21 23:00:00+00:00,8.0,4.221838474273682,6.0,0.6666666865348816
2026-09-21 15:00:00+00:00,2026-09-22 00:00:00+00:00,9.0,4.249328136444092,6.0,0.1428571492433548
2026-09-21 15:00:00+00:00,2026-09-22 01:00:00+00:00,10.0,3.7742552757263184,5.0,0.25
2026-09-21 15:00:00+00:00,2026-09-22 02:00:00+00:00,11.0,3.203747510910034,4.0,1.600000023841858
2026-09-21 15:00:00+00:00,2026-09-22 03:00:00+00:00,12.0,2.544062614440918,3.0,0.75
2026-09-21 16:00:00+00:00,2026-09-21 17:00:00+00:00,1.0,5.048527717590332,7.0,4.833333492279053
2026-09-21 16:00:00+00:00,2026-09-21 18:00:00+00:00,2.0,4.992367744445801,7.0,3.5
2026-09-21 16:00:00+00:00,2026-09-21 19:00:00+00:00,3.0,4.4069037437438965,6.0,2.5
2026-09-21 16:00:00+00:00,2026-09-21 20:00:00+00:00,4.0,3.907219171524048,5.0,2.0
2026-09-21 16:00:00+00:00,2026-09-21 21:00:00+00:00,5.0,4.3533196449279785,6.0,2.4000000953674316
2026-09-21 16:00:00+00:00,2026-09-21 22:00:00+00:00,6.0,4.120290756225586,6.0,1.4285714626312256
2026-09-21 16:00:00+00:00,2026-09-21 23:00:00+00:00,7.0,4.061900615692139,6.0,0.6666666865348816
2026-09-21 16:00:00+00:00,2026-09-22 00:00:00+00:00,8.0,3.5976576805114746,5.0,0.1428571492433548
2026-09-21 16:00:00+00:00,2026-09-22 01:00:00+00:00,9.0,3.025218963623047,4.0,0.25
2026-09-21 16:00:00+00:00,2026-09-22 02:00:00+00:00,10.0,2.3856914043426514,3.0,1.600000023841858
2026-09-21 16:00:00+00:00,2026-09-22 03:00:00+00:00,11.0,2.2246975898742676,1.0,0.75
2026-09-21 16:00:00+00:00,2026-09-22 04:00:00+00:00,12.0,4.634105682373047,5.0,3.0
2026-09-21 17:00:00+00:00,2026-09-21 18:00:00+00:00,1.0,4.340481281280518,7.0,3.5
2026-09-21 17:00:00+00:00,2026-09-21 19:00:00+00:00,2.0,4.583064079284668,7.0,2.5
2026-09-21 17:00:00+00:00,2026-09-21 20:00:00+00:00,3.0,3.742846727371216,5.0,2.0
2026-09-21 17:00:00+00:00,2026-09-21 21:00:00+00:00,4.0,3.7568116188049316,5.0,2.4000000953674316
2026-09-21 17:00:00+00:00,2026-09-21 22:00:00+00:00,5.0,3.5593698024749756,5.0,1.4285714626312256
2026-09-21 17:00:00+00:00,2026-09-21 23:00:00+00:00,6.0,3.9373116493225098,6.0,0.6666666865348816
2026-09-21 17:00:00+00:00,2026-09-22 00:00:00+00:00,7.0,4.135735511779785,6.0,0.1428571492433548
2026-09-21 17:00:00+00:00,2026-09-22 01:00:00+00:00,8.0,3.7501487731933594,5.0,0.25
2026-09-21 17:00:00+00:00,2026-09-22 02:00:00+00:00,9.0,3.2142698764801025,4.0,1.600000023841858
2026-09-21 17:00:00+00:00,2026-09-22 03:00:00+00:00,10.0,2.421208143234253,1.0,0.75
2026-09-21 17:00:00+00:00,2026-09-22 04:00:00+00:00,11.0,4.171150207519531,5.0,3.0
2026-09-21 17:00:00+00:00,2026-09-22 05:00:00+00:00,12.0,5.346587181091309,5.0,3.1666667461395264
2026-09-21 18:00:00+00:00,2026-09-21 19:00:00+00:00,1.0,3.5212526321411133,7.0,2.5
2026-09-21 18:00:00+00:00,2026-09-21 20:00:00+00:00,2.0,3.6469478607177734,6.0,2.0
2026-09-21 18:00:00+00:00,2026-09-21 21:00:00+00:00,3.0,3.544504165649414,5.0,2.4000000953674316
2026-09-21 18:00:00+00:00,2026-09-21 22:00:00+00:00,4.0,3.5319833755493164,5.0,1.4285714626312256
2026-09-21 18:00:00+00:00,2026-09-21 23:00:00+00:00,5.0,3.978771686553955,6.0,0.6666666865348816
2026-09-21 18:00:00+00:00,2026-09-22 00:00:00+00:00,6.0,3.5940518379211426,5.0,0.1428571492433548
2026-09-21 18:00:00+00:00,2026-09-22 01:00:00+00:00,7.0,3.523878812789917,5.0,0.25
2026-09-21 18:00:00+00:00,2026-09-22 02:00:00+00:00,8.0,3.0389163494110107,4.0,1.600000023841858
2026-09-21 18:00:00+00:00,2026-09-22 03:00:00+00:00,9.0,2.5243916511535645,3.0,0.75
2026-09-21 18:00:00+00:00,2026-09-22 04:00:00+00:00,10.0,2.021440267562866,2.0,3.0
2026-09-21 18:00:00+00:00,2026-09-22 05:00:00+00:00,11.0,3.183169364929199,2.0,3.1666667461395264
2026-09-21 18:00:00+00:00,2026-09-22 06:00:00+00:00,12.0,4.900750160217285,5.0,3.5
2026-09-21 19:00:00+00:00,2026-09-21 20:00:00+00:00,1.0,2.371335744857788,5.0,2.0
2026-09-21 19:00:00+00:00,2026-09-21 21:00:00+00:00,2.0,3.445902109146118,6.0,2.4000000953674316
2026-09-21 19:00:00+00:00,2026-09-21 22:00:00+00:00,3.0,3.7506024837493896,6.0,1.4285714626312256
2026-09-21 19:00:00+00:00,2026-09-21 23:00:00+00:00,4.0,3.9184303283691406,6.0,0.6666666865348816
2026-09-21 19:00:00+00:00,2026-09-22 00:00:00+00:00,5.0,3.933187484741211,6.0,0.1428571492433548
2026-09-21 19:00:00+00:00,2026-09-22 01:00:00+00:00,6.0,3.1162545680999756,4.0,0.25
2026-09-21 19:00:00+00:00,2026-09-22 02:00:00+00:00,7.0,2.3972623348236084,3.0,1.600000023841858
2026-09-21 19:00:00+00:00,2026-09-22 03:00:00+00:00,8.0,1.7913074493408203,1.0,0.75
2026-09-21 19:00:00+00:00,2026-09-22 04:00:00+00:00,9.0,4.476852893829346,5.0,3.0
2026-09-21 19:00:00+00:00,2026-09-22 05:00:00+00:00,10.0,5.921154499053955,6.0,3.1666667461395264
2026-09-21 19:00:00+00:00,2026-09-22 06:00:00+00:00,11.0,7.062671184539795,7.0,3.5
2026-09-21 19:00:00+00:00,2026-09-22 07:00:00+00:00,12.0,7.043001174926758,6.0,5.333333492279053
2026-09-21 20:00:00+00:00,2026-09-21 21:00:00+00:00,1.0,2.019658327102661,5.0,2.4000000953674316
2026-09-21 20:00:00+00:00,2026-09-21 22:00:00+00:00,2.0,2.5720632076263428,5.0,1.4285714626312256
2026-09-21 20:00:00+00:00,2026-09-21 23:00:00+00:00,3.0,3.410917282104492,6.0,0.6666666865348816
2026-09-21 20:00:00+00:00,2026-09-22 00:00:00+00:00,4.0,3.7436184883117676,6.0,0.1428571492433548
2026-09-21 20:00:00+00:00,2026-09-22 01:00:00+00:00,5.0,3.476761817932129,5.0,0.25
2026-09-21 20:00:00+00:00,2026-09-22 02:00:00+00:00,6.0,2.976496934890747,4.0,1.600000023841858
2026-09-21 20:00:00+00:00,2026-09-22 03:00:00+00:00,7.0,1.2244373559951782,0.0,0.75
2026-09-21 20:00:00+00:00,2026-09-22 04:00:00+00:00,8.0,3.838106632232666,5.0,3.0
2026-09-21 20:00:00+00:00,2026-09-22 05:00:00+00:00,9.0,5.152889251708984,5.0,3.1666667461395264
2026-09-21 20:00:00+00:00,2026-09-22 06:00:00+00:00,10.0,5.881857872009277,5.0,3.5
2026-09-21 20:00:00+00:00,2026-09-22 07:00:00+00:00,11.0,4.868029594421387,3.0,5.333333492279053
2026-09-21 20:00:00+00:00,2026-09-22 08:00:00+00:00,12.0,4.715047836303711,3.0,6.800000190734863
2026-09-21 21:00:00+00:00,2026-09-21 22:00:00+00:00,1.0,2.512237071990967,5.0,1.4285714626312256
2026-09-21 21:00:00+00:00,2026-09-21 23:00:00+00:00,2.0,2.825648307800293,5.0,0.6666666865348816
2026-09-21 21:00:00+00:00,2026-09-22 00:00:00+00:00,3.0,3.14066481590271,5.0,0.1428571492433548
2026-09-21 21:00:00+00:00,2026-09-22 01:00:00+00:00,4.0,3.2702174186706543,5.0,0.25
2026-09-21 21:00:00+00:00,2026-09-22 02:00:00+00:00,5.0,2.8185203075408936,4.0,1.600000023841858
2026-09-21 21:00:00+00:00,2026-09-22 03:00:00+00:00,6.0,2.13992977142334,2.0,0.75
2026-09-21 21:00:00+00:00,2026-09-22 04:00:00+00:00,7.0,3.286020040512085,2.0,3.0
2026-09-21 21:00:00+00:00,2026-09-22 05:00:00+00:00,8.0,5.117650032043457,5.0,3.1666667461395264
2026-09-21 21:00:00+00:00,2026-09-22 06:00:00+00:00,9.0,5.634998798370361,5.0,3.5
2026-09-21 21:00:00+00:00,2026-09-22 07:00:00+00:00,10.0,6.7932000160217285,7.0,5.333333492279053
2026-09-21 21:00:00+00:00,2026-09-22 08:00:00+00:00,11.0,6.674795627593994,6.0,6.800000190734863
2026-09-21 21:00:00+00:00,2026-09-22 09:00:00+00:00,12.0,5.946474075317383,5.0,7.199999809265137
2026-09-21 22:00:00+00:00,2026-09-21 23:00:00+00:00,1.0,1.6692160367965698,5.0,0.6666666865348816
2026-09-21 22:00:00+00:00,2026-09-22 00:00:00+00:00,2.0,2.463364839553833,5.0,0.1428571492433548
2026-09-21 22:00:00+00:00,2026-09-22 01:00:00+00:00,3.0,2.9795899391174316,5.0,0.25
2026-09-21 22:00:00+00:00,2026-09-22 02:00:00+00:00,4.0,2.6564245223999023,4.0,1.600000023841858
2026-09-21 22:00:00+00:00,2026-09-22 03:00:00+00:00,5.0,2.017446279525757,2.0,0.75
2026-09-21 22:00:00+00:00,2026-09-22 04:00:00+00:00,6.0,3.19132399559021,2.0,3.0
2026-09-21 22:00:00+00:00,2026-09-22 05:00:00+00:00,7.0,5.049856662750244,5.0,3.1666667461395264
2026-09-21 22:00:00+00:00,2026-09-22 06:00:00+00:00,8.0,5.590287685394287,5.0,3.5
2026-09-21 22:00:00+00:00,2026-09-22 07:00:00+00:00,9.0,6.76096248626709,7.0,5.333333492279053
2026-09-21 22:00:00+00:00,2026-09-22 08:00:00+00:00,10.0,6.653034210205078,6.0,6.800000190734863
2026-09-21 22:00:00+00:00,2026-09-22 09:00:00+00:00,11.0,5.9322075843811035,5.0,7.199999809265137
2026-09-21 22:00:00+00:00,2026-09-22 10:00:00+00:00,12.0,6.313908576965332,6.0,7.285714149475098
2026-09-21 23:00:00+00:00,2026-09-22 00:00:00+00:00,1.0,1.3358031511306763,5.0,0.1428571492433548
2026-09-21 23:00:00+00:00,2026-09-22 01:00:00+00:00,2.0,2.280635356903076,5.0,0.25
2026-09-21 23:00:00+00:00,2026-09-22 02:00:00+00:00,3.0,2.393733501434326,4.0,1.600000023841858
2026-09-21 23:00:00+00:00,2026-09-22 03:00:00+00:00,4.0,1.950996994972229,2.0,0.75
2026-09-21 23:00:00+00:00,2026-09-22 04:00:00+00:00,5.0,3.078294277191162,2.0,3.0
2026-09-21 23:00:00+00:00,2026-09-22 05:00:00+00:00,6.0,4.955988883972168,5.0,3.1666667461395264
2026-09-21 23:00:00+00:00,2026-09-22 06:00:00+00:00,7.0,5.537801742553711,5.0,3.5
2026-09-21 23:00:00+00:00,2026-09-22 07:00:00+00:00,8.0,6.723988056182861,7.0,5.333333492279053
2026-09-21 23:00:00+00:00,2026-09-22 08:00:00+00:00,9.0,6.626809120178223,6.0,6.800000190734863
2026-09-21 23:00:00+00:00,2026-09-22 09:00:00+00:00,10.0,5.915032386779785,5.0,7.199999809265137
2026-09-21 23:00:00+00:00,2026-09-22 10:00:00+00:00,11.0,6.302518844604492,6.0,7.285714149475098
2026-09-21 23:00:00+00:00,2026-09-22 11:00:00+00:00,12.0,6.708517074584961,7.0,9.0
2026-09-22 00:00:00+00:00,2026-09-22 01:00:00+00:00,1.0,1.0039770603179932,5.0,0.25
2026-09-22 00:00:00+00:00,2026-09-22 02:00:00+00:00,2.0,1.704603672027588,4.0,1.600000023841858
2026-09-22 00:00:00+00:00,2026-09-22 03:00:00+00:00,3.0,1.7192922830581665,2.0,0.75
2026-09-22 00:00:00+00:00,2026-09-22 04:00:00+00:00,4.0,2.7775938510894775,2.0,3.0
2026-09-22 00:00:00+00:00,2026-09-22 05:00:00+00:00,5.0,4.725046634674072,5.0,3.1666667461395264
2026-09-22 00:00:00+00:00,2026-09-22 06:00:00+00:00,6.0,5.412155628204346,5.0,3.5
2026-09-22 00:00:00+00:00,2026-09-22 07:00:00+00:00,7.0,6.633718490600586,7.0,5.333333492279053
2026-09-22 00:00:00+00:00,2026-09-22 08:00:00+00:00,8.0,6.570641040802002,6.0,6.800000190734863
2026-09-22 00:00:00+00:00,2026-09-22 09:00:00+00:00,9.0,5.877636432647705,5.0,7.199999809265137
2026-09-22 00:00:00+00:00,2026-09-22 10:00:00+00:00,10.0,6.276742458343506,6.0,7.285714149475098
2026-09-22 00:00:00+00:00,2026-09-22 11:00:00+00:00,11.0,6.693049907684326,7.0,9.0
2026-09-22 00:00:00+00:00,2026-09-22 12:00:00+00:00,12.0,6.865391254425049,7.0,7.833333492279053
2026-09-22 01:00:00+00:00,2026-09-22 02:00:00+00:00,1.0,0.7859665155410767,4.0,1.600000023841858
2026-09-22 01:00:00+00:00,2026-09-22 03:00:00+00:00,2.0,1.2674438953399658,2.0,0.75
2026-09-22 01:00:00+00:00,2026-09-22 04:00:00+00:00,3.0,2.5061161518096924,2.0,3.0
2026-09-22 01:00:00+00:00,2026-09-22 05:00:00+00:00,4.0,4.524518013000488,5.0,3.1666667461395264
2026-09-22 01:00:00+00:00,2026-09-22 06:00:00+00:00,5.0,5.279719352722168,5.0,3.5
2026-09-22 01:00:00+00:00,2026-09-22 07:00:00+00:00,6.0,6.539188385009766,7.0,5.333333492279053
2026-09-22 01:00:00+00:00,2026-09-22 08:00:00+00:00,7.0,6.515022277832031,6.0,6.800000190734863
2026-09-22 01:00:00+00:00,2026-09-22 09:00:00+00:00,8.0,5.837525844573975,5.0,7.199999809265137
2026-09-22 01:00:00+00:00,2026-09-22 10:00:00+00:00,9.0,6.249017715454102,6.0,7.285714149475098
2026-09-22 01:00:00+00:00,2026-09-22 11:00:00+00:00,10.0,6.676742076873779,7.0,9.0
2026-09-22 01:00:00+00:00,2026-09-22 12:00:00+00:00,11.0,6.85665225982666,7.0,7.833333492279053
2026-09-22 01:00:00+00:00,2026-09-22 13:00:00+00:00,12.0,5.304073333740234,5.0,6.0
2026-09-22 02:00:00+00:00,2026-09-22 03:00:00+00:00,1.0,1.7170077562332153,2.0,0.75
2026-09-22 02:00:00+00:00,2026-09-22 04:00:00+00:00,2.0,2.728410243988037,2.0,3.0
2026-09-22 02:00:00+00:00,2026-09-22 05:00:00+00:00,3.0,4.687772274017334,5.0,3.1666667461395264
2026-09-22 02:00:00+00:00,2026-09-22 06:00:00+00:00,4.0,5.396457672119141,5.0,3.5
2026-09-22 02:00:00+00:00,2026-09-22 07:00:00+00:00,5.0,6.621809005737305,7.0,5.333333492279053
2026-09-22 02:00:00+00:00,2026-09-22 08:00:00+00:00,6.0,6.562696933746338,6.0,6.800000190734863
2026-09-22 02:00:00+00:00,2026-09-22 09:00:00+00:00,7.0,5.872138977050781,5.0,7.199999809265137
2026-09-22 02:00:00+00:00,2026-09-22 10:00:00+00:00,8.0,6.273067951202393,6.0,7.285714149475098
2026-09-22 02:00:00+00:00,2026-09-22 11:00:00+00:00,9.0,6.690871715545654,7.0,9.0
2026-09-22 02:00:00+00:00,2026-09-22 12:00:00+00:00,10.0,6.864213466644287,7.0,7.833333492279053
2026-09-22 02:00:00+00:00,2026-09-22 13:00:00+00:00,11.0,5.30747127532959,5.0,6.0
2026-09-22 02:00:00+00:00,2026-09-22 14:00:00+00:00,12.0,5.311679840087891,6.0,4.400000095367432
2026-09-22 03:00:00+00:00,2026-09-22 04:00:00+00:00,1.0,2.3244810104370117,2.0,3.0
2026-09-22 03:00:00+00:00,2026-09-22 05:00:00+00:00,2.0,4.5017008781433105,5.0,3.1666667461395264
2026-09-22 03:00:00+00:00,2026-09-22 06:00:00+00:00,3.0,5.243505001068115,5.0,3.5
2026-09-22 03:00:00+00:00,2026-09-22 07:00:00+00:00,4.0,6.504815578460693,7.0,5.333333492279053
2026-09-22 03:00:00+00:00,2026-09-22 08:00:00+00:00,5.0,6.498964786529541,6.0,6.800000190734863
2026-09-22 03:00:00+00:00,2026-09-22 09:00:00+00:00,6.0,5.826452255249023,5.0,7.199999809265137
2026-09-22 03:00:00+00:00,2026-09-22 10:00:00+00:00,7.0,6.240689754486084,6.0,7.285714149475098
2026-09-22 03:00:00+00:00,2026-09-22 11:00:00+00:00,8.0,6.671759605407715,7.0,9.0
2026-09-22 03:00:00+00:00,2026-09-22 12:00:00+00:00,9.0,6.8540215492248535,7.0,7.833333492279053
2026-09-22 03:00:00+00:00,2026-09-22 13:00:00+00:00,10.0,5.302900314331055,5.0,6.0
2026-09-22 03:00:00+00:00,2026-09-22 14:00:00+00:00,11.0,5.31028938293457,6.0,4.400000095367432
2026-09-22 03:00:00+00:00,2026-09-22 15:00:00+00:00,12.0,4.455866813659668,5.0,3.0
2026-09-22 04:00:00+00:00,2026-09-22 05:00:00+00:00,1.0,4.895725727081299,5.0,3.1666667461395264
2026-09-22 04:00:00+00:00,2026-09-22 06:00:00+00:00,2.0,5.432826995849609,5.0,3.5
2026-09-22 04:00:00+00:00,2026-09-22 07:00:00+00:00,3.0,6.657049655914307,7.0,5.333333492279053
2026-09-22 04:00:00+00:00,2026-09-22 08:00:00+00:00,4.0,6.593961715698242,6.0,6.800000190734863
2026-09-22 04:00:00+00:00,2026-09-22 09:00:00+00:00,5.0,5.891311168670654,5.0,7.199999809265137
2026-09-22 04:00:00+00:00,2026-09-22 10:00:00+00:00,6.0,6.285019397735596,6.0,7.285714149475098
2026-09-22 04:00:00+00:00,2026-09-22 11:00:00+00:00,7.0,6.698172569274902,7.0,9.0
2026-09-22 04:00:00+00:00,2026-09-22 12:00:00+00:00,8.0,6.868241786956787,7.0,7.833333492279053
2026-09-22 04:00:00+00:00,2026-09-22 13:00:00+00:00,9.0,5.309296131134033,5.0,6.0
2026-09-22 04:00:00+00:00,2026-09-22 14:00:00+00:00,10.0,5.312194347381592,6.0,4.400000095367432
2026-09-22 04:00:00+00:00,2026-09-22 15:00:00+00:00,11.0,4.456311225891113,5.0,3.0
2026-09-22 04:00:00+00:00,2026-09-22 16:00:00+00:00,12.0,3.7108187675476074,4.0,1.600000023841858
2026-09-22 05:00:00+00:00,2026-09-22 06:00:00+00:00,1.0,4.330151081085205,5.0,3.5
2026-09-22 05:00:00+00:00,2026-09-22 07:00:00+00:00,2.0,6.049307346343994,7.0,5.333333492279053
2026-09-22 05:00:00+00:00,2026-09-22 08:00:00+00:00,3.0,6.27156925201416,6.0,6.800000190734863
2026-09-22 05:00:00+00:00,2026-09-22 09:00:00+00:00,4.0,5.646716594696045,5.0,7.199999809265137
2026-09-22 05:00:00+00:00,2026-09-22 10:00:00+00:00,5.0,6.127006530761719,6.0,7.285714149475098
2026-09-22 05:00:00+00:00,2026-09-22 11:00:00+00:00,6.0,6.607967853546143,7.0,9.0
2026-09-22 05:00:00+00:00,2026-09-22 12:00:00+00:00,7.0,6.821993827819824,7.0,7.833333492279053
2026-09-22 05:00:00+00:00,2026-09-22 13:00:00+00:00,8.0,5.288809299468994,5.0,6.0
2026-09-22 05:00:00+00:00,2026-09-22 14:00:00+00:00,9.0,5.306020736694336,6.0,4.400000095367432
2026-09-22 05:00:00+00:00,2026-09-22 15:00:00+00:00,10.0,4.454851150512695,5.0,3.0
2026-09-22 05:00:00+00:00,2026-09-22 16:00:00+00:00,11.0,3.7103445529937744,4.0,1.600000023841858
2026-09-22 05:00:00+00:00,2026-09-22 17:00:00+00:00,12.0,2.3604371547698975,2.0,1.1666666269302368
2026-09-22 06:00:00+00:00,2026-09-22 07:00:00+00:00,1.0,5.864208698272705,7.0,5.333333492279053
2026-09-22 06:00:00+00:00,2026-09-22 08:00:00+00:00,2.0,7.108475208282471,7.0,6.800000190734863
2026-09-22 06:00:00+00:00,2026-09-22 09:00:00+00:00,3.0,8.090924263000488,8.0,7.199999809265137
2026-09-22 06:00:00+00:00,2026-09-22 10:00:00+00:00,4.0,8.96614933013916,9.0,7.285714149475098
2026-09-22 06:00:00+00:00,2026-09-22 11:00:00+00:00,5.0,8.964099884033203,8.0,9.0
2026-09-22 06:00:00+00:00,2026-09-22 12:00:00+00:00,6.0,8.224853515625,7.0,7.833333492279053
2026-09-22 06:00:00+00:00,2026-09-22 13:00:00+00:00,7.0,7.712336540222168,7.0,6.0
2026-09-22 06:00:00+00:00,2026-09-22 14:00:00+00:00,8.0,7.2719621658325195,7.0,4.400000095367432
2026-09-22 06:00:00+00:00,2026-09-22 15:00:00+00:00,9.0,6.2193474769592285,6.0,3.0
2026-09-22 06:00:00+00:00,2026-09-22 16:00:00+00:00,10.0,4.627843379974365,4.0,1.600000023841858
2026-09-22 06:00:00+00:00,2026-09-22 17:00:00+00:00,11.0,2.9208221435546875,2.0,1.1666666269302368
2026-09-22 06:00:00+00:00,2026-09-22 18:00:00+00:00,12.0,3.4204654693603516,2.0,0.4285714328289032
2026-09-22 07:00:00+00:00,2026-09-22 08:00:00+00:00,1.0,6.967083930969238,7.0,6.800000190734863
2026-09-22 07:00:00+00:00,2026-09-22 09:00:00+00:00,2.0,7.863668918609619,8.0,7.199999809265137
2026-09-22 07:00:00+00:00,2026-09-22 10:00:00+00:00,3.0,8.205831527709961,8.0,7.285714149475098
2026-09-22 07:00:00+00:00,2026-09-22 11:00:00+00:00,4.0,8.484681129455566,8.0,9.0
2026-09-22 07:00:00+00:00,2026-09-22 12:00:00+00:00,5.0,8.360599517822266,8.0,7.833333492279053
2026-09-22 07:00:00+00:00,2026-09-22 13:00:00+00:00,6.0,8.269997596740723,9.0,6.0
2026-09-22 07:00:00+00:00,2026-09-22 14:00:00+00:00,7.0,6.791919231414795,7.0,4.400000095367432
2026-09-22 07:00:00+00:00,2026-09-22 15:00:00+00:00,8.0,4.891294956207275,5.0,3.0
2026-09-22 07:00:00+00:00,2026-09-22 16:00:00+00:00,9.0,3.6754744052886963,4.0,1.600000023841858
2026-09-22 07:00:00+00:00,2026-09-22 17:00:00+00:00,10.0,3.3918910026550293,4.0,1.1666666269302368
2026-09-22 07:00:00+00:00,2026-09-22 18:00:00+00:00,11.0,3.3867619037628174,4.0,0.4285714328289032
2026-09-22 07:00:00+00:00,2026-09-22 19:00:00+00:00,12.0,2.082007646560669,2.0,2.0
2026-09-22 08:00:00+00:00,2026-09-22 09:00:00+00:00,1.0,7.547234058380127,8.0,7.199999809265137
2026-09-22 08:00:00+00:00,2026-09-22 10:00:00+00:00,2.0,8.156657218933105,8.0,7.285714149475098
2026-09-22 08:00:00+00:00,2026-09-22 11:00:00+00:00,3.0,8.292802810668945,8.0,9.0
2026-09-22 08:00:00+00:00,2026-09-22 12:00:00+00:00,4.0,8.220405578613281,8.0,7.833333492279053
2026-09-22 08:00:00+00:00,2026-09-22 13:00:00+00:00,5.0,7.540693759918213,7.0,6.0
2026-09-22 08:00:00+00:00,2026-09-22 14:00:00+00:00,6.0,7.089720249176025,7.0,4.400000095367432
2026-09-22 08:00:00+00:00,2026-09-22 15:00:00+00:00,7.0,5.302145957946777,5.0,3.0
2026-09-22 08:00:00+00:00,2026-09-22 16:00:00+00:00,8.0,3.325021743774414,3.0,1.600000023841858
2026-09-22 08:00:00+00:00,2026-09-22 17:00:00+00:00,9.0,2.2435109615325928,2.0,1.1666666269302368
2026-09-22 08:00:00+00:00,2026-09-22 18:00:00+00:00,10.0,2.1577484607696533,2.0,0.4285714328289032
2026-09-22 08:00:00+00:00,2026-09-22 19:00:00+00:00,11.0,1.2170759439468384,1.0,2.0
2026-09-22 08:00:00+00:00,2026-09-22 20:00:00+00:00,12.0,1.327219009399414,2.0,3.4000000953674316
2026-09-22 09:00:00+00:00,2026-09-22 10:00:00+00:00,1.0,8.204346656799316,9.0,7.285714149475098
2026-09-22 09:00:00+00:00,2026-09-22 11:00:00+00:00,2.0,8.374774932861328,8.0,9.0
2026-09-22 09:00:00+00:00,2026-09-22 12:00:00+00:00,3.0,7.587103366851807,7.0,7.833333492279053
2026-09-22 09:00:00+00:00,2026-09-22 13:00:00+00:00,4.0,6.6186442375183105,6.0,6.0
2026-09-22 09:00:00+00:00,2026-09-22 14:00:00+00:00,5.0,6.314311504364014,6.0,4.400000095367432
2026-09-22 09:00:00+00:00,2026-09-22 15:00:00+00:00,6.0,5.773496150970459,6.0,3.0
2026-09-22 09:00:00+00:00,2026-09-22 16:00:00+00:00,7.0,4.699591636657715,5.0,1.600000023841858
2026-09-22 09:00:00+00:00,2026-09-22 17:00:00+00:00,8.0,3.0648834705352783,3.0,1.1666666269302368
2026-09-22 09:00:00+00:00,2026-09-22 18:00:00+00:00,9.0,2.630502700805664,3.0,0.4285714328289032
2026-09-22 09:00:00+00:00,2026-09-22 19:00:00+00:00,10.0,3.226614475250244,3.0,2.0
2026-09-22 09:00:00+00:00,2026-09-22 20:00:00+00:00,11.0,3.5293796062469482,3.0,3.4000000953674316
2026-09-22 09:00:00+00:00,2026-09-22 21:00:00+00:00,12.0,2.4815828800201416,2.0,3.5
2026-09-22 10:00:00+00:00,2026-09-22 11:00:00+00:00,1.0,7.8132710456848145,8.0,9.0
2026-09-22 10:00:00+00:00,2026-09-22 12:00:00+00:00,2.0,7.359452724456787,7.0,7.833333492279053
2026-09-22 10:00:00+00:00,2026-09-22 13:00:00+00:00,3.0,6.532672882080078,6.0,6.0
2026-09-22 10:00:00+00:00,2026-09-22 14:00:00+00:00,4.0,6.2783403396606445,6.0,4.400000095367432
2026-09-22 10:00:00+00:00,2026-09-22 15:00:00+00:00,5.0,5.759702682495117,6.0,3.0
2026-09-22 10:00:00+00:00,2026-09-22 16:00:00+00:00,6.0,4.692713737487793,5.0,1.600000023841858
2026-09-22 10:00:00+00:00,2026-09-22 17:00:00+00:00,7.0,3.0617361068725586,3.0,1.1666666269302368
2026-09-22 10:00:00+00:00,2026-09-22 18:00:00+00:00,8.0,2.628323554992676,3.0,0.4285714328289032
2026-09-22 10:00:00+00:00,2026-09-22 19:00:00+00:00,9.0,3.2259421348571777,3.0,2.0
2026-09-22 10:00:00+00:00,2026-09-22 20:00:00+00:00,10.0,3.5293259620666504,3.0,3.4000000953674316
2026-09-22 10:00:00+00:00,2026-09-22 21:00:00+00:00,11.0,2.4816837310791016,2.0,3.5
2026-09-22 10:00:00+00:00,2026-09-22 22:00:00+00:00,12.0,2.1441028118133545,2.0,2.0
2026-09-22 11:00:00+00:00,2026-09-22 12:00:00+00:00,1.0,8.608263969421387,8.0,7.833333492279053
2026-09-22 11:00:00+00:00,2026-09-22 13:00:00+00:00,2.0,7.5491156578063965,7.0,6.0
2026-09-22 11:00:00+00:00,2026-09-22 14:00:00+00:00,3.0,6.3558125495910645,6.0,4.400000095367432
2026-09-22 11:00:00+00:00,2026-09-22 15:00:00+00:00,4.0,5.495608329772949,6.0,3.0
2026-09-22 11:00:00+00:00,2026-09-22 16:00:00+00:00,5.0,4.393687725067139,5.0,1.600000023841858
2026-09-22 11:00:00+00:00,2026-09-22 17:00:00+00:00,6.0,2.970031976699829,3.0,1.1666666269302368
2026-09-22 11:00:00+00:00,2026-09-22 18:00:00+00:00,7.0,2.5839247703552246,3.0,0.4285714328289032
2026-09-22 11:00:00+00:00,2026-09-22 19:00:00+00:00,8.0,2.3477706909179688,3.0,2.0
2026-09-22 11:00:00+00:00,2026-09-22 20:00:00+00:00,9.0,1.2589776515960693,1.0,3.4000000953674316
2026-09-22 11:00:00+00:00,2026-09-22 21:00:00+00:00,10.0,0.6379563808441162,0.0,3.5
2026-09-22 11:00:00+00:00,2026-09-22 22:00:00+00:00,11.0,1.6021816730499268,3.0,2.0
2026-09-22 11:00:00+00:00,2026-09-22 23:00:00+00:00,12.0,1.0471590757369995,2.0,1.0
2026-09-22 12:00:00+00:00,2026-09-22 13:00:00+00:00,1.0,6.857299327850342,6.0,6.0
2026-09-22 12:00:00+00:00,2026-09-22 14:00:00+00:00,2.0,6.190770149230957,6.0,4.400000095367432
2026-09-22 12:00:00+00:00,2026-09-22 15:00:00+00:00,3.0,5.5407843589782715,6.0,3.0
2026-09-22 12:00:00+00:00,2026-09-22 16:00:00+00:00,4.0,3.8942079544067383,4.0,1.600000023841858
2026-09-22 12:00:00+00:00,2026-09-22 17:00:00+00:00,5.0,2.8466358184814453,3.0,1.1666666269302368
2026-09-22 12:00:00+00:00,2026-09-22 18:00:00+00:00,6.0,2.4721109867095947,3.0,0.4285714328289032
2026-09-22 12:00:00+00:00,2026-09-22 19:00:00+00:00,7.0,0.8529278039932251,0.0,2.0
2026-09-22 12:00:00+00:00,2026-09-22 20:00:00+00:00,8.0,2.6807897090911865,3.0,3.4000000953674316
2026-09-22 12:00:00+00:00,2026-09-22 21:00:00+00:00,9.0,1.631176233291626,2.0,3.5
2026-09-22 12:00:00+00:00,2026-09-22 22:00:00+00:00,10.0,1.3030225038528442,2.0,2.0
2026-09-22 12:00:00+00:00,2026-09-22 23:00:00+00:00,11.0,1.5402628183364868,2.0,1.0
2026-09-22 12:00:00+00:00,2026-09-23 00:00:00+00:00,12.0,1.5579783916473389,3.0,2.5
2026-09-22 13:00:00+00:00,2026-09-22 14:00:00+00:00,1.0,5.880343437194824,6.0,4.400000095367432
2026-09-22 13:00:00+00:00,2026-09-22 15:00:00+00:00,2.0,5.036928176879883,5.0,3.0
2026-09-22 13:00:00+00:00,2026-09-22 16:00:00+00:00,3.0,4.594704627990723,5.0,1.600000023841858
2026-09-22 13:00:00+00:00,2026-09-22 17:00:00+00:00,4.0,3.6455588340759277,4.0,1.1666666269302368
2026-09-22 13:00:00+00:00,2026-09-22 18:00:00+00:00,5.0,2.6126294136047363,3.0,0.4285714328289032
2026-09-22 13:00:00+00:00,2026-09-22 19:00:00+00:00,6.0,1.893207311630249,2.0,2.0
2026-09-22 13:00:00+00:00,2026-09-22 20:00:00+00:00,7.0,1.7070798873901367,2.0,3.4000000953674316
2026-09-22 13:00:00+00:00,2026-09-22 21:00:00+00:00,8.0,2.088571548461914,2.0,3.5
2026-09-22 13:00:00+00:00,2026-09-22 22:00:00+00:00,9.0,3.3981339931488037,4.0,2.0
2026-09-22 13:00:00+00:00,2026-09-22 23:00:00+00:00,10.0,2.4173858165740967,1.0,1.0
2026-09-22 13:00:00+00:00,2026-09-23 00:00:00+00:00,11.0,1.9425464868545532,1.0,2.5
2026-09-22 13:00:00+00:00,2026-09-23 01:00:00+00:00,12.0,2.4550862312316895,1.0,2.5
2026-09-22 14:00:00+00:00,2026-09-22 15:00:00+00:00,1.0,4.132906913757324,5.0,3.0
2026-09-22 14:00:00+00:00,2026-09-22 16:00:00+00:00,2.0,4.359037399291992,5.0,1.600000023841858
2026-09-22 14:00:00+00:00,2026-09-22 17:00:00+00:00,3.0,3.70625638961792,4.0,1.1666666269302368
2026-09-22 14:00:00+00:00,2026-09-22 18:00:00+00:00,4.0,3.16279673576355,4.0,0.4285714328289032
2026-09-22 14:00:00+00:00,2026-09-22 19:00:00+00:00,5.0,2.0045385360717773,2.0,2.0
2026-09-22 14:00:00+00:00,2026-09-22 20:00:00+00:00,6.0,1.917443871498108,1.0,3.4000000953674316
2026-09-22 14:00:00+00:00,2026-09-22 21:00:00+00:00,7.0,1.7954469919204712,1.0,3.5
2026-09-22 14:00:00+00:00,2026-09-22 22:00:00+00:00,8.0,2.395941734313965,2.0,2.0
2026-09-22 14:00:00+00:00,2026-09-22 23:00:00+00:00,9.0,3.2510125637054443,3.0,1.0
2026-09-22 14:00:00+00:00,2026-09-23 00:00:00+00:00,10.0,3.1430654525756836,2.0,2.5
2026-09-22 14:00:00+00:00,2026-09-23 01:00:00+00:00,11.0,3.649104356765747,4.0,2.5
2026-09-22 14:00:00+00:00,2026-09-23 02:00:00+00:00,12.0,4.518004894256592,5.0,3.1111111640930176
2026-09-22 15:00:00+00:00,2026-09-22 16:00:00+00:00,1.0,3.594259738922119,5.0,1.600000023841858
2026-09-22 15:00:00+00:00,2026-09-22 17:00:00+00:00,2.0,4.121079444885254,5.0,1.1666666269302368
2026-09-22 15:00:00+00:00,2026-09-22 18:00:00+00:00,3.0,2.871861219406128,3.0,0.4285714328289032
2026-09-22 15:00:00+00:00,2026-09-22 19:00:00+00:00,4.0,3.0178885459899902,3.0,2.0
2026-09-22 15:00:00+00:00,2026-09-22 20:00:00+00:00,5.0,2.6849851608276367,3.0,3.4000000953674316
2026-09-22 15:00:00+00:00,2026-09-22 21:00:00+00:00,6.0,1.6782317161560059,2.0,3.5
2026-09-22 15:00:00+00:00,2026-09-22 22:00:00+00:00,7.0,1.6964921951293945,2.0,2.0
2026-09-22 15:00:00+00:00,2026-09-22 23:00:00+00:00,8.0,2.04183292388916,1.0,1.0
2026-09-22 15:00:00+00:00,2026-09-23 00:00:00+00:00,9.0,2.670767068862915,2.0,2.5
2026-09-22 15:00:00+00:00,2026-09-23 01:00:00+00:00,10.0,3.355496883392334,3.0,2.5
2026-09-22 15:00:00+00:00,2026-09-23 02:00:00+00:00,11.0,4.5985846519470215,5.0,3.1111111640930176
2026-09-22 15:00:00+00:00,2026-09-23 03:00:00+00:00,12.0,6.419273853302002,7.0,3.4000000953674316
2026-09-22 16:00:00+00:00,2026-09-22 17:00:00+00:00,1.0,2.2991790771484375,4.0,1.1666666269302368
2026-09-22 16:00:00+00:00,2026-09-22 18:00:00+00:00,2.0,2.652425765991211,4.0,0.4285714328289032
2026-09-22 16:00:00+00:00,2026-09-22 19:00:00+00:00,3.0,2.3180367946624756,3.0,2.0
2026-09-22 16:00:00+00:00,2026-09-22 20:00:00+00:00,4.0,1.647383213043213,2.0,3.4000000953674316
2026-09-22 16:00:00+00:00,2026-09-22 21:00:00+00:00,5.0,1.4192465543746948,2.0,3.5
2026-09-22 16:00:00+00:00,2026-09-22 22:00:00+00:00,6.0,0.7876847386360168,1.0,2.0
2026-09-22 16:00:00+00:00,2026-09-22 23:00:00+00:00,7.0,0.6984438896179199,2.0,1.0
2026-09-22 16:00:00+00:00,2026-09-23 00:00:00+00:00,8.0,1.0682722330093384,3.0,2.5
2026-09-22 16:00:00+00:00,2026-09-23 01:00:00+00:00,9.0,1.850106120109558,3.0,2.5
2026-09-22 16:00:00+00:00,2026-09-23 02:00:00+00:00,10.0,2.6713690757751465,3.0,3.1111111640930176
2026-09-22 16:00:00+00:00,2026-09-23 03:00:00+00:00,11.0,3.4086477756500244,4.0,3.4000000953674316
2026-09-22 16:00:00+00:00,2026-09-23 04:00:00+00:00,12.0,4.508727550506592,5.0,2.5999999046325684
2026-09-22 17:00:00+00:00,2026-09-22 18:00:00+00:00,1.0,2.081341028213501,4.0,0.4285714328289032
2026-09-22 17:00:00+00:00,2026-09-22 19:00:00+00:00,2.0,2.1488137245178223,3.0,2.0
2026-09-22 17:00:00+00:00,2026-09-22 20:00:00+00:00,3.0,2.3889718055725098,3.0,3.4000000953674316
2026-09-22 17:00:00+00:00,2026-09-22 21:00:00+00:00,4.0,1.793898105621338,2.0,3.5
2026-09-22 17:00:00+00:00,2026-09-22 22:00:00+00:00,5.0,1.8303848505020142,1.0,2.0
2026-09-22 17:00:00+00:00,2026-09-22 23:00:00+00:00,6.0,2.4565110206604004,1.0,1.0
2026-09-22 17:00:00+00:00,2026-09-23 00:00:00+00:00,7.0,2.7501814365386963,2.0,2.5
2026-09-22 17:00:00+00:00,2026-09-23 01:00:00+00:00,8.0,3.723759651184082,5.0,2.5
2026-09-22 17:00:00+00:00,2026-09-23 02:00:00+00:00,9.0,4.625560760498047,5.0,3.1111111640930176
2026-09-22 17:00:00+00:00,2026-09-23 03:00:00+00:00,10.0,5.773497581481934,6.0,3.4000000953674316
2026-09-22 17:00:00+00:00,2026-09-23 04:00:00+00:00,11.0,5.8892998695373535,5.0,2.5999999046325684
2026-09-22 17:00:00+00:00,2026-09-23 05:00:00+00:00,12.0,6.124510765075684,5.0,3.142857074737549
2026-09-22 18:00:00+00:00,2026-09-22 19:00:00+00:00,1.0,1.319177508354187,3.0,2.0
2026-09-22 18:00:00+00:00,2026-09-22 20:00:00+00:00,2.0,1.511308193206787,3.0,3.4000000953674316
2026-09-22 18:00:00+00:00,2026-09-22 21:00:00+00:00,3.0,1.2384274005889893,2.0,3.5
2026-09-22 18:00:00+00:00,2026-09-22 22:00:00+00:00,4.0,1.1726433038711548,2.0,2.0
2026-09-22 18:00:00+00:00,2026-09-22 23:00:00+00:00,5.0,1.4822945594787598,3.0,1.0
2026-09-22 18:00:00+00:00,2026-09-23 00:00:00+00:00,6.0,2.179258346557617,3.0,2.5
2026-09-22 18:00:00+00:00,2026-09-23 01:00:00+00:00,7.0,2.3979599475860596,2.0,2.5
2026-09-22 18:00:00+00:00,2026-09-23 02:00:00+00:00,8.0,3.875718832015991,5.0,3.1111111640930176
2026-09-22 18:00:00+00:00,2026-09-23 03:00:00+00:00,9.0,5.965124607086182,7.0,3.4000000953674316
2026-09-22 18:00:00+00:00,2026-09-23 04:00:00+00:00,10.0,6.000807762145996,5.0,2.5999999046325684
2026-09-22 18:00:00+00:00,2026-09-23 05:00:00+00:00,11.0,6.48572301864624,5.0,3.142857074737549
2026-09-22 18:00:00+00:00,2026-09-23 06:00:00+00:00,12.0,7.632644176483154,7.0,3.0
2026-09-22 19:00:00+00:00,2026-09-22 20:00:00+00:00,1.0,1.1646995544433594,1.0,3.4000000953674316
2026-09-22 19:00:00+00:00,2026-09-22 21:00:00+00:00,2.0,1.830152153968811,2.0,3.5
2026-09-22 19:00:00+00:00,2026-09-22 22:00:00+00:00,3.0,2.3284709453582764,2.0,2.0
2026-09-22 19:00:00+00:00,2026-09-22 23:00:00+00:00,4.0,2.2440109252929688,1.0,1.0
2026-09-22 19:00:00+00:00,2026-09-23 00:00:00+00:00,5.0,2.357163429260254,1.0,2.5
2026-09-22 19:00:00+00:00,2026-09-23 01:00:00+00:00,6.0,2.6394853591918945,2.0,2.5
2026-09-22 19:00:00+00:00,2026-09-23 02:00:00+00:00,7.0,3.391261577606201,4.0,3.1111111640930176
2026-09-22 19:00:00+00:00,2026-09-23 03:00:00+00:00,8.0,4.547469615936279,5.0,3.4000000953674316
2026-09-22 19:00:00+00:00,2026-09-23 04:00:00+00:00,9.0,5.4465413093566895,5.0,2.5999999046325684
2026-09-22 19:00:00+00:00,2026-09-23 05:00:00+00:00,10.0,6.392816543579102,6.0,3.142857074737549
2026-09-22 19:00:00+00:00,2026-09-23 06:00:00+00:00,11.0,7.047316074371338,6.0,3.0
2026-09-22 19:00:00+00:00,2026-09-23 07:00:00+00:00,12.0,6.796576499938965,5.0,4.666666507720947
2026-09-22 20:00:00+00:00,2026-09-22 21:00:00+00:00,1.0,2.873089075088501,1.0,3.5
2026-09-22 20:00:00+00:00,2026-09-22 22:00:00+00:00,2.0,3.9727935791015625,3.0,2.0
2026-09-22 20:00:00+00:00,2026-09-22 23:00:00+00:00,3.0,4.15838098526001,3.0,1.0
2026-09-22 20:00:00+00:00,2026-09-23 00:00:00+00:00,4.0,3.986103057861328,3.0,2.5
2026-09-22 20:00:00+00:00,2026-09-23 01:00:00+00:00,5.0,4.322174072265625,3.0,2.5
2026-09-22 20:00:00+00:00,2026-09-23 02:00:00+00:00,6.0,4.822584629058838,4.0,3.1111111640930176
2026-09-22 20:00:00+00:00,2026-09-23 03:00:00+00:00,7.0,4.9604716300964355,4.0,3.4000000953674316
2026-09-22 20:00:00+00:00,2026-09-23 04:00:00+00:00,8.0,5.744447708129883,5.0,2.5999999046325684
2026-09-22 20:00:00+00:00,2026-09-23 05:00:00+00:00,9.0,7.106105804443359,7.0,3.142857074737549
2026-09-22 20:00:00+00:00,2026-09-23 06:00:00+00:00,10.0,8.557969093322754,8.0,3.0
2026-09-22 20:00:00+00:00,2026-09-23 07:00:00+00:00,11.0,9.3422212600708,8.0,4.666666507720947
2026-09-22 20:00:00+00:00,2026-09-23 08:00:00+00:00,12.0,8.713785171508789,7.0,5.857142925262451
2026-09-22 21:00:00+00:00,2026-09-22 22:00:00+00:00,1.0,3.175320863723755,3.0,2.0
2026-09-22 21:00:00+00:00,2026-09-22 23:00:00+00:00,2.0,2.8224074840545654,3.0,1.0
2026-09-22 21:00:00+00:00,2026-09-23 00:00:00+00:00,3.0,2.6437995433807373,2.0,2.5
2026-09-22 21:00:00+00:00,2026-09-23 01:00:00+00:00,4.0,3.2663023471832275,3.0,2.5
2026-09-22 21:00:00+00:00,2026-09-23 02:00:00+00:00,5.0,3.7912955284118652,4.0,3.1111111640930176
2026-09-22 21:00:00+00:00,2026-09-23 03:00:00+00:00,6.0,4.575180530548096,5.0,3.4000000953674316
2026-09-22 21:00:00+00:00,2026-09-23 04:00:00+00:00,7.0,4.7723388671875,4.0,2.5999999046325684
2026-09-22 21:00:00+00:00,2026-09-23 05:00:00+00:00,8.0,5.639832019805908,5.0,3.142857074737549
2026-09-22 21:00:00+00:00,2026-09-23 06:00:00+00:00,9.0,6.655676364898682,6.0,3.0
2026-09-22 21:00:00+00:00,2026-09-23 07:00:00+00:00,10.0,6.704720497131348,5.0,4.666666507720947
2026-09-22 21:00:00+00:00,2026-09-23 08:00:00+00:00,11.0,6.303353786468506,4.0,5.857142925262451
2026-09-22 21:00:00+00:00,2026-09-23 09:00:00+00:00,12.0,6.499924659729004,5.0,8.666666984558105
2026-09-22 22:00:00+00:00,2026-09-22 23:00:00+00:00,1.0,1.899595856666565,3.0,1.0
2026-09-22 22:00:00+00:00,2026-09-23 00:00:00+00:00,2.0,2.272139310836792,2.0,2.5
2026-09-22 22:00:00+00:00,2026-09-23 01:00:00+00:00,3.0,3.0110676288604736,3.0,2.5
2026-09-22 22:00:00+00:00,2026-09-23 02:00:00+00:00,4.0,3.574648857116699,4.0,3.1111111640930176
2026-09-22 22:00:00+00:00,2026-09-23 03:00:00+00:00,5.0,4.420787334442139,5.0,3.4000000953674316
2026-09-22 22:00:00+00:00,2026-09-23 04:00:00+00:00,6.0,4.679898738861084,4.0,2.5999999046325684
2026-09-22 22:00:00+00:00,2026-09-23 05:00:00+00:00,7.0,5.5844573974609375,5.0,3.142857074737549
2026-09-22 22:00:00+00:00,2026-09-23 06:00:00+00:00,8.0,6.61762809753418,6.0,3.0
2026-09-22 22:00:00+00:00,2026-09-23 07:00:00+00:00,9.0,6.680014133453369,5.0,4.666666507720947
2026-09-22 22:00:00+00:00,2026-09-23 08:00:00+00:00,10.0,6.287115573883057,4.0,5.857142925262451
2026-09-22 22:00:00+00:00,2026-09-23 09:00:00+00:00,11.0,6.490213871002197,5.0,8.666666984558105
2026-09-22 22:00:00+00:00,2026-09-23 10:00:00+00:00,12.0,6.7602057456970215,6.0,6.666666507720947
2026-09-22 23:00:00+00:00,2026-09-23 00:00:00+00:00,1.0,1.6382627487182617,2.0,2.5
2026-09-22 23:00:00+00:00,2026-09-23 01:00:00+00:00,2.0,2.6755735874176025,3.0,2.5
2026-09-22 23:00:00+00:00,2026-09-23 02:00:00+00:00,3.0,3.328190326690674,4.0,3.1111111640930176
2026-09-22 23:00:00+00:00,2026-09-23 03:00:00+00:00,4.0,4.215104103088379,5.0,3.4000000953674316
2026-09-22 23:00:00+00:00,2026-09-23 04:00:00+00:00,5.0,4.551861763000488,4.0,2.5999999046325684
2026-09-22 23:00:00+00:00,2026-09-23 05:00:00+00:00,6.0,5.515957355499268,5.0,3.142857074737549
2026-09-22 23:00:00+00:00,2026-09-23 06:00:00+00:00,7.0,6.5720086097717285,6.0,3.0
2026-09-22 23:00:00+00:00,2026-09-23 07:00:00+00:00,8.0,6.64817476272583,5.0,4.666666507720947
2026-09-22 23:00:00+00:00,2026-09-23 08:00:00+00:00,9.0,6.266227722167969,4.0,5.857142925262451
2026-09-22 23:00:00+00:00,2026-09-23 09:00:00+00:00,10.0,6.477735996246338,5.0,8.666666984558105
2026-09-22 23:00:00+00:00,2026-09-23 10:00:00+00:00,11.0,6.75449275970459,6.0,6.666666507720947
2026-09-22 23:00:00+00:00,2026-09-23 11:00:00+00:00,12.0,6.243851661682129,5.0,4.666666507720947
2026-09-23 00:00:00+00:00,2026-09-23 01:00:00+00:00,1.0,3.278455972671509,3.0,2.5
2026-09-23 00:00:00+00:00,2026-09-23 02:00:00+00:00,2.0,3.606168746948242,4.0,3.1111111640930176
2026-09-23 00:00:00+00:00,2026-09-23 03:00:00+00:00,3.0,4.450757026672363,5.0,3.4000000953674316
2026-09-23 00:00:00+00:00,2026-09-23 04:00:00+00:00,4.0,4.721439361572266,4.0,2.5999999046325684
2026-09-23 00:00:00+00:00,2026-09-23 05:00:00+00:00,5.0,5.608849048614502,5.0,3.142857074737549
2026-09-23 00:00:00+00:00,2026-09-23 06:00:00+00:00,6.0,6.630370616912842,6.0,3.0
2026-09-23 00:00:00+00:00,2026-09-23 07:00:00+00:00,7.0,6.689011573791504,5.0,4.666666507720947
2026-09-23 00:00:00+00:00,2026-09-23 08:00:00+00:00,8.0,6.293456077575684,4.0,5.857142925262451
2026-09-23 00:00:00+00:00,2026-09-23 09:00:00+00:00,9.0,6.493963241577148,5.0,8.666666984558105
2026-09-23 00:00:00+00:00,2026-09-23 10:00:00+00:00,10.0,6.761898994445801,6.0,6.666666507720947
2026-09-23 00:00:00+00:00,2026-09-23 11:00:00+00:00,11.0,6.2493767738342285,5.0,4.666666507720947
2026-09-23 00:00:00+00:00,2026-09-23 12:00:00+00:00,12.0,6.5423264503479,5.0,5.666666507720947
2026-09-23 01:00:00+00:00,2026-09-23 02:00:00+00:00,1.0,2.9566025733947754,4.0,3.1111111640930176
2026-09-23 01:00:00+00:00,2026-09-23 03:00:00+00:00,2.0,4.095618724822998,5.0,3.4000000953674316
2026-09-23 01:00:00+00:00,2026-09-23 04:00:00+00:00,3.0,4.490502834320068,4.0,2.5999999046325684
2026-09-23 01:00:00+00:00,2026-09-23 05:00:00+00:00,4.0,5.484353542327881,5.0,3.142857074737549
2026-09-23 01:00:00+00:00,2026-09-23 06:00:00+00:00,5.0,6.549776554107666,6.0,3.0
2026-09-23 01:00:00+00:00,2026-09-23 07:00:00+00:00,6.0,6.633298397064209,5.0,4.666666507720947
2026-09-23 01:00:00+00:00,2026-09-23 08:00:00+00:00,7.0,6.256782054901123,4.0,5.857142925262451
2026-09-23 01:00:00+00:00,2026-09-23 09:00:00+00:00,8.0,6.4720025062561035,5.0,8.666666984558105
2026-09-23 01:00:00+00:00,2026-09-23 10:00:00+00:00,9.0,6.751709938049316,6.0,6.666666507720947
2026-09-23 01:00:00+00:00,2026-09-23 11:00:00+00:00,10.0,6.2419633865356445,5.0,4.666666507720947
2026-09-23 01:00:00+00:00,2026-09-23 12:00:00+00:00,11.0,6.536900997161865,5.0,5.666666507720947
2026-09-23 01:00:00+00:00,2026-09-23 13:00:00+00:00,12.0,7.653321743011475,8.0,5.75
2026-09-23 02:00:00+00:00,2026-09-23 03:00:00+00:00,1.0,4.0413970947265625,5.0,3.4000000953674316
2026-09-23 02:00:00+00:00,2026-09-23 04:00:00+00:00,2.0,4.481842517852783,4.0,2.5999999046325684
2026-09-23 02:00:00+00:00,2026-09-23 05:00:00+00:00,3.0,5.48624849319458,5.0,3.142857074737549
2026-09-23 02:00:00+00:00,2026-09-23 06:00:00+00:00,4.0,6.546573638916016,6.0,3.0
2026-09-23 02:00:00+00:00,2026-09-23 07:00:00+00:00,5.0,6.630675792694092,5.0,4.666666507720947
2026-09-23 02:00:00+00:00,2026-09-23 08:00:00+00:00,6.0,6.255753040313721,4.0,5.857142925262451
2026-09-23 02:00:00+00:00,2026-09-23 09:00:00+00:00,7.0,6.4713897705078125,5.0,8.666666984558105
2026-09-23 02:00:00+00:00,2026-09-23 10:00:00+00:00,8.0,6.751334190368652,6.0,6.666666507720947
2026-09-23 02:00:00+00:00,2026-09-23 11:00:00+00:00,9.0,6.241718292236328,5.0,4.666666507720947
2026-09-23 02:00:00+00:00,2026-09-23 12:00:00+00:00,10.0,6.536739826202393,5.0,5.666666507720947
2026-09-23 02:00:00+00:00,2026-09-23 13:00:00+00:00,11.0,7.653280258178711,8.0,5.75
2026-09-23 02:00:00+00:00,2026-09-23 14:00:00+00:00,12.0,8.719095230102539,10.0,7.75
2026-09-23 03:00:00+00:00,2026-09-23 04:00:00+00:00,1.0,4.120614528656006,4.0,2.5999999046325684
2026-09-23 03:00:00+00:00,2026-09-23 05:00:00+00:00,2.0,5.355406761169434,5.0,3.142857074737549
2026-09-23 03:00:00+00:00,2026-09-23 06:00:00+00:00,3.0,6.462231159210205,6.0,3.0
2026-09-23 03:00:00+00:00,2026-09-23 07:00:00+00:00,4.0,6.564251899719238,5.0,4.666666507720947
2026-09-23 03:00:00+00:00,2026-09-23 08:00:00+00:00,5.0,6.214319229125977,4.0,5.857142925262451
2026-09-23 03:00:00+00:00,2026-09-23 09:00:00+00:00,6.0,6.447365760803223,5.0,8.666666984558105
2026-09-23 03:00:00+00:00,2026-09-23 10:00:00+00:00,7.0,6.73854923248291,6.0,6.666666507720947
2026-09-23 03:00:00+00:00,2026-09-23 11:00:00+00:00,8.0,6.233089447021484,5.0,4.666666507720947
2026-09-23 03:00:00+00:00,2026-09-23 12:00:00+00:00,9.0,6.530701637268066,5.0,5.666666507720947
2026-09-23 03:00:00+00:00,2026-09-23 13:00:00+00:00,10.0,7.651556968688965,8.0,5.75
2026-09-23 03:00:00+00:00,2026-09-23 14:00:00+00:00,11.0,8.718300819396973,10.0,7.75
2026-09-23 03:00:00+00:00,2026-09-23 15:00:00+00:00,12.0,8.99356746673584,9.0,8.0
2026-09-23 04:00:00+00:00,2026-09-23 05:00:00+00:00,1.0,4.396353721618652,5.0,3.142857074737549
2026-09-23 04:00:00+00:00,2026-09-23 06:00:00+00:00,2.0,6.0725417137146,6.0,3.0
2026-09-23 04:00:00+00:00,2026-09-23 07:00:00+00:00,3.0,6.2963385581970215,5.0,4.666666507720947
2026-09-23 04:00:00+00:00,2026-09-23 08:00:00+00:00,4.0,5.998095989227295,4.0,5.857142925262451
2026-09-23 04:00:00+00:00,2026-09-23 09:00:00+00:00,5.0,6.3201494216918945,5.0,8.666666984558105
2026-09-23 04:00:00+00:00,2026-09-23 10:00:00+00:00,6.0,6.679274082183838,6.0,6.666666507720947
2026-09-23 04:00:00+00:00,2026-09-23 11:00:00+00:00,7.0,6.192391872406006,5.0,4.666666507720947
2026-09-23 04:00:00+00:00,2026-09-23 12:00:00+00:00,8.0,6.500349998474121,5.0,5.666666507720947
2026-09-23 04:00:00+00:00,2026-09-23 13:00:00+00:00,9.0,7.642199516296387,8.0,5.75
2026-09-23 04:00:00+00:00,2026-09-23 14:00:00+00:00,10.0,8.714425086975098,10.0,7.75
2026-09-23 04:00:00+00:00,2026-09-23 15:00:00+00:00,11.0,8.991557121276855,9.0,8.0
2026-09-23 04:00:00+00:00,2026-09-23 16:00:00+00:00,12.0,9.268821716308594,10.0,7.625
2026-09-23 05:00:00+00:00,2026-09-23 06:00:00+00:00,1.0,5.266447067260742,6.0,3.0
2026-09-23 05:00:00+00:00,2026-09-23 07:00:00+00:00,2.0,6.027890205383301,5.0,4.666666507720947
2026-09-23 05:00:00+00:00,2026-09-23 08:00:00+00:00,3.0,5.751434803009033,4.0,5.857142925262451
2026-09-23 05:00:00+00:00,2026-09-23 09:00:00+00:00,4.0,6.128548622131348,5.0,8.666666984558105
2026-09-23 05:00:00+00:00,2026-09-23 10:00:00+00:00,5.0,6.588901519775391,6.0,6.666666507720947
2026-09-23 05:00:00+00:00,2026-09-23 11:00:00+00:00,6.0,6.138056755065918,5.0,4.666666507720947
2026-09-23 05:00:00+00:00,2026-09-23 12:00:00+00:00,7.0,6.4579925537109375,5.0,5.666666507720947
2026-09-23 05:00:00+00:00,2026-09-23 13:00:00+00:00,8.0,7.628879070281982,8.0,5.75
2026-09-23 05:00:00+00:00,2026-09-23 14:00:00+00:00,9.0,8.708475112915039,10.0,7.75
2026-09-23 05:00:00+00:00,2026-09-23 15:00:00+00:00,10.0,8.988470077514648,9.0,8.0
2026-09-23 05:00:00+00:00,2026-09-23 16:00:00+00:00,11.0,9.268075942993164,10.0,7.625
2026-09-23 05:00:00+00:00,2026-09-23 17:00:00+00:00,12.0,8.747419357299805,10.0,6.5714287757873535
2026-09-23 06:00:00+00:00,2026-09-23 07:00:00+00:00,1.0,5.473485469818115,7.0,4.666666507720947
2026-09-23 06:00:00+00:00,2026-09-23 08:00:00+00:00,2.0,6.790318965911865,6.0,5.857142925262451
2026-09-23 06:00:00+00:00,2026-09-23 09:00:00+00:00,3.0,6.532305717468262,5.0,8.666666984558105
2026-09-23 06:00:00+00:00,2026-09-23 10:00:00+00:00,4.0,6.196718692779541,5.0,6.666666507720947
2026-09-23 06:00:00+00:00,2026-09-23 11:00:00+00:00,5.0,6.961195945739746,6.0,4.666666507720947
2026-09-23 06:00:00+00:00,2026-09-23 12:00:00+00:00,6.0,7.7570648193359375,7.0,5.666666507720947
2026-09-23 06:00:00+00:00,2026-09-23 13:00:00+00:00,7.0,7.175584316253662,6.0,5.75
2026-09-23 06:00:00+00:00,2026-09-23 14:00:00+00:00,8.0,8.039670944213867,9.0,7.75
2026-09-23 06:00:00+00:00,2026-09-23 15:00:00+00:00,9.0,9.117338180541992,10.0,8.0
2026-09-23 06:00:00+00:00,2026-09-23 16:00:00+00:00,10.0,8.847822189331055,9.0,7.625
2026-09-23 06:00:00+00:00,2026-09-23 17:00:00+00:00,11.0,9.244152069091797,11.0,6.5714287757873535
2026-09-23 06:00:00+00:00,2026-09-23 18:00:00+00:00,12.0,9.14397144317627,13.0,6.285714149475098
2026-09-23 07:00:00+00:00,2026-09-23 08:00:00+00:00,1.0,5.5942816734313965,5.0,5.857142925262451
2026-09-23 07:00:00+00:00,2026-09-23 09:00:00+00:00,2.0,6.034205913543701,5.0,8.666666984558105
2026-09-23 07:00:00+00:00,2026-09-23 10:00:00+00:00,3.0,6.660851955413818,6.0,6.666666507720947
2026-09-23 07:00:00+00:00,2026-09-23 11:00:00+00:00,4.0,7.086913585662842,6.0,4.666666507720947
2026-09-23 07:00:00+00:00,2026-09-23 12:00:00+00:00,5.0,7.069262981414795,6.0,5.666666507720947
2026-09-23 07:00:00+00:00,2026-09-23 13:00:00+00:00,6.0,7.419384956359863,7.0,5.75
2026-09-23 07:00:00+00:00,2026-09-23 14:00:00+00:00,7.0,8.69324016571045,10.0,7.75
2026-09-23 07:00:00+00:00,2026-09-23 15:00:00+00:00,8.0,8.98134708404541,9.0,8.0
2026-09-23 07:00:00+00:00,2026-09-23 16:00:00+00:00,9.0,9.877830505371094,11.0,7.625
2026-09-23 07:00:00+00:00,2026-09-23 17:00:00+00:00,10.0,10.1220121383667,12.0,6.5714287757873535
2026-09-23 07:00:00+00:00,2026-09-23 18:00:00+00:00,11.0,9.402664184570312,12.0,6.285714149475098
2026-09-23 07:00:00+00:00,2026-09-23 19:00:00+00:00,12.0,9.897835731506348,15.0,7.199999809265137
2026-09-23 08:00:00+00:00,2026-09-23 09:00:00+00:00,1.0,6.709109783172607,6.0,8.666666984558105
2026-09-23 08:00:00+00:00,2026-09-23 10:00:00+00:00,2.0,6.809164047241211,6.0,6.666666507720947
2026-09-23 08:00:00+00:00,2026-09-23 11:00:00+00:00,3.0,6.496359825134277,5.0,4.666666507720947
2026-09-23 08:00:00+00:00,2026-09-23 12:00:00+00:00,4.0,7.917670249938965,8.0,5.666666507720947
2026-09-23 08:00:00+00:00,2026-09-23 13:00:00+00:00,5.0,8.207547187805176,8.0,5.75
2026-09-23 08:00:00+00:00,2026-09-23 14:00:00+00:00,6.0,8.710427284240723,9.0,7.75
2026-09-23 08:00:00+00:00,2026-09-23 15:00:00+00:00,7.0,8.695741653442383,9.0,8.0
2026-09-23 08:00:00+00:00,2026-09-23 16:00:00+00:00,8.0,8.746512413024902,9.0,7.625
2026-09-23 08:00:00+00:00,2026-09-23 17:00:00+00:00,9.0,9.371583938598633,12.0,6.5714287757873535
2026-09-23 08:00:00+00:00,2026-09-23 18:00:00+00:00,10.0,8.972533226013184,12.0,6.285714149475098
2026-09-23 08:00:00+00:00,2026-09-23 19:00:00+00:00,11.0,10.13764476776123,15.0,7.199999809265137
2026-09-23 08:00:00+00:00,2026-09-23 20:00:00+00:00,12.0,10.720195770263672,15.0,7.142857074737549
2026-09-23 09:00:00+00:00,2026-09-23 10:00:00+00:00,1.0,8.588408470153809,6.0,6.666666507720947
2026-09-23 09:00:00+00:00,2026-09-23 11:00:00+00:00,2.0,8.634414672851562,7.0,4.666666507720947
2026-09-23 09:00:00+00:00,2026-09-23 12:00:00+00:00,3.0,8.421231269836426,7.0,5.666666507720947
2026-09-23 09:00:00+00:00,2026-09-23 13:00:00+00:00,4.0,8.607439041137695,8.0,5.75
2026-09-23 09:00:00+00:00,2026-09-23 14:00:00+00:00,5.0,9.362774848937988,10.0,7.75
2026-09-23 09:00:00+00:00,2026-09-23 15:00:00+00:00,6.0,9.680852890014648,10.0,8.0
2026-09-23 09:00:00+00:00,2026-09-23 16:00:00+00:00,7.0,9.474328994750977,10.0,7.625
2026-09-23 09:00:00+00:00,2026-09-23 17:00:00+00:00,8.0,9.490686416625977,11.0,6.5714287757873535
2026-09-23 09:00:00+00:00,2026-09-23 18:00:00+00:00,9.0,9.614850044250488,13.0,6.285714149475098
2026-09-23 09:00:00+00:00,2026-09-23 19:00:00+00:00,10.0,10.215420722961426,15.0,7.199999809265137
2026-09-23 09:00:00+00:00,2026-09-23 20:00:00+00:00,11.0,10.593042373657227,15.0,7.142857074737549
2026-09-23 09:00:00+00:00,2026-09-23 21:00:00+00:00,12.0,9.481979370117188,13.0,7.142857074737549
2026-09-23 10:00:00+00:00,2026-09-23 11:00:00+00:00,1.0,7.150010108947754,6.0,4.666666507720947
2026-09-23 10:00:00+00:00,2026-09-23 12:00:00+00:00,2.0,8.079327583312988,7.0,5.666666507720947
2026-09-23 10:00:00+00:00,2026-09-23 13:00:00+00:00,3.0,8.69266128540039,9.0,5.75
2026-09-23 10:00:00+00:00,2026-09-23 14:00:00+00:00,4.0,9.132667541503906,9.0,7.75
2026-09-23 10:00:00+00:00,2026-09-23 15:00:00+00:00,5.0,9.01000690460205,9.0,8.0
2026-09-23 10:00:00+00:00,2026-09-23 16:00:00+00:00,6.0,8.753244400024414,9.0,7.625
2026-09-23 10:00:00+00:00,2026-09-23 17:00:00+00:00,7.0,8.86713981628418,10.0,6.5714287757873535
2026-09-23 10:00:00+00:00,2026-09-23 18:00:00+00:00,8.0,9.286755561828613,12.0,6.285714149475098
2026-09-23 10:00:00+00:00,2026-09-23 19:00:00+00:00,9.0,10.152948379516602,15.0,7.199999809265137
2026-09-23 10:00:00+00:00,2026-09-23 20:00:00+00:00,10.0,11.081486701965332,16.0,7.142857074737549
2026-09-23 10:00:00+00:00,2026-09-23 21:00:00+00:00,11.0,10.079212188720703,14.0,7.142857074737549
2026-09-23 10:00:00+00:00,2026-09-23 22:00:00+00:00,12.0,9.206546783447266,13.0,6.0
2026-09-23 11:00:00+00:00,2026-09-23 12:00:00+00:00,1.0,6.526529788970947,6.0,5.666666507720947
2026-09-23 11:00:00+00:00,2026-09-23 13:00:00+00:00,2.0,6.669511795043945,6.0,5.75
2026-09-23 11:00:00+00:00,2026-09-23 14:00:00+00:00,3.0,7.824429035186768,9.0,7.75
2026-09-23 11:00:00+00:00,2026-09-23 15:00:00+00:00,4.0,8.42492389678955,9.0,8.0
2026-09-23 11:00:00+00:00,2026-09-23 16:00:00+00:00,5.0,8.019734382629395,8.0,7.625
2026-09-23 11:00:00+00:00,2026-09-23 17:00:00+00:00,6.0,8.278030395507812,9.0,6.5714287757873535
2026-09-23 11:00:00+00:00,2026-09-23 18:00:00+00:00,7.0,8.114370346069336,10.0,6.285714149475098
2026-09-23 11:00:00+00:00,2026-09-23 19:00:00+00:00,8.0,7.781165599822998,11.0,7.199999809265137
2026-09-23 11:00:00+00:00,2026-09-23 20:00:00+00:00,9.0,9.180849075317383,14.0,7.142857074737549
2026-09-23 11:00:00+00:00,2026-09-23 21:00:00+00:00,10.0,9.319681167602539,13.0,7.142857074737549
2026-09-23 11:00:00+00:00,2026-09-23 22:00:00+00:00,11.0,7.563090801239014,10.0,6.0
2026-09-23 11:00:00+00:00,2026-09-23 23:00:00+00:00,12.0,7.100780963897705,10.0,5.333333492279053
2026-09-23 12:00:00+00:00,2026-09-23 13:00:00+00:00,1.0,7.1260247230529785,8.0,5.75
2026-09-23 12:00:00+00:00,2026-09-23 14:00:00+00:00,2.0,9.148486137390137,11.0,7.75
2026-09-23 12:00:00+00:00,2026-09-23 15:00:00+00:00,3.0,9.606962203979492,10.0,8.0
2026-09-23 12:00:00+00:00,2026-09-23 16:00:00+00:00,4.0,9.459662437438965,10.0,7.625
2026-09-23 12:00:00+00:00,2026-09-23 17:00:00+00:00,5.0,8.676004409790039,9.0,6.5714287757873535
2026-09-23 12:00:00+00:00,2026-09-23 18:00:00+00:00,6.0,8.463719367980957,10.0,6.285714149475098
2026-09-23 12:00:00+00:00,2026-09-23 19:00:00+00:00,7.0,9.324808120727539,14.0,7.199999809265137
2026-09-23 12:00:00+00:00,2026-09-23 20:00:00+00:00,8.0,9.511234283447266,13.0,7.142857074737549
2026-09-23 12:00:00+00:00,2026-09-23 21:00:00+00:00,9.0,9.593664169311523,13.0,7.142857074737549
2026-09-23 12:00:00+00:00,2026-09-23 22:00:00+00:00,10.0,9.449336051940918,13.0,6.0
2026-09-23 12:00:00+00:00,2026-09-23 23:00:00+00:00,11.0,9.469532012939453,13.0,5.333333492279053
2026-09-23 12:00:00+00:00,2026-09-24 00:00:00+00:00,12.0,8.328271865844727,11.0,6.333333492279053
2026-09-23 13:00:00+00:00,2026-09-23 14:00:00+00:00,1.0,7.141198635101318,9.0,7.75
2026-09-23 13:00:00+00:00,2026-09-23 15:00:00+00:00,2.0,8.615081787109375,10.0,8.0
2026-09-23 13:00:00+00:00,2026-09-23 16:00:00+00:00,3.0,8.998343467712402,10.0,7.625
2026-09-23 13:00:00+00:00,2026-09-23 17:00:00+00:00,4.0,8.43648910522461,9.0,6.5714287757873535
2026-09-23 13:00:00+00:00,2026-09-23 18:00:00+00:00,5.0,8.38658618927002,10.0,6.285714149475098
2026-09-23 13:00:00+00:00,2026-09-23 19:00:00+00:00,6.0,10.902056694030762,17.0,7.199999809265137
2026-09-23 13:00:00+00:00,2026-09-23 20:00:00+00:00,7.0,10.81916332244873,15.0,7.142857074737549
2026-09-23 13:00:00+00:00,2026-09-23 21:00:00+00:00,8.0,9.145058631896973,12.0,7.142857074737549
2026-09-23 13:00:00+00:00,2026-09-23 22:00:00+00:00,9.0,9.099885940551758,13.0,6.0
2026-09-23 13:00:00+00:00,2026-09-23 23:00:00+00:00,10.0,8.600432395935059,12.0,5.333333492279053
2026-09-23 13:00:00+00:00,2026-09-24 00:00:00+00:00,11.0,8.521652221679688,12.0,6.333333492279053
2026-09-23 13:00:00+00:00,2026-09-24 01:00:00+00:00,12.0,7.427311897277832,10.0,5.400000095367432
2026-09-23 14:00:00+00:00,2026-09-23 15:00:00+00:00,1.0,9.457904815673828,11.0,8.0
2026-09-23 14:00:00+00:00,2026-09-23 16:00:00+00:00,2.0,9.301508903503418,10.0,7.625
2026-09-23 14:00:00+00:00,2026-09-23 17:00:00+00:00,3.0,9.064558029174805,10.0,6.5714287757873535
2026-09-23 14:00:00+00:00,2026-09-23 18:00:00+00:00,4.0,8.738804817199707,10.0,6.285714149475098
2026-09-23 14:00:00+00:00,2026-09-23 19:00:00+00:00,5.0,10.253556251525879,16.0,7.199999809265137
2026-09-23 14:00:00+00:00,2026-09-23 20:00:00+00:00,6.0,10.708581924438477,15.0,7.142857074737549
2026-09-23 14:00:00+00:00,2026-09-23 21:00:00+00:00,7.0,10.139656066894531,14.0,7.142857074737549
2026-09-23 14:00:00+00:00,2026-09-23 22:00:00+00:00,8.0,9.29753303527832,13.0,6.0
2026-09-23 14:00:00+00:00,2026-09-23 23:00:00+00:00,9.0,8.537208557128906,12.0,5.333333492279053
2026-09-23 14:00:00+00:00,2026-09-24 00:00:00+00:00,10.0,8.430545806884766,12.0,6.333333492279053
2026-09-23 14:00:00+00:00,2026-09-24 01:00:00+00:00,11.0,7.93609094619751,11.0,5.400000095367432
2026-09-23 14:00:00+00:00,2026-09-24 02:00:00+00:00,12.0,7.37699031829834,10.0,4.5
2026-09-23 15:00:00+00:00,2026-09-23 16:00:00+00:00,1.0,8.334433555603027,10.0,7.625
2026-09-23 15:00:00+00:00,2026-09-23 17:00:00+00:00,2.0,7.754677772521973,8.0,6.5714287757873535
2026-09-23 15:00:00+00:00,2026-09-23 18:00:00+00:00,3.0,8.320765495300293,10.0,6.285714149475098
2026-09-23 15:00:00+00:00,2026-09-23 19:00:00+00:00,4.0,8.695626258850098,13.0,7.199999809265137
2026-09-23 15:00:00+00:00,2026-09-23 20:00:00+00:00,5.0,9.767709732055664,14.0,7.142857074737549
2026-09-23 15:00:00+00:00,2026-09-23 21:00:00+00:00,6.0,9.620453834533691,13.0,7.142857074737549
2026-09-23 15:00:00+00:00,2026-09-23 22:00:00+00:00,7.0,8.848079681396484,12.0,6.0
2026-09-23 15:00:00+00:00,2026-09-23 23:00:00+00:00,8.0,8.101945877075195,11.0,5.333333492279053
2026-09-23 15:00:00+00:00,2026-09-24 00:00:00+00:00,9.0,7.427072525024414,10.0,6.333333492279053
2026-09-23 15:00:00+00:00,2026-09-24 01:00:00+00:00,10.0,7.322883605957031,10.0,5.400000095367432
2026-09-23 15:00:00+00:00,2026-09-24 02:00:00+00:00,11.0,6.803983688354492,9.0,4.5
2026-09-23 15:00:00+00:00,2026-09-24 03:00:00+00:00,12.0,6.672291278839111,9.0,4.599999904632568
2026-09-23 16:00:00+00:00,2026-09-23 17:00:00+00:00,1.0,7.656349182128906,8.0,6.5714287757873535
2026-09-23 16:00:00+00:00,2026-09-23 18:00:00+00:00,2.0,8.919251441955566,12.0,6.285714149475098
2026-09-23 16:00:00+00:00,2026-09-23 19:00:00+00:00,3.0,10.08014965057373,15.0,7.199999809265137
2026-09-23 16:00:00+00:00,2026-09-23 20:00:00+00:00,4.0,10.951281547546387,16.0,7.142857074737549
2026-09-23 16:00:00+00:00,2026-09-23 21:00:00+00:00,5.0,9.516003608703613,13.0,7.142857074737549
2026-09-23 16:00:00+00:00,2026-09-23 22:00:00+00:00,6.0,9.107226371765137,13.0,6.0
2026-09-23 16:00:00+00:00,2026-09-23 23:00:00+00:00,7.0,8.51533031463623,12.0,5.333333492279053
2026-09-23 16:00:00+00:00,2026-09-24 00:00:00+00:00,8.0,7.842073917388916,11.0,6.333333492279053
2026-09-23 16:00:00+00:00,2026-09-24 01:00:00+00:00,9.0,7.266355514526367,10.0,5.400000095367432
2026-09-23 16:00:00+00:00,2026-09-24 02:00:00+00:00,10.0,6.690456390380859,9.0,4.5
2026-09-23 16:00:00+00:00,2026-09-24 03:00:00+00:00,11.0,6.654360771179199,9.0,4.599999904632568
2026-09-23 16:00:00+00:00,2026-09-24 04:00:00+00:00,12.0,6.679797649383545,9.0,4.666666507720947
2026-09-23 17:00:00+00:00,2026-09-23 18:00:00+00:00,1.0,6.714170932769775,9.0,6.285714149475098
2026-09-23 17:00:00+00:00,2026-09-23 19:00:00+00:00,2.0,9.850874900817871,17.0,7.199999809265137
2026-09-23 17:00:00+00:00,2026-09-23 20:00:00+00:00,3.0,9.75485897064209,14.0,7.142857074737549
2026-09-23 17:00:00+00:00,2026-09-23 21:00:00+00:00,4.0,9.274796485900879,13.0,7.142857074737549
2026-09-23 17:00:00+00:00,2026-09-23 22:00:00+00:00,5.0,8.547369003295898,12.0,6.0
2026-09-23 17:00:00+00:00,2026-09-23 23:00:00+00:00,6.0,8.435848236083984,12.0,5.333333492279053
2026-09-23 17:00:00+00:00,2026-09-24 00:00:00+00:00,7.0,7.938145637512207,11.0,6.333333492279053
2026-09-23 17:00:00+00:00,2026-09-24 01:00:00+00:00,8.0,7.317540645599365,10.0,5.400000095367432
2026-09-23 17:00:00+00:00,2026-09-24 02:00:00+00:00,9.0,7.258120536804199,10.0,4.5
2026-09-23 17:00:00+00:00,2026-09-24 03:00:00+00:00,10.0,6.772010326385498,9.0,4.599999904632568
2026-09-23 17:00:00+00:00,2026-09-24 04:00:00+00:00,11.0,6.693580627441406,9.0,4.666666507720947
2026-09-23 17:00:00+00:00,2026-09-24 05:00:00+00:00,12.0,6.837420463562012,9.0,3.6666667461395264
2026-09-23 18:00:00+00:00,2026-09-23 19:00:00+00:00,1.0,6.3989458084106445,11.0,7.199999809265137
2026-09-23 18:00:00+00:00,2026-09-23 20:00:00+00:00,2.0,7.642337799072266,13.0,7.142857074737549
2026-09-23 18:00:00+00:00,2026-09-23 21:00:00+00:00,3.0,8.16627311706543,12.0,7.142857074737549
2026-09-23 18:00:00+00:00,2026-09-23 22:00:00+00:00,4.0,8.285117149353027,12.0,6.0
2026-09-23 18:00:00+00:00,2026-09-23 23:00:00+00:00,5.0,7.783346652984619,11.0,5.333333492279053
2026-09-23 18:00:00+00:00,2026-09-24 00:00:00+00:00,6.0,7.779953956604004,11.0,6.333333492279053
2026-09-23 18:00:00+00:00,2026-09-24 01:00:00+00:00,7.0,7.346192359924316,10.0,5.400000095367432
2026-09-23 18:00:00+00:00,2026-09-24 02:00:00+00:00,8.0,6.752303600311279,9.0,4.5
2026-09-23 18:00:00+00:00,2026-09-24 03:00:00+00:00,9.0,6.663206100463867,9.0,4.599999904632568
2026-09-23 18:00:00+00:00,2026-09-24 04:00:00+00:00,10.0,6.1304450035095215,8.0,4.666666507720947
2026-09-23 18:00:00+00:00,2026-09-24 05:00:00+00:00,11.0,6.032358646392822,8.0,3.6666667461395264
2026-09-23 18:00:00+00:00,2026-09-24 06:00:00+00:00,12.0,6.173024654388428,8.0,3.5
2026-09-23 19:00:00+00:00,2026-09-23 20:00:00+00:00,1.0,7.9798903465271,16.0,7.142857074737549
2026-09-23 19:00:00+00:00,2026-09-23 21:00:00+00:00,2.0,8.264510154724121,14.0,7.142857074737549
2026-09-23 19:00:00+00:00,2026-09-23 22:00:00+00:00,3.0,8.783332824707031,14.0,6.0
2026-09-23 19:00:00+00:00,2026-09-23 23:00:00+00:00,4.0,8.067882537841797,12.0,5.333333492279053
2026-09-23 19:00:00+00:00,2026-09-24 00:00:00+00:00,5.0,8.017035484313965,12.0,6.333333492279053
2026-09-23 19:00:00+00:00,2026-09-24 01:00:00+00:00,6.0,7.141924858093262,10.0,5.400000095367432
2026-09-23 19:00:00+00:00,2026-09-24 02:00:00+00:00,7.0,6.603269577026367,9.0,4.5
2026-09-23 19:00:00+00:00,2026-09-24 03:00:00+00:00,8.0,6.935849666595459,10.0,4.599999904632568
2026-09-23 19:00:00+00:00,2026-09-24 04:00:00+00:00,9.0,6.670724391937256,9.0,4.666666507720947
2026-09-23 19:00:00+00:00,2026-09-24 05:00:00+00:00,10.0,6.2540459632873535,8.0,3.6666667461395264
2026-09-23 19:00:00+00:00,2026-09-24 06:00:00+00:00,11.0,6.218178749084473,8.0,3.5
2026-09-23 19:00:00+00:00,2026-09-24 07:00:00+00:00,12.0,6.2735819816589355,8.0,4.0
2026-09-23 20:00:00+00:00,2026-09-23 21:00:00+00:00,1.0,6.986325740814209,13.0,7.142857074737549
2026-09-23 20:00:00+00:00,2026-09-23 22:00:00+00:00,2.0,7.221683979034424,12.0,6.0
2026-09-23 20:00:00+00:00,2026-09-23 23:00:00+00:00,3.0,8.089864730834961,13.0,5.333333492279053
2026-09-23 20:00:00+00:00,2026-09-24 00:00:00+00:00,4.0,8.04468822479248,12.0,6.333333492279053
2026-09-23 20:00:00+00:00,2026-09-24 01:00:00+00:00,5.0,7.1116414070129395,10.0,5.400000095367432
2026-09-23 20:00:00+00:00,2026-09-24 02:00:00+00:00,6.0,7.0528740882873535,10.0,4.5
2026-09-23 20:00:00+00:00,2026-09-24 03:00:00+00:00,7.0,6.67382287979126,9.0,4.599999904632568
2026-09-23 20:00:00+00:00,2026-09-24 04:00:00+00:00,8.0,6.655038833618164,9.0,4.666666507720947
2026-09-23 20:00:00+00:00,2026-09-24 05:00:00+00:00,9.0,6.2197585105896,8.0,3.6666667461395264
2026-09-23 20:00:00+00:00,2026-09-24 06:00:00+00:00,10.0,6.303060054779053,8.0,3.5
2026-09-23 20:00:00+00:00,2026-09-24 07:00:00+00:00,11.0,6.367063522338867,8.0,4.0
2026-09-23 20:00:00+00:00,2026-09-24 08:00:00+00:00,12.0,6.571615219116211,8.0,4.666666507720947
2026-09-23 21:00:00+00:00,2026-09-23 22:00:00+00:00,1.0,7.053865909576416,13.0,6.0
2026-09-23 21:00:00+00:00,2026-09-23 23:00:00+00:00,2.0,7.261670112609863,12.0,5.333333492279053
2026-09-23 21:00:00+00:00,2026-09-24 00:00:00+00:00,3.0,7.706618785858154,12.0,6.333333492279053
2026-09-23 21:00:00+00:00,2026-09-24 01:00:00+00:00,4.0,6.98274040222168,10.0,5.400000095367432
2026-09-23 21:00:00+00:00,2026-09-24 02:00:00+00:00,5.0,6.503687381744385,9.0,4.5
2026-09-23 21:00:00+00:00,2026-09-24 03:00:00+00:00,6.0,6.540712356567383,9.0,4.599999904632568
2026-09-23 21:00:00+00:00,2026-09-24 04:00:00+00:00,7.0,6.630448341369629,9.0,4.666666507720947
2026-09-23 21:00:00+00:00,2026-09-24 05:00:00+00:00,8.0,6.78693151473999,9.0,3.6666667461395264
2026-09-23 21:00:00+00:00,2026-09-24 06:00:00+00:00,9.0,6.415643692016602,8.0,3.5
2026-09-23 21:00:00+00:00,2026-09-24 07:00:00+00:00,10.0,6.443202495574951,8.0,4.0
2026-09-23 21:00:00+00:00,2026-09-24 08:00:00+00:00,11.0,6.0107102394104,7.0,4.666666507720947
2026-09-23 21:00:00+00:00,2026-09-24 09:00:00+00:00,12.0,6.065304279327393,7.0,4.400000095367432
2026-09-23 22:00:00+00:00,2026-09-23 23:00:00+00:00,1.0,5.792839527130127,12.0,5.333333492279053
2026-09-23 22:00:00+00:00,2026-09-24 00:00:00+00:00,2.0,6.63616943359375,12.0,6.333333492279053
2026-09-23 22:00:00+00:00,2026-09-24 01:00:00+00:00,3.0,6.33327054977417,10.0,5.400000095367432
2026-09-23 22:00:00+00:00,2026-09-24 02:00:00+00:00,4.0,6.0504231452941895,9.0,4.5
2026-09-23 22:00:00+00:00,2026-09-24 03:00:00+00:00,5.0,6.24685525894165,9.0,4.599999904632568
2026-09-23 22:00:00+00:00,2026-09-24 04:00:00+00:00,6.0,6.467535018920898,9.0,4.666666507720947
2026-09-23 22:00:00+00:00,2026-09-24 05:00:00+00:00,7.0,6.707360744476318,9.0,3.6666667461395264
2026-09-23 22:00:00+00:00,2026-09-24 06:00:00+00:00,8.0,6.369584083557129,8.0,3.5
2026-09-23 22:00:00+00:00,2026-09-24 07:00:00+00:00,9.0,6.417540550231934,8.0,4.0
2026-09-23 22:00:00+00:00,2026-09-24 08:00:00+00:00,10.0,5.996443748474121,7.0,4.666666507720947
2026-09-23 22:00:00+00:00,2026-09-24 09:00:00+00:00,11.0,6.057745456695557,7.0,4.400000095367432
2026-09-23 22:00:00+00:00,2026-09-24 10:00:00+00:00,12.0,6.13052225112915,7.0,4.0
2026-09-23 23:00:00+00:00,2026-09-24 00:00:00+00:00,1.0,5.42022705078125,12.0,6.333333492279053
2026-09-23 23:00:00+00:00,2026-09-24 01:00:00+00:00,2.0,5.476778984069824,10.0,5.400000095367432
2026-09-23 23:00:00+00:00,2026-09-24 02:00:00+00:00,3.0,5.563270092010498,9.0,4.5
2026-09-23 23:00:00+00:00,2026-09-24 03:00:00+00:00,4.0,5.936275959014893,9.0,4.599999904632568
2026-09-23 23:00:00+00:00,2026-09-24 04:00:00+00:00,5.0,6.247603416442871,9.0,4.666666507720947
2026-09-23 23:00:00+00:00,2026-09-24 05:00:00+00:00,6.0,6.593359470367432,9.0,3.6666667461395264
2026-09-23 23:00:00+00:00,2026-09-24 06:00:00+00:00,7.0,6.305999755859375,8.0,3.5
2026-09-23 23:00:00+00:00,2026-09-24 07:00:00+00:00,8.0,6.379879474639893,8.0,4.0
2026-09-23 23:00:00+00:00,2026-09-24 08:00:00+00:00,9.0,5.9753570556640625,7.0,4.666666507720947
2026-09-23 23:00:00+00:00,2026-09-24 09:00:00+00:00,10.0,6.046236991882324,7.0,4.400000095367432
2026-09-23 23:00:00+00:00,2026-09-24 10:00:00+00:00,11.0,6.123685836791992,7.0,4.0
2026-09-23 23:00:00+00:00,2026-09-24 11:00:00+00:00,12.0,5.580368995666504,6.0,4.599999904632568
2026-09-24 00:00:00+00:00,2026-09-24 01:00:00+00:00,1.0,5.20302152633667,10.0,5.400000095367432
2026-09-24 00:00:00+00:00,2026-09-24 02:00:00+00:00,2.0,5.227993011474609,9.0,4.5
2026-09-24 00:00:00+00:00,2026-09-24 03:00:00+00:00,3.0,5.793282985687256,9.0,4.599999904632568
2026-09-24 00:00:00+00:00,2026-09-24 04:00:00+00:00,4.0,6.155094146728516,9.0,4.666666507720947
2026-09-24 00:00:00+00:00,2026-09-24 05:00:00+00:00,5.0,6.521550178527832,9.0,3.6666667461395264
2026-09-24 00:00:00+00:00,2026-09-24 06:00:00+00:00,6.0,6.268554210662842,8.0,3.5
2026-09-24 00:00:00+00:00,2026-09-24 07:00:00+00:00,7.0,6.360548496246338,8.0,4.0
2026-09-24 00:00:00+00:00,2026-09-24 08:00:00+00:00,8.0,5.963665008544922,7.0,4.666666507720947
2026-09-24 00:00:00+00:00,2026-09-24 09:00:00+00:00,9.0,6.039149284362793,7.0,4.400000095367432
2026-09-24 00:00:00+00:00,2026-09-24 10:00:00+00:00,10.0,6.119636058807373,7.0,4.0
2026-09-24 00:00:00+00:00,2026-09-24 11:00:00+00:00,11.0,5.578753471374512,6.0,4.599999904632568
2026-09-24 00:00:00+00:00,2026-09-24 12:00:00+00:00,12.0,5.4214396476745605,6.0,4.0
2026-09-24 01:00:00+00:00,2026-09-24 02:00:00+00:00,1.0,4.68791389465332,9.0,4.5
2026-09-24 01:00:00+00:00,2026-09-24 03:00:00+00:00,2.0,5.302017688751221,9.0,4.599999904632568
2026-09-24 01:00:00+00:00,2026-09-24 04:00:00+00:00,3.0,5.9141845703125,9.0,4.666666507720947
2026-09-24 01:00:00+00:00,2026-09-24 05:00:00+00:00,4.0,6.361824989318848,9.0,3.6666667461395264
2026-09-24 01:00:00+00:00,2026-09-24 06:00:00+00:00,5.0,6.1862616539001465,8.0,3.5
2026-09-24 01:00:00+00:00,2026-09-24 07:00:00+00:00,6.0,6.318847179412842,8.0,4.0
2026-09-24 01:00:00+00:00,2026-09-24 08:00:00+00:00,7.0,5.939975738525391,7.0,4.666666507720947
2026-09-24 01:00:00+00:00,2026-09-24 09:00:00+00:00,8.0,6.024316787719727,7.0,4.400000095367432
2026-09-24 01:00:00+00:00,2026-09-24 10:00:00+00:00,9.0,6.111931800842285,7.0,4.0
2026-09-24 01:00:00+00:00,2026-09-24 11:00:00+00:00,10.0,5.575818061828613,6.0,4.599999904632568
2026-09-24 01:00:00+00:00,2026-09-24 12:00:00+00:00,11.0,5.420663833618164,6.0,4.0
2026-09-24 01:00:00+00:00,2026-09-24 13:00:00+00:00,12.0,5.23978853225708,6.0,3.0
2026-09-24 02:00:00+00:00,2026-09-24 03:00:00+00:00,1.0,4.530904293060303,9.0,4.599999904632568
2026-09-24 02:00:00+00:00,2026-09-24 04:00:00+00:00,2.0,5.331869602203369,9.0,4.666666507720947
2026-09-24 02:00:00+00:00,2026-09-24 05:00:00+00:00,3.0,6.072628974914551,9.0,3.6666667461395264
2026-09-24 02:00:00+00:00,2026-09-24 06:00:00+00:00,4.0,6.0119171142578125,8.0,3.5
2026-09-24 02:00:00+00:00,2026-09-24 07:00:00+00:00,5.0,6.2365403175354,8.0,4.0
2026-09-24 02:00:00+00:00,2026-09-24 08:00:00+00:00,6.0,5.896352767944336,7.0,4.666666507720947
2026-09-24 02:00:00+00:00,2026-09-24 09:00:00+00:00,7.0,5.993703842163086,7.0,4.400000095367432
2026-09-24 02:00:00+00:00,2026-09-24 10:00:00+00:00,8.0,6.0966877937316895,7.0,4.0
2026-09-24 02:00:00+00:00,2026-09-24 11:00:00+00:00,9.0,5.570194244384766,6.0,4.599999904632568
2026-09-24 02:00:00+00:00,2026-09-24 12:00:00+00:00,10.0,5.419230937957764,6.0,4.0
2026-09-24 02:00:00+00:00,2026-09-24 13:00:00+00:00,11.0,5.239417552947998,6.0,3.0
2026-09-24 02:00:00+00:00,2026-09-24 14:00:00+00:00,12.0,5.10197639465332,6.0,3.6666667461395264
2026-09-24 03:00:00+00:00,2026-09-24 04:00:00+00:00,1.0,4.722412586212158,9.0,4.666666507720947
2026-09-24 03:00:00+00:00,2026-09-24 05:00:00+00:00,2.0,5.598077774047852,9.0,3.6666667461395264
2026-09-24 03:00:00+00:00,2026-09-24 06:00:00+00:00,3.0,5.794554233551025,8.0,3.5
2026-09-24 03:00:00+00:00,2026-09-24 07:00:00+00:00,4.0,6.125117301940918,8.0,4.0
2026-09-24 03:00:00+00:00,2026-09-24 08:00:00+00:00,5.0,5.840425491333008,7.0,4.666666507720947
2026-09-24 03:00:00+00:00,2026-09-24 09:00:00+00:00,6.0,5.956103801727295,7.0,4.400000095367432
2026-09-24 03:00:00+00:00,2026-09-24 10:00:00+00:00,7.0,6.074516773223877,7.0,4.0
2026-09-24 03:00:00+00:00,2026-09-24 11:00:00+00:00,8.0,5.561313629150391,6.0,4.599999904632568
2026-09-24 03:00:00+00:00,2026-09-24 12:00:00+00:00,9.0,5.41675329208374,6.0,4.0
2026-09-24 03:00:00+00:00,2026-09-24 13:00:00+00:00,10.0,5.238736629486084,6.0,3.0
2026-09-24 03:00:00+00:00,2026-09-24 14:00:00+00:00,11.0,5.101768970489502,6.0,3.6666667461395264
2026-09-24 03:00:00+00:00,2026-09-24 15:00:00+00:00,12.0,4.453916072845459,5.0,3.0
2026-09-24 04:00:00+00:00,2026-09-24 05:00:00+00:00,1.0,4.965020656585693,9.0,3.6666667461395264
2026-09-24 04:00:00+00:00,2026-09-24 06:00:00+00:00,2.0,5.370087146759033,8.0,3.5
2026-09-24 04:00:00+00:00,2026-09-24 07:00:00+00:00,3.0,5.920248985290527,8.0,4.0
2026-09-24 04:00:00+00:00,2026-09-24 08:00:00+00:00,4.0,5.743025302886963,7.0,4.666666507720947
2026-09-24 04:00:00+00:00,2026-09-24 09:00:00+00:00,5.0,5.896486282348633,7.0,4.400000095367432
2026-09-24 04:00:00+00:00,2026-09-24 10:00:00+00:00,6.0,6.040653228759766,7.0,4.0
2026-09-24 04:00:00+00:00,2026-09-24 11:00:00+00:00,7.0,5.547852516174316,6.0,4.599999904632568
2026-09-24 04:00:00+00:00,2026-09-24 12:00:00+00:00,8.0,5.413028240203857,6.0,4.0
2026-09-24 04:00:00+00:00,2026-09-24 13:00:00+00:00,9.0,5.237718105316162,6.0,3.0
2026-09-24 04:00:00+00:00,2026-09-24 14:00:00+00:00,10.0,5.101459980010986,6.0,3.6666667461395264
2026-09-24 04:00:00+00:00,2026-09-24 15:00:00+00:00,11.0,4.45389461517334,5.0,3.0
2026-09-24 04:00:00+00:00,2026-09-24 16:00:00+00:00,12.0,3.704688787460327,4.0,2.25
2026-09-24 05:00:00+00:00,2026-09-24 06:00:00+00:00,1.0,4.194499492645264,8.0,3.5
2026-09-24 05:00:00+00:00,2026-09-24 07:00:00+00:00,2.0,5.248470306396484,8.0,4.0
2026-09-24 05:00:00+00:00,2026-09-24 08:00:00+00:00,3.0,5.340613842010498,7.0,4.666666507720947
2026-09-24 05:00:00+00:00,2026-09-24 09:00:00+00:00,4.0,5.6634979248046875,7.0,4.400000095367432
2026-09-24 05:00:00+00:00,2026-09-24 10:00:00+00:00,5.0,5.912367343902588,7.0,4.0
2026-09-24 05:00:00+00:00,2026-09-24 11:00:00+00:00,6.0,5.49819278717041,6.0,4.599999904632568
2026-09-24 05:00:00+00:00,2026-09-24 12:00:00+00:00,7.0,5.39713716506958,6.0,4.0
2026-09-24 05:00:00+00:00,2026-09-24 13:00:00+00:00,8.0,5.232659816741943,6.0,3.0
2026-09-24 05:00:00+00:00,2026-09-24 14:00:00+00:00,9.0,5.099724292755127,6.0,3.6666667461395264
2026-09-24 05:00:00+00:00,2026-09-24 15:00:00+00:00,10.0,4.453635215759277,5.0,3.0
2026-09-24 05:00:00+00:00,2026-09-24 16:00:00+00:00,11.0,3.7046902179718018,4.0,2.25
2026-09-24 05:00:00+00:00,2026-09-24 17:00:00+00:00,12.0,2.3914589881896973,2.0,2.25
2026-09-24 06:00:00+00:00,2026-09-24 07:00:00+00:00,1.0,4.657767295837402,9.0,4.0
2026-09-24 06:00:00+00:00,2026-09-24 08:00:00+00:00,2.0,4.861379146575928,7.0,4.666666507720947
2026-09-24 06:00:00+00:00,2026-09-24 09:00:00+00:00,3.0,4.858463764190674,6.0,4.400000095367432
2026-09-24 06:00:00+00:00,2026-09-24 10:00:00+00:00,4.0,5.073933124542236,6.0,4.0
2026-09-24 06:00:00+00:00,2026-09-24 11:00:00+00:00,5.0,5.191181182861328,6.0,4.599999904632568
2026-09-24 06:00:00+00:00,2026-09-24 12:00:00+00:00,6.0,5.234869956970215,6.0,4.0
2026-09-24 06:00:00+00:00,2026-09-24 13:00:00+00:00,7.0,5.1722025871276855,6.0,3.0
2026-09-24 06:00:00+00:00,2026-09-24 14:00:00+00:00,8.0,4.5593695640563965,5.0,3.6666667461395264
2026-09-24 06:00:00+00:00,2026-09-24 15:00:00+00:00,9.0,4.3587446212768555,5.0,3.0
2026-09-24 06:00:00+00:00,2026-09-24 16:00:00+00:00,10.0,3.6408803462982178,4.0,2.25
2026-09-24 06:00:00+00:00,2026-09-24 17:00:00+00:00,11.0,2.354079008102417,2.0,2.25
2026-09-24 06:00:00+00:00,2026-09-24 18:00:00+00:00,12.0,2.001343011856079,2.0,2.6666667461395264
2026-09-24 07:00:00+00:00,2026-09-24 08:00:00+00:00,1.0,4.388479709625244,8.0,4.666666507720947
2026-09-24 07:00:00+00:00,2026-09-24 09:00:00+00:00,2.0,4.920810222625732,7.0,4.400000095367432
2026-09-24 07:00:00+00:00,2026-09-24 10:00:00+00:00,3.0,5.564477443695068,7.0,4.0
2026-09-24 07:00:00+00:00,2026-09-24 11:00:00+00:00,4.0,5.37819242477417,6.0,4.599999904632568
2026-09-24 07:00:00+00:00,2026-09-24 12:00:00+00:00,5.0,5.326606273651123,6.0,4.0
2026-09-24 07:00:00+00:00,2026-09-24 13:00:00+00:00,6.0,5.17990779876709,6.0,3.0
2026-09-24 07:00:00+00:00,2026-09-24 14:00:00+00:00,7.0,4.56572961807251,5.0,3.6666667461395264
2026-09-24 07:00:00+00:00,2026-09-24 15:00:00+00:00,8.0,4.316205978393555,5.0,3.0
2026-09-24 07:00:00+00:00,2026-09-24 16:00:00+00:00,9.0,3.6192595958709717,4.0,2.25
2026-09-24 07:00:00+00:00,2026-09-24 17:00:00+00:00,10.0,2.3338615894317627,2.0,2.25
2026-09-24 07:00:00+00:00,2026-09-24 18:00:00+00:00,11.0,1.902438998222351,2.0,2.6666667461395264
2026-09-24 07:00:00+00:00,2026-09-24 19:00:00+00:00,12.0,2.77378511428833,4.0,3.3333332538604736
2026-09-24 08:00:00+00:00,2026-09-24 09:00:00+00:00,1.0,4.752418518066406,7.0,4.400000095367432
2026-09-24 08:00:00+00:00,2026-09-24 10:00:00+00:00,2.0,4.880608081817627,6.0,4.0
2026-09-24 08:00:00+00:00,2026-09-24 11:00:00+00:00,3.0,5.156703948974609,6.0,4.599999904632568
2026-09-24 08:00:00+00:00,2026-09-24 12:00:00+00:00,4.0,5.185779571533203,6.0,4.0
2026-09-24 08:00:00+00:00,2026-09-24 13:00:00+00:00,5.0,5.139593124389648,6.0,3.0
2026-09-24 08:00:00+00:00,2026-09-24 14:00:00+00:00,6.0,4.548025131225586,5.0,3.6666667461395264
2026-09-24 08:00:00+00:00,2026-09-24 15:00:00+00:00,7.0,4.286060810089111,5.0,3.0
2026-09-24 08:00:00+00:00,2026-09-24 16:00:00+00:00,8.0,3.031444787979126,3.0,2.25
2026-09-24 08:00:00+00:00,2026-09-24 17:00:00+00:00,9.0,2.1950666904449463,2.0,2.25
2026-09-24 08:00:00+00:00,2026-09-24 18:00:00+00:00,10.0,2.4421846866607666,3.0,2.6666667461395264
2026-09-24 08:00:00+00:00,2026-09-24 19:00:00+00:00,11.0,3.271233320236206,5.0,3.3333332538604736
2026-09-24 08:00:00+00:00,2026-09-24 20:00:00+00:00,12.0,3.4270923137664795,5.0,5.0
2026-09-24 09:00:00+00:00,2026-09-24 10:00:00+00:00,1.0,4.124518394470215,5.0,4.0
2026-09-24 09:00:00+00:00,2026-09-24 11:00:00+00:00,2.0,4.718235969543457,6.0,4.599999904632568
2026-09-24 09:00:00+00:00,2026-09-24 12:00:00+00:00,3.0,4.977515697479248,6.0,4.0
2026-09-24 09:00:00+00:00,2026-09-24 13:00:00+00:00,4.0,5.096752643585205,6.0,3.0
2026-09-24 09:00:00+00:00,2026-09-24 14:00:00+00:00,5.0,5.069957733154297,6.0,3.6666667461395264
2026-09-24 09:00:00+00:00,2026-09-24 15:00:00+00:00,6.0,4.375295639038086,5.0,3.0
2026-09-24 09:00:00+00:00,2026-09-24 16:00:00+00:00,7.0,3.0473504066467285,3.0,2.25
2026-09-24 09:00:00+00:00,2026-09-24 17:00:00+00:00,8.0,2.3344621658325195,2.0,2.25
2026-09-24 09:00:00+00:00,2026-09-24 18:00:00+00:00,9.0,1.5919303894042969,1.0,2.6666667461395264
2026-09-24 09:00:00+00:00,2026-09-24 19:00:00+00:00,10.0,2.491746664047241,4.0,3.3333332538604736
2026-09-24 09:00:00+00:00,2026-09-24 20:00:00+00:00,11.0,2.958569049835205,5.0,5.0
2026-09-24 09:00:00+00:00,2026-09-24 21:00:00+00:00,12.0,3.3531265258789062,5.0,3.75
2026-09-24 10:00:00+00:00,2026-09-24 11:00:00+00:00,1.0,4.423107147216797,6.0,4.599999904632568
2026-09-24 10:00:00+00:00,2026-09-24 12:00:00+00:00,2.0,4.81736946105957,6.0,4.0
2026-09-24 10:00:00+00:00,2026-09-24 13:00:00+00:00,3.0,5.02088737487793,6.0,3.0
2026-09-24 10:00:00+00:00,2026-09-24 14:00:00+00:00,4.0,4.5266618728637695,5.0,3.6666667461395264
2026-09-24 10:00:00+00:00,2026-09-24 15:00:00+00:00,5.0,3.7779200077056885,4.0,3.0
2026-09-24 10:00:00+00:00,2026-09-24 16:00:00+00:00,6.0,2.958394765853882,3.0,2.25
2026-09-24 10:00:00+00:00,2026-09-24 17:00:00+00:00,7.0,1.7110532522201538,1.0,2.25
2026-09-24 10:00:00+00:00,2026-09-24 18:00:00+00:00,8.0,1.9262627363204956,2.0,2.6666667461395264
2026-09-24 10:00:00+00:00,2026-09-24 19:00:00+00:00,9.0,2.454451560974121,4.0,3.3333332538604736
2026-09-24 10:00:00+00:00,2026-09-24 20:00:00+00:00,10.0,3.0077548027038574,5.0,5.0
2026-09-24 10:00:00+00:00,2026-09-24 21:00:00+00:00,11.0,3.794196128845215,6.0,3.75
2026-09-24 10:00:00+00:00,2026-09-24 22:00:00+00:00,12.0,3.2290267944335938,4.0,3.75
2026-09-24 11:00:00+00:00,2026-09-24 12:00:00+00:00,1.0,4.788221836090088,6.0,4.0
2026-09-24 11:00:00+00:00,2026-09-24 13:00:00+00:00,2.0,4.83303689956665,6.0,3.0
2026-09-24 11:00:00+00:00,2026-09-24 14:00:00+00:00,3.0,4.881131649017334,6.0,3.6666667461395264
2026-09-24 11:00:00+00:00,2026-09-24 15:00:00+00:00,4.0,4.3811869621276855,5.0,3.0
2026-09-24 11:00:00+00:00,2026-09-24 16:00:00+00:00,5.0,3.1745924949645996,3.0,2.25
2026-09-24 11:00:00+00:00,2026-09-24 17:00:00+00:00,6.0,2.3119900226593018,2.0,2.25
2026-09-24 11:00:00+00:00,2026-09-24 18:00:00+00:00,7.0,2.3847503662109375,3.0,2.6666667461395264
2026-09-24 11:00:00+00:00,2026-09-24 19:00:00+00:00,8.0,2.6638050079345703,4.0,3.3333332538604736
2026-09-24 11:00:00+00:00,2026-09-24 20:00:00+00:00,9.0,3.1065428256988525,5.0,5.0
2026-09-24 11:00:00+00:00,2026-09-24 21:00:00+00:00,10.0,3.359570264816284,5.0,3.75
2026-09-24 11:00:00+00:00,2026-09-24 22:00:00+00:00,11.0,3.1100528240203857,4.0,3.75
2026-09-24 11:00:00+00:00,2026-09-24 23:00:00+00:00,12.0,3.5336391925811768,5.0,6.400000095367432
2026-09-24 12:00:00+00:00,2026-09-24 13:00:00+00:00,1.0,4.337730884552002,6.0,3.0
2026-09-24 12:00:00+00:00,2026-09-24 14:00:00+00:00,2.0,4.563948631286621,6.0,3.6666667461395264
2026-09-24 12:00:00+00:00,2026-09-24 15:00:00+00:00,3.0,4.184606075286865,5.0,3.0
2026-09-24 12:00:00+00:00,2026-09-24 16:00:00+00:00,4.0,3.031303644180298,3.0,2.25
2026-09-24 12:00:00+00:00,2026-09-24 17:00:00+00:00,5.0,2.8292412757873535,3.0,2.25
2026-09-24 12:00:00+00:00,2026-09-24 18:00:00+00:00,6.0,2.7432334423065186,3.0,2.6666667461395264
2026-09-24 12:00:00+00:00,2026-09-24 19:00:00+00:00,7.0,2.428217649459839,3.0,3.3333332538604736
2026-09-24 12:00:00+00:00,2026-09-24 20:00:00+00:00,8.0,2.5904037952423096,4.0,5.0
2026-09-24 12:00:00+00:00,2026-09-24 21:00:00+00:00,9.0,3.0777828693389893,5.0,3.75
2026-09-24 12:00:00+00:00,2026-09-24 22:00:00+00:00,10.0,2.88358736038208,4.0,3.75
2026-09-24 12:00:00+00:00,2026-09-24 23:00:00+00:00,11.0,3.3922650814056396,5.0,6.400000095367432
2026-09-24 12:00:00+00:00,2026-09-25 00:00:00+00:00,12.0,3.9717795848846436,6.0,6.666666507720947
2026-09-24 13:00:00+00:00,2026-09-24 14:00:00+00:00,1.0,3.6286439895629883,6.0,3.6666667461395264
2026-09-24 13:00:00+00:00,2026-09-24 15:00:00+00:00,2.0,3.798673152923584,5.0,3.0
2026-09-24 13:00:00+00:00,2026-09-24 16:00:00+00:00,3.0,3.429705858230591,4.0,2.25
2026-09-24 13:00:00+00:00,2026-09-24 17:00:00+00:00,4.0,2.211916923522949,2.0,2.25
2026-09-24 13:00:00+00:00,2026-09-24 18:00:00+00:00,5.0,2.9634363651275635,4.0,2.6666667461395264
2026-09-24 13:00:00+00:00,2026-09-24 19:00:00+00:00,6.0,3.4276888370513916,5.0,3.3333332538604736
2026-09-24 13:00:00+00:00,2026-09-24 20:00:00+00:00,7.0,3.5664162635803223,5.0,5.0
2026-09-24 13:00:00+00:00,2026-09-24 21:00:00+00:00,8.0,3.1712639331817627,4.0,3.75
2026-09-24 13:00:00+00:00,2026-09-24 22:00:00+00:00,9.0,3.535844564437866,5.0,3.75
2026-09-24 13:00:00+00:00,2026-09-24 23:00:00+00:00,10.0,4.132016181945801,6.0,6.400000095367432
2026-09-24 13:00:00+00:00,2026-09-25 00:00:00+00:00,11.0,5.060915470123291,7.0,6.666666507720947
2026-09-24 13:00:00+00:00,2026-09-25 01:00:00+00:00,12.0,5.688910961151123,7.0,6.400000095367432
2026-09-24 14:00:00+00:00,2026-09-24 15:00:00+00:00,1.0,3.936917781829834,6.0,3.0
2026-09-24 14:00:00+00:00,2026-09-24 16:00:00+00:00,2.0,3.3032729625701904,4.0,2.25
2026-09-24 14:00:00+00:00,2026-09-24 17:00:00+00:00,3.0,2.7908830642700195,3.0,2.25
2026-09-24 14:00:00+00:00,2026-09-24 18:00:00+00:00,4.0,3.1367287635803223,4.0,2.6666667461395264
2026-09-24 14:00:00+00:00,2026-09-24 19:00:00+00:00,5.0,3.000601053237915,4.0,3.3333332538604736
2026-09-24 14:00:00+00:00,2026-09-24 20:00:00+00:00,6.0,3.359363317489624,5.0,5.0
2026-09-24 14:00:00+00:00,2026-09-24 21:00:00+00:00,7.0,3.5129776000976562,5.0,3.75
2026-09-24 14:00:00+00:00,2026-09-24 22:00:00+00:00,8.0,3.171492099761963,4.0,3.75
2026-09-24 14:00:00+00:00,2026-09-24 23:00:00+00:00,9.0,3.5213825702667236,5.0,6.400000095367432
2026-09-24 14:00:00+00:00,2026-09-25 00:00:00+00:00,10.0,4.6922926902771,7.0,6.666666507720947
2026-09-24 14:00:00+00:00,2026-09-25 01:00:00+00:00,11.0,5.427660942077637,7.0,6.400000095367432
2026-09-24 14:00:00+00:00,2026-09-25 02:00:00+00:00,12.0,6.530261516571045,8.0,5.0
2026-09-24 15:00:00+00:00,2026-09-24 16:00:00+00:00,1.0,2.980166435241699,4.0,2.25
2026-09-24 15:00:00+00:00,2026-09-24 17:00:00+00:00,2.0,3.0220084190368652,4.0,2.25
2026-09-24 15:00:00+00:00,2026-09-24 18:00:00+00:00,3.0,2.536637544631958,3.0,2.6666667461395264
2026-09-24 15:00:00+00:00,2026-09-24 19:00:00+00:00,4.0,2.904026508331299,4.0,3.3333332538604736
2026-09-24 15:00:00+00:00,2026-09-24 20:00:00+00:00,5.0,2.732935667037964,4.0,5.0
2026-09-24 15:00:00+00:00,2026-09-24 21:00:00+00:00,6.0,3.1673014163970947,5.0,3.75
2026-09-24 15:00:00+00:00,2026-09-24 22:00:00+00:00,7.0,2.9885246753692627,4.0,3.75
2026-09-24 15:00:00+00:00,2026-09-24 23:00:00+00:00,8.0,3.5169172286987305,5.0,6.400000095367432
2026-09-24 15:00:00+00:00,2026-09-25 00:00:00+00:00,9.0,4.168853759765625,6.0,6.666666507720947
2026-09-24 15:00:00+00:00,2026-09-25 01:00:00+00:00,10.0,5.17043924331665,7.0,6.400000095367432
2026-09-24 15:00:00+00:00,2026-09-25 02:00:00+00:00,11.0,5.753940105438232,7.0,5.0
2026-09-24 15:00:00+00:00,2026-09-25 03:00:00+00:00,12.0,6.2040910720825195,7.0,2.6666667461395264
2026-09-24 16:00:00+00:00,2026-09-24 17:00:00+00:00,1.0,1.8686939477920532,3.0,2.25
2026-09-24 16:00:00+00:00,2026-09-24 18:00:00+00:00,2.0,2.70792293548584,4.0,2.6666667461395264
2026-09-24 16:00:00+00:00,2026-09-24 19:00:00+00:00,3.0,2.779686212539673,4.0,3.3333332538604736
2026-09-24 16:00:00+00:00,2026-09-24 20:00:00+00:00,4.0,2.754586696624756,4.0,5.0
2026-09-24 16:00:00+00:00,2026-09-24 21:00:00+00:00,5.0,2.778965950012207,4.0,3.75
2026-09-24 16:00:00+00:00,2026-09-24 22:00:00+00:00,6.0,3.179595947265625,5.0,3.75
2026-09-24 16:00:00+00:00,2026-09-24 23:00:00+00:00,7.0,4.005791187286377,6.0,6.400000095367432
2026-09-24 16:00:00+00:00,2026-09-25 00:00:00+00:00,8.0,4.515091896057129,6.0,6.666666507720947
2026-09-24 16:00:00+00:00,2026-09-25 01:00:00+00:00,9.0,5.376708507537842,7.0,6.400000095367432
2026-09-24 16:00:00+00:00,2026-09-25 02:00:00+00:00,10.0,5.909400463104248,7.0,5.0
2026-09-24 16:00:00+00:00,2026-09-25 03:00:00+00:00,11.0,6.279401779174805,7.0,2.6666667461395264
2026-09-24 16:00:00+00:00,2026-09-25 04:00:00+00:00,12.0,6.740034580230713,7.0,3.1666667461395264
2026-09-24 17:00:00+00:00,2026-09-24 18:00:00+00:00,1.0,2.9508862495422363,4.0,2.6666667461395264
2026-09-24 17:00:00+00:00,2026-09-24 19:00:00+00:00,2.0,2.752124547958374,4.0,3.3333332538604736
2026-09-24 17:00:00+00:00,2026-09-24 20:00:00+00:00,3.0,3.1706125736236572,5.0,5.0
2026-09-24 17:00:00+00:00,2026-09-24 21:00:00+00:00,4.0,3.3929672241210938,5.0,3.75
2026-09-24 17:00:00+00:00,2026-09-24 22:00:00+00:00,5.0,3.709747314453125,5.0,3.75
2026-09-24 17:00:00+00:00,2026-09-24 23:00:00+00:00,6.0,3.8153762817382812,5.0,6.400000095367432
2026-09-24 17:00:00+00:00,2026-09-25 00:00:00+00:00,7.0,4.341123580932617,6.0,6.666666507720947
2026-09-24 17:00:00+00:00,2026-09-25 01:00:00+00:00,8.0,5.312869071960449,7.0,6.400000095367432
2026-09-24 17:00:00+00:00,2026-09-25 02:00:00+00:00,9.0,5.417696475982666,6.0,5.0
2026-09-24 17:00:00+00:00,2026-09-25 03:00:00+00:00,10.0,6.144748210906982,7.0,2.6666667461395264
2026-09-24 17:00:00+00:00,2026-09-25 04:00:00+00:00,11.0,6.1923723220825195,6.0,3.1666667461395264
2026-09-24 17:00:00+00:00,2026-09-25 05:00:00+00:00,12.0,6.6847710609436035,6.0,3.0
2026-09-24 18:00:00+00:00,2026-09-24 19:00:00+00:00,1.0,2.9267446994781494,4.0,3.3333332538604736
2026-09-24 18:00:00+00:00,2026-09-24 20:00:00+00:00,2.0,3.0923070907592773,5.0,5.0
2026-09-24 18:00:00+00:00,2026-09-24 21:00:00+00:00,3.0,3.4252560138702393,5.0,3.75
2026-09-24 18:00:00+00:00,2026-09-24 22:00:00+00:00,4.0,3.240915298461914,4.0,3.75
2026-09-24 18:00:00+00:00,2026-09-24 23:00:00+00:00,5.0,4.09560489654541,6.0,6.400000095367432
2026-09-24 18:00:00+00:00,2026-09-25 00:00:00+00:00,6.0,4.441304683685303,6.0,6.666666507720947
2026-09-24 18:00:00+00:00,2026-09-25 01:00:00+00:00,7.0,5.432925701141357,7.0,6.400000095367432
2026-09-24 18:00:00+00:00,2026-09-25 02:00:00+00:00,8.0,5.394412040710449,6.0,5.0
2026-09-24 18:00:00+00:00,2026-09-25 03:00:00+00:00,9.0,6.1390461921691895,7.0,2.6666667461395264
2026-09-24 18:00:00+00:00,2026-09-25 04:00:00+00:00,10.0,6.683394432067871,7.0,3.1666667461395264
2026-09-24 18:00:00+00:00,2026-09-25 05:00:00+00:00,11.0,6.737464904785156,6.0,3.0
2026-09-24 18:00:00+00:00,2026-09-25 06:00:00+00:00,12.0,6.2568182945251465,5.0,4.666666507720947
2026-09-24 19:00:00+00:00,2026-09-24 20:00:00+00:00,1.0,3.1090192794799805,5.0,5.0
2026-09-24 19:00:00+00:00,2026-09-24 21:00:00+00:00,2.0,3.352499008178711,5.0,3.75
2026-09-24 19:00:00+00:00,2026-09-24 22:00:00+00:00,3.0,3.702106237411499,5.0,3.75
2026-09-24 19:00:00+00:00,2026-09-24 23:00:00+00:00,4.0,4.312600612640381,6.0,6.400000095367432
2026-09-24 19:00:00+00:00,2026-09-25 00:00:00+00:00,5.0,5.188015460968018,7.0,6.666666507720947
2026-09-24 19:00:00+00:00,2026-09-25 01:00:00+00:00,6.0,5.22445821762085,6.0,6.400000095367432
2026-09-24 19:00:00+00:00,2026-09-25 02:00:00+00:00,7.0,5.930211544036865,7.0,5.0
2026-09-24 19:00:00+00:00,2026-09-25 03:00:00+00:00,8.0,6.853638172149658,8.0,2.6666667461395264
2026-09-24 19:00:00+00:00,2026-09-25 04:00:00+00:00,9.0,7.125435829162598,7.0,3.1666667461395264
2026-09-24 19:00:00+00:00,2026-09-25 05:00:00+00:00,10.0,6.959083080291748,6.0,3.0
2026-09-24 19:00:00+00:00,2026-09-25 06:00:00+00:00,11.0,6.41550874710083,5.0,4.666666507720947
2026-09-24 19:00:00+00:00,2026-09-25 07:00:00+00:00,12.0,6.224232196807861,5.0,2.6666667461395264
2026-09-24 20:00:00+00:00,2026-09-24 21:00:00+00:00,1.0,4.69747257232666,6.0,3.75
2026-09-24 20:00:00+00:00,2026-09-24 22:00:00+00:00,2.0,3.881781816482544,4.0,3.75
2026-09-24 20:00:00+00:00,2026-09-24 23:00:00+00:00,3.0,4.856782913208008,6.0,6.400000095367432
2026-09-24 20:00:00+00:00,2026-09-25 00:00:00+00:00,4.0,4.917514324188232,6.0,6.666666507720947
2026-09-24 20:00:00+00:00,2026-09-25 01:00:00+00:00,5.0,5.222880840301514,6.0,6.400000095367432
2026-09-24 20:00:00+00:00,2026-09-25 02:00:00+00:00,6.0,5.4181647300720215,6.0,5.0
2026-09-24 20:00:00+00:00,2026-09-25 03:00:00+00:00,7.0,6.221960544586182,7.0,2.6666667461395264
2026-09-24 20:00:00+00:00,2026-09-25 04:00:00+00:00,8.0,6.311408042907715,6.0,3.1666667461395264
2026-09-24 20:00:00+00:00,2026-09-25 05:00:00+00:00,9.0,6.6799468994140625,6.0,3.0
2026-09-24 20:00:00+00:00,2026-09-25 06:00:00+00:00,10.0,6.171577453613281,5.0,4.666666507720947
2026-09-24 20:00:00+00:00,2026-09-25 07:00:00+00:00,11.0,5.498586654663086,4.0,2.6666667461395264
2026-09-24 20:00:00+00:00,2026-09-25 08:00:00+00:00,12.0,5.83398962020874,5.0,5.5
2026-09-24 21:00:00+00:00,2026-09-24 22:00:00+00:00,1.0,3.4152233600616455,5.0,3.75
2026-09-24 21:00:00+00:00,2026-09-24 23:00:00+00:00,2.0,4.343493461608887,6.0,6.400000095367432
2026-09-24 21:00:00+00:00,2026-09-25 00:00:00+00:00,3.0,5.1532883644104,7.0,6.666666507720947
2026-09-24 21:00:00+00:00,2026-09-25 01:00:00+00:00,4.0,5.148056983947754,6.0,6.400000095367432
2026-09-24 21:00:00+00:00,2026-09-25 02:00:00+00:00,5.0,5.3476080894470215,6.0,5.0
2026-09-24 21:00:00+00:00,2026-09-25 03:00:00+00:00,6.0,5.485823154449463,6.0,2.6666667461395264
2026-09-24 21:00:00+00:00,2026-09-25 04:00:00+00:00,7.0,5.961969375610352,6.0,3.1666667461395264
2026-09-24 21:00:00+00:00,2026-09-25 05:00:00+00:00,8.0,6.427043437957764,6.0,3.0
2026-09-24 21:00:00+00:00,2026-09-25 06:00:00+00:00,9.0,5.991580963134766,5.0,4.666666507720947
2026-09-24 21:00:00+00:00,2026-09-25 07:00:00+00:00,10.0,5.358982086181641,4.0,2.6666667461395264
2026-09-24 21:00:00+00:00,2026-09-25 08:00:00+00:00,11.0,5.761078834533691,5.0,5.5
2026-09-24 21:00:00+00:00,2026-09-25 09:00:00+00:00,12.0,6.638345241546631,6.0,6.5
2026-09-24 22:00:00+00:00,2026-09-24 23:00:00+00:00,1.0,4.260673999786377,6.0,6.400000095367432
2026-09-24 22:00:00+00:00,2026-09-25 00:00:00+00:00,2.0,4.974285125732422,7.0,6.666666507720947
2026-09-24 22:00:00+00:00,2026-09-25 01:00:00+00:00,3.0,5.09812068939209,6.0,6.400000095367432
2026-09-24 22:00:00+00:00,2026-09-25 02:00:00+00:00,4.0,5.324076175689697,6.0,5.0
2026-09-24 22:00:00+00:00,2026-09-25 03:00:00+00:00,5.0,5.452296733856201,6.0,2.6666667461395264
2026-09-24 22:00:00+00:00,2026-09-25 04:00:00+00:00,6.0,5.9385552406311035,6.0,3.1666667461395264
2026-09-24 22:00:00+00:00,2026-09-25 05:00:00+00:00,7.0,6.412332057952881,6.0,3.0
2026-09-24 22:00:00+00:00,2026-09-25 06:00:00+00:00,8.0,5.982012748718262,5.0,4.666666507720947
2026-09-24 22:00:00+00:00,2026-09-25 07:00:00+00:00,9.0,5.352725028991699,4.0,2.6666667461395264
2026-09-24 22:00:00+00:00,2026-09-25 08:00:00+00:00,10.0,5.75745153427124,5.0,5.5
2026-09-24 22:00:00+00:00,2026-09-25 09:00:00+00:00,11.0,6.636421203613281,6.0,6.5
2026-09-24 22:00:00+00:00,2026-09-25 10:00:00+00:00,12.0,7.313887596130371,6.0,5.0
2026-09-24 23:00:00+00:00,2026-09-25 00:00:00+00:00,1.0,6.1632771492004395,7.0,6.666666507720947
2026-09-24 23:00:00+00:00,2026-09-25 01:00:00+00:00,2.0,5.627574920654297,6.0,6.400000095367432
2026-09-24 23:00:00+00:00,2026-09-25 02:00:00+00:00,3.0,5.77834939956665,6.0,5.0
2026-09-24 23:00:00+00:00,2026-09-25 03:00:00+00:00,4.0,5.861177444458008,6.0,2.6666667461395264
2026-09-24 23:00:00+00:00,2026-09-25 04:00:00+00:00,5.0,6.215152263641357,6.0,3.1666667461395264
2026-09-24 23:00:00+00:00,2026-09-25 05:00:00+00:00,6.0,6.600495338439941,6.0,3.0
2026-09-24 23:00:00+00:00,2026-09-25 06:00:00+00:00,7.0,6.104441165924072,5.0,4.666666507720947
2026-09-24 23:00:00+00:00,2026-09-25 07:00:00+00:00,8.0,5.431809902191162,4.0,2.6666667461395264
2026-09-24 23:00:00+00:00,2026-09-25 08:00:00+00:00,9.0,5.79910135269165,5.0,5.5
2026-09-24 23:00:00+00:00,2026-09-25 09:00:00+00:00,10.0,6.658483028411865,6.0,6.5
2026-09-24 23:00:00+00:00,2026-09-25 10:00:00+00:00,11.0,7.330471515655518,6.0,5.0
2026-09-24 23:00:00+00:00,2026-09-25 11:00:00+00:00,12.0,8.003619194030762,7.0,7.333333492279053
2026-09-25 00:00:00+00:00,2026-09-25 01:00:00+00:00,1.0,5.936403274536133,6.0,6.400000095367432
2026-09-25 00:00:00+00:00,2026-09-25 02:00:00+00:00,2.0,5.9168500900268555,6.0,5.0
2026-09-25 00:00:00+00:00,2026-09-25 03:00:00+00:00,3.0,5.9784159660339355,6.0,2.6666667461395264
2026-09-25 00:00:00+00:00,2026-09-25 04:00:00+00:00,4.0,6.302767753601074,6.0,3.1666667461395264
2026-09-25 00:00:00+00:00,2026-09-25 05:00:00+00:00,5.0,6.6541008949279785,6.0,3.0
2026-09-25 00:00:00+00:00,2026-09-25 06:00:00+00:00,6.0,6.138909339904785,5.0,4.666666507720947
2026-09-25 00:00:00+00:00,2026-09-25 07:00:00+00:00,7.0,5.453808784484863,4.0,2.6666667461395264
2026-09-25 00:00:00+00:00,2026-09-25 08:00:00+00:00,8.0,5.810437202453613,5.0,5.5
2026-09-25 00:00:00+00:00,2026-09-25 09:00:00+00:00,9.0,6.664506912231445,6.0,6.5
2026-09-25 00:00:00+00:00,2026-09-25 10:00:00+00:00,10.0,7.334934234619141,6.0,5.0
2026-09-25 00:00:00+00:00,2026-09-25 11:00:00+00:00,11.0,8.006630897521973,7.0,7.333333492279053
2026-09-25 00:00:00+00:00,2026-09-25 12:00:00+00:00,12.0,8.117589950561523,7.0,8.0
2026-09-25 01:00:00+00:00,2026-09-25 02:00:00+00:00,1.0,6.23027229309082,6.0,5.0
2026-09-25 01:00:00+00:00,2026-09-25 03:00:00+00:00,2.0,6.136955261230469,6.0,2.6666667461395264
2026-09-25 01:00:00+00:00,2026-09-25 04:00:00+00:00,3.0,6.416225433349609,6.0,3.1666667461395264
2026-09-25 01:00:00+00:00,2026-09-25 05:00:00+00:00,4.0,6.7391438484191895,6.0,3.0
2026-09-25 01:00:00+00:00,2026-09-25 06:00:00+00:00,5.0,6.193348407745361,5.0,4.666666507720947
2026-09-25 01:00:00+00:00,2026-09-25 07:00:00+00:00,6.0,5.486573696136475,4.0,2.6666667461395264
2026-09-25 01:00:00+00:00,2026-09-25 08:00:00+00:00,7.0,5.827178001403809,5.0,5.5
2026-09-25 01:00:00+00:00,2026-09-25 09:00:00+00:00,8.0,6.673604488372803,6.0,6.5
2026-09-25 01:00:00+00:00,2026-09-25 10:00:00+00:00,9.0,7.3408966064453125,6.0,5.0
2026-09-25 01:00:00+00:00,2026-09-25 11:00:00+00:00,10.0,8.010743141174316,7.0,7.333333492279053
2026-09-25 01:00:00+00:00,2026-09-25 12:00:00+00:00,11.0,8.119712829589844,7.0,8.0
2026-09-25 01:00:00+00:00,2026-09-25 13:00:00+00:00,12.0,8.164463996887207,7.0,8.0
2026-09-25 02:00:00+00:00,2026-09-25 03:00:00+00:00,1.0,5.349137783050537,6.0,2.6666667461395264
2026-09-25 02:00:00+00:00,2026-09-25 04:00:00+00:00,2.0,6.058588027954102,6.0,3.1666667461395264
2026-09-25 02:00:00+00:00,2026-09-25 05:00:00+00:00,3.0,6.445443630218506,6.0,3.0
2026-09-25 02:00:00+00:00,2026-09-25 06:00:00+00:00,4.0,5.989968776702881,5.0,4.666666507720947
2026-09-25 02:00:00+00:00,2026-09-25 07:00:00+00:00,5.0,5.361810207366943,4.0,2.6666667461395264
2026-09-25 02:00:00+00:00,2026-09-25 08:00:00+00:00,6.0,5.763678550720215,5.0,5.5
2026-09-25 02:00:00+00:00,2026-09-25 09:00:00+00:00,7.0,6.639361381530762,6.0,6.5
2026-09-25 02:00:00+00:00,2026-09-25 10:00:00+00:00,8.0,7.3159003257751465,6.0,5.0
2026-09-25 02:00:00+00:00,2026-09-25 11:00:00+00:00,9.0,7.993905544281006,7.0,7.333333492279053
2026-09-25 02:00:00+00:00,2026-09-25 12:00:00+00:00,10.0,8.111162185668945,7.0,8.0
2026-09-25 02:00:00+00:00,2026-09-25 13:00:00+00:00,11.0,8.160758972167969,7.0,8.0
2026-09-25 02:00:00+00:00,2026-09-25 14:00:00+00:00,12.0,7.581408977508545,6.0,7.666666507720947
2026-09-25 03:00:00+00:00,2026-09-25 04:00:00+00:00,1.0,4.422626972198486,6.0,3.1666667461395264
2026-09-25 03:00:00+00:00,2026-09-25 05:00:00+00:00,2.0,5.572079658508301,6.0,3.0
2026-09-25 03:00:00+00:00,2026-09-25 06:00:00+00:00,3.0,5.196770191192627,5.0,4.666666507720947
2026-09-25 03:00:00+00:00,2026-09-25 07:00:00+00:00,4.0,4.788378715515137,4.0,2.6666667461395264
2026-09-25 03:00:00+00:00,2026-09-25 08:00:00+00:00,5.0,5.426538467407227,5.0,5.5
2026-09-25 03:00:00+00:00,2026-09-25 09:00:00+00:00,6.0,6.469395637512207,6.0,6.5
2026-09-25 03:00:00+00:00,2026-09-25 10:00:00+00:00,7.0,7.198077201843262,6.0,5.0
2026-09-25 03:00:00+00:00,2026-09-25 11:00:00+00:00,8.0,7.911272048950195,7.0,7.333333492279053
2026-09-25 03:00:00+00:00,2026-09-25 12:00:00+00:00,9.0,8.068719863891602,7.0,8.0
2026-09-25 03:00:00+00:00,2026-09-25 13:00:00+00:00,10.0,8.14238452911377,7.0,8.0
2026-09-25 03:00:00+00:00,2026-09-25 14:00:00+00:00,11.0,7.571148872375488,6.0,7.666666507720947
2026-09-25 03:00:00+00:00,2026-09-25 15:00:00+00:00,12.0,7.367423057556152,6.0,6.0
2026-09-25 04:00:00+00:00,2026-09-25 05:00:00+00:00,1.0,4.7496771812438965,6.0,3.0
2026-09-25 04:00:00+00:00,2026-09-25 06:00:00+00:00,2.0,4.77441930770874,5.0,4.666666507720947
2026-09-25 04:00:00+00:00,2026-09-25 07:00:00+00:00,3.0,4.411352634429932,4.0,2.6666667461395264
2026-09-25 04:00:00+00:00,2026-09-25 08:00:00+00:00,4.0,5.194672584533691,5.0,5.5
2026-09-25 04:00:00+00:00,2026-09-25 09:00:00+00:00,5.0,6.354648113250732,6.0,6.5
2026-09-25 04:00:00+00:00,2026-09-25 10:00:00+00:00,6.0,7.123777866363525,6.0,5.0
2026-09-25 04:00:00+00:00,2026-09-25 11:00:00+00:00,7.0,7.861475944519043,7.0,7.333333492279053
2026-09-25 04:00:00+00:00,2026-09-25 12:00:00+00:00,8.0,8.043050765991211,7.0,8.0
2026-09-25 04:00:00+00:00,2026-09-25 13:00:00+00:00,9.0,8.128947257995605,7.0,8.0
2026-09-25 04:00:00+00:00,2026-09-25 14:00:00+00:00,10.0,7.563756465911865,6.0,7.666666507720947
2026-09-25 04:00:00+00:00,2026-09-25 15:00:00+00:00,11.0,7.363089084625244,6.0,6.0
2026-09-25 04:00:00+00:00,2026-09-25 16:00:00+00:00,12.0,6.059770584106445,4.0,4.400000095367432
2026-09-25 05:00:00+00:00,2026-09-25 06:00:00+00:00,1.0,3.6990389823913574,5.0,4.666666507720947
2026-09-25 05:00:00+00:00,2026-09-25 07:00:00+00:00,2.0,3.896303415298462,4.0,2.6666667461395264
2026-09-25 05:00:00+00:00,2026-09-25 08:00:00+00:00,3.0,4.785669803619385,5.0,5.5
2026-09-25 05:00:00+00:00,2026-09-25 09:00:00+00:00,4.0,6.082033634185791,6.0,6.5
2026-09-25 05:00:00+00:00,2026-09-25 10:00:00+00:00,5.0,6.963979244232178,6.0,5.0
2026-09-25 05:00:00+00:00,2026-09-25 11:00:00+00:00,6.0,7.767202854156494,7.0,7.333333492279053
2026-09-25 05:00:00+00:00,2026-09-25 12:00:00+00:00,7.0,7.991082191467285,7.0,8.0
2026-09-25 05:00:00+00:00,2026-09-25 13:00:00+00:00,8.0,8.099488258361816,7.0,8.0
2026-09-25 05:00:00+00:00,2026-09-25 14:00:00+00:00,9.0,7.54796028137207,6.0,7.666666507720947
2026-09-25 05:00:00+00:00,2026-09-25 15:00:00+00:00,10.0,7.354090690612793,6.0,6.0
2026-09-25 05:00:00+00:00,2026-09-25 16:00:00+00:00,11.0,6.053443431854248,4.0,4.400000095367432
2026-09-25 05:00:00+00:00,2026-09-25 17:00:00+00:00,12.0,2.5315756797790527,1.0,3.0
2026-09-25 06:00:00+00:00,2026-09-25 07:00:00+00:00,1.0,5.503345489501953,6.0,2.6666667461395264
2026-09-25 06:00:00+00:00,2026-09-25 08:00:00+00:00,2.0,6.646929740905762,7.0,5.5
2026-09-25 06:00:00+00:00,2026-09-25 09:00:00+00:00,3.0,7.661192893981934,7.0,6.5
2026-09-25 06:00:00+00:00,2026-09-25 10:00:00+00:00,4.0,8.194059371948242,7.0,5.0
2026-09-25 06:00:00+00:00,2026-09-25 11:00:00+00:00,5.0,8.311700820922852,7.0,7.333333492279053
2026-09-25 06:00:00+00:00,2026-09-25 12:00:00+00:00,6.0,8.942132949829102,8.0,8.0
2026-09-25 06:00:00+00:00,2026-09-25 13:00:00+00:00,7.0,8.598245620727539,7.0,8.0
2026-09-25 06:00:00+00:00,2026-09-25 14:00:00+00:00,8.0,7.715015411376953,6.0,7.666666507720947
2026-09-25 06:00:00+00:00,2026-09-25 15:00:00+00:00,9.0,5.360650539398193,4.0,6.0
2026-09-25 06:00:00+00:00,2026-09-25 16:00:00+00:00,10.0,4.266841888427734,2.0,4.400000095367432
2026-09-25 06:00:00+00:00,2026-09-25 17:00:00+00:00,11.0,4.212334156036377,3.0,3.0
2026-09-25 06:00:00+00:00,2026-09-25 18:00:00+00:00,12.0,4.0519514083862305,4.0,2.200000047683716
2026-09-25 07:00:00+00:00,2026-09-25 08:00:00+00:00,1.0,4.48057222366333,6.0,5.5
2026-09-25 07:00:00+00:00,2026-09-25 09:00:00+00:00,2.0,6.602463245391846,7.0,6.5
2026-09-25 07:00:00+00:00,2026-09-25 10:00:00+00:00,3.0,7.509124279022217,7.0,5.0
2026-09-25 07:00:00+00:00,2026-09-25 11:00:00+00:00,4.0,8.500386238098145,8.0,7.333333492279053
2026-09-25 07:00:00+00:00,2026-09-25 12:00:00+00:00,5.0,8.912030220031738,8.0,8.0
2026-09-25 07:00:00+00:00,2026-09-25 13:00:00+00:00,6.0,9.190013885498047,8.0,8.0
2026-09-25 07:00:00+00:00,2026-09-25 14:00:00+00:00,7.0,8.673891067504883,7.0,7.666666507720947
2026-09-25 07:00:00+00:00,2026-09-25 15:00:00+00:00,8.0,7.335876941680908,5.0,6.0
2026-09-25 07:00:00+00:00,2026-09-25 16:00:00+00:00,9.0,6.170787334442139,4.0,4.400000095367432
2026-09-25 07:00:00+00:00,2026-09-25 17:00:00+00:00,10.0,5.850082874298096,5.0,3.0
2026-09-25 07:00:00+00:00,2026-09-25 18:00:00+00:00,11.0,5.444373607635498,5.0,2.200000047683716
2026-09-25 07:00:00+00:00,2026-09-25 19:00:00+00:00,12.0,5.211543560028076,5.0,2.0
2026-09-25 08:00:00+00:00,2026-09-25 09:00:00+00:00,1.0,7.128666400909424,7.0,6.5
2026-09-25 08:00:00+00:00,2026-09-25 10:00:00+00:00,2.0,7.885818004608154,7.0,5.0
2026-09-25 08:00:00+00:00,2026-09-25 11:00:00+00:00,3.0,8.137462615966797,7.0,7.333333492279053
2026-09-25 08:00:00+00:00,2026-09-25 12:00:00+00:00,4.0,8.833495140075684,8.0,8.0
2026-09-25 08:00:00+00:00,2026-09-25 13:00:00+00:00,5.0,8.484795570373535,7.0,8.0
2026-09-25 08:00:00+00:00,2026-09-25 14:00:00+00:00,6.0,7.169780731201172,5.0,7.666666507720947
2026-09-25 08:00:00+00:00,2026-09-25 15:00:00+00:00,7.0,4.961089611053467,3.0,6.0
2026-09-25 08:00:00+00:00,2026-09-25 16:00:00+00:00,8.0,4.34850549697876,2.0,4.400000095367432
2026-09-25 08:00:00+00:00,2026-09-25 17:00:00+00:00,9.0,3.9833130836486816,3.0,3.0
2026-09-25 08:00:00+00:00,2026-09-25 18:00:00+00:00,10.0,4.422608852386475,5.0,2.200000047683716
2026-09-25 08:00:00+00:00,2026-09-25 19:00:00+00:00,11.0,5.1625542640686035,6.0,2.0
2026-09-25 08:00:00+00:00,2026-09-25 20:00:00+00:00,12.0,5.326223850250244,6.0,3.25
2026-09-25 09:00:00+00:00,2026-09-25 10:00:00+00:00,1.0,7.617213726043701,7.0,5.0
2026-09-25 09:00:00+00:00,2026-09-25 11:00:00+00:00,2.0,8.764039039611816,8.0,7.333333492279053
2026-09-25 09:00:00+00:00,2026-09-25 12:00:00+00:00,3.0,9.07331657409668,8.0,8.0
2026-09-25 09:00:00+00:00,2026-09-25 13:00:00+00:00,4.0,8.610733032226562,7.0,8.0
2026-09-25 09:00:00+00:00,2026-09-25 14:00:00+00:00,5.0,7.786234378814697,6.0,7.666666507720947
2026-09-25 09:00:00+00:00,2026-09-25 15:00:00+00:00,6.0,5.730056285858154,4.0,6.0
2026-09-25 09:00:00+00:00,2026-09-25 16:00:00+00:00,7.0,3.877929925918579,1.0,4.400000095367432
2026-09-25 09:00:00+00:00,2026-09-25 17:00:00+00:00,8.0,4.022743225097656,3.0,3.0
2026-09-25 09:00:00+00:00,2026-09-25 18:00:00+00:00,9.0,3.942331314086914,4.0,2.200000047683716
2026-09-25 09:00:00+00:00,2026-09-25 19:00:00+00:00,10.0,4.362327575683594,5.0,2.0
2026-09-25 09:00:00+00:00,2026-09-25 20:00:00+00:00,11.0,4.8818278312683105,6.0,3.25
2026-09-25 09:00:00+00:00,2026-09-25 21:00:00+00:00,12.0,5.012424945831299,6.0,2.8333332538604736
2026-09-25 10:00:00+00:00,2026-09-25 11:00:00+00:00,1.0,6.655336380004883,7.0,7.333333492279053
2026-09-25 10:00:00+00:00,2026-09-25 12:00:00+00:00,2.0,7.706893444061279,7.0,8.0
2026-09-25 10:00:00+00:00,2026-09-25 13:00:00+00:00,3.0,8.038361549377441,7.0,8.0
2026-09-25 10:00:00+00:00,2026-09-25 14:00:00+00:00,4.0,7.479630470275879,6.0,7.666666507720947
2026-09-25 10:00:00+00:00,2026-09-25 15:00:00+00:00,5.0,6.7374396324157715,5.0,6.0
2026-09-25 10:00:00+00:00,2026-09-25 16:00:00+00:00,6.0,6.277641773223877,5.0,4.400000095367432
2026-09-25 10:00:00+00:00,2026-09-25 17:00:00+00:00,7.0,5.188255310058594,4.0,3.0
2026-09-25 10:00:00+00:00,2026-09-25 18:00:00+00:00,8.0,4.603665828704834,4.0,2.200000047683716
2026-09-25 10:00:00+00:00,2026-09-25 19:00:00+00:00,9.0,5.043464660644531,6.0,2.0
2026-09-25 10:00:00+00:00,2026-09-25 20:00:00+00:00,10.0,5.097254276275635,6.0,3.25
2026-09-25 10:00:00+00:00,2026-09-25 21:00:00+00:00,11.0,5.075496196746826,6.0,2.8333332538604736
2026-09-25 10:00:00+00:00,2026-09-25 22:00:00+00:00,12.0,5.0683488845825195,6.0,2.3333332538604736
2026-09-25 11:00:00+00:00,2026-09-25 12:00:00+00:00,1.0,8.724784851074219,8.0,8.0
2026-09-25 11:00:00+00:00,2026-09-25 13:00:00+00:00,2.0,8.451642990112305,7.0,8.0
2026-09-25 11:00:00+00:00,2026-09-25 14:00:00+00:00,3.0,7.706148147583008,6.0,7.666666507720947
2026-09-25 11:00:00+00:00,2026-09-25 15:00:00+00:00,4.0,6.366512775421143,4.0,6.0
2026-09-25 11:00:00+00:00,2026-09-25 16:00:00+00:00,5.0,6.149119853973389,5.0,4.400000095367432
2026-09-25 11:00:00+00:00,2026-09-25 17:00:00+00:00,6.0,5.102531433105469,4.0,3.0
2026-09-25 11:00:00+00:00,2026-09-25 18:00:00+00:00,7.0,5.189536094665527,5.0,2.200000047683716
2026-09-25 11:00:00+00:00,2026-09-25 19:00:00+00:00,8.0,5.492602825164795,6.0,2.0
2026-09-25 11:00:00+00:00,2026-09-25 20:00:00+00:00,9.0,5.48030424118042,6.0,3.25
2026-09-25 11:00:00+00:00,2026-09-25 21:00:00+00:00,10.0,5.4659037590026855,6.0,2.8333332538604736
2026-09-25 11:00:00+00:00,2026-09-25 22:00:00+00:00,11.0,4.471311092376709,4.0,2.3333332538604736
2026-09-25 11:00:00+00:00,2026-09-25 23:00:00+00:00,12.0,3.6187632083892822,3.0,2.5714285373687744
2026-09-25 12:00:00+00:00,2026-09-25 13:00:00+00:00,1.0,8.938036918640137,8.0,8.0
2026-09-25 12:00:00+00:00,2026-09-25 14:00:00+00:00,2.0,8.655230522155762,7.0,7.666666507720947
2026-09-25 12:00:00+00:00,2026-09-25 15:00:00+00:00,3.0,7.244643688201904,5.0,6.0
2026-09-25 12:00:00+00:00,2026-09-25 16:00:00+00:00,4.0,6.638236045837402,5.0,4.400000095367432
2026-09-25 12:00:00+00:00,2026-09-25 17:00:00+00:00,5.0,6.14096212387085,5.0,3.0
2026-09-25 12:00:00+00:00,2026-09-25 18:00:00+00:00,6.0,5.6703009605407715,5.0,2.200000047683716
2026-09-25 12:00:00+00:00,2026-09-25 19:00:00+00:00,7.0,5.703701972961426,6.0,2.0
2026-09-25 12:00:00+00:00,2026-09-25 20:00:00+00:00,8.0,5.57171630859375,6.0,3.25
2026-09-25 12:00:00+00:00,2026-09-25 21:00:00+00:00,9.0,5.532151699066162,6.0,2.8333332538604736
2026-09-25 12:00:00+00:00,2026-09-25 22:00:00+00:00,10.0,4.571663856506348,4.0,2.3333332538604736
2026-09-25 12:00:00+00:00,2026-09-25 23:00:00+00:00,11.0,3.182399034500122,3.0,2.5714285373687744
2026-09-25 12:00:00+00:00,2026-09-26 00:00:00+00:00,12.0,3.7993597984313965,4.0,1.5
2026-09-25 13:00:00+00:00,2026-09-25 14:00:00+00:00,1.0,7.876659870147705,6.0,7.666666507720947
2026-09-25 13:00:00+00:00,2026-09-25 15:00:00+00:00,2.0,7.189576148986816,5.0,6.0
2026-09-25 13:00:00+00:00,2026-09-25 16:00:00+00:00,3.0,6.5142083168029785,5.0,4.400000095367432
2026-09-25 13:00:00+00:00,2026-09-25 17:00:00+00:00,4.0,5.4219255447387695,4.0,3.0
2026-09-25 13:00:00+00:00,2026-09-25 18:00:00+00:00,5.0,5.286561489105225,5.0,2.200000047683716
2026-09-25 13:00:00+00:00,2026-09-25 19:00:00+00:00,6.0,5.4695539474487305,6.0,2.0
2026-09-25 13:00:00+00:00,2026-09-25 20:00:00+00:00,7.0,5.354089736938477,6.0,3.25
2026-09-25 13:00:00+00:00,2026-09-25 21:00:00+00:00,8.0,5.233608722686768,6.0,2.8333332538604736
2026-09-25 13:00:00+00:00,2026-09-25 22:00:00+00:00,9.0,4.658524990081787,5.0,2.3333332538604736
2026-09-25 13:00:00+00:00,2026-09-25 23:00:00+00:00,10.0,3.1031556129455566,3.0,2.5714285373687744
2026-09-25 13:00:00+00:00,2026-09-26 00:00:00+00:00,11.0,4.38715124130249,6.0,1.5
2026-09-25 13:00:00+00:00,2026-09-26 01:00:00+00:00,12.0,3.459779739379883,4.0,4.0
2026-09-25 14:00:00+00:00,2026-09-25 15:00:00+00:00,1.0,7.3462324142456055,5.0,6.0
2026-09-25 14:00:00+00:00,2026-09-25 16:00:00+00:00,2.0,6.688275337219238,5.0,4.400000095367432
2026-09-25 14:00:00+00:00,2026-09-25 17:00:00+00:00,3.0,5.419897079467773,4.0,3.0
2026-09-25 14:00:00+00:00,2026-09-25 18:00:00+00:00,4.0,5.340108394622803,5.0,2.200000047683716
2026-09-25 14:00:00+00:00,2026-09-25 19:00:00+00:00,5.0,5.614462375640869,6.0,2.0
2026-09-25 14:00:00+00:00,2026-09-25 20:00:00+00:00,6.0,5.59907865524292,6.0,3.25
2026-09-25 14:00:00+00:00,2026-09-25 21:00:00+00:00,7.0,5.624826431274414,6.0,2.8333332538604736
2026-09-25 14:00:00+00:00,2026-09-25 22:00:00+00:00,8.0,4.655918121337891,4.0,2.3333332538604736
2026-09-25 14:00:00+00:00,2026-09-25 23:00:00+00:00,9.0,2.9574739933013916,1.0,2.5714285373687744
2026-09-25 14:00:00+00:00,2026-09-26 00:00:00+00:00,10.0,4.737911224365234,6.0,1.5
2026-09-25 14:00:00+00:00,2026-09-26 01:00:00+00:00,11.0,3.006068468093872,2.0,4.0
2026-09-25 14:00:00+00:00,2026-09-26 02:00:00+00:00,12.0,3.684965133666992,6.0,7.222222328186035
2026-09-25 15:00:00+00:00,2026-09-25 16:00:00+00:00,1.0,6.124232292175293,5.0,4.400000095367432
2026-09-25 15:00:00+00:00,2026-09-25 17:00:00+00:00,2.0,5.514366149902344,4.0,3.0
2026-09-25 15:00:00+00:00,2026-09-25 18:00:00+00:00,3.0,5.39794921875,5.0,2.200000047683716
2026-09-25 15:00:00+00:00,2026-09-25 19:00:00+00:00,4.0,5.505607604980469,6.0,2.0
2026-09-25 15:00:00+00:00,2026-09-25 20:00:00+00:00,5.0,5.550690174102783,6.0,3.25
2026-09-25 15:00:00+00:00,2026-09-25 21:00:00+00:00,6.0,6.020424842834473,7.0,2.8333332538604736
2026-09-25 15:00:00+00:00,2026-09-25 22:00:00+00:00,7.0,5.2666521072387695,5.0,2.3333332538604736
2026-09-25 15:00:00+00:00,2026-09-25 23:00:00+00:00,8.0,3.3807499408721924,2.0,2.5714285373687744
2026-09-25 15:00:00+00:00,2026-09-26 00:00:00+00:00,9.0,3.1922707557678223,4.0,1.5
2026-09-25 15:00:00+00:00,2026-09-26 01:00:00+00:00,10.0,3.123885154724121,4.0,4.0
2026-09-25 15:00:00+00:00,2026-09-26 02:00:00+00:00,11.0,3.4049489498138428,5.0,7.222222328186035
2026-09-25 15:00:00+00:00,2026-09-26 03:00:00+00:00,12.0,5.433199882507324,9.0,7.0
2026-09-25 16:00:00+00:00,2026-09-25 17:00:00+00:00,1.0,4.744835376739502,5.0,3.0
2026-09-25 16:00:00+00:00,2026-09-25 18:00:00+00:00,2.0,5.312975883483887,6.0,2.200000047683716
2026-09-25 16:00:00+00:00,2026-09-25 19:00:00+00:00,3.0,5.725819110870361,7.0,2.0
2026-09-25 16:00:00+00:00,2026-09-25 20:00:00+00:00,4.0,5.984141826629639,7.0,3.25
2026-09-25 16:00:00+00:00,2026-09-25 21:00:00+00:00,5.0,6.734414100646973,8.0,2.8333332538604736
2026-09-25 16:00:00+00:00,2026-09-25 22:00:00+00:00,6.0,6.020681858062744,6.0,2.3333332538604736
2026-09-25 16:00:00+00:00,2026-09-25 23:00:00+00:00,7.0,5.996673107147217,6.0,2.5714285373687744
2026-09-25 16:00:00+00:00,2026-09-26 00:00:00+00:00,8.0,5.024356842041016,4.0,1.5
2026-09-25 16:00:00+00:00,2026-09-26 01:00:00+00:00,9.0,5.191869735717773,4.0,4.0
2026-09-25 16:00:00+00:00,2026-09-26 02:00:00+00:00,10.0,4.83981466293335,4.0,7.222222328186035
2026-09-25 16:00:00+00:00,2026-09-26 03:00:00+00:00,11.0,5.657923698425293,9.0,7.0
2026-09-25 16:00:00+00:00,2026-09-26 04:00:00+00:00,12.0,7.2994513511657715,11.0,6.285714149475098
2026-09-25 17:00:00+00:00,2026-09-25 18:00:00+00:00,1.0,3.8571267127990723,5.0,2.200000047683716
2026-09-25 17:00:00+00:00,2026-09-25 19:00:00+00:00,2.0,4.519680500030518,6.0,2.0
2026-09-25 17:00:00+00:00,2026-09-25 20:00:00+00:00,3.0,5.345938682556152,7.0,3.25
2026-09-25 17:00:00+00:00,2026-09-25 21:00:00+00:00,4.0,5.901383399963379,7.0,2.8333332538604736
2026-09-25 17:00:00+00:00,2026-09-25 22:00:00+00:00,5.0,5.222833633422852,5.0,2.3333332538604736
2026-09-25 17:00:00+00:00,2026-09-25 23:00:00+00:00,6.0,4.677760601043701,4.0,2.5714285373687744
2026-09-25 17:00:00+00:00,2026-09-26 00:00:00+00:00,7.0,4.146450519561768,4.0,1.5
2026-09-25 17:00:00+00:00,2026-09-26 01:00:00+00:00,8.0,2.668330192565918,2.0,4.0
2026-09-25 17:00:00+00:00,2026-09-26 02:00:00+00:00,9.0,2.134488582611084,1.0,7.222222328186035
2026-09-25 17:00:00+00:00,2026-09-26 03:00:00+00:00,10.0,3.107203722000122,6.0,7.0
2026-09-25 17:00:00+00:00,2026-09-26 04:00:00+00:00,11.0,5.774474143981934,10.0,6.285714149475098
2026-09-25 17:00:00+00:00,2026-09-26 05:00:00+00:00,12.0,7.831381797790527,12.0,5.714285850524902
2026-09-25 18:00:00+00:00,2026-09-25 19:00:00+00:00,1.0,3.144624710083008,6.0,2.0
2026-09-25 18:00:00+00:00,2026-09-25 20:00:00+00:00,2.0,4.008323669433594,6.0,3.25
2026-09-25 18:00:00+00:00,2026-09-25 21:00:00+00:00,3.0,5.082197666168213,7.0,2.8333332538604736
2026-09-25 18:00:00+00:00,2026-09-25 22:00:00+00:00,4.0,4.679123401641846,5.0,2.3333332538604736
2026-09-25 18:00:00+00:00,2026-09-25 23:00:00+00:00,5.0,4.208287715911865,4.0,2.5714285373687744
2026-09-25 18:00:00+00:00,2026-09-26 00:00:00+00:00,6.0,3.725029706954956,3.0,1.5
2026-09-25 18:00:00+00:00,2026-09-26 01:00:00+00:00,7.0,3.963531017303467,3.0,4.0
2026-09-25 18:00:00+00:00,2026-09-26 02:00:00+00:00,8.0,2.84847354888916,1.0,7.222222328186035
2026-09-25 18:00:00+00:00,2026-09-26 03:00:00+00:00,9.0,4.745771408081055,9.0,7.0
2026-09-25 18:00:00+00:00,2026-09-26 04:00:00+00:00,10.0,7.1110382080078125,11.0,6.285714149475098
2026-09-25 18:00:00+00:00,2026-09-26 05:00:00+00:00,11.0,8.495726585388184,12.0,5.714285850524902
2026-09-25 18:00:00+00:00,2026-09-26 06:00:00+00:00,12.0,8.91203784942627,12.0,5.5714287757873535
2026-09-25 19:00:00+00:00,2026-09-25 20:00:00+00:00,1.0,2.788984537124634,6.0,3.25
2026-09-25 19:00:00+00:00,2026-09-25 21:00:00+00:00,2.0,4.326516628265381,7.0,2.8333332538604736
2026-09-25 19:00:00+00:00,2026-09-25 22:00:00+00:00,3.0,4.6779398918151855,6.0,2.3333332538604736
2026-09-25 19:00:00+00:00,2026-09-25 23:00:00+00:00,4.0,5.128336429595947,6.0,2.5714285373687744
2026-09-25 19:00:00+00:00,2026-09-26 00:00:00+00:00,5.0,4.623829364776611,4.0,1.5
2026-09-25 19:00:00+00:00,2026-09-26 01:00:00+00:00,6.0,4.594370365142822,3.0,4.0
2026-09-25 19:00:00+00:00,2026-09-26 02:00:00+00:00,7.0,4.040019989013672,4.0,7.222222328186035
2026-09-25 19:00:00+00:00,2026-09-26 03:00:00+00:00,8.0,5.462107181549072,9.0,7.0
2026-09-25 19:00:00+00:00,2026-09-26 04:00:00+00:00,9.0,7.377276420593262,11.0,6.285714149475098
2026-09-25 19:00:00+00:00,2026-09-26 05:00:00+00:00,10.0,9.09526538848877,13.0,5.714285850524902
2026-09-25 19:00:00+00:00,2026-09-26 06:00:00+00:00,11.0,7.712637901306152,9.0,5.5714287757873535
2026-09-25 19:00:00+00:00,2026-09-26 07:00:00+00:00,12.0,8.56146240234375,11.0,6.0
2026-09-25 20:00:00+00:00,2026-09-25 21:00:00+00:00,1.0,3.9934537410736084,7.0,2.8333332538604736
2026-09-25 20:00:00+00:00,2026-09-25 22:00:00+00:00,2.0,4.468173027038574,6.0,2.3333332538604736
2026-09-25 20:00:00+00:00,2026-09-25 23:00:00+00:00,3.0,4.560530185699463,5.0,2.5714285373687744
2026-09-25 20:00:00+00:00,2026-09-26 00:00:00+00:00,4.0,3.3734490871429443,2.0,1.5
2026-09-25 20:00:00+00:00,2026-09-26 01:00:00+00:00,5.0,3.4127275943756104,3.0,4.0
2026-09-25 20:00:00+00:00,2026-09-26 02:00:00+00:00,6.0,3.644155979156494,5.0,7.222222328186035
2026-09-25 20:00:00+00:00,2026-09-26 03:00:00+00:00,7.0,6.501730918884277,11.0,7.0
2026-09-25 20:00:00+00:00,2026-09-26 04:00:00+00:00,8.0,8.362245559692383,12.0,6.285714149475098
2026-09-25 20:00:00+00:00,2026-09-26 05:00:00+00:00,9.0,8.849250793457031,12.0,5.714285850524902
2026-09-25 20:00:00+00:00,2026-09-26 06:00:00+00:00,10.0,9.108109474182129,12.0,5.5714287757873535
2026-09-25 20:00:00+00:00,2026-09-26 07:00:00+00:00,11.0,9.570123672485352,12.0,6.0
2026-09-25 20:00:00+00:00,2026-09-26 08:00:00+00:00,12.0,9.924458503723145,12.0,6.400000095367432
2026-09-25 21:00:00+00:00,2026-09-25 22:00:00+00:00,1.0,2.998317003250122,5.0,2.3333332538604736
2026-09-25 21:00:00+00:00,2026-09-25 23:00:00+00:00,2.0,3.6658434867858887,5.0,2.5714285373687744
2026-09-25 21:00:00+00:00,2026-09-26 00:00:00+00:00,3.0,3.813857078552246,5.0,1.5
2026-09-25 21:00:00+00:00,2026-09-26 01:00:00+00:00,4.0,3.768893003463745,4.0,4.0
2026-09-25 21:00:00+00:00,2026-09-26 02:00:00+00:00,5.0,3.369537115097046,4.0,7.222222328186035
2026-09-25 21:00:00+00:00,2026-09-26 03:00:00+00:00,6.0,5.39631462097168,9.0,7.0
2026-09-25 21:00:00+00:00,2026-09-26 04:00:00+00:00,7.0,8.10279655456543,12.0,6.285714149475098
2026-09-25 21:00:00+00:00,2026-09-26 05:00:00+00:00,8.0,8.959238052368164,12.0,5.714285850524902
2026-09-25 21:00:00+00:00,2026-09-26 06:00:00+00:00,9.0,8.785656929016113,11.0,5.5714287757873535
2026-09-25 21:00:00+00:00,2026-09-26 07:00:00+00:00,10.0,8.521391868591309,10.0,6.0
2026-09-25 21:00:00+00:00,2026-09-26 08:00:00+00:00,11.0,9.11903190612793,11.0,6.400000095367432
2026-09-25 21:00:00+00:00,2026-09-26 09:00:00+00:00,12.0,8.890284538269043,10.0,6.833333492279053
2026-09-25 22:00:00+00:00,2026-09-25 23:00:00+00:00,1.0,2.961982488632202,5.0,2.5714285373687744
2026-09-25 22:00:00+00:00,2026-09-26 00:00:00+00:00,2.0,3.238032817840576,5.0,1.5
2026-09-25 22:00:00+00:00,2026-09-26 01:00:00+00:00,3.0,3.345709800720215,4.0,4.0
2026-09-25 22:00:00+00:00,2026-09-26 02:00:00+00:00,4.0,3.158015727996826,4.0,7.222222328186035
2026-09-25 22:00:00+00:00,2026-09-26 03:00:00+00:00,5.0,5.287318706512451,9.0,7.0
2026-09-25 22:00:00+00:00,2026-09-26 04:00:00+00:00,6.0,8.037416458129883,12.0,6.285714149475098
2026-09-25 22:00:00+00:00,2026-09-26 05:00:00+00:00,7.0,8.909064292907715,12.0,5.714285850524902
2026-09-25 22:00:00+00:00,2026-09-26 06:00:00+00:00,8.0,8.750174522399902,11.0,5.5714287757873535
2026-09-25 22:00:00+00:00,2026-09-26 07:00:00+00:00,9.0,8.500211715698242,10.0,6.0
2026-09-25 22:00:00+00:00,2026-09-26 08:00:00+00:00,10.0,9.107218742370605,11.0,6.400000095367432
2026-09-25 22:00:00+00:00,2026-09-26 09:00:00+00:00,11.0,8.88512897491455,10.0,6.833333492279053
2026-09-25 22:00:00+00:00,2026-09-26 10:00:00+00:00,12.0,8.867122650146484,10.0,7.0
2026-09-25 23:00:00+00:00,2026-09-26 00:00:00+00:00,1.0,2.5937917232513428,5.0,1.5
2026-09-25 23:00:00+00:00,2026-09-26 01:00:00+00:00,2.0,2.90039324760437,4.0,4.0
2026-09-25 23:00:00+00:00,2026-09-26 02:00:00+00:00,3.0,2.927534341812134,4.0,7.222222328186035
2026-09-25 23:00:00+00:00,2026-09-26 03:00:00+00:00,4.0,5.184514999389648,9.0,7.0
2026-09-25 23:00:00+00:00,2026-09-26 04:00:00+00:00,5.0,7.96172571182251,12.0,6.285714149475098
2026-09-25 23:00:00+00:00,2026-09-26 05:00:00+00:00,6.0,8.85396957397461,12.0,5.714285850524902
2026-09-25 23:00:00+00:00,2026-09-26 06:00:00+00:00,7.0,8.7122163772583,11.0,5.5714287757873535
2026-09-25 23:00:00+00:00,2026-09-26 07:00:00+00:00,8.0,8.47718620300293,10.0,6.0
2026-09-25 23:00:00+00:00,2026-09-26 08:00:00+00:00,9.0,9.093891143798828,11.0,6.400000095367432
2026-09-25 23:00:00+00:00,2026-09-26 09:00:00+00:00,10.0,8.878790855407715,10.0,6.833333492279053
2026-09-25 23:00:00+00:00,2026-09-26 10:00:00+00:00,11.0,8.863595962524414,10.0,7.0
2026-09-25 23:00:00+00:00,2026-09-26 11:00:00+00:00,12.0,8.208331108093262,9.0,6.714285850524902
2026-09-26 00:00:00+00:00,2026-09-26 01:00:00+00:00,1.0,1.9326342344284058,4.0,4.0
2026-09-26 00:00:00+00:00,2026-09-26 02:00:00+00:00,2.0,2.3218064308166504,4.0,7.222222328186035
2026-09-26 00:00:00+00:00,2026-09-26 03:00:00+00:00,3.0,4.9301652908325195,9.0,7.0
2026-09-26 00:00:00+00:00,2026-09-26 04:00:00+00:00,4.0,7.765453815460205,12.0,6.285714149475098
2026-09-26 00:00:00+00:00,2026-09-26 05:00:00+00:00,5.0,8.70529842376709,12.0,5.714285850524902
2026-09-26 00:00:00+00:00,2026-09-26 06:00:00+00:00,6.0,8.58655071258545,11.0,5.5714287757873535
2026-09-26 00:00:00+00:00,2026-09-26 07:00:00+00:00,7.0,8.39979076385498,10.0,6.0
2026-09-26 00:00:00+00:00,2026-09-26 08:00:00+00:00,8.0,9.050408363342285,11.0,6.400000095367432
2026-09-26 00:00:00+00:00,2026-09-26 09:00:00+00:00,9.0,8.85783863067627,10.0,6.833333492279053
2026-09-26 00:00:00+00:00,2026-09-26 10:00:00+00:00,10.0,8.851805686950684,10.0,7.0
2026-09-26 00:00:00+00:00,2026-09-26 11:00:00+00:00,11.0,8.201875686645508,9.0,6.714285850524902
2026-09-26 00:00:00+00:00,2026-09-26 12:00:00+00:00,12.0,8.003661155700684,9.0,6.5
2026-09-26 01:00:00+00:00,2026-09-26 02:00:00+00:00,1.0,3.518789291381836,4.0,7.222222328186035
2026-09-26 01:00:00+00:00,2026-09-26 03:00:00+00:00,2.0,5.057090759277344,9.0,7.0
2026-09-26 01:00:00+00:00,2026-09-26 04:00:00+00:00,3.0,7.948306083679199,12.0,6.285714149475098
2026-09-26 01:00:00+00:00,2026-09-26 05:00:00+00:00,4.0,8.91547966003418,12.0,5.714285850524902
2026-09-26 01:00:00+00:00,2026-09-26 06:00:00+00:00,5.0,8.727575302124023,11.0,5.5714287757873535
2026-09-26 01:00:00+00:00,2026-09-26 07:00:00+00:00,6.0,8.480963706970215,10.0,6.0
2026-09-26 01:00:00+00:00,2026-09-26 08:00:00+00:00,7.0,9.099722862243652,11.0,6.400000095367432
2026-09-26 01:00:00+00:00,2026-09-26 09:00:00+00:00,8.0,8.882022857666016,10.0,6.833333492279053
2026-09-26 01:00:00+00:00,2026-09-26 10:00:00+00:00,9.0,8.864954948425293,10.0,7.0
2026-09-26 01:00:00+00:00,2026-09-26 11:00:00+00:00,10.0,8.209053993225098,9.0,6.714285850524902
2026-09-26 01:00:00+00:00,2026-09-26 12:00:00+00:00,11.0,8.007418632507324,9.0,6.5
2026-09-26 01:00:00+00:00,2026-09-26 13:00:00+00:00,12.0,7.81974458694458,9.0,6.5714287757873535
2026-09-26 02:00:00+00:00,2026-09-26 03:00:00+00:00,1.0,6.833009243011475,9.0,7.0
2026-09-26 02:00:00+00:00,2026-09-26 04:00:00+00:00,2.0,8.247900009155273,12.0,6.285714149475098
2026-09-26 02:00:00+00:00,2026-09-26 05:00:00+00:00,3.0,9.291998863220215,12.0,5.714285850524902
2026-09-26 02:00:00+00:00,2026-09-26 06:00:00+00:00,4.0,9.115281105041504,11.0,5.5714287757873535
2026-09-26 02:00:00+00:00,2026-09-26 07:00:00+00:00,5.0,8.680303573608398,10.0,6.0
2026-09-26 02:00:00+00:00,2026-09-26 08:00:00+00:00,6.0,9.198208808898926,11.0,6.400000095367432
2026-09-26 02:00:00+00:00,2026-09-26 09:00:00+00:00,7.0,8.932622909545898,10.0,6.833333492279053
2026-09-26 02:00:00+00:00,2026-09-26 10:00:00+00:00,8.0,8.89478588104248,10.0,7.0
2026-09-26 02:00:00+00:00,2026-09-26 11:00:00+00:00,9.0,8.223885536193848,9.0,6.714285850524902
2026-09-26 02:00:00+00:00,2026-09-26 12:00:00+00:00,10.0,8.015291213989258,9.0,6.5
2026-09-26 02:00:00+00:00,2026-09-26 13:00:00+00:00,11.0,7.823029518127441,9.0,6.5714287757873535
2026-09-26 02:00:00+00:00,2026-09-26 14:00:00+00:00,12.0,7.687432289123535,9.0,5.666666507720947
2026-09-26 03:00:00+00:00,2026-09-26 04:00:00+00:00,1.0,7.696908950805664,12.0,6.285714149475098
2026-09-26 03:00:00+00:00,2026-09-26 05:00:00+00:00,2.0,8.837178230285645,12.0,5.714285850524902
2026-09-26 03:00:00+00:00,2026-09-26 06:00:00+00:00,3.0,8.86496639251709,11.0,5.5714287757873535
2026-09-26 03:00:00+00:00,2026-09-26 07:00:00+00:00,4.0,8.538895606994629,10.0,6.0
2026-09-26 03:00:00+00:00,2026-09-26 08:00:00+00:00,5.0,9.113459587097168,11.0,6.400000095367432
2026-09-26 03:00:00+00:00,2026-09-26 09:00:00+00:00,6.0,8.888506889343262,10.0,6.833333492279053
2026-09-26 03:00:00+00:00,2026-09-26 10:00:00+00:00,7.0,8.870800971984863,10.0,7.0
2026-09-26 03:00:00+00:00,2026-09-26 11:00:00+00:00,8.0,8.212057113647461,9.0,6.714285850524902
2026-09-26 03:00:00+00:00,2026-09-26 12:00:00+00:00,9.0,8.008732795715332,9.0,6.5
2026-09-26 03:00:00+00:00,2026-09-26 13:00:00+00:00,10.0,7.820255279541016,9.0,6.5714287757873535
2026-09-26 03:00:00+00:00,2026-09-26 14:00:00+00:00,11.0,7.686464309692383,9.0,5.666666507720947
2026-09-26 03:00:00+00:00,2026-09-26 15:00:00+00:00,12.0,7.6165876388549805,9.0,5.800000190734863
2026-09-26 04:00:00+00:00,2026-09-26 05:00:00+00:00,1.0,7.552905082702637,12.0,5.714285850524902
2026-09-26 04:00:00+00:00,2026-09-26 06:00:00+00:00,2.0,7.984257221221924,11.0,5.5714287757873535
2026-09-26 04:00:00+00:00,2026-09-26 07:00:00+00:00,3.0,7.920711994171143,10.0,6.0
2026-09-26 04:00:00+00:00,2026-09-26 08:00:00+00:00,4.0,8.733642578125,11.0,6.400000095367432
2026-09-26 04:00:00+00:00,2026-09-26 09:00:00+00:00,5.0,8.704834938049316,10.0,6.833333492279053
2026-09-26 04:00:00+00:00,2026-09-26 10:00:00+00:00,6.0,8.78142261505127,10.0,7.0
2026-09-26 04:00:00+00:00,2026-09-26 11:00:00+00:00,7.0,8.160135269165039,9.0,6.714285850524902
2026-09-26 04:00:00+00:00,2026-09-26 12:00:00+00:00,8.0,7.981420040130615,9.0,6.5
2026-09-26 04:00:00+00:00,2026-09-26 13:00:00+00:00,9.0,7.809647560119629,9.0,6.5714287757873535
2026-09-26 04:00:00+00:00,2026-09-26 14:00:00+00:00,10.0,7.682868480682373,9.0,5.666666507720947
2026-09-26 04:00:00+00:00,2026-09-26 15:00:00+00:00,11.0,7.614641189575195,9.0,5.800000190734863
2026-09-26 04:00:00+00:00,2026-09-26 16:00:00+00:00,12.0,7.039907932281494,8.0,4.333333492279053
2026-09-26 05:00:00+00:00,2026-09-26 06:00:00+00:00,1.0,6.351363658905029,11.0,5.5714287757873535
2026-09-26 05:00:00+00:00,2026-09-26 07:00:00+00:00,2.0,6.780473709106445,10.0,6.0
2026-09-26 05:00:00+00:00,2026-09-26 08:00:00+00:00,3.0,7.906989574432373,11.0,6.400000095367432
2026-09-26 05:00:00+00:00,2026-09-26 09:00:00+00:00,4.0,8.239969253540039,10.0,6.833333492279053
2026-09-26 05:00:00+00:00,2026-09-26 10:00:00+00:00,5.0,8.554359436035156,10.0,7.0
2026-09-26 05:00:00+00:00,2026-09-26 11:00:00+00:00,6.0,8.06407642364502,9.0,6.714285850524902
2026-09-26 05:00:00+00:00,2026-09-26 12:00:00+00:00,7.0,7.941199779510498,9.0,6.5
2026-09-26 05:00:00+00:00,2026-09-26 13:00:00+00:00,8.0,7.797410488128662,9.0,6.5714287757873535
2026-09-26 05:00:00+00:00,2026-09-26 14:00:00+00:00,9.0,7.678947925567627,9.0,5.666666507720947
2026-09-26 05:00:00+00:00,2026-09-26 15:00:00+00:00,10.0,7.612117767333984,9.0,5.800000190734863
2026-09-26 05:00:00+00:00,2026-09-26 16:00:00+00:00,11.0,7.0385589599609375,8.0,4.333333492279053
2026-09-26 05:00:00+00:00,2026-09-26 17:00:00+00:00,12.0,6.881096839904785,8.0,4.166666507720947
2026-09-26 06:00:00+00:00,2026-09-26 07:00:00+00:00,1.0,5.818116188049316,9.0,6.0
2026-09-26 06:00:00+00:00,2026-09-26 08:00:00+00:00,2.0,7.444465160369873,11.0,6.400000095367432
2026-09-26 06:00:00+00:00,2026-09-26 09:00:00+00:00,3.0,8.092721939086914,10.0,6.833333492279053
2026-09-26 06:00:00+00:00,2026-09-26 10:00:00+00:00,4.0,8.541887283325195,10.0,7.0
2026-09-26 06:00:00+00:00,2026-09-26 11:00:00+00:00,5.0,8.086906433105469,9.0,6.714285850524902
2026-09-26 06:00:00+00:00,2026-09-26 12:00:00+00:00,6.0,7.341221332550049,8.0,6.5
2026-09-26 06:00:00+00:00,2026-09-26 13:00:00+00:00,7.0,7.066544532775879,8.0,6.5714287757873535
2026-09-26 06:00:00+00:00,2026-09-26 14:00:00+00:00,8.0,6.939239978790283,8.0,5.666666507720947
2026-09-26 06:00:00+00:00,2026-09-26 15:00:00+00:00,9.0,6.840528964996338,8.0,5.800000190734863
2026-09-26 06:00:00+00:00,2026-09-26 16:00:00+00:00,10.0,6.740808010101318,8.0,4.333333492279053
2026-09-26 06:00:00+00:00,2026-09-26 17:00:00+00:00,11.0,6.6860575675964355,8.0,4.166666507720947
2026-09-26 06:00:00+00:00,2026-09-26 18:00:00+00:00,12.0,6.683293342590332,8.0,5.75
2026-09-26 07:00:00+00:00,2026-09-26 08:00:00+00:00,1.0,6.268185615539551,9.0,6.400000095367432
2026-09-26 07:00:00+00:00,2026-09-26 09:00:00+00:00,2.0,6.489207744598389,8.0,6.833333492279053
2026-09-26 07:00:00+00:00,2026-09-26 10:00:00+00:00,3.0,7.358832836151123,9.0,7.0
2026-09-26 07:00:00+00:00,2026-09-26 11:00:00+00:00,4.0,7.675453186035156,9.0,6.714285850524902
2026-09-26 07:00:00+00:00,2026-09-26 12:00:00+00:00,5.0,7.772850513458252,9.0,6.5
2026-09-26 07:00:00+00:00,2026-09-26 13:00:00+00:00,6.0,7.7665910720825195,9.0,6.5714287757873535
2026-09-26 07:00:00+00:00,2026-09-26 14:00:00+00:00,7.0,7.1610894203186035,8.0,5.666666507720947
2026-09-26 07:00:00+00:00,2026-09-26 15:00:00+00:00,8.0,6.940889835357666,8.0,5.800000190734863
2026-09-26 07:00:00+00:00,2026-09-26 16:00:00+00:00,9.0,6.151334762573242,7.0,4.333333492279053
2026-09-26 07:00:00+00:00,2026-09-26 17:00:00+00:00,10.0,5.883979797363281,7.0,4.166666507720947
2026-09-26 07:00:00+00:00,2026-09-26 18:00:00+00:00,11.0,5.843608856201172,7.0,5.75
2026-09-26 07:00:00+00:00,2026-09-26 19:00:00+00:00,12.0,5.863162517547607,7.0,5.4285712242126465
2026-09-26 08:00:00+00:00,2026-09-26 09:00:00+00:00,1.0,6.758572578430176,9.0,6.833333492279053
2026-09-26 08:00:00+00:00,2026-09-26 10:00:00+00:00,2.0,7.736127853393555,10.0,7.0
2026-09-26 08:00:00+00:00,2026-09-26 11:00:00+00:00,3.0,7.7510833740234375,9.0,6.714285850524902
2026-09-26 08:00:00+00:00,2026-09-26 12:00:00+00:00,4.0,7.210234642028809,8.0,6.5
2026-09-26 08:00:00+00:00,2026-09-26 13:00:00+00:00,5.0,7.1007208824157715,8.0,6.5714287757873535
2026-09-26 08:00:00+00:00,2026-09-26 14:00:00+00:00,6.0,7.010719299316406,8.0,5.666666507720947
2026-09-26 08:00:00+00:00,2026-09-26 15:00:00+00:00,7.0,6.9463090896606445,8.0,5.800000190734863
2026-09-26 08:00:00+00:00,2026-09-26 16:00:00+00:00,8.0,6.301617622375488,7.0,4.333333492279053
2026-09-26 08:00:00+00:00,2026-09-26 17:00:00+00:00,9.0,6.018258571624756,7.0,4.166666507720947
2026-09-26 08:00:00+00:00,2026-09-26 18:00:00+00:00,10.0,6.013397693634033,7.0,5.75
2026-09-26 08:00:00+00:00,2026-09-26 19:00:00+00:00,11.0,5.997616767883301,7.0,5.4285712242126465
2026-09-26 08:00:00+00:00,2026-09-26 20:00:00+00:00,12.0,5.338177680969238,6.0,4.0
2026-09-26 09:00:00+00:00,2026-09-26 10:00:00+00:00,1.0,7.539926052093506,10.0,7.0
2026-09-26 09:00:00+00:00,2026-09-26 11:00:00+00:00,2.0,7.487667083740234,9.0,6.714285850524902
2026-09-26 09:00:00+00:00,2026-09-26 12:00:00+00:00,3.0,7.066244125366211,8.0,6.5
2026-09-26 09:00:00+00:00,2026-09-26 13:00:00+00:00,4.0,6.9372148513793945,8.0,6.5714287757873535
2026-09-26 09:00:00+00:00,2026-09-26 14:00:00+00:00,5.0,6.86575984954834,8.0,5.666666507720947
2026-09-26 09:00:00+00:00,2026-09-26 15:00:00+00:00,6.0,6.854963779449463,8.0,5.800000190734863
2026-09-26 09:00:00+00:00,2026-09-26 16:00:00+00:00,7.0,6.796899795532227,8.0,4.333333492279053
2026-09-26 09:00:00+00:00,2026-09-26 17:00:00+00:00,8.0,6.717428207397461,8.0,4.166666507720947
2026-09-26 09:00:00+00:00,2026-09-26 18:00:00+00:00,9.0,6.714880466461182,8.0,5.75
2026-09-26 09:00:00+00:00,2026-09-26 19:00:00+00:00,10.0,6.765378952026367,8.0,5.4285712242126465
2026-09-26 09:00:00+00:00,2026-09-26 20:00:00+00:00,11.0,6.221219062805176,7.0,4.0
2026-09-26 09:00:00+00:00,2026-09-26 21:00:00+00:00,12.0,6.539306640625,8.0,4.285714149475098
2026-09-26 10:00:00+00:00,2026-09-26 11:00:00+00:00,1.0,7.281744956970215,9.0,6.714285850524902
2026-09-26 10:00:00+00:00,2026-09-26 12:00:00+00:00,2.0,7.515007019042969,9.0,6.5
2026-09-26 10:00:00+00:00,2026-09-26 13:00:00+00:00,3.0,7.059500217437744,8.0,6.5714287757873535
2026-09-26 10:00:00+00:00,2026-09-26 14:00:00+00:00,4.0,6.914196968078613,8.0,5.666666507720947
2026-09-26 10:00:00+00:00,2026-09-26 15:00:00+00:00,5.0,6.865653038024902,8.0,5.800000190734863
2026-09-26 10:00:00+00:00,2026-09-26 16:00:00+00:00,6.0,6.276619911193848,7.0,4.333333492279053
2026-09-26 10:00:00+00:00,2026-09-26 17:00:00+00:00,7.0,6.069784641265869,7.0,4.166666507720947
2026-09-26 10:00:00+00:00,2026-09-26 18:00:00+00:00,8.0,6.014833450317383,7.0,5.75
2026-09-26 10:00:00+00:00,2026-09-26 19:00:00+00:00,9.0,6.022362232208252,7.0,5.4285712242126465
2026-09-26 10:00:00+00:00,2026-09-26 20:00:00+00:00,10.0,5.3570709228515625,6.0,4.0
2026-09-26 10:00:00+00:00,2026-09-26 21:00:00+00:00,11.0,6.730894565582275,9.0,4.285714149475098
2026-09-26 10:00:00+00:00,2026-09-26 22:00:00+00:00,12.0,7.250563621520996,9.0,4.142857074737549
2026-09-26 11:00:00+00:00,2026-09-26 12:00:00+00:00,1.0,6.450481414794922,8.0,6.5
2026-09-26 11:00:00+00:00,2026-09-26 13:00:00+00:00,2.0,6.730607986450195,8.0,6.5714287757873535
2026-09-26 11:00:00+00:00,2026-09-26 14:00:00+00:00,3.0,7.503262519836426,9.0,5.666666507720947
2026-09-26 11:00:00+00:00,2026-09-26 15:00:00+00:00,4.0,7.106139183044434,8.0,5.800000190734863
2026-09-26 11:00:00+00:00,2026-09-26 16:00:00+00:00,5.0,6.445155143737793,7.0,4.333333492279053
2026-09-26 11:00:00+00:00,2026-09-26 17:00:00+00:00,6.0,6.137065410614014,7.0,4.166666507720947
2026-09-26 11:00:00+00:00,2026-09-26 18:00:00+00:00,7.0,6.059560775756836,7.0,5.75
2026-09-26 11:00:00+00:00,2026-09-26 19:00:00+00:00,8.0,5.4518208503723145,6.0,5.4285712242126465
2026-09-26 11:00:00+00:00,2026-09-26 20:00:00+00:00,9.0,5.174371242523193,6.0,4.0
2026-09-26 11:00:00+00:00,2026-09-26 21:00:00+00:00,10.0,4.955585956573486,6.0,4.285714149475098
2026-09-26 11:00:00+00:00,2026-09-26 22:00:00+00:00,11.0,4.860739231109619,6.0,4.142857074737549
2026-09-26 11:00:00+00:00,2026-09-26 23:00:00+00:00,12.0,5.338837623596191,7.0,4.0
2026-09-26 12:00:00+00:00,2026-09-26 13:00:00+00:00,1.0,6.340298175811768,8.0,6.5714287757873535
2026-09-26 12:00:00+00:00,2026-09-26 14:00:00+00:00,2.0,5.854222774505615,7.0,5.666666507720947
2026-09-26 12:00:00+00:00,2026-09-26 15:00:00+00:00,3.0,6.453868389129639,8.0,5.800000190734863
2026-09-26 12:00:00+00:00,2026-09-26 16:00:00+00:00,4.0,6.068850040435791,7.0,4.333333492279053
2026-09-26 12:00:00+00:00,2026-09-26 17:00:00+00:00,5.0,5.965613842010498,7.0,4.166666507720947
2026-09-26 12:00:00+00:00,2026-09-26 18:00:00+00:00,6.0,5.884766101837158,7.0,5.75
2026-09-26 12:00:00+00:00,2026-09-26 19:00:00+00:00,7.0,5.9118194580078125,7.0,5.4285712242126465
2026-09-26 12:00:00+00:00,2026-09-26 20:00:00+00:00,8.0,5.87643575668335,7.0,4.0
2026-09-26 12:00:00+00:00,2026-09-26 21:00:00+00:00,9.0,5.755148410797119,7.0,4.285714149475098
2026-09-26 12:00:00+00:00,2026-09-26 22:00:00+00:00,10.0,5.740568161010742,7.0,4.142857074737549
2026-09-26 12:00:00+00:00,2026-09-26 23:00:00+00:00,11.0,5.202764511108398,6.0,4.0
2026-09-26 12:00:00+00:00,2026-09-27 00:00:00+00:00,12.0,5.04473876953125,6.0,3.857142925262451
2026-09-26 13:00:00+00:00,2026-09-26 14:00:00+00:00,1.0,6.421929359436035,8.0,5.666666507720947
2026-09-26 13:00:00+00:00,2026-09-26 15:00:00+00:00,2.0,6.488995552062988,8.0,5.800000190734863
2026-09-26 13:00:00+00:00,2026-09-26 16:00:00+00:00,3.0,6.091445446014404,7.0,4.333333492279053
2026-09-26 13:00:00+00:00,2026-09-26 17:00:00+00:00,4.0,6.063798427581787,7.0,4.166666507720947
2026-09-26 13:00:00+00:00,2026-09-26 18:00:00+00:00,5.0,5.429165363311768,6.0,5.75
2026-09-26 13:00:00+00:00,2026-09-26 19:00:00+00:00,6.0,5.248478412628174,6.0,5.4285712242126465
2026-09-26 13:00:00+00:00,2026-09-26 20:00:00+00:00,7.0,5.037422180175781,6.0,4.0
2026-09-26 13:00:00+00:00,2026-09-26 21:00:00+00:00,8.0,5.450769424438477,7.0,4.285714149475098
2026-09-26 13:00:00+00:00,2026-09-26 22:00:00+00:00,9.0,5.590388298034668,7.0,4.142857074737549
2026-09-26 13:00:00+00:00,2026-09-26 23:00:00+00:00,10.0,5.116757392883301,6.0,4.0
2026-09-26 13:00:00+00:00,2026-09-27 00:00:00+00:00,11.0,5.475622177124023,7.0,3.857142925262451
2026-09-26 13:00:00+00:00,2026-09-27 01:00:00+00:00,12.0,5.680392265319824,7.0,3.6666667461395264
2026-09-26 14:00:00+00:00,2026-09-26 15:00:00+00:00,1.0,5.4448442459106445,7.0,5.800000190734863
2026-09-26 14:00:00+00:00,2026-09-26 16:00:00+00:00,2.0,5.660644054412842,7.0,4.333333492279053
2026-09-26 14:00:00+00:00,2026-09-26 17:00:00+00:00,3.0,5.755824565887451,7.0,4.166666507720947
2026-09-26 14:00:00+00:00,2026-09-26 18:00:00+00:00,4.0,5.261326789855957,6.0,5.75
2026-09-26 14:00:00+00:00,2026-09-26 19:00:00+00:00,5.0,5.145557403564453,6.0,5.4285712242126465
2026-09-26 14:00:00+00:00,2026-09-26 20:00:00+00:00,6.0,4.470362186431885,5.0,4.0
2026-09-26 14:00:00+00:00,2026-09-26 21:00:00+00:00,7.0,4.183743953704834,5.0,4.285714149475098
2026-09-26 14:00:00+00:00,2026-09-26 22:00:00+00:00,8.0,4.45453405380249,6.0,4.142857074737549
2026-09-26 14:00:00+00:00,2026-09-26 23:00:00+00:00,9.0,4.60179328918457,6.0,4.0
2026-09-26 14:00:00+00:00,2026-09-27 00:00:00+00:00,10.0,5.250408172607422,7.0,3.857142925262451
2026-09-26 14:00:00+00:00,2026-09-27 01:00:00+00:00,11.0,5.5905537605285645,7.0,3.6666667461395264
2026-09-26 14:00:00+00:00,2026-09-27 02:00:00+00:00,12.0,4.610445022583008,5.0,4.285714149475098
2026-09-26 15:00:00+00:00,2026-09-26 16:00:00+00:00,1.0,5.601325511932373,7.0,4.333333492279053
2026-09-26 15:00:00+00:00,2026-09-26 17:00:00+00:00,2.0,5.594309329986572,7.0,4.166666507720947
2026-09-26 15:00:00+00:00,2026-09-26 18:00:00+00:00,3.0,5.700021266937256,7.0,5.75
2026-09-26 15:00:00+00:00,2026-09-26 19:00:00+00:00,4.0,5.777547359466553,7.0,5.4285712242126465
2026-09-26 15:00:00+00:00,2026-09-26 20:00:00+00:00,5.0,5.848386764526367,7.0,4.0
2026-09-26 15:00:00+00:00,2026-09-26 21:00:00+00:00,6.0,5.750038146972656,7.0,4.285714149475098
2026-09-26 15:00:00+00:00,2026-09-26 22:00:00+00:00,7.0,5.740706443786621,7.0,4.142857074737549
2026-09-26 15:00:00+00:00,2026-09-26 23:00:00+00:00,8.0,5.184754848480225,6.0,4.0
2026-09-26 15:00:00+00:00,2026-09-27 00:00:00+00:00,9.0,5.0000834465026855,6.0,3.857142925262451
2026-09-26 15:00:00+00:00,2026-09-27 01:00:00+00:00,10.0,4.931467533111572,6.0,3.6666667461395264
2026-09-26 15:00:00+00:00,2026-09-27 02:00:00+00:00,11.0,5.0344953536987305,6.0,4.285714149475098
2026-09-26 15:00:00+00:00,2026-09-27 03:00:00+00:00,12.0,5.0685553550720215,6.0,4.0
2026-09-26 16:00:00+00:00,2026-09-26 17:00:00+00:00,1.0,3.9949991703033447,6.0,4.166666507720947
2026-09-26 16:00:00+00:00,2026-09-26 18:00:00+00:00,2.0,4.576822280883789,6.0,5.75
2026-09-26 16:00:00+00:00,2026-09-26 19:00:00+00:00,3.0,4.7060160636901855,6.0,5.4285712242126465
2026-09-26 16:00:00+00:00,2026-09-26 20:00:00+00:00,4.0,4.771113395690918,6.0,4.0
2026-09-26 16:00:00+00:00,2026-09-26 21:00:00+00:00,5.0,5.3251800537109375,7.0,4.285714149475098
2026-09-26 16:00:00+00:00,2026-09-26 22:00:00+00:00,6.0,5.469756603240967,7.0,4.142857074737549
2026-09-26 16:00:00+00:00,2026-09-26 23:00:00+00:00,7.0,5.559996128082275,7.0,4.0
2026-09-26 16:00:00+00:00,2026-09-27 00:00:00+00:00,8.0,5.633016586303711,7.0,3.857142925262451
2026-09-26 16:00:00+00:00,2026-09-27 01:00:00+00:00,9.0,5.7748799324035645,7.0,3.6666667461395264
2026-09-26 16:00:00+00:00,2026-09-27 02:00:00+00:00,10.0,5.3519744873046875,6.0,4.285714149475098
2026-09-26 16:00:00+00:00,2026-09-27 03:00:00+00:00,11.0,5.328751564025879,6.0,4.0
2026-09-26 16:00:00+00:00,2026-09-27 04:00:00+00:00,12.0,5.922058582305908,7.0,4.0
2026-09-26 17:00:00+00:00,2026-09-26 18:00:00+00:00,1.0,4.327957630157471,6.0,5.75
2026-09-26 17:00:00+00:00,2026-09-26 19:00:00+00:00,2.0,4.028705596923828,5.0,5.4285712242126465
2026-09-26 17:00:00+00:00,2026-09-26 20:00:00+00:00,3.0,4.024780750274658,5.0,4.0
2026-09-26 17:00:00+00:00,2026-09-26 21:00:00+00:00,4.0,4.439990997314453,6.0,4.285714149475098
2026-09-26 17:00:00+00:00,2026-09-26 22:00:00+00:00,5.0,4.521952152252197,6.0,4.142857074737549
2026-09-26 17:00:00+00:00,2026-09-26 23:00:00+00:00,6.0,5.73236608505249,8.0,4.0
2026-09-26 17:00:00+00:00,2026-09-27 00:00:00+00:00,7.0,5.667962074279785,7.0,3.857142925262451
2026-09-26 17:00:00+00:00,2026-09-27 01:00:00+00:00,8.0,5.806568145751953,7.0,3.6666667461395264
2026-09-26 17:00:00+00:00,2026-09-27 02:00:00+00:00,9.0,5.283607482910156,6.0,4.285714149475098
2026-09-26 17:00:00+00:00,2026-09-27 03:00:00+00:00,10.0,5.2931671142578125,6.0,4.0
2026-09-26 17:00:00+00:00,2026-09-27 04:00:00+00:00,11.0,5.2963385581970215,6.0,4.0
2026-09-26 17:00:00+00:00,2026-09-27 05:00:00+00:00,12.0,5.379834175109863,6.0,4.400000095367432
2026-09-26 18:00:00+00:00,2026-09-26 19:00:00+00:00,1.0,5.237743377685547,6.0,5.4285712242126465
2026-09-26 18:00:00+00:00,2026-09-26 20:00:00+00:00,2.0,4.909882068634033,6.0,4.0
2026-09-26 18:00:00+00:00,2026-09-26 21:00:00+00:00,3.0,4.874756813049316,6.0,4.285714149475098
2026-09-26 18:00:00+00:00,2026-09-26 22:00:00+00:00,4.0,5.358438014984131,7.0,4.142857074737549
2026-09-26 18:00:00+00:00,2026-09-26 23:00:00+00:00,5.0,5.534084796905518,7.0,4.0
2026-09-26 18:00:00+00:00,2026-09-27 00:00:00+00:00,6.0,5.094429969787598,6.0,3.857142925262451
2026-09-26 18:00:00+00:00,2026-09-27 01:00:00+00:00,7.0,5.552275657653809,7.0,3.6666667461395264
2026-09-26 18:00:00+00:00,2026-09-27 02:00:00+00:00,8.0,5.743801116943359,7.0,4.285714149475098
2026-09-26 18:00:00+00:00,2026-09-27 03:00:00+00:00,9.0,6.0136871337890625,7.0,4.0
2026-09-26 18:00:00+00:00,2026-09-27 04:00:00+00:00,10.0,5.556545734405518,6.0,4.0
2026-09-26 18:00:00+00:00,2026-09-27 05:00:00+00:00,11.0,5.56530237197876,6.0,4.400000095367432
2026-09-26 18:00:00+00:00,2026-09-27 06:00:00+00:00,12.0,5.6269354820251465,6.0,6.285714149475098
2026-09-26 19:00:00+00:00,2026-09-26 20:00:00+00:00,1.0,4.587988376617432,5.0,4.0
2026-09-26 19:00:00+00:00,2026-09-26 21:00:00+00:00,2.0,4.640102863311768,6.0,4.285714149475098
2026-09-26 19:00:00+00:00,2026-09-26 22:00:00+00:00,3.0,5.303894996643066,7.0,4.142857074737549
2026-09-26 19:00:00+00:00,2026-09-26 23:00:00+00:00,4.0,5.579559803009033,7.0,4.0
2026-09-26 19:00:00+00:00,2026-09-27 00:00:00+00:00,5.0,5.665445804595947,7.0,3.857142925262451
2026-09-26 19:00:00+00:00,2026-09-27 01:00:00+00:00,6.0,5.7360429763793945,7.0,3.6666667461395264
2026-09-26 19:00:00+00:00,2026-09-27 02:00:00+00:00,7.0,5.84502649307251,7.0,4.285714149475098
2026-09-26 19:00:00+00:00,2026-09-27 03:00:00+00:00,8.0,5.496603965759277,6.0,4.0
2026-09-26 19:00:00+00:00,2026-09-27 04:00:00+00:00,9.0,5.411435127258301,6.0,4.0
2026-09-26 19:00:00+00:00,2026-09-27 05:00:00+00:00,10.0,6.051050186157227,7.0,4.400000095367432
2026-09-26 19:00:00+00:00,2026-09-27 06:00:00+00:00,11.0,5.721495628356934,6.0,6.285714149475098
2026-09-26 19:00:00+00:00,2026-09-27 07:00:00+00:00,12.0,5.346948146820068,5.0,4.285714149475098
2026-09-26 20:00:00+00:00,2026-09-26 21:00:00+00:00,1.0,4.076191425323486,6.0,4.285714149475098
2026-09-26 20:00:00+00:00,2026-09-26 22:00:00+00:00,2.0,4.905954360961914,7.0,4.142857074737549
2026-09-26 20:00:00+00:00,2026-09-26 23:00:00+00:00,3.0,4.806506156921387,6.0,4.0
2026-09-26 20:00:00+00:00,2026-09-27 00:00:00+00:00,4.0,5.283970832824707,7.0,3.857142925262451
2026-09-26 20:00:00+00:00,2026-09-27 01:00:00+00:00,5.0,5.515838146209717,7.0,3.6666667461395264
2026-09-26 20:00:00+00:00,2026-09-27 02:00:00+00:00,6.0,5.202683448791504,6.0,4.285714149475098
2026-09-26 20:00:00+00:00,2026-09-27 03:00:00+00:00,7.0,5.202752113342285,6.0,4.0
2026-09-26 20:00:00+00:00,2026-09-27 04:00:00+00:00,8.0,5.254371643066406,6.0,4.0
2026-09-26 20:00:00+00:00,2026-09-27 05:00:00+00:00,9.0,5.3673272132873535,6.0,4.400000095367432
2026-09-26 20:00:00+00:00,2026-09-27 06:00:00+00:00,10.0,4.907405853271484,5.0,6.285714149475098
2026-09-26 20:00:00+00:00,2026-09-27 07:00:00+00:00,11.0,4.85734224319458,5.0,4.285714149475098
2026-09-26 20:00:00+00:00,2026-09-27 08:00:00+00:00,12.0,4.995657920837402,5.0,4.800000190734863
2026-09-26 21:00:00+00:00,2026-09-26 22:00:00+00:00,1.0,4.322844982147217,6.0,4.142857074737549
2026-09-26 21:00:00+00:00,2026-09-26 23:00:00+00:00,2.0,4.452724933624268,6.0,4.0
2026-09-26 21:00:00+00:00,2026-09-27 00:00:00+00:00,3.0,4.600163459777832,6.0,3.857142925262451
2026-09-26 21:00:00+00:00,2026-09-27 01:00:00+00:00,4.0,4.663690567016602,6.0,3.6666667461395264
2026-09-26 21:00:00+00:00,2026-09-27 02:00:00+00:00,5.0,4.807953357696533,6.0,4.285714149475098
2026-09-26 21:00:00+00:00,2026-09-27 03:00:00+00:00,6.0,5.029046058654785,6.0,4.0
2026-09-26 21:00:00+00:00,2026-09-27 04:00:00+00:00,7.0,4.525957107543945,5.0,4.0
2026-09-26 21:00:00+00:00,2026-09-27 05:00:00+00:00,8.0,4.447653770446777,5.0,4.400000095367432
2026-09-26 21:00:00+00:00,2026-09-27 06:00:00+00:00,9.0,4.519168376922607,5.0,6.285714149475098
2026-09-26 21:00:00+00:00,2026-09-27 07:00:00+00:00,10.0,4.613353729248047,5.0,4.285714149475098
2026-09-26 21:00:00+00:00,2026-09-27 08:00:00+00:00,11.0,4.3676533699035645,4.0,4.800000190734863
2026-09-26 21:00:00+00:00,2026-09-27 09:00:00+00:00,12.0,4.641454219818115,4.0,4.625
2026-09-26 22:00:00+00:00,2026-09-26 23:00:00+00:00,1.0,4.069354057312012,6.0,4.0
2026-09-26 22:00:00+00:00,2026-09-27 00:00:00+00:00,2.0,4.324056148529053,6.0,3.857142925262451
2026-09-26 22:00:00+00:00,2026-09-27 01:00:00+00:00,3.0,4.5353193283081055,6.0,3.6666667461395264
2026-09-26 22:00:00+00:00,2026-09-27 02:00:00+00:00,4.0,4.723318576812744,6.0,4.285714149475098
2026-09-26 22:00:00+00:00,2026-09-27 03:00:00+00:00,5.0,4.9664483070373535,6.0,4.0
2026-09-26 22:00:00+00:00,2026-09-27 04:00:00+00:00,6.0,4.491917610168457,5.0,4.0
2026-09-26 22:00:00+00:00,2026-09-27 05:00:00+00:00,7.0,4.432462215423584,5.0,4.400000095367432
2026-09-26 22:00:00+00:00,2026-09-27 06:00:00+00:00,8.0,4.510178565979004,5.0,6.285714149475098
2026-09-26 22:00:00+00:00,2026-09-27 07:00:00+00:00,9.0,4.6087646484375,5.0,4.285714149475098
2026-09-26 22:00:00+00:00,2026-09-27 08:00:00+00:00,10.0,4.365081787109375,4.0,4.800000190734863
2026-09-26 22:00:00+00:00,2026-09-27 09:00:00+00:00,11.0,4.639423847198486,4.0,4.625
2026-09-26 22:00:00+00:00,2026-09-27 10:00:00+00:00,12.0,4.832543849945068,4.0,4.75
2026-09-26 23:00:00+00:00,2026-09-27 00:00:00+00:00,1.0,3.9864580631256104,6.0,3.857142925262451
2026-09-26 23:00:00+00:00,2026-09-27 01:00:00+00:00,2.0,4.2738847732543945,6.0,3.6666667461395264
2026-09-26 23:00:00+00:00,2026-09-27 02:00:00+00:00,3.0,4.611904144287109,6.0,4.285714149475098
2026-09-26 23:00:00+00:00,2026-09-27 03:00:00+00:00,4.0,4.89101505279541,6.0,4.0
2026-09-26 23:00:00+00:00,2026-09-27 04:00:00+00:00,5.0,4.435089111328125,5.0,4.0
2026-09-26 23:00:00+00:00,2026-09-27 05:00:00+00:00,6.0,4.406641483306885,5.0,4.400000095367432
2026-09-26 23:00:00+00:00,2026-09-27 06:00:00+00:00,7.0,4.496557235717773,5.0,6.285714149475098
2026-09-26 23:00:00+00:00,2026-09-27 07:00:00+00:00,8.0,4.601199626922607,5.0,4.285714149475098
2026-09-26 23:00:00+00:00,2026-09-27 08:00:00+00:00,9.0,4.360738754272461,4.0,4.800000190734863
2026-09-26 23:00:00+00:00,2026-09-27 09:00:00+00:00,10.0,4.636159896850586,4.0,4.625
2026-09-26 23:00:00+00:00,2026-09-27 10:00:00+00:00,11.0,4.830905914306641,4.0,4.75
2026-09-26 23:00:00+00:00,2026-09-27 11:00:00+00:00,12.0,5.553853988647461,5.0,6.800000190734863
2026-09-27 00:00:00+00:00,2026-09-27 01:00:00+00:00,1.0,3.888716459274292,6.0,3.6666667461395264
2026-09-27 00:00:00+00:00,2026-09-27 02:00:00+00:00,2.0,4.334433555603027,6.0,4.285714149475098
2026-09-27 00:00:00+00:00,2026-09-27 03:00:00+00:00,3.0,4.766080856323242,6.0,4.0
2026-09-27 00:00:00+00:00,2026-09-27 04:00:00+00:00,4.0,4.356388568878174,5.0,4.0
2026-09-27 00:00:00+00:00,2026-09-27 05:00:00+00:00,5.0,4.356462478637695,5.0,4.400000095367432
2026-09-27 00:00:00+00:00,2026-09-27 06:00:00+00:00,6.0,4.473803520202637,5.0,6.285714149475098
2026-09-27 00:00:00+00:00,2026-09-27 07:00:00+00:00,7.0,4.58786153793335,5.0,4.285714149475098
2026-09-27 00:00:00+00:00,2026-09-27 08:00:00+00:00,8.0,4.352814197540283,4.0,4.800000190734863
2026-09-27 00:00:00+00:00,2026-09-27 09:00:00+00:00,9.0,4.630414009094238,4.0,4.625
2026-09-27 00:00:00+00:00,2026-09-27 10:00:00+00:00,10.0,4.828047275543213,4.0,4.75
2026-09-27 00:00:00+00:00,2026-09-27 11:00:00+00:00,11.0,5.552438259124756,5.0,6.800000190734863
2026-09-27 00:00:00+00:00,2026-09-27 12:00:00+00:00,12.0,5.892646312713623,5.0,6.833333492279053
2026-09-27 01:00:00+00:00,2026-09-27 02:00:00+00:00,1.0,3.905958652496338,6.0,4.285714149475098
2026-09-27 01:00:00+00:00,2026-09-27 03:00:00+00:00,2.0,4.493858337402344,6.0,4.0
2026-09-27 01:00:00+00:00,2026-09-27 04:00:00+00:00,3.0,4.240462303161621,5.0,4.0
2026-09-27 01:00:00+00:00,2026-09-27 05:00:00+00:00,4.0,4.277034759521484,5.0,4.400000095367432
2026-09-27 01:00:00+00:00,2026-09-27 06:00:00+00:00,5.0,4.432138919830322,5.0,6.285714149475098
2026-09-27 01:00:00+00:00,2026-09-27 07:00:00+00:00,6.0,4.564497470855713,5.0,4.285714149475098
2026-09-27 01:00:00+00:00,2026-09-27 08:00:00+00:00,7.0,4.339391231536865,4.0,4.800000190734863
2026-09-27 01:00:00+00:00,2026-09-27 09:00:00+00:00,8.0,4.620376110076904,4.0,4.625
2026-09-27 01:00:00+00:00,2026-09-27 10:00:00+00:00,9.0,4.82301139831543,4.0,4.75
2026-09-27 01:00:00+00:00,2026-09-27 11:00:00+00:00,10.0,5.549978256225586,5.0,6.800000190734863
2026-09-27 01:00:00+00:00,2026-09-27 12:00:00+00:00,11.0,5.891312122344971,5.0,6.833333492279053
2026-09-27 01:00:00+00:00,2026-09-27 13:00:00+00:00,12.0,6.733441352844238,6.0,7.166666507720947
2026-09-27 02:00:00+00:00,2026-09-27 03:00:00+00:00,1.0,4.43949031829834,6.0,4.0
2026-09-27 02:00:00+00:00,2026-09-27 04:00:00+00:00,2.0,4.144917964935303,5.0,4.0
2026-09-27 02:00:00+00:00,2026-09-27 05:00:00+00:00,3.0,4.272312641143799,5.0,4.400000095367432
2026-09-27 02:00:00+00:00,2026-09-27 06:00:00+00:00,4.0,4.43416690826416,5.0,6.285714149475098
2026-09-27 02:00:00+00:00,2026-09-27 07:00:00+00:00,5.0,4.5615034103393555,5.0,4.285714149475098
2026-09-27 02:00:00+00:00,2026-09-27 08:00:00+00:00,6.0,4.337461948394775,4.0,4.800000190734863
2026-09-27 02:00:00+00:00,2026-09-27 09:00:00+00:00,7.0,4.61982536315918,4.0,4.625
2026-09-27 02:00:00+00:00,2026-09-27 10:00:00+00:00,8.0,4.822761058807373,4.0,4.75
2026-09-27 02:00:00+00:00,2026-09-27 11:00:00+00:00,9.0,5.5497612953186035,5.0,6.800000190734863
2026-09-27 02:00:00+00:00,2026-09-27 12:00:00+00:00,10.0,5.891194820404053,5.0,6.833333492279053
2026-09-27 02:00:00+00:00,2026-09-27 13:00:00+00:00,11.0,6.733382225036621,6.0,7.166666507720947
2026-09-27 02:00:00+00:00,2026-09-27 14:00:00+00:00,12.0,7.541864395141602,7.0,7.333333492279053
2026-09-27 03:00:00+00:00,2026-09-27 04:00:00+00:00,1.0,3.7416162490844727,5.0,4.0
2026-09-27 03:00:00+00:00,2026-09-27 05:00:00+00:00,2.0,4.065313339233398,5.0,4.400000095367432
2026-09-27 03:00:00+00:00,2026-09-27 06:00:00+00:00,3.0,4.332000255584717,5.0,6.285714149475098
2026-09-27 03:00:00+00:00,2026-09-27 07:00:00+00:00,4.0,4.509921550750732,5.0,4.285714149475098
2026-09-27 03:00:00+00:00,2026-09-27 08:00:00+00:00,5.0,4.303316116333008,4.0,4.800000190734863
2026-09-27 03:00:00+00:00,2026-09-27 09:00:00+00:00,6.0,4.59555196762085,4.0,4.625
2026-09-27 03:00:00+00:00,2026-09-27 10:00:00+00:00,7.0,4.810988426208496,4.0,4.75
2026-09-27 03:00:00+00:00,2026-09-27 11:00:00+00:00,8.0,5.543872833251953,5.0,6.800000190734863
2026-09-27 03:00:00+00:00,2026-09-27 12:00:00+00:00,9.0,5.887966632843018,5.0,6.833333492279053
2026-09-27 03:00:00+00:00,2026-09-27 13:00:00+00:00,10.0,6.731280326843262,6.0,7.166666507720947
2026-09-27 03:00:00+00:00,2026-09-27 14:00:00+00:00,11.0,7.541050910949707,7.0,7.333333492279053
2026-09-27 03:00:00+00:00,2026-09-27 15:00:00+00:00,12.0,7.861036777496338,7.0,5.5
2026-09-27 04:00:00+00:00,2026-09-27 05:00:00+00:00,1.0,4.040765762329102,5.0,4.400000095367432
2026-09-27 04:00:00+00:00,2026-09-27 06:00:00+00:00,2.0,4.265396595001221,5.0,6.285714149475098
2026-09-27 04:00:00+00:00,2026-09-27 07:00:00+00:00,3.0,4.491700649261475,5.0,4.285714149475098
2026-09-27 04:00:00+00:00,2026-09-27 08:00:00+00:00,4.0,4.294033527374268,4.0,4.800000190734863
2026-09-27 04:00:00+00:00,2026-09-27 09:00:00+00:00,5.0,4.585635662078857,4.0,4.625
2026-09-27 04:00:00+00:00,2026-09-27 10:00:00+00:00,6.0,4.805883884429932,4.0,4.75
2026-09-27 04:00:00+00:00,2026-09-27 11:00:00+00:00,7.0,5.5416951179504395,5.0,6.800000190734863
2026-09-27 04:00:00+00:00,2026-09-27 12:00:00+00:00,8.0,5.886789798736572,5.0,6.833333492279053
2026-09-27 04:00:00+00:00,2026-09-27 13:00:00+00:00,9.0,6.730439186096191,6.0,7.166666507720947
2026-09-27 04:00:00+00:00,2026-09-27 14:00:00+00:00,10.0,7.540714740753174,7.0,7.333333492279053
2026-09-27 04:00:00+00:00,2026-09-27 15:00:00+00:00,11.0,7.860916614532471,7.0,5.5
2026-09-27 04:00:00+00:00,2026-09-27 16:00:00+00:00,12.0,6.882087707519531,5.0,4.0
2026-09-27 05:00:00+00:00,2026-09-27 06:00:00+00:00,1.0,4.327466011047363,5.0,6.285714149475098
2026-09-27 05:00:00+00:00,2026-09-27 07:00:00+00:00,2.0,4.468501567840576,5.0,4.285714149475098
2026-09-27 05:00:00+00:00,2026-09-27 08:00:00+00:00,3.0,4.298933982849121,4.0,4.800000190734863
2026-09-27 05:00:00+00:00,2026-09-27 09:00:00+00:00,4.0,4.595911026000977,4.0,4.625
2026-09-27 05:00:00+00:00,2026-09-27 10:00:00+00:00,5.0,4.809762954711914,4.0,4.75
2026-09-27 05:00:00+00:00,2026-09-27 11:00:00+00:00,6.0,5.542901992797852,5.0,6.800000190734863
2026-09-27 05:00:00+00:00,2026-09-27 12:00:00+00:00,7.0,5.887589454650879,5.0,6.833333492279053
2026-09-27 05:00:00+00:00,2026-09-27 13:00:00+00:00,8.0,6.731076717376709,6.0,7.166666507720947
2026-09-27 05:00:00+00:00,2026-09-27 14:00:00+00:00,9.0,7.5409698486328125,7.0,7.333333492279053
2026-09-27 05:00:00+00:00,2026-09-27 15:00:00+00:00,10.0,7.861004829406738,7.0,5.5
2026-09-27 05:00:00+00:00,2026-09-27 16:00:00+00:00,11.0,6.882183074951172,5.0,4.0
2026-09-27 05:00:00+00:00,2026-09-27 17:00:00+00:00,12.0,5.804813861846924,4.0,3.3333332538604736
2026-09-27 06:00:00+00:00,2026-09-27 07:00:00+00:00,1.0,5.41244649887085,4.0,4.285714149475098
2026-09-27 06:00:00+00:00,2026-09-27 08:00:00+00:00,2.0,5.33049201965332,5.0,4.800000190734863
2026-09-27 06:00:00+00:00,2026-09-27 09:00:00+00:00,3.0,5.100498199462891,4.0,4.625
2026-09-27 06:00:00+00:00,2026-09-27 10:00:00+00:00,4.0,5.2151618003845215,4.0,4.75
2026-09-27 06:00:00+00:00,2026-09-27 11:00:00+00:00,5.0,5.794946670532227,5.0,6.800000190734863
2026-09-27 06:00:00+00:00,2026-09-27 12:00:00+00:00,6.0,6.7981977462768555,6.0,6.833333492279053
2026-09-27 06:00:00+00:00,2026-09-27 13:00:00+00:00,7.0,7.74507474899292,7.0,7.166666507720947
2026-09-27 06:00:00+00:00,2026-09-27 14:00:00+00:00,8.0,8.663322448730469,8.0,7.333333492279053
2026-09-27 06:00:00+00:00,2026-09-27 15:00:00+00:00,9.0,8.467313766479492,7.0,5.5
2026-09-27 06:00:00+00:00,2026-09-27 16:00:00+00:00,10.0,7.197000026702881,5.0,4.0
2026-09-27 06:00:00+00:00,2026-09-27 17:00:00+00:00,11.0,5.829484462738037,4.0,3.3333332538604736
2026-09-27 06:00:00+00:00,2026-09-27 18:00:00+00:00,12.0,5.503747940063477,5.0,3.4000000953674316
2026-09-27 07:00:00+00:00,2026-09-27 08:00:00+00:00,1.0,4.795361042022705,5.0,4.800000190734863
2026-09-27 07:00:00+00:00,2026-09-27 09:00:00+00:00,2.0,5.12180757522583,4.0,4.625
2026-09-27 07:00:00+00:00,2026-09-27 10:00:00+00:00,3.0,5.407695293426514,4.0,4.75
2026-09-27 07:00:00+00:00,2026-09-27 11:00:00+00:00,4.0,5.822409629821777,5.0,6.800000190734863
2026-09-27 07:00:00+00:00,2026-09-27 12:00:00+00:00,5.0,6.699706077575684,6.0,6.833333492279053
2026-09-27 07:00:00+00:00,2026-09-27 13:00:00+00:00,6.0,7.651947498321533,7.0,7.166666507720947
2026-09-27 07:00:00+00:00,2026-09-27 14:00:00+00:00,7.0,7.9923176765441895,7.0,7.333333492279053
2026-09-27 07:00:00+00:00,2026-09-27 15:00:00+00:00,8.0,7.558542251586914,6.0,5.5
2026-09-27 07:00:00+00:00,2026-09-27 16:00:00+00:00,9.0,6.2628960609436035,4.0,4.0
2026-09-27 07:00:00+00:00,2026-09-27 17:00:00+00:00,10.0,5.4293107986450195,4.0,3.3333332538604736
2026-09-27 07:00:00+00:00,2026-09-27 18:00:00+00:00,11.0,5.197350025177002,5.0,3.4000000953674316
2026-09-27 07:00:00+00:00,2026-09-27 19:00:00+00:00,12.0,6.206502914428711,7.0,3.6666667461395264
2026-09-27 08:00:00+00:00,2026-09-27 09:00:00+00:00,1.0,5.525107383728027,4.0,4.625
2026-09-27 08:00:00+00:00,2026-09-27 10:00:00+00:00,2.0,5.533910751342773,4.0,4.75
2026-09-27 08:00:00+00:00,2026-09-27 11:00:00+00:00,3.0,5.861216068267822,5.0,6.800000190734863
2026-09-27 08:00:00+00:00,2026-09-27 12:00:00+00:00,4.0,6.20973539352417,5.0,6.833333492279053
2026-09-27 08:00:00+00:00,2026-09-27 13:00:00+00:00,5.0,6.874950408935547,6.0,7.166666507720947
2026-09-27 08:00:00+00:00,2026-09-27 14:00:00+00:00,6.0,7.596985816955566,7.0,7.333333492279053
2026-09-27 08:00:00+00:00,2026-09-27 15:00:00+00:00,7.0,6.737191677093506,5.0,5.5
2026-09-27 08:00:00+00:00,2026-09-27 16:00:00+00:00,8.0,5.889309883117676,4.0,4.0
2026-09-27 08:00:00+00:00,2026-09-27 17:00:00+00:00,9.0,4.522831916809082,3.0,3.3333332538604736
2026-09-27 08:00:00+00:00,2026-09-27 18:00:00+00:00,10.0,4.8044753074646,5.0,3.4000000953674316
2026-09-27 08:00:00+00:00,2026-09-27 19:00:00+00:00,11.0,5.582925796508789,6.0,3.6666667461395264
2026-09-27 08:00:00+00:00,2026-09-27 20:00:00+00:00,12.0,5.9421844482421875,6.0,4.333333492279053
2026-09-27 09:00:00+00:00,2026-09-27 10:00:00+00:00,1.0,5.053513050079346,4.0,4.75
2026-09-27 09:00:00+00:00,2026-09-27 11:00:00+00:00,2.0,5.9070634841918945,5.0,6.800000190734863
2026-09-27 09:00:00+00:00,2026-09-27 12:00:00+00:00,3.0,6.721842288970947,6.0,6.833333492279053
2026-09-27 09:00:00+00:00,2026-09-27 13:00:00+00:00,4.0,7.003564834594727,6.0,7.166666507720947
2026-09-27 09:00:00+00:00,2026-09-27 14:00:00+00:00,5.0,7.671250820159912,7.0,7.333333492279053
2026-09-27 09:00:00+00:00,2026-09-27 15:00:00+00:00,6.0,8.005407333374023,7.0,5.5
2026-09-27 09:00:00+00:00,2026-09-27 16:00:00+00:00,7.0,6.963324546813965,5.0,4.0
2026-09-27 09:00:00+00:00,2026-09-27 17:00:00+00:00,8.0,6.391812324523926,5.0,3.3333332538604736
2026-09-27 09:00:00+00:00,2026-09-27 18:00:00+00:00,9.0,5.790729522705078,5.0,3.4000000953674316
2026-09-27 09:00:00+00:00,2026-09-27 19:00:00+00:00,10.0,5.943856239318848,6.0,3.6666667461395264
2026-09-27 09:00:00+00:00,2026-09-27 20:00:00+00:00,11.0,7.395492076873779,9.0,4.333333492279053
2026-09-27 09:00:00+00:00,2026-09-27 21:00:00+00:00,12.0,7.181210041046143,6.0,3.4000000953674316
2026-09-27 10:00:00+00:00,2026-09-27 11:00:00+00:00,1.0,5.701156139373779,5.0,6.800000190734863
2026-09-27 10:00:00+00:00,2026-09-27 12:00:00+00:00,2.0,6.639313220977783,6.0,6.833333492279053
2026-09-27 10:00:00+00:00,2026-09-27 13:00:00+00:00,3.0,7.623669624328613,7.0,7.166666507720947
2026-09-27 10:00:00+00:00,2026-09-27 14:00:00+00:00,4.0,8.550785064697266,8.0,7.333333492279053
2026-09-27 10:00:00+00:00,2026-09-27 15:00:00+00:00,5.0,8.414095878601074,7.0,5.5
2026-09-27 10:00:00+00:00,2026-09-27 16:00:00+00:00,6.0,7.1944050788879395,5.0,4.0
2026-09-27 10:00:00+00:00,2026-09-27 17:00:00+00:00,7.0,5.862102031707764,4.0,3.3333332538604736
2026-09-27 10:00:00+00:00,2026-09-27 18:00:00+00:00,8.0,5.492893695831299,5.0,3.4000000953674316
2026-09-27 10:00:00+00:00,2026-09-27 19:00:00+00:00,9.0,5.946530818939209,6.0,3.6666667461395264
2026-09-27 10:00:00+00:00,2026-09-27 20:00:00+00:00,10.0,6.098171234130859,6.0,4.333333492279053
2026-09-27 10:00:00+00:00,2026-09-27 21:00:00+00:00,11.0,6.6179962158203125,6.0,3.4000000953674316
2026-09-27 10:00:00+00:00,2026-09-27 22:00:00+00:00,12.0,7.759527683258057,9.0,1.600000023841858
2026-09-27 11:00:00+00:00,2026-09-27 12:00:00+00:00,1.0,7.176181793212891,5.0,6.833333492279053
2026-09-27 11:00:00+00:00,2026-09-27 13:00:00+00:00,2.0,7.349496841430664,6.0,7.166666507720947
2026-09-27 11:00:00+00:00,2026-09-27 14:00:00+00:00,3.0,7.856650352478027,7.0,7.333333492279053
2026-09-27 11:00:00+00:00,2026-09-27 15:00:00+00:00,4.0,7.4627532958984375,6.0,5.5
2026-09-27 11:00:00+00:00,2026-09-27 16:00:00+00:00,5.0,5.629664897918701,3.0,4.0
2026-09-27 11:00:00+00:00,2026-09-27 17:00:00+00:00,6.0,5.154393672943115,4.0,3.3333332538604736
2026-09-27 11:00:00+00:00,2026-09-27 18:00:00+00:00,7.0,5.05446195602417,5.0,3.4000000953674316
2026-09-27 11:00:00+00:00,2026-09-27 19:00:00+00:00,8.0,5.6639909744262695,6.0,3.6666667461395264
2026-09-27 11:00:00+00:00,2026-09-27 20:00:00+00:00,9.0,5.526337623596191,5.0,4.333333492279053
2026-09-27 11:00:00+00:00,2026-09-27 21:00:00+00:00,10.0,6.36680269241333,6.0,3.4000000953674316
2026-09-27 11:00:00+00:00,2026-09-27 22:00:00+00:00,11.0,8.108969688415527,10.0,1.600000023841858
2026-09-27 11:00:00+00:00,2026-09-27 23:00:00+00:00,12.0,7.738724231719971,8.0,5.666666507720947
2026-09-27 12:00:00+00:00,2026-09-27 13:00:00+00:00,1.0,7.342044353485107,6.0,7.166666507720947
2026-09-27 12:00:00+00:00,2026-09-27 14:00:00+00:00,2.0,8.463689804077148,8.0,7.333333492279053
2026-09-27 12:00:00+00:00,2026-09-27 15:00:00+00:00,3.0,8.88609790802002,8.0,5.5
2026-09-27 12:00:00+00:00,2026-09-27 16:00:00+00:00,4.0,7.332766056060791,5.0,4.0
2026-09-27 12:00:00+00:00,2026-09-27 17:00:00+00:00,5.0,6.590389251708984,5.0,3.3333332538604736
2026-09-27 12:00:00+00:00,2026-09-27 18:00:00+00:00,6.0,5.85667085647583,5.0,3.4000000953674316
2026-09-27 12:00:00+00:00,2026-09-27 19:00:00+00:00,7.0,5.935856819152832,6.0,3.6666667461395264
2026-09-27 12:00:00+00:00,2026-09-27 20:00:00+00:00,8.0,6.146554946899414,6.0,4.333333492279053
2026-09-27 12:00:00+00:00,2026-09-27 21:00:00+00:00,9.0,7.086156368255615,7.0,3.4000000953674316
2026-09-27 12:00:00+00:00,2026-09-27 22:00:00+00:00,10.0,7.3642897605896,7.0,1.600000023841858
2026-09-27 12:00:00+00:00,2026-09-27 23:00:00+00:00,11.0,8.361336708068848,10.0,5.666666507720947
2026-09-27 12:00:00+00:00,2026-09-28 00:00:00+00:00,12.0,8.613059043884277,10.0,6.5
2026-09-27 13:00:00+00:00,2026-09-27 14:00:00+00:00,1.0,8.060395240783691,7.0,7.333333492279053
2026-09-27 13:00:00+00:00,2026-09-27 15:00:00+00:00,2.0,8.192973136901855,7.0,5.5
2026-09-27 13:00:00+00:00,2026-09-27 16:00:00+00:00,3.0,7.0081634521484375,5.0,4.0
2026-09-27 13:00:00+00:00,2026-09-27 17:00:00+00:00,4.0,5.816342353820801,4.0,3.3333332538604736
2026-09-27 13:00:00+00:00,2026-09-27 18:00:00+00:00,5.0,6.028959274291992,6.0,3.4000000953674316
2026-09-27 13:00:00+00:00,2026-09-27 19:00:00+00:00,6.0,6.755440711975098,7.0,3.6666667461395264
2026-09-27 13:00:00+00:00,2026-09-27 20:00:00+00:00,7.0,5.473283767700195,4.0,4.333333492279053
2026-09-27 13:00:00+00:00,2026-09-27 21:00:00+00:00,8.0,5.963710784912109,5.0,3.4000000953674316
2026-09-27 13:00:00+00:00,2026-09-27 22:00:00+00:00,9.0,5.845251560211182,5.0,1.600000023841858
2026-09-27 13:00:00+00:00,2026-09-27 23:00:00+00:00,10.0,7.821145534515381,11.0,5.666666507720947
2026-09-27 13:00:00+00:00,2026-09-28 00:00:00+00:00,11.0,8.163482666015625,9.0,6.5
2026-09-27 13:00:00+00:00,2026-09-28 01:00:00+00:00,12.0,8.75556468963623,10.0,5.199999809265137
2026-09-27 14:00:00+00:00,2026-09-27 15:00:00+00:00,1.0,7.471524238586426,6.0,5.5
2026-09-27 14:00:00+00:00,2026-09-27 16:00:00+00:00,2.0,6.224416732788086,4.0,4.0
2026-09-27 14:00:00+00:00,2026-09-27 17:00:00+00:00,3.0,5.476990222930908,4.0,3.3333332538604736
2026-09-27 14:00:00+00:00,2026-09-27 18:00:00+00:00,4.0,5.872514724731445,6.0,3.4000000953674316
2026-09-27 14:00:00+00:00,2026-09-27 19:00:00+00:00,5.0,6.0052337646484375,6.0,3.6666667461395264
2026-09-27 14:00:00+00:00,2026-09-27 20:00:00+00:00,6.0,5.645846843719482,5.0,4.333333492279053
2026-09-27 14:00:00+00:00,2026-09-27 21:00:00+00:00,7.0,5.812130451202393,5.0,3.4000000953674316
2026-09-27 14:00:00+00:00,2026-09-27 22:00:00+00:00,8.0,6.1797614097595215,6.0,1.600000023841858
2026-09-27 14:00:00+00:00,2026-09-27 23:00:00+00:00,9.0,7.445297718048096,9.0,5.666666507720947
2026-09-27 14:00:00+00:00,2026-09-28 00:00:00+00:00,10.0,7.415570259094238,8.0,6.5
2026-09-27 14:00:00+00:00,2026-09-28 01:00:00+00:00,11.0,7.704249382019043,8.0,5.199999809265137
2026-09-27 14:00:00+00:00,2026-09-28 02:00:00+00:00,12.0,7.701892852783203,8.0,3.5
2026-09-27 15:00:00+00:00,2026-09-27 16:00:00+00:00,1.0,5.72086238861084,5.0,4.0
2026-09-27 15:00:00+00:00,2026-09-27 17:00:00+00:00,2.0,5.927494525909424,5.0,3.3333332538604736
2026-09-27 15:00:00+00:00,2026-09-27 18:00:00+00:00,3.0,5.455218315124512,5.0,3.4000000953674316
2026-09-27 15:00:00+00:00,2026-09-27 19:00:00+00:00,4.0,5.17571496963501,5.0,3.6666667461395264
2026-09-27 15:00:00+00:00,2026-09-27 20:00:00+00:00,5.0,4.6717987060546875,4.0,4.333333492279053
2026-09-27 15:00:00+00:00,2026-09-27 21:00:00+00:00,6.0,5.423273086547852,5.0,3.4000000953674316
2026-09-27 15:00:00+00:00,2026-09-27 22:00:00+00:00,7.0,5.520636558532715,5.0,1.600000023841858
2026-09-27 15:00:00+00:00,2026-09-27 23:00:00+00:00,8.0,6.610109806060791,8.0,5.666666507720947
2026-09-27 15:00:00+00:00,2026-09-28 00:00:00+00:00,9.0,7.0905303955078125,8.0,6.5
2026-09-27 15:00:00+00:00,2026-09-28 01:00:00+00:00,10.0,7.128097057342529,8.0,5.199999809265137
2026-09-27 15:00:00+00:00,2026-09-28 02:00:00+00:00,11.0,7.333977699279785,7.0,3.5
2026-09-27 15:00:00+00:00,2026-09-28 03:00:00+00:00,12.0,6.672767639160156,6.0,6.5
2026-09-27 16:00:00+00:00,2026-09-27 17:00:00+00:00,1.0,4.311441421508789,4.0,3.3333332538604736
2026-09-27 16:00:00+00:00,2026-09-27 18:00:00+00:00,2.0,5.425074577331543,6.0,3.4000000953674316
2026-09-27 16:00:00+00:00,2026-09-27 19:00:00+00:00,3.0,5.833662509918213,6.0,3.6666667461395264
2026-09-27 16:00:00+00:00,2026-09-27 20:00:00+00:00,4.0,5.071970462799072,4.0,4.333333492279053
2026-09-27 16:00:00+00:00,2026-09-27 21:00:00+00:00,5.0,5.149947166442871,4.0,3.4000000953674316
2026-09-27 16:00:00+00:00,2026-09-27 22:00:00+00:00,6.0,5.108971118927002,4.0,1.600000023841858
2026-09-27 16:00:00+00:00,2026-09-27 23:00:00+00:00,7.0,5.979206562042236,7.0,5.666666507720947
2026-09-27 16:00:00+00:00,2026-09-28 00:00:00+00:00,8.0,6.419310092926025,7.0,6.5
2026-09-27 16:00:00+00:00,2026-09-28 01:00:00+00:00,9.0,7.311715602874756,8.0,5.199999809265137
2026-09-27 16:00:00+00:00,2026-09-28 02:00:00+00:00,10.0,7.496211051940918,8.0,3.5
2026-09-27 16:00:00+00:00,2026-09-28 03:00:00+00:00,11.0,6.622212886810303,7.0,6.5
2026-09-27 16:00:00+00:00,2026-09-28 04:00:00+00:00,12.0,5.591860771179199,6.0,6.199999809265137
2026-09-27 17:00:00+00:00,2026-09-27 18:00:00+00:00,1.0,4.374764919281006,6.0,3.4000000953674316
2026-09-27 17:00:00+00:00,2026-09-27 19:00:00+00:00,2.0,5.10455322265625,6.0,3.6666667461395264
2026-09-27 17:00:00+00:00,2026-09-27 20:00:00+00:00,3.0,5.127900123596191,5.0,4.333333492279053
2026-09-27 17:00:00+00:00,2026-09-27 21:00:00+00:00,4.0,4.870382308959961,4.0,3.4000000953674316
2026-09-27 17:00:00+00:00,2026-09-27 22:00:00+00:00,5.0,6.124889373779297,7.0,1.600000023841858
2026-09-27 17:00:00+00:00,2026-09-27 23:00:00+00:00,6.0,6.913727760314941,8.0,5.666666507720947
2026-09-27 17:00:00+00:00,2026-09-28 00:00:00+00:00,7.0,7.491837978363037,9.0,6.5
2026-09-27 17:00:00+00:00,2026-09-28 01:00:00+00:00,8.0,7.6716837882995605,8.0,5.199999809265137
2026-09-27 17:00:00+00:00,2026-09-28 02:00:00+00:00,9.0,7.383172035217285,7.0,3.5
2026-09-27 17:00:00+00:00,2026-09-28 03:00:00+00:00,10.0,6.587981700897217,6.0,6.5
2026-09-27 17:00:00+00:00,2026-09-28 04:00:00+00:00,11.0,6.5826849937438965,6.0,6.199999809265137
2026-09-27 17:00:00+00:00,2026-09-28 05:00:00+00:00,12.0,5.072763919830322,4.0,4.5
2026-09-27 18:00:00+00:00,2026-09-27 19:00:00+00:00,1.0,3.56642484664917,5.0,3.6666667461395264
2026-09-27 18:00:00+00:00,2026-09-27 20:00:00+00:00,2.0,4.244560241699219,5.0,4.333333492279053
2026-09-27 18:00:00+00:00,2026-09-27 21:00:00+00:00,3.0,4.554510593414307,4.0,3.4000000953674316
2026-09-27 18:00:00+00:00,2026-09-27 22:00:00+00:00,4.0,4.863945007324219,4.0,1.600000023841858
2026-09-27 18:00:00+00:00,2026-09-27 23:00:00+00:00,5.0,5.861700057983398,6.0,5.666666507720947
2026-09-27 18:00:00+00:00,2026-09-28 00:00:00+00:00,6.0,7.133925914764404,9.0,6.5
2026-09-27 18:00:00+00:00,2026-09-28 01:00:00+00:00,7.0,6.645018577575684,6.0,5.199999809265137
2026-09-27 18:00:00+00:00,2026-09-28 02:00:00+00:00,8.0,7.664177417755127,8.0,3.5
2026-09-27 18:00:00+00:00,2026-09-28 03:00:00+00:00,9.0,6.805810451507568,6.0,6.5
2026-09-27 18:00:00+00:00,2026-09-28 04:00:00+00:00,10.0,6.2896528244018555,6.0,6.199999809265137
2026-09-27 18:00:00+00:00,2026-09-28 05:00:00+00:00,11.0,4.934089183807373,4.0,4.5
2026-09-27 18:00:00+00:00,2026-09-28 06:00:00+00:00,12.0,4.941678524017334,5.0,5.5
2026-09-27 19:00:00+00:00,2026-09-27 20:00:00+00:00,1.0,4.079002857208252,5.0,4.333333492279053
2026-09-27 19:00:00+00:00,2026-09-27 21:00:00+00:00,2.0,4.361763000488281,4.0,3.4000000953674316
2026-09-27 19:00:00+00:00,2026-09-27 22:00:00+00:00,3.0,4.155337333679199,3.0,1.600000023841858
2026-09-27 19:00:00+00:00,2026-09-27 23:00:00+00:00,4.0,3.449345588684082,2.0,5.666666507720947
2026-09-27 19:00:00+00:00,2026-09-28 00:00:00+00:00,5.0,4.2518510818481445,4.0,6.5
2026-09-27 19:00:00+00:00,2026-09-28 01:00:00+00:00,6.0,4.819204330444336,4.0,5.199999809265137
2026-09-27 19:00:00+00:00,2026-09-28 02:00:00+00:00,7.0,5.722435474395752,5.0,3.5
2026-09-27 19:00:00+00:00,2026-09-28 03:00:00+00:00,8.0,6.771524429321289,7.0,6.5
2026-09-27 19:00:00+00:00,2026-09-28 04:00:00+00:00,9.0,6.229588508605957,7.0,6.199999809265137
2026-09-27 19:00:00+00:00,2026-09-28 05:00:00+00:00,10.0,4.5024189949035645,4.0,4.5
2026-09-27 19:00:00+00:00,2026-09-28 06:00:00+00:00,11.0,5.2845869064331055,5.0,5.5
2026-09-27 19:00:00+00:00,2026-09-28 07:00:00+00:00,12.0,4.535388469696045,4.0,6.0
2026-09-27 20:00:00+00:00,2026-09-27 21:00:00+00:00,1.0,4.445218563079834,4.0,3.4000000953674316
2026-09-27 20:00:00+00:00,2026-09-27 22:00:00+00:00,2.0,4.860257625579834,4.0,1.600000023841858
2026-09-27 20:00:00+00:00,2026-09-27 23:00:00+00:00,3.0,5.498322486877441,6.0,5.666666507720947
2026-09-27 20:00:00+00:00,2026-09-28 00:00:00+00:00,4.0,6.419734001159668,8.0,6.5
2026-09-27 20:00:00+00:00,2026-09-28 01:00:00+00:00,5.0,6.366934776306152,6.0,5.199999809265137
2026-09-27 20:00:00+00:00,2026-09-28 02:00:00+00:00,6.0,6.72254753112793,6.0,3.5
2026-09-27 20:00:00+00:00,2026-09-28 03:00:00+00:00,7.0,6.583199501037598,5.0,6.5
2026-09-27 20:00:00+00:00,2026-09-28 04:00:00+00:00,8.0,6.244579315185547,5.0,6.199999809265137
2026-09-27 20:00:00+00:00,2026-09-28 05:00:00+00:00,9.0,6.2182769775390625,6.0,4.5
2026-09-27 20:00:00+00:00,2026-09-28 06:00:00+00:00,10.0,5.4241132736206055,4.0,5.5
2026-09-27 20:00:00+00:00,2026-09-28 07:00:00+00:00,11.0,4.131596565246582,1.0,6.0
2026-09-27 20:00:00+00:00,2026-09-28 08:00:00+00:00,12.0,5.433177471160889,4.0,6.199999809265137
2026-09-27 21:00:00+00:00,2026-09-27 22:00:00+00:00,1.0,4.407962322235107,5.0,1.600000023841858
2026-09-27 21:00:00+00:00,2026-09-27 23:00:00+00:00,2.0,6.012572765350342,7.0,5.666666507720947
2026-09-27 21:00:00+00:00,2026-09-28 00:00:00+00:00,3.0,6.387880325317383,7.0,6.5
2026-09-27 21:00:00+00:00,2026-09-28 01:00:00+00:00,4.0,6.048405647277832,5.0,5.199999809265137
2026-09-27 21:00:00+00:00,2026-09-28 02:00:00+00:00,5.0,6.592887878417969,5.0,3.5
2026-09-27 21:00:00+00:00,2026-09-28 03:00:00+00:00,6.0,6.724797248840332,5.0,6.5
2026-09-27 21:00:00+00:00,2026-09-28 04:00:00+00:00,7.0,7.715007781982422,7.0,6.199999809265137
2026-09-27 21:00:00+00:00,2026-09-28 05:00:00+00:00,8.0,6.59158182144165,5.0,4.5
2026-09-27 21:00:00+00:00,2026-09-28 06:00:00+00:00,9.0,6.021570205688477,4.0,5.5
2026-09-27 21:00:00+00:00,2026-09-28 07:00:00+00:00,10.0,6.419452667236328,4.0,6.0
2026-09-27 21:00:00+00:00,2026-09-28 08:00:00+00:00,11.0,6.154314994812012,4.0,6.199999809265137
2026-09-27 21:00:00+00:00,2026-09-28 09:00:00+00:00,12.0,6.35105562210083,5.0,6.199999809265137
2026-09-27 22:00:00+00:00,2026-09-27 23:00:00+00:00,1.0,3.716998338699341,7.0,5.666666507720947
2026-09-27 22:00:00+00:00,2026-09-28 00:00:00+00:00,2.0,5.17607307434082,7.0,6.5
2026-09-27 22:00:00+00:00,2026-09-28 01:00:00+00:00,3.0,5.417560577392578,5.0,5.199999809265137
2026-09-27 22:00:00+00:00,2026-09-28 02:00:00+00:00,4.0,6.124302864074707,5.0,3.5
2026-09-27 22:00:00+00:00,2026-09-28 03:00:00+00:00,5.0,6.432149410247803,5.0,6.5
2026-09-27 22:00:00+00:00,2026-09-28 04:00:00+00:00,6.0,7.520506858825684,7.0,6.199999809265137
2026-09-27 22:00:00+00:00,2026-09-28 05:00:00+00:00,7.0,6.494007110595703,5.0,4.5
2026-09-27 22:00:00+00:00,2026-09-28 06:00:00+00:00,8.0,5.948606491088867,4.0,5.5
2026-09-27 22:00:00+00:00,2026-09-28 07:00:00+00:00,9.0,6.371047019958496,4.0,6.0
2026-09-27 22:00:00+00:00,2026-09-28 08:00:00+00:00,10.0,6.129392147064209,4.0,6.199999809265137
2026-09-27 22:00:00+00:00,2026-09-28 09:00:00+00:00,11.0,6.337381839752197,5.0,6.199999809265137
2026-09-27 22:00:00+00:00,2026-09-28 10:00:00+00:00,12.0,5.850241184234619,4.0,7.400000095367432
2026-09-27 23:00:00+00:00,2026-09-28 00:00:00+00:00,1.0,6.34058141708374,7.0,6.5
2026-09-27 23:00:00+00:00,2026-09-28 01:00:00+00:00,2.0,5.94078254699707,5.0,5.199999809265137
2026-09-27 23:00:00+00:00,2026-09-28 02:00:00+00:00,3.0,6.508148193359375,5.0,3.5
2026-09-27 23:00:00+00:00,2026-09-28 03:00:00+00:00,4.0,6.680108070373535,5.0,6.5
2026-09-27 23:00:00+00:00,2026-09-28 04:00:00+00:00,5.0,7.691125869750977,7.0,6.199999809265137
2026-09-27 23:00:00+00:00,2026-09-28 05:00:00+00:00,6.0,6.578903675079346,5.0,4.5
2026-09-27 23:00:00+00:00,2026-09-28 06:00:00+00:00,7.0,6.011446952819824,4.0,5.5
2026-09-27 23:00:00+00:00,2026-09-28 07:00:00+00:00,8.0,6.41301965713501,4.0,6.0
2026-09-27 23:00:00+00:00,2026-09-28 08:00:00+00:00,9.0,6.151082992553711,4.0,6.199999809265137
2026-09-27 23:00:00+00:00,2026-09-28 09:00:00+00:00,10.0,6.349258899688721,5.0,6.199999809265137
2026-09-27 23:00:00+00:00,2026-09-28 10:00:00+00:00,11.0,5.858555793762207,4.0,7.400000095367432
2026-09-27 23:00:00+00:00,2026-09-28 11:00:00+00:00,12.0,5.552628993988037,4.0,3.0
2026-09-28 00:00:00+00:00,2026-09-28 01:00:00+00:00,1.0,6.2128729820251465,5.0,5.199999809265137
2026-09-28 00:00:00+00:00,2026-09-28 02:00:00+00:00,2.0,6.751377105712891,5.0,3.5
2026-09-28 00:00:00+00:00,2026-09-28 03:00:00+00:00,3.0,6.813088893890381,5.0,6.5
2026-09-28 00:00:00+00:00,2026-09-28 04:00:00+00:00,4.0,7.755075931549072,7.0,6.199999809265137
2026-09-28 00:00:00+00:00,2026-09-28 05:00:00+00:00,5.0,6.611878871917725,5.0,4.5
2026-09-28 00:00:00+00:00,2026-09-28 06:00:00+00:00,6.0,6.038756370544434,4.0,5.5
2026-09-28 00:00:00+00:00,2026-09-28 07:00:00+00:00,7.0,6.430438041687012,4.0,6.0
2026-09-28 00:00:00+00:00,2026-09-28 08:00:00+00:00,8.0,6.159778118133545,4.0,6.199999809265137
2026-09-28 00:00:00+00:00,2026-09-28 09:00:00+00:00,9.0,6.354084014892578,5.0,6.199999809265137
2026-09-28 00:00:00+00:00,2026-09-28 10:00:00+00:00,10.0,5.8619704246521,4.0,7.400000095367432
2026-09-28 00:00:00+00:00,2026-09-28 11:00:00+00:00,11.0,5.554872989654541,4.0,3.0
2026-09-28 00:00:00+00:00,2026-09-28 12:00:00+00:00,12.0,4.897763729095459,4.0,4.25
2026-09-28 01:00:00+00:00,2026-09-28 02:00:00+00:00,1.0,6.356369972229004,5.0,3.5
2026-09-28 01:00:00+00:00,2026-09-28 03:00:00+00:00,2.0,6.7627272605896,5.0,6.5
2026-09-28 01:00:00+00:00,2026-09-28 04:00:00+00:00,3.0,7.699289798736572,7.0,6.199999809265137
2026-09-28 01:00:00+00:00,2026-09-28 05:00:00+00:00,4.0,6.565448760986328,5.0,4.5
2026-09-28 01:00:00+00:00,2026-09-28 06:00:00+00:00,5.0,6.011666297912598,4.0,5.5
2026-09-28 01:00:00+00:00,2026-09-28 07:00:00+00:00,6.0,6.414992809295654,4.0,6.0
2026-09-28 01:00:00+00:00,2026-09-28 08:00:00+00:00,7.0,6.151289463043213,4.0,6.199999809265137
2026-09-28 01:00:00+00:00,2026-09-28 09:00:00+00:00,8.0,6.349140644073486,5.0,6.199999809265137
2026-09-28 01:00:00+00:00,2026-09-28 10:00:00+00:00,9.0,5.858628749847412,4.0,7.400000095367432
2026-09-28 01:00:00+00:00,2026-09-28 11:00:00+00:00,10.0,5.552698135375977,4.0,3.0
2026-09-28 01:00:00+00:00,2026-09-28 12:00:00+00:00,11.0,4.8962883949279785,4.0,4.25
2026-09-28 01:00:00+00:00,2026-09-28 13:00:00+00:00,12.0,4.002383708953857,4.0,5.5
2026-09-28 02:00:00+00:00,2026-09-28 03:00:00+00:00,1.0,4.981560230255127,5.0,6.5
2026-09-28 02:00:00+00:00,2026-09-28 04:00:00+00:00,2.0,6.7149152755737305,7.0,6.199999809265137
2026-09-28 02:00:00+00:00,2026-09-28 05:00:00+00:00,3.0,6.035236358642578,5.0,4.5
2026-09-28 02:00:00+00:00,2026-09-28 06:00:00+00:00,4.0,5.595280170440674,4.0,5.5
2026-09-28 02:00:00+00:00,2026-09-28 07:00:00+00:00,5.0,6.133920669555664,4.0,6.0
2026-09-28 02:00:00+00:00,2026-09-28 08:00:00+00:00,6.0,6.005410194396973,4.0,6.199999809265137
2026-09-28 02:00:00+00:00,2026-09-28 09:00:00+00:00,7.0,6.272247791290283,5.0,6.199999809265137
2026-09-28 02:00:00+00:00,2026-09-28 10:00:00+00:00,8.0,5.804465293884277,4.0,7.400000095367432
2026-09-28 02:00:00+00:00,2026-09-28 11:00:00+00:00,9.0,5.517079830169678,4.0,3.0
2026-09-28 02:00:00+00:00,2026-09-28 12:00:00+00:00,10.0,4.872322082519531,4.0,4.25
2026-09-28 02:00:00+00:00,2026-09-28 13:00:00+00:00,11.0,3.9901018142700195,4.0,5.5
2026-09-28 02:00:00+00:00,2026-09-28 14:00:00+00:00,12.0,4.088537693023682,5.0,7.0
2026-09-28 03:00:00+00:00,2026-09-28 04:00:00+00:00,1.0,7.838526725769043,7.0,6.199999809265137
2026-09-28 03:00:00+00:00,2026-09-28 05:00:00+00:00,2.0,6.603245258331299,5.0,4.5
2026-09-28 03:00:00+00:00,2026-09-28 06:00:00+00:00,3.0,5.988866329193115,4.0,5.5
2026-09-28 03:00:00+00:00,2026-09-28 07:00:00+00:00,4.0,6.411499500274658,4.0,6.0
2026-09-28 03:00:00+00:00,2026-09-28 08:00:00+00:00,5.0,6.155078411102295,4.0,6.199999809265137
2026-09-28 03:00:00+00:00,2026-09-28 09:00:00+00:00,6.0,6.350383758544922,5.0,6.199999809265137
2026-09-28 03:00:00+00:00,2026-09-28 10:00:00+00:00,7.0,5.858774662017822,4.0,7.400000095367432
2026-09-28 03:00:00+00:00,2026-09-28 11:00:00+00:00,8.0,5.553051948547363,4.0,3.0
2026-09-28 03:00:00+00:00,2026-09-28 12:00:00+00:00,9.0,4.896614074707031,4.0,4.25
2026-09-28 03:00:00+00:00,2026-09-28 13:00:00+00:00,10.0,4.002580165863037,4.0,5.5
2026-09-28 03:00:00+00:00,2026-09-28 14:00:00+00:00,11.0,4.094813346862793,5.0,7.0
2026-09-28 03:00:00+00:00,2026-09-28 15:00:00+00:00,12.0,4.189367294311523,5.0,7.0
2026-09-28 04:00:00+00:00,2026-09-28 05:00:00+00:00,1.0,5.7383294105529785,5.0,4.5
2026-09-28 04:00:00+00:00,2026-09-28 06:00:00+00:00,2.0,5.753127574920654,4.0,5.5
2026-09-28 04:00:00+00:00,2026-09-28 07:00:00+00:00,3.0,6.159807205200195,4.0,6.0
2026-09-28 04:00:00+00:00,2026-09-28 08:00:00+00:00,4.0,5.982034683227539,4.0,6.199999809265137
2026-09-28 04:00:00+00:00,2026-09-28 09:00:00+00:00,5.0,6.263962745666504,5.0,6.199999809265137
2026-09-28 04:00:00+00:00,2026-09-28 10:00:00+00:00,6.0,5.803560733795166,4.0,7.400000095367432
2026-09-28 04:00:00+00:00,2026-09-28 11:00:00+00:00,7.0,5.515924453735352,4.0,3.0
2026-09-28 04:00:00+00:00,2026-09-28 12:00:00+00:00,8.0,4.871041774749756,4.0,4.25
2026-09-28 04:00:00+00:00,2026-09-28 13:00:00+00:00,9.0,3.989315986633301,4.0,5.5
2026-09-28 04:00:00+00:00,2026-09-28 14:00:00+00:00,10.0,4.08820104598999,5.0,7.0
2026-09-28 04:00:00+00:00,2026-09-28 15:00:00+00:00,11.0,4.185205936431885,5.0,7.0
2026-09-28 04:00:00+00:00,2026-09-28 16:00:00+00:00,12.0,5.337124824523926,7.0,6.0
2026-09-28 05:00:00+00:00,2026-09-28 06:00:00+00:00,1.0,5.133579730987549,4.0,5.5
2026-09-28 05:00:00+00:00,2026-09-28 07:00:00+00:00,2.0,6.036581039428711,4.0,6.0
2026-09-28 05:00:00+00:00,2026-09-28 08:00:00+00:00,3.0,5.880952835083008,4.0,6.199999809265137
2026-09-28 05:00:00+00:00,2026-09-28 09:00:00+00:00,4.0,6.185906887054443,5.0,6.199999809265137
2026-09-28 05:00:00+00:00,2026-09-28 10:00:00+00:00,5.0,5.759646415710449,4.0,7.400000095367432
2026-09-28 05:00:00+00:00,2026-09-28 11:00:00+00:00,6.0,5.492379188537598,4.0,3.0
2026-09-28 05:00:00+00:00,2026-09-28 12:00:00+00:00,7.0,4.854828834533691,4.0,4.25
2026-09-28 05:00:00+00:00,2026-09-28 13:00:00+00:00,8.0,3.9797186851501465,4.0,5.5
2026-09-28 05:00:00+00:00,2026-09-28 14:00:00+00:00,9.0,4.08369779586792,5.0,7.0
2026-09-28 05:00:00+00:00,2026-09-28 15:00:00+00:00,10.0,4.182450294494629,5.0,7.0
2026-09-28 05:00:00+00:00,2026-09-28 16:00:00+00:00,11.0,5.335638999938965,7.0,6.0
2026-09-28 05:00:00+00:00,2026-09-28 17:00:00+00:00,12.0,6.238735198974609,8.0,5.166666507720947
2026-09-28 06:00:00+00:00,2026-09-28 07:00:00+00:00,1.0,6.5461297035217285,6.0,6.0
2026-09-28 06:00:00+00:00,2026-09-28 08:00:00+00:00,2.0,7.100471496582031,6.0,6.199999809265137
2026-09-28 06:00:00+00:00,2026-09-28 09:00:00+00:00,3.0,5.2011003494262695,3.0,6.199999809265137
2026-09-28 06:00:00+00:00,2026-09-28 10:00:00+00:00,4.0,4.566451549530029,3.0,7.400000095367432
2026-09-28 06:00:00+00:00,2026-09-28 11:00:00+00:00,5.0,4.27736759185791,4.0,3.0
2026-09-28 06:00:00+00:00,2026-09-28 12:00:00+00:00,6.0,4.440890789031982,5.0,4.25
2026-09-28 06:00:00+00:00,2026-09-28 13:00:00+00:00,7.0,4.79494047164917,6.0,5.5
2026-09-28 06:00:00+00:00,2026-09-28 14:00:00+00:00,8.0,5.106743335723877,6.0,7.0
2026-09-28 06:00:00+00:00,2026-09-28 15:00:00+00:00,9.0,6.375595569610596,8.0,7.0
2026-09-28 06:00:00+00:00,2026-09-28 16:00:00+00:00,10.0,7.254691123962402,9.0,6.0
2026-09-28 06:00:00+00:00,2026-09-28 17:00:00+00:00,11.0,7.120168209075928,8.0,5.166666507720947
2026-09-28 06:00:00+00:00,2026-09-28 18:00:00+00:00,12.0,7.525473117828369,9.0,5.25
2026-09-28 07:00:00+00:00,2026-09-28 08:00:00+00:00,1.0,6.8143134117126465,6.0,6.199999809265137
2026-09-28 07:00:00+00:00,2026-09-28 09:00:00+00:00,2.0,6.055840969085693,5.0,6.199999809265137
2026-09-28 07:00:00+00:00,2026-09-28 10:00:00+00:00,3.0,4.86237096786499,5.0,7.400000095367432
2026-09-28 07:00:00+00:00,2026-09-28 11:00:00+00:00,4.0,4.538522243499756,5.0,3.0
2026-09-28 07:00:00+00:00,2026-09-28 12:00:00+00:00,5.0,4.577333927154541,5.0,4.25
2026-09-28 07:00:00+00:00,2026-09-28 13:00:00+00:00,6.0,4.989447593688965,6.0,5.5
2026-09-28 07:00:00+00:00,2026-09-28 14:00:00+00:00,7.0,5.627326488494873,7.0,7.0
2026-09-28 07:00:00+00:00,2026-09-28 15:00:00+00:00,8.0,5.860474586486816,7.0,7.0
2026-09-28 07:00:00+00:00,2026-09-28 16:00:00+00:00,9.0,6.098825454711914,7.0,6.0
2026-09-28 07:00:00+00:00,2026-09-28 17:00:00+00:00,10.0,6.667034149169922,8.0,5.166666507720947
2026-09-28 07:00:00+00:00,2026-09-28 18:00:00+00:00,11.0,6.237675666809082,7.0,5.25
2026-09-28 07:00:00+00:00,2026-09-28 19:00:00+00:00,12.0,7.709019184112549,10.0,8.285714149475098
2026-09-28 08:00:00+00:00,2026-09-28 09:00:00+00:00,1.0,6.57588005065918,5.0,6.199999809265137
2026-09-28 08:00:00+00:00,2026-09-28 10:00:00+00:00,2.0,5.715826511383057,5.0,7.400000095367432
2026-09-28 08:00:00+00:00,2026-09-28 11:00:00+00:00,3.0,5.076592445373535,5.0,3.0
2026-09-28 08:00:00+00:00,2026-09-28 12:00:00+00:00,4.0,4.101165294647217,4.0,4.25
2026-09-28 08:00:00+00:00,2026-09-28 13:00:00+00:00,5.0,4.594692230224609,5.0,5.5
2026-09-28 08:00:00+00:00,2026-09-28 14:00:00+00:00,6.0,5.6846513748168945,7.0,7.0
2026-09-28 08:00:00+00:00,2026-09-28 15:00:00+00:00,7.0,6.468155860900879,8.0,7.0
2026-09-28 08:00:00+00:00,2026-09-28 16:00:00+00:00,8.0,6.2402143478393555,7.0,6.0
2026-09-28 08:00:00+00:00,2026-09-28 17:00:00+00:00,9.0,5.693772792816162,6.0,5.166666507720947
2026-09-28 08:00:00+00:00,2026-09-28 18:00:00+00:00,10.0,5.891396522521973,7.0,5.25
2026-09-28 08:00:00+00:00,2026-09-28 19:00:00+00:00,11.0,6.926403522491455,9.0,8.285714149475098
2026-09-28 08:00:00+00:00,2026-09-28 20:00:00+00:00,12.0,7.875202655792236,10.0,6.5
2026-09-28 09:00:00+00:00,2026-09-28 10:00:00+00:00,1.0,5.833327293395996,6.0,7.400000095367432
2026-09-28 09:00:00+00:00,2026-09-28 11:00:00+00:00,2.0,5.232606410980225,5.0,3.0
2026-09-28 09:00:00+00:00,2026-09-28 12:00:00+00:00,3.0,5.18283748626709,6.0,4.25
2026-09-28 09:00:00+00:00,2026-09-28 13:00:00+00:00,4.0,3.4647655487060547,3.0,5.5
2026-09-28 09:00:00+00:00,2026-09-28 14:00:00+00:00,5.0,3.8695006370544434,4.0,7.0
2026-09-28 09:00:00+00:00,2026-09-28 15:00:00+00:00,6.0,4.755366325378418,6.0,7.0
2026-09-28 09:00:00+00:00,2026-09-28 16:00:00+00:00,7.0,5.565871238708496,7.0,6.0
2026-09-28 09:00:00+00:00,2026-09-28 17:00:00+00:00,8.0,6.321120262145996,8.0,5.166666507720947
2026-09-28 09:00:00+00:00,2026-09-28 18:00:00+00:00,9.0,7.7641730308532715,10.0,5.25
2026-09-28 09:00:00+00:00,2026-09-28 19:00:00+00:00,10.0,7.639899730682373,9.0,8.285714149475098
2026-09-28 09:00:00+00:00,2026-09-28 20:00:00+00:00,11.0,7.617924213409424,9.0,6.5
2026-09-28 09:00:00+00:00,2026-09-28 21:00:00+00:00,12.0,7.520069122314453,9.0,7.400000095367432
2026-09-28 10:00:00+00:00,2026-09-28 11:00:00+00:00,1.0,6.498566150665283,6.0,3.0
2026-09-28 10:00:00+00:00,2026-09-28 12:00:00+00:00,2.0,5.437453269958496,5.0,4.25
2026-09-28 10:00:00+00:00,2026-09-28 13:00:00+00:00,3.0,5.329553127288818,6.0,5.5
2026-09-28 10:00:00+00:00,2026-09-28 14:00:00+00:00,4.0,4.629272937774658,5.0,7.0
2026-09-28 10:00:00+00:00,2026-09-28 15:00:00+00:00,5.0,4.5606513023376465,5.0,7.0
2026-09-28 10:00:00+00:00,2026-09-28 16:00:00+00:00,6.0,3.859236478805542,4.0,6.0
2026-09-28 10:00:00+00:00,2026-09-28 17:00:00+00:00,7.0,4.157151699066162,5.0,5.166666507720947
2026-09-28 10:00:00+00:00,2026-09-28 18:00:00+00:00,8.0,4.085691928863525,5.0,5.25
2026-09-28 10:00:00+00:00,2026-09-28 19:00:00+00:00,9.0,5.0910139083862305,7.0,8.285714149475098
2026-09-28 10:00:00+00:00,2026-09-28 20:00:00+00:00,10.0,5.406316757202148,7.0,6.5
2026-09-28 10:00:00+00:00,2026-09-28 21:00:00+00:00,11.0,6.200276851654053,8.0,7.400000095367432
2026-09-28 10:00:00+00:00,2026-09-28 22:00:00+00:00,12.0,6.832350254058838,9.0,7.199999809265137
2026-09-28 11:00:00+00:00,2026-09-28 12:00:00+00:00,1.0,2.0168697834014893,3.0,4.25
2026-09-28 11:00:00+00:00,2026-09-28 13:00:00+00:00,2.0,5.047901153564453,7.0,5.5
2026-09-28 11:00:00+00:00,2026-09-28 14:00:00+00:00,3.0,6.281139850616455,8.0,7.0
2026-09-28 11:00:00+00:00,2026-09-28 15:00:00+00:00,4.0,6.240593433380127,7.0,7.0
2026-09-28 11:00:00+00:00,2026-09-28 16:00:00+00:00,5.0,6.155912399291992,7.0,6.0
2026-09-28 11:00:00+00:00,2026-09-28 17:00:00+00:00,6.0,6.620245933532715,8.0,5.166666507720947
2026-09-28 11:00:00+00:00,2026-09-28 18:00:00+00:00,7.0,6.20285177230835,7.0,5.25
2026-09-28 11:00:00+00:00,2026-09-28 19:00:00+00:00,8.0,6.105848789215088,7.0,8.285714149475098
2026-09-28 11:00:00+00:00,2026-09-28 20:00:00+00:00,9.0,5.7813005447387695,7.0,6.5
2026-09-28 11:00:00+00:00,2026-09-28 21:00:00+00:00,10.0,6.445967197418213,8.0,7.400000095367432
2026-09-28 11:00:00+00:00,2026-09-28 22:00:00+00:00,11.0,6.003078460693359,7.0,7.199999809265137
2026-09-28 11:00:00+00:00,2026-09-28 23:00:00+00:00,12.0,6.936814785003662,9.0,7.199999809265137
2026-09-28 12:00:00+00:00,2026-09-28 13:00:00+00:00,1.0,4.214697360992432,3.0,5.5
2026-09-28 12:00:00+00:00,2026-09-28 14:00:00+00:00,2.0,4.6371355056762695,5.0,7.0
2026-09-28 12:00:00+00:00,2026-09-28 15:00:00+00:00,3.0,4.996828079223633,6.0,7.0
2026-09-28 12:00:00+00:00,2026-09-28 16:00:00+00:00,4.0,6.124222755432129,8.0,6.0
2026-09-28 12:00:00+00:00,2026-09-28 17:00:00+00:00,5.0,6.036083698272705,7.0,5.166666507720947
2026-09-28 12:00:00+00:00,2026-09-28 18:00:00+00:00,6.0,6.061661243438721,7.0,5.25
2026-09-28 12:00:00+00:00,2026-09-28 19:00:00+00:00,7.0,7.06605339050293,9.0,8.285714149475098
2026-09-28 12:00:00+00:00,2026-09-28 20:00:00+00:00,8.0,6.7906999588012695,8.0,6.5
2026-09-28 12:00:00+00:00,2026-09-28 21:00:00+00:00,9.0,6.729982376098633,8.0,7.400000095367432
2026-09-28 12:00:00+00:00,2026-09-28 22:00:00+00:00,10.0,6.611278057098389,8.0,7.199999809265137
2026-09-28 12:00:00+00:00,2026-09-28 23:00:00+00:00,11.0,6.217576503753662,7.0,7.199999809265137
2026-09-28 12:00:00+00:00,2026-09-29 00:00:00+00:00,12.0,6.06275749206543,7.0,9.333333015441895
2026-09-28 13:00:00+00:00,2026-09-28 14:00:00+00:00,1.0,5.485049247741699,6.0,7.0
2026-09-28 13:00:00+00:00,2026-09-28 15:00:00+00:00,2.0,4.850912570953369,5.0,7.0
2026-09-28 13:00:00+00:00,2026-09-28 16:00:00+00:00,3.0,4.606388568878174,5.0,6.0
2026-09-28 13:00:00+00:00,2026-09-28 17:00:00+00:00,4.0,4.882447719573975,6.0,5.166666507720947
2026-09-28 13:00:00+00:00,2026-09-28 18:00:00+00:00,5.0,5.538294792175293,7.0,5.25
2026-09-28 13:00:00+00:00,2026-09-28 19:00:00+00:00,6.0,5.180337429046631,6.0,8.285714149475098
2026-09-28 13:00:00+00:00,2026-09-28 20:00:00+00:00,7.0,6.087520122528076,8.0,6.5
2026-09-28 13:00:00+00:00,2026-09-28 21:00:00+00:00,8.0,6.4219770431518555,8.0,7.400000095367432
2026-09-28 13:00:00+00:00,2026-09-28 22:00:00+00:00,9.0,7.046582221984863,9.0,7.199999809265137
2026-09-28 13:00:00+00:00,2026-09-28 23:00:00+00:00,10.0,7.354073524475098,9.0,7.199999809265137
2026-09-28 13:00:00+00:00,2026-09-29 00:00:00+00:00,11.0,6.366884708404541,7.0,9.333333015441895
2026-09-28 13:00:00+00:00,2026-09-29 01:00:00+00:00,12.0,6.634903430938721,8.0,11.0
2026-09-28 14:00:00+00:00,2026-09-28 15:00:00+00:00,1.0,7.353209495544434,9.0,7.0
2026-09-28 14:00:00+00:00,2026-09-28 16:00:00+00:00,2.0,6.210648059844971,6.0,6.0
2026-09-28 14:00:00+00:00,2026-09-28 17:00:00+00:00,3.0,6.149947643280029,7.0,5.166666507720947
2026-09-28 14:00:00+00:00,2026-09-28 18:00:00+00:00,4.0,5.461308479309082,6.0,5.25
2026-09-28 14:00:00+00:00,2026-09-28 19:00:00+00:00,5.0,5.792891025543213,7.0,8.285714149475098
2026-09-28 14:00:00+00:00,2026-09-28 20:00:00+00:00,6.0,5.681659698486328,7.0,6.5
2026-09-28 14:00:00+00:00,2026-09-28 21:00:00+00:00,7.0,6.854962348937988,9.0,7.400000095367432
2026-09-28 14:00:00+00:00,2026-09-28 22:00:00+00:00,8.0,7.260547161102295,9.0,7.199999809265137
2026-09-28 14:00:00+00:00,2026-09-28 23:00:00+00:00,9.0,8.014789581298828,10.0,7.199999809265137
2026-09-28 14:00:00+00:00,2026-09-29 00:00:00+00:00,10.0,7.148100852966309,8.0,9.333333015441895
2026-09-28 14:00:00+00:00,2026-09-29 01:00:00+00:00,11.0,6.825965881347656,8.0,11.0
2026-09-28 14:00:00+00:00,2026-09-29 02:00:00+00:00,12.0,7.452841281890869,9.0,10.333333015441895
2026-09-28 15:00:00+00:00,2026-09-28 16:00:00+00:00,1.0,7.191676616668701,9.0,6.0
2026-09-28 15:00:00+00:00,2026-09-28 17:00:00+00:00,2.0,7.5098161697387695,9.0,5.166666507720947
2026-09-28 15:00:00+00:00,2026-09-28 18:00:00+00:00,3.0,7.663422107696533,9.0,5.25
2026-09-28 15:00:00+00:00,2026-09-28 19:00:00+00:00,4.0,7.195766448974609,8.0,8.285714149475098
2026-09-28 15:00:00+00:00,2026-09-28 20:00:00+00:00,5.0,5.938215732574463,6.0,6.5
2026-09-28 15:00:00+00:00,2026-09-28 21:00:00+00:00,6.0,6.488336563110352,8.0,7.400000095367432
2026-09-28 15:00:00+00:00,2026-09-28 22:00:00+00:00,7.0,7.199231147766113,9.0,7.199999809265137
2026-09-28 15:00:00+00:00,2026-09-28 23:00:00+00:00,8.0,5.67536735534668,6.0,7.199999809265137
2026-09-28 15:00:00+00:00,2026-09-29 00:00:00+00:00,9.0,5.933068752288818,7.0,9.333333015441895
2026-09-28 15:00:00+00:00,2026-09-29 01:00:00+00:00,10.0,6.014982223510742,7.0,11.0
2026-09-28 15:00:00+00:00,2026-09-29 02:00:00+00:00,11.0,4.502388954162598,4.0,10.333333015441895
2026-09-28 15:00:00+00:00,2026-09-29 03:00:00+00:00,12.0,2.67439341545105,2.0,12.0
2026-09-28 16:00:00+00:00,2026-09-28 17:00:00+00:00,1.0,5.441506862640381,6.0,5.166666507720947
2026-09-28 16:00:00+00:00,2026-09-28 18:00:00+00:00,2.0,6.182164669036865,8.0,5.25
2026-09-28 16:00:00+00:00,2026-09-28 19:00:00+00:00,3.0,6.610565662384033,8.0,8.285714149475098
2026-09-28 16:00:00+00:00,2026-09-28 20:00:00+00:00,4.0,7.207558631896973,9.0,6.5
2026-09-28 16:00:00+00:00,2026-09-28 21:00:00+00:00,5.0,6.850442409515381,8.0,7.400000095367432
2026-09-28 16:00:00+00:00,2026-09-28 22:00:00+00:00,6.0,7.306768417358398,9.0,7.199999809265137
2026-09-28 16:00:00+00:00,2026-09-28 23:00:00+00:00,7.0,7.466008186340332,9.0,7.199999809265137
2026-09-28 16:00:00+00:00,2026-09-29 00:00:00+00:00,8.0,8.667058944702148,11.0,9.333333015441895
2026-09-28 16:00:00+00:00,2026-09-29 01:00:00+00:00,9.0,9.181002616882324,11.0,11.0
2026-09-28 16:00:00+00:00,2026-09-29 02:00:00+00:00,10.0,8.791091918945312,9.0,10.333333015441895
2026-09-28 16:00:00+00:00,2026-09-29 03:00:00+00:00,11.0,8.268754959106445,8.0,12.0
2026-09-28 16:00:00+00:00,2026-09-29 04:00:00+00:00,12.0,6.293354034423828,5.0,8.0
2026-09-28 17:00:00+00:00,2026-09-28 18:00:00+00:00,1.0,5.146729469299316,7.0,5.25
2026-09-28 17:00:00+00:00,2026-09-28 19:00:00+00:00,2.0,5.582126617431641,7.0,8.285714149475098
2026-09-28 17:00:00+00:00,2026-09-28 20:00:00+00:00,3.0,5.613389015197754,7.0,6.5
2026-09-28 17:00:00+00:00,2026-09-28 21:00:00+00:00,4.0,5.607247352600098,7.0,7.400000095367432
2026-09-28 17:00:00+00:00,2026-09-28 22:00:00+00:00,5.0,6.2468132972717285,8.0,7.199999809265137
2026-09-28 17:00:00+00:00,2026-09-28 23:00:00+00:00,6.0,6.497025012969971,8.0,7.199999809265137
2026-09-28 17:00:00+00:00,2026-09-29 00:00:00+00:00,7.0,7.646515369415283,10.0,9.333333015441895
2026-09-28 17:00:00+00:00,2026-09-29 01:00:00+00:00,8.0,8.229867935180664,10.0,11.0
2026-09-28 17:00:00+00:00,2026-09-29 02:00:00+00:00,9.0,8.671079635620117,10.0,10.333333015441895
2026-09-28 17:00:00+00:00,2026-09-29 03:00:00+00:00,10.0,9.483585357666016,11.0,12.0
2026-09-28 17:00:00+00:00,2026-09-29 04:00:00+00:00,11.0,9.503485679626465,10.0,8.0
2026-09-28 17:00:00+00:00,2026-09-29 05:00:00+00:00,12.0,9.15513801574707,9.0,7.5
2026-09-28 18:00:00+00:00,2026-09-28 19:00:00+00:00,1.0,5.82256555557251,9.0,8.285714149475098
2026-09-28 18:00:00+00:00,2026-09-28 20:00:00+00:00,2.0,5.822526931762695,8.0,6.5
2026-09-28 18:00:00+00:00,2026-09-28 21:00:00+00:00,3.0,5.5122389793396,7.0,7.400000095367432
2026-09-28 18:00:00+00:00,2026-09-28 22:00:00+00:00,4.0,7.1124749183654785,10.0,7.199999809265137
2026-09-28 18:00:00+00:00,2026-09-28 23:00:00+00:00,5.0,7.8382978439331055,10.0,7.199999809265137
2026-09-28 18:00:00+00:00,2026-09-29 00:00:00+00:00,6.0,7.785983085632324,9.0,9.333333015441895
2026-09-28 18:00:00+00:00,2026-09-29 01:00:00+00:00,7.0,7.2796525955200195,8.0,11.0
2026-09-28 18:00:00+00:00,2026-09-29 02:00:00+00:00,8.0,8.289289474487305,10.0,10.333333015441895
2026-09-28 18:00:00+00:00,2026-09-29 03:00:00+00:00,9.0,8.792121887207031,10.0,12.0
2026-09-28 18:00:00+00:00,2026-09-29 04:00:00+00:00,10.0,7.821125030517578,7.0,8.0
2026-09-28 18:00:00+00:00,2026-09-29 05:00:00+00:00,11.0,7.635544776916504,7.0,7.5
2026-09-28 18:00:00+00:00,2026-09-29 06:00:00+00:00,12.0,6.1874542236328125,5.0,6.666666507720947
2026-09-28 19:00:00+00:00,2026-09-28 20:00:00+00:00,1.0,7.459029197692871,8.0,6.5
2026-09-28 19:00:00+00:00,2026-09-28 21:00:00+00:00,2.0,7.322319030761719,9.0,7.400000095367432
2026-09-28 19:00:00+00:00,2026-09-28 22:00:00+00:00,3.0,8.171977043151855,10.0,7.199999809265137
2026-09-28 19:00:00+00:00,2026-09-28 23:00:00+00:00,4.0,7.980025768280029,9.0,7.199999809265137
2026-09-28 19:00:00+00:00,2026-09-29 00:00:00+00:00,5.0,7.920202255249023,9.0,9.333333015441895
2026-09-28 19:00:00+00:00,2026-09-29 01:00:00+00:00,6.0,8.804842948913574,11.0,11.0
2026-09-28 19:00:00+00:00,2026-09-29 02:00:00+00:00,7.0,9.01261043548584,10.0,10.333333015441895
2026-09-28 19:00:00+00:00,2026-09-29 03:00:00+00:00,8.0,7.713557243347168,7.0,12.0
2026-09-28 19:00:00+00:00,2026-09-29 04:00:00+00:00,9.0,6.212870121002197,5.0,8.0
2026-09-28 19:00:00+00:00,2026-09-29 05:00:00+00:00,10.0,5.675460338592529,5.0,7.5
2026-09-28 19:00:00+00:00,2026-09-29 06:00:00+00:00,11.0,5.291661262512207,5.0,6.666666507720947
2026-09-28 19:00:00+00:00,2026-09-29 07:00:00+00:00,12.0,4.4248528480529785,4.0,7.5714287757873535
2026-09-28 20:00:00+00:00,2026-09-28 21:00:00+00:00,1.0,5.445906639099121,7.0,7.400000095367432
2026-09-28 20:00:00+00:00,2026-09-28 22:00:00+00:00,2.0,6.333038330078125,8.0,7.199999809265137
2026-09-28 20:00:00+00:00,2026-09-28 23:00:00+00:00,3.0,6.5837812423706055,8.0,7.199999809265137
2026-09-28 20:00:00+00:00,2026-09-29 00:00:00+00:00,4.0,7.210894584655762,9.0,9.333333015441895
2026-09-28 20:00:00+00:00,2026-09-29 01:00:00+00:00,5.0,8.525331497192383,11.0,11.0
2026-09-28 20:00:00+00:00,2026-09-29 02:00:00+00:00,6.0,9.316193580627441,11.0,10.333333015441895
2026-09-28 20:00:00+00:00,2026-09-29 03:00:00+00:00,7.0,9.86861515045166,11.0,12.0
2026-09-28 20:00:00+00:00,2026-09-29 04:00:00+00:00,8.0,9.72081184387207,10.0,8.0
2026-09-28 20:00:00+00:00,2026-09-29 05:00:00+00:00,9.0,9.222439765930176,9.0,7.5
2026-09-28 20:00:00+00:00,2026-09-29 06:00:00+00:00,10.0,8.009624481201172,7.0,6.666666507720947
2026-09-28 20:00:00+00:00,2026-09-29 07:00:00+00:00,11.0,6.632343292236328,5.0,7.5714287757873535
2026-09-28 20:00:00+00:00,2026-09-29 08:00:00+00:00,12.0,6.195598602294922,5.0,5.666666507720947
2026-09-28 21:00:00+00:00,2026-09-28 22:00:00+00:00,1.0,7.575400352478027,9.0,7.199999809265137
2026-09-28 21:00:00+00:00,2026-09-28 23:00:00+00:00,2.0,7.415302753448486,9.0,7.199999809265137
2026-09-28 21:00:00+00:00,2026-09-29 00:00:00+00:00,3.0,8.399490356445312,10.0,9.333333015441895
2026-09-28 21:00:00+00:00,2026-09-29 01:00:00+00:00,4.0,5.946135520935059,5.0,11.0
2026-09-28 21:00:00+00:00,2026-09-29 02:00:00+00:00,5.0,6.731332302093506,8.0,10.333333015441895
2026-09-28 21:00:00+00:00,2026-09-29 03:00:00+00:00,6.0,8.20235824584961,10.0,12.0
2026-09-28 21:00:00+00:00,2026-09-29 04:00:00+00:00,7.0,7.9729766845703125,8.0,8.0
2026-09-28 21:00:00+00:00,2026-09-29 05:00:00+00:00,8.0,7.535679817199707,7.0,7.5
2026-09-28 21:00:00+00:00,2026-09-29 06:00:00+00:00,9.0,5.312869548797607,3.0,6.666666507720947
2026-09-28 21:00:00+00:00,2026-09-29 07:00:00+00:00,10.0,4.1058573722839355,2.0,7.5714287757873535
2026-09-28 21:00:00+00:00,2026-09-29 08:00:00+00:00,11.0,2.3034555912017822,1.0,5.666666507720947
2026-09-28 21:00:00+00:00,2026-09-29 09:00:00+00:00,12.0,4.417296409606934,6.0,5.285714149475098
2026-09-28 22:00:00+00:00,2026-09-28 23:00:00+00:00,1.0,6.903896808624268,9.0,7.199999809265137
2026-09-28 22:00:00+00:00,2026-09-29 00:00:00+00:00,2.0,8.041058540344238,10.0,9.333333015441895
2026-09-28 22:00:00+00:00,2026-09-29 01:00:00+00:00,3.0,5.7568817138671875,5.0,11.0
2026-09-28 22:00:00+00:00,2026-09-29 02:00:00+00:00,4.0,6.591850757598877,8.0,10.333333015441895
2026-09-28 22:00:00+00:00,2026-09-29 03:00:00+00:00,5.0,8.110600471496582,10.0,12.0
2026-09-28 22:00:00+00:00,2026-09-29 04:00:00+00:00,6.0,7.913447380065918,8.0,8.0
2026-09-28 22:00:00+00:00,2026-09-29 05:00:00+00:00,7.0,7.488170146942139,7.0,7.5
2026-09-28 22:00:00+00:00,2026-09-29 06:00:00+00:00,8.0,5.2801361083984375,3.0,6.666666507720947
2026-09-28 22:00:00+00:00,2026-09-29 07:00:00+00:00,9.0,4.0846991539001465,2.0,7.5714287757873535
2026-09-28 22:00:00+00:00,2026-09-29 08:00:00+00:00,10.0,2.2964401245117188,1.0,5.666666507720947
2026-09-28 22:00:00+00:00,2026-09-29 09:00:00+00:00,11.0,4.411797046661377,6.0,5.285714149475098
2026-09-28 22:00:00+00:00,2026-09-29 10:00:00+00:00,12.0,5.2240424156188965,6.0,4.0
2026-09-28 23:00:00+00:00,2026-09-29 00:00:00+00:00,1.0,7.902560710906982,10.0,9.333333015441895
2026-09-28 23:00:00+00:00,2026-09-29 01:00:00+00:00,2.0,5.711816787719727,5.0,11.0
2026-09-28 23:00:00+00:00,2026-09-29 02:00:00+00:00,3.0,6.611578464508057,8.0,10.333333015441895
2026-09-28 23:00:00+00:00,2026-09-29 03:00:00+00:00,4.0,8.11420726776123,10.0,12.0
2026-09-28 23:00:00+00:00,2026-09-29 04:00:00+00:00,5.0,7.910826206207275,8.0,8.0
2026-09-28 23:00:00+00:00,2026-09-29 05:00:00+00:00,6.0,7.488855838775635,7.0,7.5
2026-09-28 23:00:00+00:00,2026-09-29 06:00:00+00:00,7.0,5.280882835388184,3.0,6.666666507720947
2026-09-28 23:00:00+00:00,2026-09-29 07:00:00+00:00,8.0,4.084904670715332,2.0,7.5714287757873535
2026-09-28 23:00:00+00:00,2026-09-29 08:00:00+00:00,9.0,2.2964377403259277,1.0,5.666666507720947
2026-09-28 23:00:00+00:00,2026-09-29 09:00:00+00:00,10.0,4.411856651306152,6.0,5.285714149475098
2026-09-28 23:00:00+00:00,2026-09-29 10:00:00+00:00,11.0,5.224092960357666,6.0,4.0
2026-09-28 23:00:00+00:00,2026-09-29 11:00:00+00:00,12.0,3.9708433151245117,3.0,6.0
2026-09-29 00:00:00+00:00,2026-09-29 01:00:00+00:00,1.0,6.777127265930176,5.0,11.0
2026-09-29 00:00:00+00:00,2026-09-29 02:00:00+00:00,2.0,7.072323799133301,8.0,10.333333015441895
2026-09-29 00:00:00+00:00,2026-09-29 03:00:00+00:00,3.0,8.4046049118042,10.0,12.0
2026-09-29 00:00:00+00:00,2026-09-29 04:00:00+00:00,4.0,8.15566635131836,8.0,8.0
2026-09-29 00:00:00+00:00,2026-09-29 05:00:00+00:00,5.0,7.671140670776367,7.0,7.5
2026-09-29 00:00:00+00:00,2026-09-29 06:00:00+00:00,6.0,5.400321960449219,3.0,6.666666507720947
2026-09-29 00:00:00+00:00,2026-09-29 07:00:00+00:00,7.0,4.163525581359863,2.0,7.5714287757873535
2026-09-29 00:00:00+00:00,2026-09-29 08:00:00+00:00,8.0,2.3258471488952637,1.0,5.666666507720947
2026-09-29 00:00:00+00:00,2026-09-29 09:00:00+00:00,9.0,4.435073375701904,6.0,5.285714149475098
2026-09-29 00:00:00+00:00,2026-09-29 10:00:00+00:00,10.0,5.240571975708008,6.0,4.0
2026-09-29 00:00:00+00:00,2026-09-29 11:00:00+00:00,11.0,3.9788315296173096,3.0,6.0
2026-09-29 00:00:00+00:00,2026-09-29 12:00:00+00:00,12.0,6.267002582550049,8.0,7.400000095367432
2026-09-29 01:00:00+00:00,2026-09-29 02:00:00+00:00,1.0,10.098152160644531,8.0,10.333333015441895
2026-09-29 01:00:00+00:00,2026-09-29 03:00:00+00:00,2.0,9.848334312438965,10.0,12.0
2026-09-29 01:00:00+00:00,2026-09-29 04:00:00+00:00,3.0,9.206231117248535,8.0,8.0
2026-09-29 01:00:00+00:00,2026-09-29 05:00:00+00:00,4.0,8.462285995483398,7.0,7.5
2026-09-29 01:00:00+00:00,2026-09-29 06:00:00+00:00,5.0,5.885506629943848,3.0,6.666666507720947
2026-09-29 01:00:00+00:00,2026-09-29 07:00:00+00:00,6.0,4.476922035217285,2.0,7.5714287757873535
2026-09-29 01:00:00+00:00,2026-09-29 08:00:00+00:00,7.0,2.45609974861145,1.0,5.666666507720947
2026-09-29 01:00:00+00:00,2026-09-29 09:00:00+00:00,8.0,4.552240371704102,6.0,5.285714149475098
2026-09-29 01:00:00+00:00,2026-09-29 10:00:00+00:00,9.0,5.327721118927002,6.0,4.0
2026-09-29 01:00:00+00:00,2026-09-29 11:00:00+00:00,10.0,4.020684242248535,3.0,6.0
2026-09-29 01:00:00+00:00,2026-09-29 12:00:00+00:00,11.0,6.284515857696533,8.0,7.400000095367432
2026-09-29 01:00:00+00:00,2026-09-29 13:00:00+00:00,12.0,7.163872241973877,8.0,9.5
2026-09-29 02:00:00+00:00,2026-09-29 03:00:00+00:00,1.0,10.034491539001465,10.0,12.0
2026-09-29 02:00:00+00:00,2026-09-29 04:00:00+00:00,2.0,9.354833602905273,8.0,8.0
2026-09-29 02:00:00+00:00,2026-09-29 05:00:00+00:00,3.0,8.551778793334961,7.0,7.5
2026-09-29 02:00:00+00:00,2026-09-29 06:00:00+00:00,4.0,5.937068462371826,3.0,6.666666507720947
2026-09-29 02:00:00+00:00,2026-09-29 07:00:00+00:00,5.0,4.511057376861572,2.0,7.5714287757873535
2026-09-29 02:00:00+00:00,2026-09-29 08:00:00+00:00,6.0,2.4724597930908203,1.0,5.666666507720947
2026-09-29 02:00:00+00:00,2026-09-29 09:00:00+00:00,7.0,4.566211223602295,6.0,5.285714149475098
2026-09-29 02:00:00+00:00,2026-09-29 10:00:00+00:00,8.0,5.338569641113281,6.0,4.0
2026-09-29 02:00:00+00:00,2026-09-29 11:00:00+00:00,9.0,4.025979042053223,3.0,6.0
2026-09-29 02:00:00+00:00,2026-09-29 12:00:00+00:00,10.0,6.286665439605713,8.0,7.400000095367432
2026-09-29 02:00:00+00:00,2026-09-29 13:00:00+00:00,11.0,7.1650519371032715,8.0,9.5
2026-09-29 02:00:00+00:00,2026-09-29 14:00:00+00:00,12.0,7.811526298522949,8.0,8.25
2026-09-29 03:00:00+00:00,2026-09-29 04:00:00+00:00,1.0,10.932222366333008,8.0,8.0
2026-09-29 03:00:00+00:00,2026-09-29 05:00:00+00:00,2.0,9.525222778320312,7.0,7.5
2026-09-29 03:00:00+00:00,2026-09-29 06:00:00+00:00,3.0,6.440771579742432,3.0,6.666666507720947
2026-09-29 03:00:00+00:00,2026-09-29 07:00:00+00:00,4.0,4.845462799072266,2.0,7.5714287757873535
2026-09-29 03:00:00+00:00,2026-09-29 08:00:00+00:00,5.0,2.6121225357055664,1.0,5.666666507720947
2026-09-29 03:00:00+00:00,2026-09-29 09:00:00+00:00,6.0,4.688884258270264,6.0,5.285714149475098
2026-09-29 03:00:00+00:00,2026-09-29 10:00:00+00:00,7.0,5.440240383148193,6.0,4.0
2026-09-29 03:00:00+00:00,2026-09-29 11:00:00+00:00,8.0,4.0753045082092285,3.0,6.0
2026-09-29 03:00:00+00:00,2026-09-29 12:00:00+00:00,9.0,6.305837631225586,8.0,7.400000095367432
2026-09-29 03:00:00+00:00,2026-09-29 13:00:00+00:00,10.0,7.175756931304932,8.0,9.5
2026-09-29 03:00:00+00:00,2026-09-29 14:00:00+00:00,11.0,7.816590785980225,8.0,8.25
2026-09-29 03:00:00+00:00,2026-09-29 15:00:00+00:00,12.0,7.424365043640137,7.0,7.142857074737549
2026-09-29 04:00:00+00:00,2026-09-29 05:00:00+00:00,1.0,7.790236949920654,7.0,7.5
2026-09-29 04:00:00+00:00,2026-09-29 06:00:00+00:00,2.0,5.836659908294678,3.0,6.666666507720947
2026-09-29 04:00:00+00:00,2026-09-29 07:00:00+00:00,3.0,4.3922929763793945,2.0,7.5714287757873535
2026-09-29 04:00:00+00:00,2026-09-29 08:00:00+00:00,4.0,2.4063539505004883,1.0,5.666666507720947
2026-09-29 04:00:00+00:00,2026-09-29 09:00:00+00:00,5.0,4.523759841918945,6.0,5.285714149475098
2026-09-29 04:00:00+00:00,2026-09-29 10:00:00+00:00,6.0,5.304168701171875,6.0,4.0
2026-09-29 04:00:00+00:00,2026-09-29 11:00:00+00:00,7.0,4.007984638214111,3.0,6.0
2026-09-29 04:00:00+00:00,2026-09-29 12:00:00+00:00,8.0,6.279514789581299,8.0,7.400000095367432
2026-09-29 04:00:00+00:00,2026-09-29 13:00:00+00:00,9.0,7.16126823425293,8.0,9.5
2026-09-29 04:00:00+00:00,2026-09-29 14:00:00+00:00,10.0,7.809952735900879,8.0,8.25
2026-09-29 04:00:00+00:00,2026-09-29 15:00:00+00:00,11.0,7.418363094329834,7.0,7.142857074737549
2026-09-29 04:00:00+00:00,2026-09-29 16:00:00+00:00,12.0,7.365171432495117,7.0,4.599999904632568
2026-09-29 05:00:00+00:00,2026-09-29 06:00:00+00:00,1.0,6.134260177612305,3.0,6.666666507720947
2026-09-29 05:00:00+00:00,2026-09-29 07:00:00+00:00,2.0,4.7400970458984375,2.0,7.5714287757873535
2026-09-29 05:00:00+00:00,2026-09-29 08:00:00+00:00,3.0,2.590500831604004,1.0,5.666666507720947
2026-09-29 05:00:00+00:00,2026-09-29 09:00:00+00:00,4.0,4.644115447998047,6.0,5.285714149475098
2026-09-29 05:00:00+00:00,2026-09-29 10:00:00+00:00,5.0,5.402688026428223,6.0,4.0
2026-09-29 05:00:00+00:00,2026-09-29 11:00:00+00:00,6.0,4.059242248535156,3.0,6.0
2026-09-29 05:00:00+00:00,2026-09-29 12:00:00+00:00,7.0,6.300160884857178,8.0,7.400000095367432
2026-09-29 05:00:00+00:00,2026-09-29 13:00:00+00:00,8.0,7.172187805175781,8.0,9.5
2026-09-29 05:00:00+00:00,2026-09-29 14:00:00+00:00,9.0,7.814857006072998,8.0,8.25
2026-09-29 05:00:00+00:00,2026-09-29 15:00:00+00:00,10.0,7.422922611236572,7.0,7.142857074737549
2026-09-29 05:00:00+00:00,2026-09-29 16:00:00+00:00,11.0,7.368295192718506,7.0,4.599999904632568
2026-09-29 05:00:00+00:00,2026-09-29 17:00:00+00:00,12.0,7.2040557861328125,7.0,3.3333332538604736
2026-09-29 06:00:00+00:00,2026-09-29 07:00:00+00:00,1.0,7.654731750488281,9.0,7.5714287757873535
2026-09-29 06:00:00+00:00,2026-09-29 08:00:00+00:00,2.0,7.9185404777526855,8.0,5.666666507720947
2026-09-29 06:00:00+00:00,2026-09-29 09:00:00+00:00,3.0,7.456865310668945,7.0,5.285714149475098
2026-09-29 06:00:00+00:00,2026-09-29 10:00:00+00:00,4.0,8.258245468139648,9.0,4.0
2026-09-29 06:00:00+00:00,2026-09-29 11:00:00+00:00,5.0,8.334245681762695,8.0,6.0
2026-09-29 06:00:00+00:00,2026-09-29 12:00:00+00:00,6.0,7.299125671386719,6.0,7.400000095367432
2026-09-29 06:00:00+00:00,2026-09-29 13:00:00+00:00,7.0,7.3788676261901855,7.0,9.5
2026-09-29 06:00:00+00:00,2026-09-29 14:00:00+00:00,8.0,7.943800449371338,8.0,8.25
2026-09-29 06:00:00+00:00,2026-09-29 15:00:00+00:00,9.0,7.830850124359131,7.0,7.142857074737549
2026-09-29 06:00:00+00:00,2026-09-29 16:00:00+00:00,10.0,7.099923133850098,6.0,4.599999904632568
2026-09-29 06:00:00+00:00,2026-09-29 17:00:00+00:00,11.0,6.610970973968506,6.0,3.3333332538604736
2026-09-29 06:00:00+00:00,2026-09-29 18:00:00+00:00,12.0,6.177362442016602,6.0,3.0
2026-09-29 07:00:00+00:00,2026-09-29 08:00:00+00:00,1.0,7.518552303314209,7.0,5.666666507720947
2026-09-29 07:00:00+00:00,2026-09-29 09:00:00+00:00,2.0,7.257406234741211,7.0,5.285714149475098
2026-09-29 07:00:00+00:00,2026-09-29 10:00:00+00:00,3.0,6.592475891113281,6.0,4.0
2026-09-29 07:00:00+00:00,2026-09-29 11:00:00+00:00,4.0,6.503804683685303,5.0,6.0
2026-09-29 07:00:00+00:00,2026-09-29 12:00:00+00:00,5.0,5.916279315948486,5.0,7.400000095367432
2026-09-29 07:00:00+00:00,2026-09-29 13:00:00+00:00,6.0,6.224575996398926,6.0,9.5
2026-09-29 07:00:00+00:00,2026-09-29 14:00:00+00:00,7.0,6.899399280548096,7.0,8.25
2026-09-29 07:00:00+00:00,2026-09-29 15:00:00+00:00,8.0,7.159005641937256,7.0,7.142857074737549
2026-09-29 07:00:00+00:00,2026-09-29 16:00:00+00:00,9.0,6.657105445861816,6.0,4.599999904632568
2026-09-29 07:00:00+00:00,2026-09-29 17:00:00+00:00,10.0,6.850179672241211,7.0,3.3333332538604736
2026-09-29 07:00:00+00:00,2026-09-29 18:00:00+00:00,11.0,6.821216583251953,7.0,3.0
2026-09-29 07:00:00+00:00,2026-09-29 19:00:00+00:00,12.0,7.120271682739258,8.0,4.333333492279053
2026-09-29 08:00:00+00:00,2026-09-29 09:00:00+00:00,1.0,5.9349894523620605,6.0,5.285714149475098
2026-09-29 08:00:00+00:00,2026-09-29 10:00:00+00:00,2.0,7.668461799621582,9.0,4.0
2026-09-29 08:00:00+00:00,2026-09-29 11:00:00+00:00,3.0,6.471081733703613,5.0,6.0
2026-09-29 08:00:00+00:00,2026-09-29 12:00:00+00:00,4.0,6.1838297843933105,5.0,7.400000095367432
2026-09-29 08:00:00+00:00,2026-09-29 13:00:00+00:00,5.0,5.6852803230285645,5.0,9.5
2026-09-29 08:00:00+00:00,2026-09-29 14:00:00+00:00,6.0,5.701823711395264,5.0,8.25
2026-09-29 08:00:00+00:00,2026-09-29 15:00:00+00:00,7.0,6.137834072113037,6.0,7.142857074737549
2026-09-29 08:00:00+00:00,2026-09-29 16:00:00+00:00,8.0,5.489516735076904,5.0,4.599999904632568
2026-09-29 08:00:00+00:00,2026-09-29 17:00:00+00:00,9.0,5.722742080688477,6.0,3.3333332538604736
2026-09-29 08:00:00+00:00,2026-09-29 18:00:00+00:00,10.0,6.040828227996826,7.0,3.0
2026-09-29 08:00:00+00:00,2026-09-29 19:00:00+00:00,11.0,6.823106288909912,8.0,4.333333492279053
2026-09-29 08:00:00+00:00,2026-09-29 20:00:00+00:00,12.0,6.730884552001953,7.0,4.666666507720947
