target_time_utc,horizon_hr,prediction_value,harmonie_value,actual_value
2026-09-08 13:00:00+00:00,1.0,239.75790405273438,234.0,235.1999969482422
2026-09-08 14:00:00+00:00,2.0,206.13479614257812,203.0,230.0
2026-09-08 15:00:00+00:00,3.0,196.67587280273438,194.0,249.44444274902344
2026-09-08 16:00:00+00:00,4.0,195.62387084960938,194.0,251.0
2026-09-08 17:00:00+00:00,5.0,209.8271484375,209.0,274.4285583496094
2026-09-08 18:00:00+00:00,6.0,330.76129150390625,321.0,311.8333435058594
2026-09-08 19:00:00+00:00,7.0,321.659423828125,317.0,291.625
2026-09-08 20:00:00+00:00,8.0,313.95660400390625,308.0,287.375
2026-09-08 21:00:00+00:00,9.0,294.57135009765625,285.0,274.6666564941406
2026-09-08 22:00:00+00:00,10.0,296.0738830566406,285.0,270.375
2026-09-08 23:00:00+00:00,11.0,289.75616455078125,283.0,274.0
2026-09-09 00:00:00+00:00,12.0,288.2890930175781,282.0,272.75
2026-09-09 01:00:00+00:00,13.0,289.84027099609375,280.0,266.3999938964844
2026-09-09 02:00:00+00:00,14.0,286.24090576171875,278.0,264.71429443359375
2026-09-09 03:00:00+00:00,15.0,285.6768798828125,278.0,263.6666564941406
2026-09-09 04:00:00+00:00,16.0,294.6053466796875,281.0,260.0
2026-09-09 05:00:00+00:00,17.0,287.3775939941406,275.0,262.75
2026-09-09 06:00:00+00:00,18.0,286.6047058105469,279.0,263.0
2026-09-09 07:00:00+00:00,19.0,287.56610107421875,277.0,264.0
2026-09-09 08:00:00+00:00,20.0,288.3616638183594,278.0,266.0
2026-09-09 09:00:00+00:00,21.0,289.912109375,280.0,286.6000061035156
2026-09-09 10:00:00+00:00,22.0,283.41278076171875,274.0,283.22222900390625
2026-09-09 11:00:00+00:00,23.0,298.3617858886719,290.0,283.0
2026-09-09 12:00:00+00:00,24.0,319.0352478027344,310.0,292.25
2026-09-08 14:00:00+00:00,1.0,221.5747528076172,216.0,230.0
2026-09-08 15:00:00+00:00,2.0,217.89407348632812,215.0,249.44444274902344
2026-09-08 16:00:00+00:00,3.0,190.4022216796875,188.0,251.0
2026-09-08 17:00:00+00:00,4.0,205.4253387451172,204.0,274.4285583496094
2026-09-08 18:00:00+00:00,5.0,345.22711181640625,345.0,311.8333435058594
2026-09-08 19:00:00+00:00,6.0,338.52001953125,329.0,291.625
2026-09-08 20:00:00+00:00,7.0,308.2997741699219,304.0,287.375
2026-09-08 21:00:00+00:00,8.0,291.58306884765625,286.0,274.6666564941406
2026-09-08 22:00:00+00:00,9.0,292.23016357421875,283.0,270.375
2026-09-08 23:00:00+00:00,10.0,294.70953369140625,284.0,274.0
2026-09-09 00:00:00+00:00,11.0,287.5533447265625,281.0,272.75
2026-09-09 01:00:00+00:00,12.0,286.9181213378906,281.0,266.3999938964844
2026-09-09 02:00:00+00:00,13.0,289.41925048828125,280.0,264.71429443359375
2026-09-09 03:00:00+00:00,14.0,281.1144714355469,273.0,263.6666564941406
2026-09-09 04:00:00+00:00,15.0,283.4610290527344,276.0,260.0
2026-09-09 05:00:00+00:00,16.0,292.21795654296875,279.0,262.75
2026-09-09 06:00:00+00:00,17.0,289.0028991699219,277.0,263.0
2026-09-09 07:00:00+00:00,18.0,281.3258972167969,274.0,264.0
2026-09-09 08:00:00+00:00,19.0,286.30902099609375,276.0,266.0
2026-09-09 09:00:00+00:00,20.0,293.22662353515625,283.0,286.6000061035156
2026-09-09 10:00:00+00:00,21.0,295.78125,286.0,283.22222900390625
2026-09-09 11:00:00+00:00,22.0,293.1178894042969,284.0,283.0
2026-09-09 12:00:00+00:00,23.0,292.1943359375,284.0,292.25
2026-09-09 13:00:00+00:00,24.0,323.0310363769531,314.0,293.71429443359375
2026-09-08 15:00:00+00:00,1.0,180.8777313232422,175.0,249.44444274902344
2026-09-08 16:00:00+00:00,2.0,192.1776580810547,189.0,251.0
2026-09-08 17:00:00+00:00,3.0,210.6031951904297,208.0,274.4285583496094
2026-09-08 18:00:00+00:00,4.0,340.61712646484375,339.0,311.8333435058594
2026-09-08 19:00:00+00:00,5.0,330.42047119140625,330.0,291.625
2026-09-08 20:00:00+00:00,6.0,320.7833557128906,311.0,287.375
2026-09-08 21:00:00+00:00,7.0,286.532958984375,282.0,274.6666564941406
2026-09-08 22:00:00+00:00,8.0,292.82904052734375,287.0,270.375
2026-09-08 23:00:00+00:00,9.0,290.5329895019531,281.0,274.0
2026-09-09 00:00:00+00:00,10.0,293.0228576660156,282.0,272.75
2026-09-09 01:00:00+00:00,11.0,286.79083251953125,280.0,266.3999938964844
2026-09-09 02:00:00+00:00,12.0,282.0478820800781,276.0,264.71429443359375
2026-09-09 03:00:00+00:00,13.0,286.7152099609375,277.0,263.6666564941406
2026-09-09 04:00:00+00:00,14.0,286.4392395019531,278.0,260.0
2026-09-09 05:00:00+00:00,15.0,284.7255554199219,277.0,262.75
2026-09-09 06:00:00+00:00,16.0,293.6488342285156,280.0,263.0
2026-09-09 07:00:00+00:00,17.0,287.3660888671875,275.0,264.0
2026-09-09 08:00:00+00:00,18.0,284.7028503417969,277.0,266.0
2026-09-09 09:00:00+00:00,19.0,294.6715087890625,284.0,286.6000061035156
2026-09-09 10:00:00+00:00,20.0,292.5290832519531,282.0,283.22222900390625
2026-09-09 11:00:00+00:00,21.0,302.01373291015625,292.0,283.0
2026-09-09 12:00:00+00:00,22.0,310.3641662597656,301.0,292.25
2026-09-09 13:00:00+00:00,23.0,322.4552001953125,314.0,293.71429443359375
2026-09-09 14:00:00+00:00,24.0,329.2322082519531,320.0,304.0
2026-09-08 16:00:00+00:00,1.0,182.35235595703125,175.0,251.0
2026-09-08 17:00:00+00:00,2.0,190.7296600341797,186.0,274.4285583496094
2026-09-08 18:00:00+00:00,3.0,322.8594055175781,319.0,311.8333435058594
2026-09-08 19:00:00+00:00,4.0,320.98187255859375,318.0,291.625
2026-09-08 20:00:00+00:00,5.0,311.0553894042969,309.0,287.375
2026-09-08 21:00:00+00:00,6.0,303.0135192871094,292.0,274.6666564941406
2026-09-08 22:00:00+00:00,7.0,294.90093994140625,289.0,270.375
2026-09-08 23:00:00+00:00,8.0,291.0257873535156,284.0,274.0
2026-09-09 00:00:00+00:00,9.0,291.91827392578125,281.0,272.75
2026-09-09 01:00:00+00:00,10.0,290.7146301269531,278.0,266.3999938964844
2026-09-09 02:00:00+00:00,11.0,281.99322509765625,274.0,264.71429443359375
2026-09-09 03:00:00+00:00,12.0,278.9278564453125,272.0,263.6666564941406
2026-09-09 04:00:00+00:00,13.0,283.12890625,272.0,260.0
2026-09-09 05:00:00+00:00,14.0,283.763916015625,274.0,262.75
2026-09-09 06:00:00+00:00,15.0,283.87750244140625,275.0,263.0
2026-09-09 07:00:00+00:00,16.0,289.427978515625,274.0,264.0
2026-09-09 08:00:00+00:00,17.0,282.7637939453125,269.0,266.0
2026-09-09 09:00:00+00:00,18.0,287.5598449707031,278.0,286.6000061035156
2026-09-09 10:00:00+00:00,19.0,303.3324890136719,291.0,283.22222900390625
2026-09-09 11:00:00+00:00,20.0,296.42620849609375,285.0,283.0
2026-09-09 12:00:00+00:00,21.0,310.70147705078125,300.0,292.25
2026-09-09 13:00:00+00:00,22.0,326.2474365234375,316.0,293.71429443359375
2026-09-09 14:00:00+00:00,23.0,321.2607116699219,312.0,304.0
2026-09-09 15:00:00+00:00,24.0,338.7559814453125,329.0,298.5
2026-09-08 17:00:00+00:00,1.0,146.80015563964844,140.0,274.4285583496094
2026-09-08 18:00:00+00:00,2.0,300.0363464355469,296.0,311.8333435058594
2026-09-08 19:00:00+00:00,3.0,345.3074951171875,342.0,291.625
2026-09-08 20:00:00+00:00,4.0,311.3410339355469,309.0,287.375
2026-09-08 21:00:00+00:00,5.0,293.180419921875,292.0,274.6666564941406
2026-09-08 22:00:00+00:00,6.0,298.45751953125,288.0,270.375
2026-09-08 23:00:00+00:00,7.0,288.2662353515625,283.0,274.0
2026-09-09 00:00:00+00:00,8.0,285.4501953125,279.0,272.75
2026-09-09 01:00:00+00:00,9.0,285.37811279296875,275.0,266.3999938964844
2026-09-09 02:00:00+00:00,10.0,286.94720458984375,275.0,264.71429443359375
2026-09-09 03:00:00+00:00,11.0,281.42486572265625,274.0,263.6666564941406
2026-09-09 04:00:00+00:00,12.0,280.4285888671875,274.0,260.0
2026-09-09 05:00:00+00:00,13.0,289.4535217285156,279.0,262.75
2026-09-09 06:00:00+00:00,14.0,285.2637023925781,276.0,263.0
2026-09-09 07:00:00+00:00,15.0,286.3368225097656,278.0,264.0
2026-09-09 08:00:00+00:00,16.0,291.610107421875,277.0,266.0
2026-09-09 09:00:00+00:00,17.0,297.146728515625,284.0,286.6000061035156
2026-09-09 10:00:00+00:00,18.0,291.7649841308594,283.0,283.22222900390625
2026-09-09 11:00:00+00:00,19.0,291.5983581542969,280.0,283.0
2026-09-09 12:00:00+00:00,20.0,322.1307067871094,311.0,292.25
2026-09-09 13:00:00+00:00,21.0,327.3863220214844,317.0,293.71429443359375
2026-09-09 14:00:00+00:00,22.0,330.8080749511719,321.0,304.0
2026-09-09 15:00:00+00:00,23.0,330.86944580078125,322.0,298.5
2026-09-09 16:00:00+00:00,24.0,333.54522705078125,324.0,316.5714416503906
2026-09-08 18:00:00+00:00,1.0,347.8033142089844,340.0,311.8333435058594
2026-09-08 19:00:00+00:00,2.0,339.0980224609375,334.0,291.625
2026-09-08 20:00:00+00:00,3.0,314.09466552734375,310.0,287.375
2026-09-08 21:00:00+00:00,4.0,294.2898864746094,291.0,274.6666564941406
2026-09-08 22:00:00+00:00,5.0,288.1163635253906,286.0,270.375
2026-09-08 23:00:00+00:00,6.0,297.17022705078125,286.0,274.0
2026-09-09 00:00:00+00:00,7.0,292.0347595214844,286.0,272.75
2026-09-09 01:00:00+00:00,8.0,285.0633239746094,278.0,266.3999938964844
2026-09-09 02:00:00+00:00,9.0,289.1575622558594,278.0,264.71429443359375
2026-09-09 03:00:00+00:00,10.0,293.9405517578125,281.0,263.6666564941406
2026-09-09 04:00:00+00:00,11.0,286.091064453125,278.0,260.0
2026-09-09 05:00:00+00:00,12.0,284.8363952636719,278.0,262.75
2026-09-09 06:00:00+00:00,13.0,288.1701354980469,277.0,263.0
2026-09-09 07:00:00+00:00,14.0,287.11468505859375,277.0,264.0
2026-09-09 08:00:00+00:00,15.0,285.9622802734375,277.0,266.0
2026-09-09 09:00:00+00:00,16.0,300.4966125488281,285.0,286.6000061035156
2026-09-09 10:00:00+00:00,17.0,301.7733154296875,288.0,283.22222900390625
2026-09-09 11:00:00+00:00,18.0,305.92779541015625,296.0,283.0
2026-09-09 12:00:00+00:00,19.0,312.51995849609375,300.0,292.25
2026-09-09 13:00:00+00:00,20.0,312.5755615234375,301.0,293.71429443359375
2026-09-09 14:00:00+00:00,21.0,331.6652526855469,321.0,304.0
2026-09-09 15:00:00+00:00,22.0,335.1152648925781,325.0,298.5
2026-09-09 16:00:00+00:00,23.0,339.17498779296875,330.0,316.5714416503906
2026-09-09 17:00:00+00:00,24.0,342.7850341796875,333.0,296.0
2026-09-08 19:00:00+00:00,1.0,321.38995361328125,313.0,291.625
2026-09-08 20:00:00+00:00,2.0,312.7924499511719,307.0,287.375
2026-09-08 21:00:00+00:00,3.0,302.01153564453125,297.0,274.6666564941406
2026-09-08 22:00:00+00:00,4.0,294.292236328125,290.0,270.375
2026-09-08 23:00:00+00:00,5.0,285.83270263671875,283.0,274.0
2026-09-09 00:00:00+00:00,6.0,294.6242980957031,283.0,272.75
2026-09-09 01:00:00+00:00,7.0,285.630615234375,279.0,266.3999938964844
2026-09-09 02:00:00+00:00,8.0,284.6189880371094,277.0,264.71429443359375
2026-09-09 03:00:00+00:00,9.0,288.8147888183594,277.0,263.6666564941406
2026-09-09 04:00:00+00:00,10.0,292.39764404296875,279.0,260.0
2026-09-09 05:00:00+00:00,11.0,284.67852783203125,276.0,262.75
2026-09-09 06:00:00+00:00,12.0,283.3351745605469,276.0,263.0
2026-09-09 07:00:00+00:00,13.0,285.9150390625,274.0,264.0
2026-09-09 08:00:00+00:00,14.0,280.6564636230469,270.0,266.0
2026-09-09 09:00:00+00:00,15.0,288.212158203125,279.0,286.6000061035156
2026-09-09 10:00:00+00:00,16.0,306.6735534667969,291.0,283.22222900390625
2026-09-09 11:00:00+00:00,17.0,298.0199279785156,284.0,283.0
2026-09-09 12:00:00+00:00,18.0,313.7547302246094,303.0,292.25
2026-09-09 13:00:00+00:00,19.0,322.9917907714844,310.0,293.71429443359375
2026-09-09 14:00:00+00:00,20.0,326.4717102050781,315.0,304.0
2026-09-09 15:00:00+00:00,21.0,330.2743835449219,320.0,298.5
2026-09-09 16:00:00+00:00,22.0,333.0810241699219,323.0,316.5714416503906
2026-09-09 17:00:00+00:00,23.0,345.97662353515625,337.0,296.0
2026-09-09 18:00:00+00:00,24.0,337.67559814453125,328.0,292.0
2026-09-08 20:00:00+00:00,1.0,316.7122497558594,309.0,287.375
2026-09-08 21:00:00+00:00,2.0,297.8003845214844,293.0,274.6666564941406
2026-09-08 22:00:00+00:00,3.0,293.8804931640625,289.0,270.375
2026-09-08 23:00:00+00:00,4.0,292.05938720703125,288.0,274.0
2026-09-09 00:00:00+00:00,5.0,279.0388488769531,277.0,272.75
2026-09-09 01:00:00+00:00,6.0,289.80133056640625,279.0,266.3999938964844
2026-09-09 02:00:00+00:00,7.0,286.1125183105469,280.0,264.71429443359375
2026-09-09 03:00:00+00:00,8.0,280.6881408691406,274.0,263.6666564941406
2026-09-09 04:00:00+00:00,9.0,290.12628173828125,279.0,260.0
2026-09-09 05:00:00+00:00,10.0,291.539794921875,279.0,262.75
2026-09-09 06:00:00+00:00,11.0,284.3290100097656,276.0,263.0
2026-09-09 07:00:00+00:00,12.0,281.7498779296875,275.0,264.0
2026-09-09 08:00:00+00:00,13.0,291.1837463378906,280.0,266.0
2026-09-09 09:00:00+00:00,14.0,294.9185485839844,285.0,286.6000061035156
2026-09-09 10:00:00+00:00,15.0,292.3611145019531,284.0,283.22222900390625
2026-09-09 11:00:00+00:00,16.0,301.18243408203125,287.0,283.0
2026-09-09 12:00:00+00:00,17.0,328.98858642578125,316.0,292.25
2026-09-09 13:00:00+00:00,18.0,330.87408447265625,321.0,293.71429443359375
2026-09-09 14:00:00+00:00,19.0,333.2458190917969,321.0,304.0
2026-09-09 15:00:00+00:00,20.0,333.5032958984375,323.0,298.5
2026-09-09 16:00:00+00:00,21.0,338.1565246582031,329.0,316.5714416503906
2026-09-09 17:00:00+00:00,22.0,338.1329345703125,329.0,296.0
2026-09-09 18:00:00+00:00,23.0,331.7576599121094,324.0,292.0
2026-09-09 19:00:00+00:00,24.0,329.83428955078125,321.0,301.8571472167969
2026-09-08 21:00:00+00:00,1.0,295.963134765625,291.0,274.6666564941406
2026-09-08 22:00:00+00:00,2.0,292.79119873046875,291.0,270.375
2026-09-08 23:00:00+00:00,3.0,288.95135498046875,286.0,274.0
2026-09-09 00:00:00+00:00,4.0,289.6234436035156,288.0,272.75
2026-09-09 01:00:00+00:00,5.0,275.2695007324219,276.0,266.3999938964844
2026-09-09 02:00:00+00:00,6.0,286.46087646484375,278.0,264.71429443359375
2026-09-09 03:00:00+00:00,7.0,277.803955078125,274.0,263.6666564941406
2026-09-09 04:00:00+00:00,8.0,281.4841003417969,277.0,260.0
2026-09-09 05:00:00+00:00,9.0,289.51300048828125,281.0,262.75
2026-09-09 06:00:00+00:00,10.0,288.5681457519531,279.0,263.0
2026-09-09 07:00:00+00:00,11.0,278.4905700683594,272.0,264.0
2026-09-09 08:00:00+00:00,12.0,284.2032165527344,279.0,266.0
2026-09-09 09:00:00+00:00,13.0,292.7456359863281,284.0,286.6000061035156
2026-09-09 10:00:00+00:00,14.0,300.4681701660156,293.0,283.22222900390625
2026-09-09 11:00:00+00:00,15.0,287.3226013183594,281.0,283.0
2026-09-09 12:00:00+00:00,16.0,318.092041015625,307.0,292.25
2026-09-09 13:00:00+00:00,17.0,314.79193115234375,304.0,293.71429443359375
2026-09-09 14:00:00+00:00,18.0,327.7764892578125,321.0,304.0
2026-09-09 15:00:00+00:00,19.0,336.45166015625,327.0,298.5
2026-09-09 16:00:00+00:00,20.0,339.7782287597656,331.0,316.5714416503906
2026-09-09 17:00:00+00:00,21.0,341.8232116699219,334.0,296.0
2026-09-09 18:00:00+00:00,22.0,325.6845703125,318.0,292.0
2026-09-09 19:00:00+00:00,23.0,334.2179260253906,328.0,301.8571472167969
2026-09-09 20:00:00+00:00,24.0,335.75531005859375,328.0,301.25
2026-09-08 22:00:00+00:00,1.0,297.581298828125,291.0,270.375
2026-09-08 23:00:00+00:00,2.0,288.5208435058594,285.0,274.0
2026-09-09 00:00:00+00:00,3.0,290.3426513671875,286.0,272.75
2026-09-09 01:00:00+00:00,4.0,284.2005615234375,281.0,266.3999938964844
2026-09-09 02:00:00+00:00,5.0,276.30755615234375,275.0,264.71429443359375
2026-09-09 03:00:00+00:00,6.0,289.0085754394531,279.0,263.6666564941406
2026-09-09 04:00:00+00:00,7.0,283.5442199707031,278.0,260.0
2026-09-09 05:00:00+00:00,8.0,281.9964599609375,276.0,262.75
2026-09-09 06:00:00+00:00,9.0,283.2529296875,273.0,263.0
2026-09-09 07:00:00+00:00,10.0,282.6716003417969,271.0,264.0
2026-09-09 08:00:00+00:00,11.0,278.9156494140625,271.0,266.0
2026-09-09 09:00:00+00:00,12.0,283.3838195800781,277.0,286.6000061035156
2026-09-09 10:00:00+00:00,13.0,297.5624694824219,287.0,283.22222900390625
2026-09-09 11:00:00+00:00,14.0,291.0143127441406,282.0,283.0
2026-09-09 12:00:00+00:00,15.0,318.7129821777344,311.0,292.25
2026-09-09 13:00:00+00:00,16.0,328.206787109375,315.0,293.71429443359375
2026-09-09 14:00:00+00:00,17.0,330.4197998046875,318.0,304.0
2026-09-09 15:00:00+00:00,18.0,329.8084411621094,321.0,298.5
2026-09-09 16:00:00+00:00,19.0,336.43524169921875,325.0,316.5714416503906
2026-09-09 17:00:00+00:00,20.0,338.928466796875,329.0,296.0
2026-09-09 18:00:00+00:00,21.0,353.7044677734375,345.0,292.0
2026-09-09 19:00:00+00:00,22.0,341.8705139160156,333.0,301.8571472167969
2026-09-09 20:00:00+00:00,23.0,335.2424621582031,328.0,301.25
2026-09-09 21:00:00+00:00,24.0,330.3382568359375,322.0,301.0
2026-09-08 23:00:00+00:00,2.0,290.59033203125,285.0,274.0
2026-09-09 00:00:00+00:00,3.0,288.530029296875,286.0,272.75
2026-09-09 01:00:00+00:00,4.0,284.7541809082031,281.0,266.3999938964844
2026-09-09 02:00:00+00:00,5.0,277.33477783203125,275.0,264.71429443359375
2026-09-09 03:00:00+00:00,6.0,279.3851623535156,279.0,263.6666564941406
2026-09-09 04:00:00+00:00,7.0,287.07745361328125,278.0,260.0
2026-09-09 05:00:00+00:00,8.0,280.71636962890625,276.0,262.75
2026-09-09 06:00:00+00:00,9.0,278.15899658203125,273.0,263.0
2026-09-09 07:00:00+00:00,10.0,280.324462890625,271.0,264.0
2026-09-09 08:00:00+00:00,11.0,281.5826416015625,271.0,266.0
2026-09-09 09:00:00+00:00,12.0,284.1485595703125,277.0,286.6000061035156
2026-09-09 10:00:00+00:00,13.0,292.81494140625,287.0,283.22222900390625
2026-09-09 11:00:00+00:00,14.0,291.6528625488281,282.0,283.0
2026-09-09 12:00:00+00:00,15.0,319.12066650390625,311.0,292.25
2026-09-09 13:00:00+00:00,16.0,321.9371032714844,315.0,293.71429443359375
2026-09-09 14:00:00+00:00,17.0,329.9007263183594,318.0,304.0
2026-09-09 15:00:00+00:00,18.0,332.45263671875,321.0,298.5
2026-09-09 16:00:00+00:00,19.0,332.6383361816406,325.0,316.5714416503906
2026-09-09 17:00:00+00:00,20.0,339.3011474609375,329.0,296.0
2026-09-09 18:00:00+00:00,21.0,354.1742248535156,345.0,292.0
2026-09-09 19:00:00+00:00,22.0,341.090576171875,333.0,301.8571472167969
2026-09-09 20:00:00+00:00,23.0,336.2378845214844,328.0,301.25
2026-09-09 21:00:00+00:00,24.0,328.56109619140625,322.0,301.0
2026-09-09 22:00:00+00:00,25.0,325.8333740234375,318.0,301.0
2026-09-09 00:00:00+00:00,3.0,290.39971923828125,286.0,272.75
2026-09-09 01:00:00+00:00,4.0,282.38531494140625,281.0,266.3999938964844
2026-09-09 02:00:00+00:00,5.0,277.9579772949219,275.0,264.71429443359375
2026-09-09 03:00:00+00:00,6.0,280.2477111816406,279.0,263.6666564941406
2026-09-09 04:00:00+00:00,7.0,277.297119140625,278.0,260.0
2026-09-09 05:00:00+00:00,8.0,283.9853515625,276.0,262.75
2026-09-09 06:00:00+00:00,9.0,276.6632080078125,273.0,263.0
2026-09-09 07:00:00+00:00,10.0,275.1813049316406,271.0,264.0
2026-09-09 08:00:00+00:00,11.0,279.1635437011719,271.0,266.0
2026-09-09 09:00:00+00:00,12.0,286.25372314453125,277.0,286.6000061035156
2026-09-09 10:00:00+00:00,13.0,293.1620178222656,287.0,283.22222900390625
2026-09-09 11:00:00+00:00,14.0,287.13201904296875,282.0,283.0
2026-09-09 12:00:00+00:00,15.0,319.49212646484375,311.0,292.25
2026-09-09 13:00:00+00:00,16.0,322.0035095214844,315.0,293.71429443359375
2026-09-09 14:00:00+00:00,17.0,323.9724426269531,318.0,304.0
2026-09-09 15:00:00+00:00,18.0,331.3998107910156,321.0,298.5
2026-09-09 16:00:00+00:00,19.0,335.31085205078125,325.0,316.5714416503906
2026-09-09 17:00:00+00:00,20.0,335.2275695800781,329.0,296.0
2026-09-09 18:00:00+00:00,21.0,353.9012756347656,345.0,292.0
2026-09-09 19:00:00+00:00,22.0,341.260009765625,333.0,301.8571472167969
2026-09-09 20:00:00+00:00,23.0,335.4389953613281,328.0,301.25
2026-09-09 21:00:00+00:00,24.0,329.49285888671875,322.0,301.0
2026-09-09 22:00:00+00:00,25.0,323.8280334472656,318.0,301.0
2026-09-09 23:00:00+00:00,26.0,329.27923583984375,322.0,301.0
2026-09-09 01:00:00+00:00,4.0,284.1241760253906,281.0,266.3999938964844
2026-09-09 02:00:00+00:00,5.0,275.15087890625,275.0,264.71429443359375
2026-09-09 03:00:00+00:00,6.0,281.0514221191406,279.0,263.6666564941406
2026-09-09 04:00:00+00:00,7.0,278.0860900878906,278.0,260.0
2026-09-09 05:00:00+00:00,8.0,274.17108154296875,276.0,262.75
2026-09-09 06:00:00+00:00,9.0,279.8583984375,273.0,263.0
2026-09-09 07:00:00+00:00,10.0,273.5121765136719,271.0,264.0
2026-09-09 08:00:00+00:00,11.0,274.16937255859375,271.0,266.0
2026-09-09 09:00:00+00:00,12.0,283.9053955078125,277.0,286.6000061035156
2026-09-09 10:00:00+00:00,13.0,294.789794921875,287.0,283.22222900390625
2026-09-09 11:00:00+00:00,14.0,287.1048278808594,282.0,283.0
2026-09-09 12:00:00+00:00,15.0,315.439453125,311.0,292.25
2026-09-09 13:00:00+00:00,16.0,322.2438049316406,315.0,293.71429443359375
2026-09-09 14:00:00+00:00,17.0,323.7391357421875,318.0,304.0
2026-09-09 15:00:00+00:00,18.0,325.8908996582031,321.0,298.5
2026-09-09 16:00:00+00:00,19.0,333.84832763671875,325.0,316.5714416503906
2026-09-09 17:00:00+00:00,20.0,338.13262939453125,329.0,296.0
2026-09-09 18:00:00+00:00,21.0,349.7281494140625,345.0,292.0
2026-09-09 19:00:00+00:00,22.0,340.3795471191406,333.0,301.8571472167969
2026-09-09 20:00:00+00:00,23.0,335.2604064941406,328.0,301.25
2026-09-09 21:00:00+00:00,24.0,328.755615234375,322.0,301.0
2026-09-09 22:00:00+00:00,25.0,324.7051086425781,318.0,301.0
2026-09-09 23:00:00+00:00,26.0,327.0652160644531,322.0,301.0
2026-09-10 00:00:00+00:00,27.0,334.6851806640625,328.0,301.0
2026-09-09 02:00:00+00:00,5.0,276.9693603515625,275.0,264.71429443359375
2026-09-09 03:00:00+00:00,6.0,278.1106872558594,279.0,263.6666564941406
2026-09-09 04:00:00+00:00,7.0,279.1597900390625,278.0,260.0
2026-09-09 05:00:00+00:00,8.0,274.9779357910156,276.0,262.75
2026-09-09 06:00:00+00:00,9.0,270.24554443359375,273.0,263.0
2026-09-09 07:00:00+00:00,10.0,276.9584045410156,271.0,264.0
2026-09-09 08:00:00+00:00,11.0,272.4906921386719,271.0,266.0
2026-09-09 09:00:00+00:00,12.0,279.3022155761719,277.0,286.6000061035156
2026-09-09 10:00:00+00:00,13.0,292.75006103515625,287.0,283.22222900390625
2026-09-09 11:00:00+00:00,14.0,288.3692321777344,282.0,283.0
2026-09-09 12:00:00+00:00,15.0,315.1707458496094,311.0,292.25
2026-09-09 13:00:00+00:00,16.0,318.8148193359375,315.0,293.71429443359375
2026-09-09 14:00:00+00:00,17.0,324.1362609863281,318.0,304.0
2026-09-09 15:00:00+00:00,18.0,325.5005798339844,321.0,298.5
2026-09-09 16:00:00+00:00,19.0,328.8671875,325.0,316.5714416503906
2026-09-09 17:00:00+00:00,20.0,336.52435302734375,329.0,296.0
2026-09-09 18:00:00+00:00,21.0,353.0060729980469,345.0,292.0
2026-09-09 19:00:00+00:00,22.0,336.43511962890625,333.0,301.8571472167969
2026-09-09 20:00:00+00:00,23.0,334.0335693359375,328.0,301.25
2026-09-09 21:00:00+00:00,24.0,328.3905029296875,322.0,301.0
2026-09-09 22:00:00+00:00,25.0,324.1164245605469,318.0,301.0
2026-09-09 23:00:00+00:00,26.0,328.0067138671875,322.0,301.0
2026-09-10 00:00:00+00:00,27.0,332.3210754394531,328.0,301.0
2026-09-10 01:00:00+00:00,28.0,333.06170654296875,327.0,301.0
2026-09-09 03:00:00+00:00,6.0,280.0152893066406,279.0,263.6666564941406
2026-09-09 04:00:00+00:00,7.0,276.2937316894531,278.0,260.0
2026-09-09 05:00:00+00:00,8.0,276.36419677734375,276.0,262.75
2026-09-09 06:00:00+00:00,9.0,271.0563659667969,273.0,263.0
2026-09-09 07:00:00+00:00,10.0,267.5195617675781,271.0,264.0
2026-09-09 08:00:00+00:00,11.0,276.2413330078125,271.0,266.0
2026-09-09 09:00:00+00:00,12.0,277.6385192871094,277.0,286.6000061035156
2026-09-09 10:00:00+00:00,13.0,288.5800476074219,287.0,283.22222900390625
2026-09-09 11:00:00+00:00,14.0,286.7563171386719,282.0,283.0
2026-09-09 12:00:00+00:00,15.0,316.1812438964844,311.0,292.25
2026-09-09 13:00:00+00:00,16.0,318.3853759765625,315.0,293.71429443359375
2026-09-09 14:00:00+00:00,17.0,321.2745361328125,318.0,304.0
2026-09-09 15:00:00+00:00,18.0,326.1900939941406,321.0,298.5
2026-09-09 16:00:00+00:00,19.0,328.4332275390625,325.0,316.5714416503906
2026-09-09 17:00:00+00:00,20.0,332.0137634277344,329.0,296.0
2026-09-09 18:00:00+00:00,21.0,351.4638366699219,345.0,292.0
2026-09-09 19:00:00+00:00,22.0,340.0326843261719,333.0,301.8571472167969
2026-09-09 20:00:00+00:00,23.0,330.3714599609375,328.0,301.25
2026-09-09 21:00:00+00:00,24.0,326.9178771972656,322.0,301.0
2026-09-09 22:00:00+00:00,25.0,323.6761169433594,318.0,301.0
2026-09-09 23:00:00+00:00,26.0,327.5911865234375,322.0,301.0
2026-09-10 00:00:00+00:00,27.0,333.4187927246094,328.0,301.0
2026-09-10 01:00:00+00:00,28.0,330.6997375488281,327.0,301.0
2026-09-10 02:00:00+00:00,29.0,357.5329895019531,352.0,301.0
2026-09-09 04:00:00+00:00,7.0,278.25677490234375,278.0,260.0
2026-09-09 05:00:00+00:00,8.0,273.6282653808594,276.0,262.75
2026-09-09 06:00:00+00:00,9.0,272.68780517578125,273.0,263.0
2026-09-09 07:00:00+00:00,10.0,268.3520812988281,271.0,264.0
2026-09-09 08:00:00+00:00,11.0,266.94097900390625,271.0,266.0
2026-09-09 09:00:00+00:00,12.0,281.6434020996094,277.0,286.6000061035156
2026-09-09 10:00:00+00:00,13.0,286.9197998046875,287.0,283.22222900390625
2026-09-09 11:00:00+00:00,14.0,282.9681396484375,282.0,283.0
2026-09-09 12:00:00+00:00,15.0,314.91912841796875,311.0,292.25
2026-09-09 13:00:00+00:00,16.0,319.20843505859375,315.0,293.71429443359375
2026-09-09 14:00:00+00:00,17.0,320.7289123535156,318.0,304.0
2026-09-09 15:00:00+00:00,18.0,323.79876708984375,321.0,298.5
2026-09-09 16:00:00+00:00,19.0,329.4211730957031,325.0,316.5714416503906
2026-09-09 17:00:00+00:00,20.0,331.5600280761719,329.0,296.0
2026-09-09 18:00:00+00:00,21.0,347.3466491699219,345.0,292.0
2026-09-09 19:00:00+00:00,22.0,338.6095275878906,333.0,301.8571472167969
2026-09-09 20:00:00+00:00,23.0,334.241943359375,328.0,301.25
2026-09-09 21:00:00+00:00,24.0,323.5080871582031,322.0,301.0
2026-09-09 22:00:00+00:00,25.0,322.0309753417969,318.0,301.0
2026-09-09 23:00:00+00:00,26.0,327.08050537109375,322.0,301.0
2026-09-10 00:00:00+00:00,27.0,333.11676025390625,328.0,301.0
2026-09-10 01:00:00+00:00,28.0,331.8979797363281,327.0,301.0
2026-09-10 02:00:00+00:00,29.0,355.18902587890625,352.0,301.0
2026-09-10 03:00:00+00:00,30.0,344.0677185058594,339.0,301.0
2026-09-09 05:00:00+00:00,8.0,275.66656494140625,276.0,262.75
2026-09-09 06:00:00+00:00,9.0,270.0523376464844,273.0,263.0
2026-09-09 07:00:00+00:00,10.0,270.09832763671875,271.0,264.0
2026-09-09 08:00:00+00:00,11.0,267.8432922363281,271.0,266.0
2026-09-09 09:00:00+00:00,12.0,272.4957275390625,277.0,286.6000061035156
2026-09-09 10:00:00+00:00,13.0,291.10943603515625,287.0,283.22222900390625
2026-09-09 11:00:00+00:00,14.0,281.2936096191406,282.0,283.0
2026-09-09 12:00:00+00:00,15.0,311.4909973144531,311.0,292.25
2026-09-09 13:00:00+00:00,16.0,318.23583984375,315.0,293.71429443359375
2026-09-09 14:00:00+00:00,17.0,321.4567565917969,318.0,304.0
2026-09-09 15:00:00+00:00,18.0,323.18182373046875,321.0,298.5
2026-09-09 16:00:00+00:00,19.0,327.3547058105469,325.0,316.5714416503906
2026-09-09 17:00:00+00:00,20.0,332.84625244140625,329.0,296.0
2026-09-09 18:00:00+00:00,21.0,346.8831787109375,345.0,292.0
2026-09-09 19:00:00+00:00,22.0,334.8783264160156,333.0,301.8571472167969
2026-09-09 20:00:00+00:00,23.0,333.0059814453125,328.0,301.25
2026-09-09 21:00:00+00:00,24.0,327.6298828125,322.0,301.0
2026-09-09 22:00:00+00:00,25.0,318.85498046875,318.0,301.0
2026-09-09 23:00:00+00:00,26.0,325.4131164550781,322.0,301.0
2026-09-10 00:00:00+00:00,27.0,332.5699768066406,328.0,301.0
2026-09-10 01:00:00+00:00,28.0,331.65057373046875,327.0,301.0
2026-09-10 02:00:00+00:00,29.0,356.41046142578125,352.0,301.0
2026-09-10 03:00:00+00:00,30.0,341.8233947753906,339.0,301.0
2026-09-10 04:00:00+00:00,31.0,326.6734924316406,322.0,279.1428527832031
2026-09-09 06:00:00+00:00,9.0,272.2851867675781,273.0,263.0
2026-09-09 07:00:00+00:00,10.0,267.69354248046875,271.0,264.0
2026-09-09 08:00:00+00:00,11.0,269.6925964355469,271.0,266.0
2026-09-09 09:00:00+00:00,12.0,273.5209045410156,277.0,286.6000061035156
2026-09-09 10:00:00+00:00,13.0,282.23199462890625,287.0,283.22222900390625
2026-09-09 11:00:00+00:00,14.0,285.7723388671875,282.0,283.0
2026-09-09 12:00:00+00:00,15.0,309.89935302734375,311.0,292.25
2026-09-09 13:00:00+00:00,16.0,315.2017517089844,315.0,293.71429443359375
2026-09-09 14:00:00+00:00,17.0,320.8003845214844,318.0,304.0
2026-09-09 15:00:00+00:00,18.0,324.02215576171875,321.0,298.5
2026-09-09 16:00:00+00:00,19.0,326.83013916015625,325.0,316.5714416503906
2026-09-09 17:00:00+00:00,20.0,331.0770568847656,329.0,296.0
2026-09-09 18:00:00+00:00,21.0,348.4715881347656,345.0,292.0
2026-09-09 19:00:00+00:00,22.0,334.4482727050781,333.0,301.8571472167969
2026-09-09 20:00:00+00:00,23.0,329.5978698730469,328.0,301.25
2026-09-09 21:00:00+00:00,24.0,326.6588439941406,322.0,301.0
2026-09-09 22:00:00+00:00,25.0,323.2585144042969,318.0,301.0
2026-09-09 23:00:00+00:00,26.0,322.4244384765625,322.0,301.0
2026-09-10 00:00:00+00:00,27.0,331.0137634277344,328.0,301.0
2026-09-10 01:00:00+00:00,28.0,331.2763977050781,327.0,301.0
2026-09-10 02:00:00+00:00,29.0,356.40106201171875,352.0,301.0
2026-09-10 03:00:00+00:00,30.0,343.1321105957031,339.0,301.0
2026-09-10 04:00:00+00:00,31.0,324.6222839355469,322.0,279.1428527832031
2026-09-10 05:00:00+00:00,32.0,159.4722900390625,155.0,257.0
2026-09-09 07:00:00+00:00,1.0,272.90191650390625,274.0,264.0
2026-09-09 08:00:00+00:00,2.0,273.39288330078125,277.0,266.0
2026-09-09 09:00:00+00:00,3.0,283.2533264160156,285.0,286.6000061035156
2026-09-09 10:00:00+00:00,4.0,281.164794921875,285.0,283.22222900390625
2026-09-09 11:00:00+00:00,5.0,308.92218017578125,314.0,283.0
2026-09-09 12:00:00+00:00,6.0,317.3829040527344,314.0,292.25
2026-09-09 13:00:00+00:00,7.0,313.4707946777344,315.0,293.71429443359375
2026-09-09 14:00:00+00:00,8.0,315.8599548339844,316.0,304.0
2026-09-09 15:00:00+00:00,9.0,319.30230712890625,317.0,298.5
2026-09-09 16:00:00+00:00,10.0,324.61920166015625,322.0,316.5714416503906
2026-09-09 17:00:00+00:00,11.0,329.4107360839844,328.0,296.0
2026-09-09 18:00:00+00:00,12.0,335.7137756347656,334.0,292.0
2026-09-09 19:00:00+00:00,13.0,332.98895263671875,330.0,301.8571472167969
2026-09-09 20:00:00+00:00,14.0,321.03558349609375,320.0,301.25
2026-09-09 21:00:00+00:00,15.0,322.31353759765625,321.0,301.0
2026-09-09 22:00:00+00:00,16.0,328.276611328125,324.0,301.0
2026-09-09 23:00:00+00:00,17.0,327.8211975097656,323.0,301.0
2026-09-10 00:00:00+00:00,18.0,324.9588623046875,325.0,301.0
2026-09-10 01:00:00+00:00,19.0,330.5760803222656,328.0,301.0
2026-09-10 02:00:00+00:00,20.0,319.98345947265625,316.0,301.0
2026-09-10 03:00:00+00:00,21.0,326.20159912109375,322.0,301.0
2026-09-10 04:00:00+00:00,22.0,310.827392578125,307.0,279.1428527832031
2026-09-10 05:00:00+00:00,23.0,173.4609375,171.0,257.0
2026-09-10 06:00:00+00:00,24.0,184.32431030273438,180.0,257.0
2026-09-09 08:00:00+00:00,1.0,275.6457824707031,277.0,266.0
2026-09-09 09:00:00+00:00,2.0,281.14300537109375,285.0,286.6000061035156
2026-09-09 10:00:00+00:00,3.0,282.9750061035156,285.0,283.22222900390625
2026-09-09 11:00:00+00:00,4.0,309.9543151855469,314.0,283.0
2026-09-09 12:00:00+00:00,5.0,308.715087890625,314.0,292.25
2026-09-09 13:00:00+00:00,6.0,318.1336669921875,315.0,293.71429443359375
2026-09-09 14:00:00+00:00,7.0,314.1867370605469,316.0,304.0
2026-09-09 15:00:00+00:00,8.0,316.6379089355469,317.0,298.5
2026-09-09 16:00:00+00:00,9.0,323.9834899902344,322.0,316.5714416503906
2026-09-09 17:00:00+00:00,10.0,330.3064270019531,328.0,296.0
2026-09-09 18:00:00+00:00,11.0,335.1631164550781,334.0,292.0
2026-09-09 19:00:00+00:00,12.0,331.4928283691406,330.0,301.8571472167969
2026-09-09 20:00:00+00:00,13.0,322.7177734375,320.0,301.25
2026-09-09 21:00:00+00:00,14.0,321.7388610839844,321.0,301.0
2026-09-09 22:00:00+00:00,15.0,325.1201171875,324.0,301.0
2026-09-09 23:00:00+00:00,16.0,327.01104736328125,323.0,301.0
2026-09-10 00:00:00+00:00,17.0,329.557373046875,325.0,301.0
2026-09-10 01:00:00+00:00,18.0,327.6581115722656,328.0,301.0
2026-09-10 02:00:00+00:00,19.0,318.30169677734375,316.0,301.0
2026-09-10 03:00:00+00:00,20.0,325.7786865234375,322.0,301.0
2026-09-10 04:00:00+00:00,21.0,311.00836181640625,307.0,279.1428527832031
2026-09-10 05:00:00+00:00,22.0,174.61146545410156,171.0,257.0
2026-09-10 06:00:00+00:00,23.0,182.3076171875,180.0,257.0
2026-09-10 07:00:00+00:00,24.0,216.17596435546875,212.0,256.5
2026-09-09 09:00:00+00:00,1.0,283.3174743652344,285.0,286.6000061035156
2026-09-09 10:00:00+00:00,2.0,289.7963562011719,294.0,283.22222900390625
2026-09-09 11:00:00+00:00,3.0,302.68341064453125,305.0,283.0
2026-09-09 12:00:00+00:00,4.0,299.7230224609375,304.0,292.25
2026-09-09 13:00:00+00:00,5.0,305.4419860839844,311.0,293.71429443359375
2026-09-09 14:00:00+00:00,6.0,317.7895202636719,315.0,304.0
2026-09-09 15:00:00+00:00,7.0,307.8180236816406,310.0,298.5
2026-09-09 16:00:00+00:00,8.0,316.32098388671875,317.0,316.5714416503906
2026-09-09 17:00:00+00:00,9.0,329.5505065917969,328.0,296.0
2026-09-09 18:00:00+00:00,10.0,325.8403625488281,324.0,292.0
2026-09-09 19:00:00+00:00,11.0,332.8871765136719,332.0,301.8571472167969
2026-09-09 20:00:00+00:00,12.0,326.1844177246094,325.0,301.25
2026-09-09 21:00:00+00:00,13.0,325.39129638671875,323.0,301.0
2026-09-09 22:00:00+00:00,14.0,317.3468933105469,317.0,301.0
2026-09-09 23:00:00+00:00,15.0,317.8443908691406,317.0,301.0
2026-09-10 00:00:00+00:00,16.0,325.6023254394531,322.0,301.0
2026-09-10 01:00:00+00:00,17.0,329.17010498046875,325.0,301.0
2026-09-10 02:00:00+00:00,18.0,319.3197021484375,320.0,301.0
2026-09-10 03:00:00+00:00,19.0,330.9714050292969,329.0,301.0
2026-09-10 04:00:00+00:00,20.0,347.43585205078125,344.0,279.1428527832031
2026-09-10 05:00:00+00:00,21.0,17.628992080688477,14.0,257.0
2026-09-10 06:00:00+00:00,22.0,137.2596435546875,134.0,257.0
2026-09-10 07:00:00+00:00,23.0,166.01246643066406,164.0,256.5
2026-09-10 08:00:00+00:00,24.0,190.89044189453125,187.0,255.0
2026-09-09 10:00:00+00:00,1.0,285.6963195800781,288.0,283.22222900390625
2026-09-09 11:00:00+00:00,2.0,299.13128662109375,304.0,283.0
2026-09-09 12:00:00+00:00,3.0,311.1145935058594,314.0,292.25
2026-09-09 13:00:00+00:00,4.0,308.2539978027344,313.0,293.71429443359375
2026-09-09 14:00:00+00:00,5.0,308.8407897949219,315.0,304.0
2026-09-09 15:00:00+00:00,6.0,319.05859375,317.0,298.5
2026-09-09 16:00:00+00:00,7.0,316.0528869628906,319.0,316.5714416503906
2026-09-09 17:00:00+00:00,8.0,324.6266784667969,326.0,296.0
2026-09-09 18:00:00+00:00,9.0,336.6456298828125,336.0,292.0
2026-09-09 19:00:00+00:00,10.0,329.8586120605469,329.0,301.8571472167969
2026-09-09 20:00:00+00:00,11.0,322.2713317871094,322.0,301.25
2026-09-09 21:00:00+00:00,12.0,323.4998779296875,323.0,301.0
2026-09-09 22:00:00+00:00,13.0,324.6620178222656,323.0,301.0
2026-09-09 23:00:00+00:00,14.0,326.5641784667969,327.0,301.0
2026-09-10 00:00:00+00:00,15.0,330.2373046875,330.0,301.0
2026-09-10 01:00:00+00:00,16.0,327.6915283203125,325.0,301.0
2026-09-10 02:00:00+00:00,17.0,304.3338317871094,301.0,301.0
2026-09-10 03:00:00+00:00,18.0,306.6302490234375,308.0,301.0
2026-09-10 04:00:00+00:00,19.0,168.27728271484375,167.0,279.1428527832031
2026-09-10 05:00:00+00:00,20.0,174.6980743408203,172.0,257.0
2026-09-10 06:00:00+00:00,21.0,155.81739807128906,153.0,257.0
2026-09-10 07:00:00+00:00,22.0,218.44566345214844,216.0,256.5
2026-09-10 08:00:00+00:00,23.0,200.368896484375,199.0,255.0
2026-09-10 09:00:00+00:00,24.0,201.25259399414062,198.0,192.0
2026-09-09 11:00:00+00:00,1.0,296.21771240234375,299.0,283.0
2026-09-09 12:00:00+00:00,2.0,299.6143493652344,305.0,292.25
2026-09-09 13:00:00+00:00,3.0,308.6625061035156,312.0,293.71429443359375
2026-09-09 14:00:00+00:00,4.0,308.9010925292969,314.0,304.0
2026-09-09 15:00:00+00:00,5.0,307.4274597167969,314.0,298.5
2026-09-09 16:00:00+00:00,6.0,319.5222473144531,318.0,316.5714416503906
2026-09-09 17:00:00+00:00,7.0,321.487548828125,325.0,296.0
2026-09-09 18:00:00+00:00,8.0,331.125,333.0,292.0
2026-09-09 19:00:00+00:00,9.0,330.9738464355469,331.0,301.8571472167969
2026-09-09 20:00:00+00:00,10.0,322.1569519042969,322.0,301.25
2026-09-09 21:00:00+00:00,11.0,317.8094177246094,318.0,301.0
2026-09-09 22:00:00+00:00,12.0,312.0012512207031,312.0,301.0
2026-09-09 23:00:00+00:00,13.0,319.1364440917969,318.0,301.0
2026-09-10 00:00:00+00:00,14.0,319.9681091308594,321.0,301.0
2026-09-10 01:00:00+00:00,15.0,321.7752380371094,322.0,301.0
2026-09-10 02:00:00+00:00,16.0,317.02728271484375,315.0,301.0
2026-09-10 03:00:00+00:00,17.0,317.7520751953125,315.0,301.0
2026-09-10 04:00:00+00:00,18.0,161.0948486328125,163.0,279.1428527832031
2026-09-10 05:00:00+00:00,19.0,129.7340850830078,129.0,257.0
2026-09-10 06:00:00+00:00,20.0,155.18161010742188,153.0,257.0
2026-09-10 07:00:00+00:00,21.0,160.2445831298828,158.0,256.5
2026-09-10 08:00:00+00:00,22.0,203.87037658691406,202.0,255.0
2026-09-10 09:00:00+00:00,23.0,192.8818359375,192.0,192.0
2026-09-10 10:00:00+00:00,24.0,190.77980041503906,188.0,198.57142639160156
2026-09-09 12:00:00+00:00,1.0,304.0329895019531,307.0,292.25
2026-09-09 13:00:00+00:00,2.0,303.3864440917969,309.0,293.71429443359375
2026-09-09 14:00:00+00:00,3.0,310.5253601074219,314.0,304.0
2026-09-09 15:00:00+00:00,4.0,306.8184509277344,312.0,298.5
2026-09-09 16:00:00+00:00,5.0,309.28643798828125,316.0,316.5714416503906
2026-09-09 17:00:00+00:00,6.0,330.3484191894531,329.0,296.0
2026-09-09 18:00:00+00:00,7.0,318.2723693847656,322.0,292.0
2026-09-09 19:00:00+00:00,8.0,331.9625244140625,334.0,301.8571472167969
2026-09-09 20:00:00+00:00,9.0,324.7276611328125,325.0,301.25
2026-09-09 21:00:00+00:00,10.0,319.8824768066406,320.0,301.0
2026-09-09 22:00:00+00:00,11.0,312.7038879394531,313.0,301.0
2026-09-09 23:00:00+00:00,12.0,317.84600830078125,318.0,301.0
2026-09-10 00:00:00+00:00,13.0,319.00982666015625,318.0,301.0
2026-09-10 01:00:00+00:00,14.0,318.76080322265625,320.0,301.0
2026-09-10 02:00:00+00:00,15.0,316.64105224609375,317.0,301.0
2026-09-10 03:00:00+00:00,16.0,316.810546875,315.0,301.0
2026-09-10 04:00:00+00:00,17.0,137.58541870117188,135.0,279.1428527832031
2026-09-10 05:00:00+00:00,18.0,161.95095825195312,164.0,257.0
2026-09-10 06:00:00+00:00,19.0,174.58050537109375,174.0,257.0
2026-09-10 07:00:00+00:00,20.0,181.9879913330078,180.0,256.5
2026-09-10 08:00:00+00:00,21.0,196.00149536132812,194.0,255.0
2026-09-10 09:00:00+00:00,22.0,192.6661376953125,191.0,192.0
2026-09-10 10:00:00+00:00,23.0,199.68441772460938,199.0,198.57142639160156
2026-09-10 11:00:00+00:00,24.0,207.59471130371094,205.0,199.8000030517578
2026-09-09 13:00:00+00:00,1.0,305.5854187011719,309.0,293.71429443359375
2026-09-09 14:00:00+00:00,2.0,307.9268493652344,314.0,304.0
2026-09-09 15:00:00+00:00,3.0,308.0777893066406,312.0,298.5
2026-09-09 16:00:00+00:00,4.0,310.5271911621094,316.0,316.5714416503906
2026-09-09 17:00:00+00:00,5.0,321.8922424316406,329.0,296.0
2026-09-09 18:00:00+00:00,6.0,322.82537841796875,322.0,292.0
2026-09-09 19:00:00+00:00,7.0,329.64764404296875,334.0,301.8571472167969
2026-09-09 20:00:00+00:00,8.0,322.408935546875,325.0,301.25
2026-09-09 21:00:00+00:00,9.0,318.9579772949219,320.0,301.0
2026-09-09 22:00:00+00:00,10.0,312.19189453125,313.0,301.0
2026-09-09 23:00:00+00:00,11.0,317.2333679199219,318.0,301.0
2026-09-10 00:00:00+00:00,12.0,317.32891845703125,318.0,301.0
2026-09-10 01:00:00+00:00,13.0,320.4962463378906,320.0,301.0
2026-09-10 02:00:00+00:00,14.0,315.21697998046875,317.0,301.0
2026-09-10 03:00:00+00:00,15.0,314.1842041015625,315.0,301.0
2026-09-10 04:00:00+00:00,16.0,136.15362548828125,135.0,279.1428527832031
2026-09-10 05:00:00+00:00,17.0,165.97537231445312,164.0,257.0
2026-09-10 06:00:00+00:00,18.0,171.5299530029297,174.0,257.0
2026-09-10 07:00:00+00:00,19.0,180.06211853027344,180.0,256.5
2026-09-10 08:00:00+00:00,20.0,195.469482421875,194.0,255.0
2026-09-10 09:00:00+00:00,21.0,192.43370056152344,191.0,192.0
2026-09-10 10:00:00+00:00,22.0,200.07150268554688,199.0,198.57142639160156
2026-09-10 11:00:00+00:00,23.0,205.12274169921875,205.0,199.8000030517578
2026-09-10 12:00:00+00:00,24.0,206.0885772705078,204.0,210.625
2026-09-09 14:00:00+00:00,1.0,310.2965393066406,314.0,304.0
2026-09-09 15:00:00+00:00,2.0,306.6783752441406,313.0,298.5
2026-09-09 16:00:00+00:00,3.0,312.7307434082031,317.0,316.5714416503906
2026-09-09 17:00:00+00:00,4.0,318.3301086425781,324.0,296.0
2026-09-09 18:00:00+00:00,5.0,323.6769104003906,331.0,292.0
2026-09-09 19:00:00+00:00,6.0,331.5,331.0,301.8571472167969
2026-09-09 20:00:00+00:00,7.0,319.2136535644531,324.0,301.25
2026-09-09 21:00:00+00:00,8.0,316.0484619140625,319.0,301.0
2026-09-09 22:00:00+00:00,9.0,311.4262390136719,313.0,301.0
2026-09-09 23:00:00+00:00,10.0,315.8258361816406,317.0,301.0
2026-09-10 00:00:00+00:00,11.0,319.8791198730469,321.0,301.0
2026-09-10 01:00:00+00:00,12.0,320.0429992675781,321.0,301.0
2026-09-10 02:00:00+00:00,13.0,319.210205078125,319.0,301.0
2026-09-10 03:00:00+00:00,14.0,312.9071350097656,315.0,301.0
2026-09-10 04:00:00+00:00,15.0,168.89776611328125,170.0,279.1428527832031
2026-09-10 05:00:00+00:00,16.0,167.80914306640625,167.0,257.0
2026-09-10 06:00:00+00:00,17.0,178.61817932128906,177.0,257.0
2026-09-10 07:00:00+00:00,18.0,189.28607177734375,192.0,256.5
2026-09-10 08:00:00+00:00,19.0,201.7165985107422,202.0,255.0
2026-09-10 09:00:00+00:00,20.0,193.21548461914062,192.0,192.0
2026-09-10 10:00:00+00:00,21.0,194.1832275390625,193.0,198.57142639160156
2026-09-10 11:00:00+00:00,22.0,199.7913360595703,199.0,199.8000030517578
2026-09-10 12:00:00+00:00,23.0,203.77349853515625,204.0,210.625
2026-09-10 13:00:00+00:00,24.0,211.8107147216797,210.0,231.0
2026-09-09 15:00:00+00:00,1.0,307.0721740722656,311.0,298.5
2026-09-09 16:00:00+00:00,2.0,308.4687805175781,315.0,316.5714416503906
2026-09-09 17:00:00+00:00,3.0,318.5095520019531,323.0,296.0
2026-09-09 18:00:00+00:00,4.0,308.22576904296875,314.0,292.0
2026-09-09 19:00:00+00:00,5.0,327.517822265625,335.0,301.8571472167969
2026-09-09 20:00:00+00:00,6.0,327.2537841796875,327.0,301.25
2026-09-09 21:00:00+00:00,7.0,315.8866882324219,321.0,301.0
2026-09-09 22:00:00+00:00,8.0,308.76605224609375,312.0,301.0
2026-09-09 23:00:00+00:00,9.0,313.9982604980469,316.0,301.0
2026-09-10 00:00:00+00:00,10.0,315.51727294921875,317.0,301.0
2026-09-10 01:00:00+00:00,11.0,317.6749267578125,319.0,301.0
2026-09-10 02:00:00+00:00,12.0,312.8048400878906,314.0,301.0
2026-09-10 03:00:00+00:00,13.0,296.0005798339844,296.0,301.0
2026-09-10 04:00:00+00:00,14.0,132.66732788085938,135.0,279.1428527832031
2026-09-10 05:00:00+00:00,15.0,158.69671630859375,160.0,257.0
2026-09-10 06:00:00+00:00,16.0,169.52114868164062,169.0,257.0
2026-09-10 07:00:00+00:00,17.0,194.32862854003906,193.0,256.5
2026-09-10 08:00:00+00:00,18.0,197.14056396484375,200.0,255.0
2026-09-10 09:00:00+00:00,19.0,195.4768829345703,196.0,192.0
2026-09-10 10:00:00+00:00,20.0,206.9790802001953,206.0,198.57142639160156
2026-09-10 11:00:00+00:00,21.0,198.92054748535156,198.0,199.8000030517578
2026-09-10 12:00:00+00:00,22.0,210.53492736816406,210.0,210.625
2026-09-10 13:00:00+00:00,23.0,204.4654541015625,205.0,231.0
2026-09-10 14:00:00+00:00,24.0,243.56690979003906,242.0,239.42857360839844
2026-09-09 16:00:00+00:00,1.0,311.0716552734375,315.0,316.5714416503906
2026-09-09 17:00:00+00:00,2.0,316.40423583984375,323.0,296.0
2026-09-09 18:00:00+00:00,3.0,309.5038757324219,314.0,292.0
2026-09-09 19:00:00+00:00,4.0,329.277099609375,335.0,301.8571472167969
2026-09-09 20:00:00+00:00,5.0,319.54241943359375,327.0,301.25
2026-09-09 21:00:00+00:00,6.0,321.28485107421875,321.0,301.0
2026-09-09 22:00:00+00:00,7.0,306.898681640625,312.0,301.0
2026-09-09 23:00:00+00:00,8.0,312.769287109375,316.0,301.0
2026-09-10 00:00:00+00:00,9.0,314.9908752441406,317.0,301.0
2026-09-10 01:00:00+00:00,10.0,317.48150634765625,319.0,301.0
2026-09-10 02:00:00+00:00,11.0,312.76104736328125,314.0,301.0
2026-09-10 03:00:00+00:00,12.0,294.8287048339844,296.0,301.0
2026-09-10 04:00:00+00:00,13.0,135.0711212158203,135.0,279.1428527832031
2026-09-10 05:00:00+00:00,14.0,157.64100646972656,160.0,257.0
2026-09-10 06:00:00+00:00,15.0,167.7169647216797,169.0,257.0
2026-09-10 07:00:00+00:00,16.0,193.52879333496094,193.0,256.5
2026-09-10 08:00:00+00:00,17.0,201.35931396484375,200.0,255.0
2026-09-10 09:00:00+00:00,18.0,193.15838623046875,196.0,192.0
2026-09-10 10:00:00+00:00,19.0,205.49041748046875,206.0,198.57142639160156
2026-09-10 11:00:00+00:00,20.0,198.98065185546875,198.0,199.8000030517578
2026-09-10 12:00:00+00:00,21.0,210.85704040527344,210.0,210.625
2026-09-10 13:00:00+00:00,22.0,205.5331573486328,205.0,231.0
2026-09-10 14:00:00+00:00,23.0,241.41209411621094,242.0,239.42857360839844
2026-09-10 15:00:00+00:00,24.0,240.51502990722656,239.0,238.0
2026-09-09 17:00:00+00:00,1.0,320.3837890625,324.0,296.0
2026-09-09 18:00:00+00:00,2.0,323.47918701171875,330.0,292.0
2026-09-09 19:00:00+00:00,3.0,327.8297424316406,332.0,301.8571472167969
2026-09-09 20:00:00+00:00,4.0,320.6036682128906,326.0,301.25
2026-09-09 21:00:00+00:00,5.0,314.8043518066406,322.0,301.0
2026-09-09 22:00:00+00:00,6.0,313.71484375,313.0,301.0
2026-09-09 23:00:00+00:00,7.0,312.3502502441406,317.0,301.0
2026-09-10 00:00:00+00:00,8.0,319.160400390625,322.0,301.0
2026-09-10 01:00:00+00:00,9.0,318.5111999511719,320.0,301.0
2026-09-10 02:00:00+00:00,10.0,313.7281799316406,315.0,301.0
2026-09-10 03:00:00+00:00,11.0,239.31747436523438,240.0,301.0
2026-09-10 04:00:00+00:00,12.0,126.18405151367188,127.0,279.1428527832031
2026-09-10 05:00:00+00:00,13.0,173.5553436279297,173.0,257.0
2026-09-10 06:00:00+00:00,14.0,182.88241577148438,185.0,257.0
2026-09-10 07:00:00+00:00,15.0,204.04576110839844,205.0,256.5
2026-09-10 08:00:00+00:00,16.0,201.90443420410156,201.0,255.0
2026-09-10 09:00:00+00:00,17.0,201.84765625,200.0,192.0
2026-09-10 10:00:00+00:00,18.0,203.4639892578125,206.0,198.57142639160156
2026-09-10 11:00:00+00:00,19.0,203.89024353027344,204.0,199.8000030517578
2026-09-10 12:00:00+00:00,20.0,205.27049255371094,204.0,210.625
2026-09-10 13:00:00+00:00,21.0,207.96389770507812,207.0,231.0
2026-09-10 14:00:00+00:00,22.0,222.80288696289062,222.0,239.42857360839844
2026-09-10 15:00:00+00:00,23.0,231.63417053222656,232.0,238.0
2026-09-10 16:00:00+00:00,24.0,231.6543426513672,230.0,238.0
2026-09-09 18:00:00+00:00,1.0,330.33624267578125,334.0,292.0
2026-09-09 19:00:00+00:00,2.0,325.3302917480469,332.0,301.8571472167969
2026-09-09 20:00:00+00:00,3.0,322.77606201171875,327.0,301.25
2026-09-09 21:00:00+00:00,4.0,321.6536560058594,327.0,301.0
2026-09-09 22:00:00+00:00,5.0,313.7044677734375,321.0,301.0
2026-09-09 23:00:00+00:00,6.0,322.6670837402344,322.0,301.0
2026-09-10 00:00:00+00:00,7.0,332.1984558105469,337.0,301.0
2026-09-10 01:00:00+00:00,8.0,324.05072021484375,327.0,301.0
2026-09-10 02:00:00+00:00,9.0,306.3116455078125,308.0,301.0
2026-09-10 03:00:00+00:00,10.0,254.4912872314453,256.0,301.0
2026-09-10 04:00:00+00:00,11.0,169.35719299316406,170.0,279.1428527832031
2026-09-10 05:00:00+00:00,12.0,193.07786560058594,194.0,257.0
2026-09-10 06:00:00+00:00,13.0,206.54515075683594,206.0,257.0
2026-09-10 07:00:00+00:00,14.0,205.7757110595703,208.0,256.5
2026-09-10 08:00:00+00:00,15.0,209.99940490722656,211.0,255.0
2026-09-10 09:00:00+00:00,16.0,214.78408813476562,214.0,192.0
2026-09-10 10:00:00+00:00,17.0,214.793701171875,213.0,198.57142639160156
2026-09-10 11:00:00+00:00,18.0,208.497314453125,211.0,199.8000030517578
2026-09-10 12:00:00+00:00,19.0,210.87506103515625,211.0,210.625
2026-09-10 13:00:00+00:00,20.0,205.16253662109375,204.0,231.0
2026-09-10 14:00:00+00:00,21.0,231.75363159179688,231.0,239.42857360839844
2026-09-10 15:00:00+00:00,22.0,231.63609313964844,231.0,238.0
2026-09-10 16:00:00+00:00,23.0,221.45494079589844,222.0,238.0
2026-09-10 17:00:00+00:00,24.0,224.4957275390625,223.0,238.0
2026-09-09 19:00:00+00:00,1.0,329.56842041015625,333.0,301.8571472167969
2026-09-09 20:00:00+00:00,2.0,322.458251953125,329.0,301.25
2026-09-09 21:00:00+00:00,3.0,327.12921142578125,331.0,301.0
2026-09-09 22:00:00+00:00,4.0,320.9291687011719,326.0,301.0
2026-09-09 23:00:00+00:00,5.0,317.9493713378906,325.0,301.0
2026-09-10 00:00:00+00:00,6.0,319.0055236816406,318.0,301.0
2026-09-10 01:00:00+00:00,7.0,311.573486328125,316.0,301.0
2026-09-10 02:00:00+00:00,8.0,282.36602783203125,285.0,301.0
2026-09-10 03:00:00+00:00,9.0,172.75247192382812,174.0,301.0
2026-09-10 04:00:00+00:00,10.0,172.71051025390625,174.0,279.1428527832031
2026-09-10 05:00:00+00:00,11.0,202.8359832763672,203.0,257.0
2026-09-10 06:00:00+00:00,12.0,204.37232971191406,205.0,257.0
2026-09-10 07:00:00+00:00,13.0,201.97796630859375,201.0,256.5
2026-09-10 08:00:00+00:00,14.0,202.9992218017578,205.0,255.0
2026-09-10 09:00:00+00:00,15.0,205.2372283935547,206.0,192.0
2026-09-10 10:00:00+00:00,16.0,218.06814575195312,217.0,198.57142639160156
2026-09-10 11:00:00+00:00,17.0,219.1390838623047,217.0,199.8000030517578
2026-09-10 12:00:00+00:00,18.0,214.81149291992188,217.0,210.625
2026-09-10 13:00:00+00:00,19.0,212.2577667236328,212.0,231.0
2026-09-10 14:00:00+00:00,20.0,234.3450927734375,233.0,239.42857360839844
2026-09-10 15:00:00+00:00,21.0,231.8048095703125,231.0,238.0
2026-09-10 16:00:00+00:00,22.0,221.8982696533203,221.0,238.0
2026-09-10 17:00:00+00:00,23.0,222.6044921875,223.0,238.0
2026-09-10 18:00:00+00:00,24.0,209.59701538085938,208.0,238.0
2026-09-09 20:00:00+00:00,1.0,326.8295593261719,330.0,301.25
2026-09-09 21:00:00+00:00,2.0,317.7519836425781,324.0,301.0
2026-09-09 22:00:00+00:00,3.0,317.56878662109375,321.0,301.0
2026-09-09 23:00:00+00:00,4.0,322.1925048828125,327.0,301.0
2026-09-10 00:00:00+00:00,5.0,317.2776184082031,324.0,301.0
2026-09-10 01:00:00+00:00,6.0,319.350830078125,318.0,301.0
2026-09-10 02:00:00+00:00,7.0,301.04486083984375,305.0,301.0
2026-09-10 03:00:00+00:00,8.0,222.75845336914062,225.0,301.0
2026-09-10 04:00:00+00:00,9.0,176.3224639892578,177.0,279.1428527832031
2026-09-10 05:00:00+00:00,10.0,186.12156677246094,187.0,257.0
2026-09-10 06:00:00+00:00,11.0,203.3027801513672,203.0,257.0
2026-09-10 07:00:00+00:00,12.0,204.79298400878906,205.0,256.5
2026-09-10 08:00:00+00:00,13.0,189.49937438964844,188.0,255.0
2026-09-10 09:00:00+00:00,14.0,203.32192993164062,205.0,192.0
2026-09-10 10:00:00+00:00,15.0,215.50440979003906,216.0,198.57142639160156
2026-09-10 11:00:00+00:00,16.0,212.49365234375,211.0,199.8000030517578
2026-09-10 12:00:00+00:00,17.0,214.5476837158203,212.0,210.625
2026-09-10 13:00:00+00:00,18.0,209.18370056152344,211.0,231.0
2026-09-10 14:00:00+00:00,19.0,215.7080078125,215.0,239.42857360839844
2026-09-10 15:00:00+00:00,20.0,221.6097412109375,220.0,238.0
2026-09-10 16:00:00+00:00,21.0,214.0127716064453,213.0,238.0
2026-09-10 17:00:00+00:00,22.0,207.3740997314453,206.0,238.0
2026-09-10 18:00:00+00:00,23.0,199.86749267578125,200.0,238.0
2026-09-10 19:00:00+00:00,24.0,182.86111450195312,181.0,237.25
2026-09-09 21:00:00+00:00,1.0,325.5311584472656,328.0,301.0
2026-09-09 22:00:00+00:00,2.0,320.5021667480469,326.0,301.0
2026-09-09 23:00:00+00:00,3.0,328.3594970703125,331.0,301.0
2026-09-10 00:00:00+00:00,4.0,334.77734375,339.0,301.0
2026-09-10 01:00:00+00:00,5.0,325.0426330566406,331.0,301.0
2026-09-10 02:00:00+00:00,6.0,303.20355224609375,301.0,301.0
2026-09-10 03:00:00+00:00,7.0,180.02117919921875,183.0,301.0
2026-09-10 04:00:00+00:00,8.0,165.530029296875,167.0,279.1428527832031
2026-09-10 05:00:00+00:00,9.0,189.41603088378906,189.0,257.0
2026-09-10 06:00:00+00:00,10.0,208.09169006347656,208.0,257.0
2026-09-10 07:00:00+00:00,11.0,203.1270751953125,202.0,256.5
2026-09-10 08:00:00+00:00,12.0,212.61354064941406,212.0,255.0
2026-09-10 09:00:00+00:00,13.0,210.42453002929688,208.0,192.0
2026-09-10 10:00:00+00:00,14.0,208.0752716064453,209.0,198.57142639160156
2026-09-10 11:00:00+00:00,15.0,206.0757293701172,206.0,199.8000030517578
2026-09-10 12:00:00+00:00,16.0,201.38121032714844,199.0,210.625
2026-09-10 13:00:00+00:00,17.0,215.33033752441406,212.0,231.0
2026-09-10 14:00:00+00:00,18.0,217.99020385742188,219.0,239.42857360839844
2026-09-10 15:00:00+00:00,19.0,226.55857849121094,225.0,238.0
2026-09-10 16:00:00+00:00,20.0,231.2827606201172,229.0,238.0
2026-09-10 17:00:00+00:00,21.0,230.63511657714844,229.0,238.0
2026-09-10 18:00:00+00:00,22.0,218.25546264648438,216.0,238.0
2026-09-10 19:00:00+00:00,23.0,202.39576721191406,202.0,237.25
2026-09-10 20:00:00+00:00,24.0,167.35787963867188,165.0,230.7142791748047
2026-09-09 22:00:00+00:00,1.0,329.3110046386719,331.0,301.0
2026-09-09 23:00:00+00:00,2.0,324.3583984375,329.0,301.0
2026-09-10 00:00:00+00:00,3.0,323.3172302246094,325.0,301.0
2026-09-10 01:00:00+00:00,4.0,322.51654052734375,326.0,301.0
2026-09-10 02:00:00+00:00,5.0,310.9289245605469,316.0,301.0
2026-09-10 03:00:00+00:00,6.0,235.16246032714844,232.0,301.0
2026-09-10 04:00:00+00:00,7.0,160.05722045898438,162.0,279.1428527832031
2026-09-10 05:00:00+00:00,8.0,182.34646606445312,183.0,257.0
2026-09-10 06:00:00+00:00,9.0,205.53756713867188,204.0,257.0
2026-09-10 07:00:00+00:00,10.0,204.082763671875,203.0,256.5
2026-09-10 08:00:00+00:00,11.0,202.06796264648438,200.0,255.0
2026-09-10 09:00:00+00:00,12.0,208.46905517578125,207.0,192.0
2026-09-10 10:00:00+00:00,13.0,213.43023681640625,210.0,198.57142639160156
2026-09-10 11:00:00+00:00,14.0,206.87171936035156,207.0,199.8000030517578
2026-09-10 12:00:00+00:00,15.0,206.64988708496094,206.0,210.625
2026-09-10 13:00:00+00:00,16.0,219.2543182373047,216.0,231.0
2026-09-10 14:00:00+00:00,17.0,232.12045288085938,228.0,239.42857360839844
2026-09-10 15:00:00+00:00,18.0,232.974609375,233.0,238.0
2026-09-10 16:00:00+00:00,19.0,224.53549194335938,222.0,238.0
2026-09-10 17:00:00+00:00,20.0,204.90103149414062,202.0,238.0
2026-09-10 18:00:00+00:00,21.0,206.18695068359375,204.0,238.0
2026-09-10 19:00:00+00:00,22.0,197.0816192626953,194.0,237.25
2026-09-10 20:00:00+00:00,23.0,170.80429077148438,170.0,230.7142791748047
2026-09-10 21:00:00+00:00,24.0,174.75970458984375,172.0,216.1999969482422
2026-09-09 23:00:00+00:00,2.0,327.8536376953125,329.0,301.0
2026-09-10 00:00:00+00:00,3.0,320.9811706542969,325.0,301.0
2026-09-10 01:00:00+00:00,4.0,325.0374450683594,326.0,301.0
2026-09-10 02:00:00+00:00,5.0,313.07843017578125,316.0,301.0
2026-09-10 03:00:00+00:00,6.0,227.5724639892578,232.0,301.0
2026-09-10 04:00:00+00:00,7.0,165.82574462890625,162.0,279.1428527832031
2026-09-10 05:00:00+00:00,8.0,181.77198791503906,183.0,257.0
2026-09-10 06:00:00+00:00,9.0,203.8937530517578,204.0,257.0
2026-09-10 07:00:00+00:00,10.0,205.2866668701172,203.0,256.5
2026-09-10 08:00:00+00:00,11.0,201.75146484375,200.0,255.0
2026-09-10 09:00:00+00:00,12.0,209.74249267578125,207.0,192.0
2026-09-10 10:00:00+00:00,13.0,212.03533935546875,210.0,198.57142639160156
2026-09-10 11:00:00+00:00,14.0,211.1117706298828,207.0,199.8000030517578
2026-09-10 12:00:00+00:00,15.0,206.4071502685547,206.0,210.625
2026-09-10 13:00:00+00:00,16.0,217.01333618164062,216.0,231.0
2026-09-10 14:00:00+00:00,17.0,231.81175231933594,228.0,239.42857360839844
2026-09-10 15:00:00+00:00,18.0,237.6216278076172,233.0,238.0
2026-09-10 16:00:00+00:00,19.0,222.7056427001953,222.0,238.0
2026-09-10 17:00:00+00:00,20.0,205.2303924560547,202.0,238.0
2026-09-10 18:00:00+00:00,21.0,207.25735473632812,204.0,238.0
2026-09-10 19:00:00+00:00,22.0,196.500732421875,194.0,237.25
2026-09-10 20:00:00+00:00,23.0,173.59471130371094,170.0,230.7142791748047
2026-09-10 21:00:00+00:00,24.0,172.99981689453125,172.0,216.1999969482422
2026-09-10 22:00:00+00:00,25.0,184.98426818847656,182.0,214.0
2026-09-10 00:00:00+00:00,3.0,324.55084228515625,325.0,301.0
2026-09-10 01:00:00+00:00,4.0,322.76654052734375,326.0,301.0
2026-09-10 02:00:00+00:00,5.0,315.8861999511719,316.0,301.0
2026-09-10 03:00:00+00:00,6.0,229.78895568847656,232.0,301.0
2026-09-10 04:00:00+00:00,7.0,158.40048217773438,162.0,279.1428527832031
2026-09-10 05:00:00+00:00,8.0,187.6302947998047,183.0,257.0
2026-09-10 06:00:00+00:00,9.0,203.67677307128906,204.0,257.0
2026-09-10 07:00:00+00:00,10.0,203.5313720703125,203.0,256.5
2026-09-10 08:00:00+00:00,11.0,203.1414031982422,200.0,255.0
2026-09-10 09:00:00+00:00,12.0,209.55517578125,207.0,192.0
2026-09-10 10:00:00+00:00,13.0,213.51303100585938,210.0,198.57142639160156
2026-09-10 11:00:00+00:00,14.0,209.71766662597656,207.0,199.8000030517578
2026-09-10 12:00:00+00:00,15.0,210.82452392578125,206.0,210.625
2026-09-10 13:00:00+00:00,16.0,217.01995849609375,216.0,231.0
2026-09-10 14:00:00+00:00,17.0,229.39639282226562,228.0,239.42857360839844
2026-09-10 15:00:00+00:00,18.0,237.43051147460938,233.0,238.0
2026-09-10 16:00:00+00:00,19.0,227.16122436523438,222.0,238.0
2026-09-10 17:00:00+00:00,20.0,203.54127502441406,202.0,238.0
2026-09-10 18:00:00+00:00,21.0,208.0273895263672,204.0,238.0
2026-09-10 19:00:00+00:00,22.0,197.68692016601562,194.0,237.25
2026-09-10 20:00:00+00:00,23.0,172.8863983154297,170.0,230.7142791748047
2026-09-10 21:00:00+00:00,24.0,176.14596557617188,172.0,216.1999969482422
2026-09-10 22:00:00+00:00,25.0,183.2028045654297,182.0,214.0
2026-09-10 23:00:00+00:00,26.0,196.23878479003906,193.0,213.0
2026-09-10 01:00:00+00:00,4.0,326.5318603515625,326.0,301.0
2026-09-10 02:00:00+00:00,5.0,313.8466796875,316.0,301.0
2026-09-10 03:00:00+00:00,6.0,232.931884765625,232.0,301.0
2026-09-10 04:00:00+00:00,7.0,160.74606323242188,162.0,279.1428527832031
2026-09-10 05:00:00+00:00,8.0,180.56871032714844,183.0,257.0
2026-09-10 06:00:00+00:00,9.0,209.6532440185547,204.0,257.0
2026-09-10 07:00:00+00:00,10.0,203.84884643554688,203.0,256.5
2026-09-10 08:00:00+00:00,11.0,201.32809448242188,200.0,255.0
2026-09-10 09:00:00+00:00,12.0,211.2526397705078,207.0,192.0
2026-09-10 10:00:00+00:00,13.0,213.6247100830078,210.0,198.57142639160156
2026-09-10 11:00:00+00:00,14.0,211.37673950195312,207.0,199.8000030517578
2026-09-10 12:00:00+00:00,15.0,209.54086303710938,206.0,210.625
2026-09-10 13:00:00+00:00,16.0,221.71804809570312,216.0,231.0
2026-09-10 14:00:00+00:00,17.0,229.83480834960938,228.0,239.42857360839844
2026-09-10 15:00:00+00:00,18.0,234.91390991210938,233.0,238.0
2026-09-10 16:00:00+00:00,19.0,227.23724365234375,222.0,238.0
2026-09-10 17:00:00+00:00,20.0,207.83799743652344,202.0,238.0
2026-09-10 18:00:00+00:00,21.0,206.5959014892578,204.0,238.0
2026-09-10 19:00:00+00:00,22.0,199.07545471191406,194.0,237.25
2026-09-10 20:00:00+00:00,23.0,174.23211669921875,170.0,230.7142791748047
2026-09-10 21:00:00+00:00,24.0,175.32760620117188,172.0,216.1999969482422
2026-09-10 22:00:00+00:00,25.0,186.7759552001953,182.0,214.0
2026-09-10 23:00:00+00:00,26.0,194.4906005859375,193.0,213.0
2026-09-11 00:00:00+00:00,27.0,207.45289611816406,204.0,206.5
2026-09-10 02:00:00+00:00,5.0,317.68048095703125,316.0,301.0
2026-09-10 03:00:00+00:00,6.0,231.0787353515625,232.0,301.0
2026-09-10 04:00:00+00:00,7.0,164.11907958984375,162.0,279.1428527832031
2026-09-10 05:00:00+00:00,8.0,182.95748901367188,183.0,257.0
2026-09-10 06:00:00+00:00,9.0,202.99676513671875,204.0,257.0
2026-09-10 07:00:00+00:00,10.0,209.70849609375,203.0,256.5
2026-09-10 08:00:00+00:00,11.0,202.095703125,200.0,255.0
2026-09-10 09:00:00+00:00,12.0,209.24147033691406,207.0,192.0
2026-09-10 10:00:00+00:00,13.0,215.48812866210938,210.0,198.57142639160156
2026-09-10 11:00:00+00:00,14.0,211.86717224121094,207.0,199.8000030517578
2026-09-10 12:00:00+00:00,15.0,211.2849884033203,206.0,210.625
2026-09-10 13:00:00+00:00,16.0,220.34542846679688,216.0,231.0
2026-09-10 14:00:00+00:00,17.0,234.78221130371094,228.0,239.42857360839844
2026-09-10 15:00:00+00:00,18.0,235.76097106933594,233.0,238.0
2026-09-10 16:00:00+00:00,19.0,224.57142639160156,222.0,238.0
2026-09-10 17:00:00+00:00,20.0,208.24818420410156,202.0,238.0
2026-09-10 18:00:00+00:00,21.0,210.5606689453125,204.0,238.0
2026-09-10 19:00:00+00:00,22.0,197.91302490234375,194.0,237.25
2026-09-10 20:00:00+00:00,23.0,176.42796325683594,170.0,230.7142791748047
2026-09-10 21:00:00+00:00,24.0,176.6490478515625,172.0,216.1999969482422
2026-09-10 22:00:00+00:00,25.0,185.56753540039062,182.0,214.0
2026-09-10 23:00:00+00:00,26.0,198.25494384765625,193.0,213.0
2026-09-11 00:00:00+00:00,27.0,205.77525329589844,204.0,206.5
2026-09-11 01:00:00+00:00,28.0,193.53099060058594,190.0,198.39999389648438
2026-09-10 03:00:00+00:00,6.0,234.94090270996094,232.0,301.0
2026-09-10 04:00:00+00:00,7.0,162.5470428466797,162.0,279.1428527832031
2026-09-10 05:00:00+00:00,8.0,186.48179626464844,183.0,257.0
2026-09-10 06:00:00+00:00,9.0,205.34759521484375,204.0,257.0
2026-09-10 07:00:00+00:00,10.0,203.63946533203125,203.0,256.5
2026-09-10 08:00:00+00:00,11.0,207.8327178955078,200.0,255.0
2026-09-10 09:00:00+00:00,12.0,210.43783569335938,207.0,192.0
2026-09-10 10:00:00+00:00,13.0,213.17308044433594,210.0,198.57142639160156
2026-09-10 11:00:00+00:00,14.0,213.80755615234375,207.0,199.8000030517578
2026-09-10 12:00:00+00:00,15.0,212.2935028076172,206.0,210.625
2026-09-10 13:00:00+00:00,16.0,222.2378692626953,216.0,231.0
2026-09-10 14:00:00+00:00,17.0,233.1929168701172,228.0,239.42857360839844
2026-09-10 15:00:00+00:00,18.0,240.84109497070312,233.0,238.0
2026-09-10 16:00:00+00:00,19.0,225.70726013183594,222.0,238.0
2026-09-10 17:00:00+00:00,20.0,205.2799072265625,202.0,238.0
2026-09-10 18:00:00+00:00,21.0,211.3416748046875,204.0,238.0
2026-09-10 19:00:00+00:00,22.0,201.29266357421875,194.0,237.25
2026-09-10 20:00:00+00:00,23.0,175.35955810546875,170.0,230.7142791748047
2026-09-10 21:00:00+00:00,24.0,179.8872528076172,172.0,216.1999969482422
2026-09-10 22:00:00+00:00,25.0,186.9896697998047,182.0,214.0
2026-09-10 23:00:00+00:00,26.0,196.7554473876953,193.0,213.0
2026-09-11 00:00:00+00:00,27.0,209.6459503173828,204.0,206.5
2026-09-11 01:00:00+00:00,28.0,191.96746826171875,190.0,198.39999389648438
2026-09-11 02:00:00+00:00,29.0,194.53355407714844,191.0,190.875
2026-09-10 04:00:00+00:00,7.0,167.02406311035156,162.0,279.1428527832031
2026-09-10 05:00:00+00:00,8.0,186.22817993164062,183.0,257.0
2026-09-10 06:00:00+00:00,9.0,209.26446533203125,204.0,257.0
2026-09-10 07:00:00+00:00,10.0,206.47744750976562,203.0,256.5
2026-09-10 08:00:00+00:00,11.0,202.93804931640625,200.0,255.0
2026-09-10 09:00:00+00:00,12.0,216.45339965820312,207.0,192.0
2026-09-10 10:00:00+00:00,13.0,215.12754821777344,210.0,198.57142639160156
2026-09-10 11:00:00+00:00,14.0,211.564453125,207.0,199.8000030517578
2026-09-10 12:00:00+00:00,15.0,214.8355712890625,206.0,210.625
2026-09-10 13:00:00+00:00,16.0,224.56533813476562,216.0,231.0
2026-09-10 14:00:00+00:00,17.0,235.19271850585938,228.0,239.42857360839844
2026-09-10 15:00:00+00:00,18.0,239.58433532714844,233.0,238.0
2026-09-10 16:00:00+00:00,19.0,231.25698852539062,222.0,238.0
2026-09-10 17:00:00+00:00,20.0,207.3812255859375,202.0,238.0
2026-09-10 18:00:00+00:00,21.0,208.75628662109375,204.0,238.0
2026-09-10 19:00:00+00:00,22.0,203.0738525390625,194.0,237.25
2026-09-10 20:00:00+00:00,23.0,178.5205078125,170.0,230.7142791748047
2026-09-10 21:00:00+00:00,24.0,179.21934509277344,172.0,216.1999969482422
2026-09-10 22:00:00+00:00,25.0,191.5723114013672,182.0,214.0
2026-09-10 23:00:00+00:00,26.0,198.87428283691406,193.0,213.0
2026-09-11 00:00:00+00:00,27.0,208.3833770751953,204.0,206.5
2026-09-11 01:00:00+00:00,28.0,196.06166076660156,190.0,198.39999389648438
2026-09-11 02:00:00+00:00,29.0,193.62115478515625,191.0,190.875
2026-09-11 03:00:00+00:00,30.0,200.95130920410156,197.0,193.3333282470703
2026-09-10 05:00:00+00:00,8.0,189.89328002929688,183.0,257.0
2026-09-10 06:00:00+00:00,9.0,209.86119079589844,204.0,257.0
2026-09-10 07:00:00+00:00,10.0,209.9778289794922,203.0,256.5
2026-09-10 08:00:00+00:00,11.0,205.69937133789062,200.0,255.0
2026-09-10 09:00:00+00:00,12.0,211.84902954101562,207.0,192.0
2026-09-10 10:00:00+00:00,13.0,220.71414184570312,210.0,198.57142639160156
2026-09-10 11:00:00+00:00,14.0,213.36676025390625,207.0,199.8000030517578
2026-09-10 12:00:00+00:00,15.0,211.82583618164062,206.0,210.625
2026-09-10 13:00:00+00:00,16.0,226.51687622070312,216.0,231.0
2026-09-10 14:00:00+00:00,17.0,238.4711456298828,228.0,239.42857360839844
2026-09-10 15:00:00+00:00,18.0,240.92059326171875,233.0,238.0
2026-09-10 16:00:00+00:00,19.0,229.6513671875,222.0,238.0
2026-09-10 17:00:00+00:00,20.0,212.49002075195312,202.0,238.0
2026-09-10 18:00:00+00:00,21.0,211.17935180664062,204.0,238.0
2026-09-10 19:00:00+00:00,22.0,200.12818908691406,194.0,237.25
2026-09-10 20:00:00+00:00,23.0,180.2901611328125,170.0,230.7142791748047
2026-09-10 21:00:00+00:00,24.0,181.38015747070312,172.0,216.1999969482422
2026-09-10 22:00:00+00:00,25.0,190.9202880859375,182.0,214.0
2026-09-10 23:00:00+00:00,26.0,203.802978515625,193.0,213.0
2026-09-11 00:00:00+00:00,27.0,210.40272521972656,204.0,206.5
2026-09-11 01:00:00+00:00,28.0,194.64276123046875,190.0,198.39999389648438
2026-09-11 02:00:00+00:00,29.0,196.96163940429688,191.0,190.875
2026-09-11 03:00:00+00:00,30.0,199.91358947753906,197.0,193.3333282470703
2026-09-11 04:00:00+00:00,31.0,205.24974060058594,201.0,196.3333282470703
2026-09-10 06:00:00+00:00,9.0,212.44808959960938,204.0,257.0
2026-09-10 07:00:00+00:00,10.0,211.07679748535156,203.0,256.5
2026-09-10 08:00:00+00:00,11.0,208.40867614746094,200.0,255.0
2026-09-10 09:00:00+00:00,12.0,214.5840301513672,207.0,192.0
2026-09-10 10:00:00+00:00,13.0,216.3084259033203,210.0,198.57142639160156
2026-09-10 11:00:00+00:00,14.0,218.60740661621094,207.0,199.8000030517578
2026-09-10 12:00:00+00:00,15.0,213.36917114257812,206.0,210.625
2026-09-10 13:00:00+00:00,16.0,223.0029754638672,216.0,231.0
2026-09-10 14:00:00+00:00,17.0,239.89598083496094,228.0,239.42857360839844
2026-09-10 15:00:00+00:00,18.0,244.8799285888672,233.0,238.0
2026-09-10 16:00:00+00:00,19.0,230.54835510253906,222.0,238.0
2026-09-10 17:00:00+00:00,20.0,210.42791748046875,202.0,238.0
2026-09-10 18:00:00+00:00,21.0,215.4196319580078,204.0,238.0
2026-09-10 19:00:00+00:00,22.0,202.9266357421875,194.0,237.25
2026-09-10 20:00:00+00:00,23.0,177.11659240722656,170.0,230.7142791748047
2026-09-10 21:00:00+00:00,24.0,183.25473022460938,172.0,216.1999969482422
2026-09-10 22:00:00+00:00,25.0,192.0963134765625,182.0,214.0
2026-09-10 23:00:00+00:00,26.0,203.18914794921875,193.0,213.0
2026-09-11 00:00:00+00:00,27.0,215.8839111328125,204.0,206.5
2026-09-11 01:00:00+00:00,28.0,196.80722045898438,190.0,198.39999389648438
2026-09-11 02:00:00+00:00,29.0,195.85020446777344,191.0,190.875
2026-09-11 03:00:00+00:00,30.0,202.75379943847656,197.0,193.3333282470703
2026-09-11 04:00:00+00:00,31.0,203.9974822998047,201.0,196.3333282470703
2026-09-11 05:00:00+00:00,32.0,203.4344024658203,199.0,197.3333282470703
2026-09-10 07:00:00+00:00,1.0,185.93287658691406,175.0,256.5
2026-09-10 08:00:00+00:00,2.0,160.40084838867188,149.0,255.0
2026-09-10 09:00:00+00:00,3.0,200.8721923828125,190.0,192.0
2026-09-10 10:00:00+00:00,4.0,208.44920349121094,198.0,198.57142639160156
2026-09-10 11:00:00+00:00,5.0,219.78160095214844,211.0,199.8000030517578
2026-09-10 12:00:00+00:00,6.0,225.643310546875,212.0,210.625
2026-09-10 13:00:00+00:00,7.0,226.35565185546875,217.0,231.0
2026-09-10 14:00:00+00:00,8.0,236.44625854492188,227.0,239.42857360839844
2026-09-10 15:00:00+00:00,9.0,244.3939971923828,230.0,238.0
2026-09-10 16:00:00+00:00,10.0,242.56597900390625,228.0,238.0
2026-09-10 17:00:00+00:00,11.0,221.14112854003906,211.0,238.0
2026-09-10 18:00:00+00:00,12.0,202.22915649414062,192.0,238.0
2026-09-10 19:00:00+00:00,13.0,172.84494018554688,159.0,237.25
2026-09-10 20:00:00+00:00,14.0,184.9909210205078,173.0,230.7142791748047
2026-09-10 21:00:00+00:00,15.0,205.2265625,196.0,216.1999969482422
2026-09-10 22:00:00+00:00,16.0,214.78646850585938,201.0,214.0
2026-09-10 23:00:00+00:00,17.0,209.41012573242188,197.0,213.0
2026-09-11 00:00:00+00:00,18.0,211.88873291015625,199.0,206.5
2026-09-11 01:00:00+00:00,19.0,215.41299438476562,201.0,198.39999389648438
2026-09-11 02:00:00+00:00,20.0,213.05291748046875,205.0,190.875
2026-09-11 03:00:00+00:00,21.0,210.1543731689453,204.0,193.3333282470703
2026-09-11 04:00:00+00:00,22.0,207.59152221679688,201.0,196.3333282470703
2026-09-11 05:00:00+00:00,23.0,200.2495880126953,196.0,197.3333282470703
2026-09-11 06:00:00+00:00,24.0,202.4676055908203,197.0,193.5
2026-09-10 08:00:00+00:00,1.0,210.6072235107422,200.0,255.0
2026-09-10 09:00:00+00:00,2.0,210.7943115234375,200.0,192.0
2026-09-10 10:00:00+00:00,3.0,212.15029907226562,202.0,198.57142639160156
2026-09-10 11:00:00+00:00,4.0,209.78945922851562,200.0,199.8000030517578
2026-09-10 12:00:00+00:00,5.0,217.1036376953125,209.0,210.625
2026-09-10 13:00:00+00:00,6.0,243.21905517578125,230.0,231.0
2026-09-10 14:00:00+00:00,7.0,237.8677520751953,229.0,239.42857360839844
2026-09-10 15:00:00+00:00,8.0,241.29019165039062,232.0,238.0
2026-09-10 16:00:00+00:00,9.0,246.06222534179688,232.0,238.0
2026-09-10 17:00:00+00:00,10.0,238.72482299804688,224.0,238.0
2026-09-10 18:00:00+00:00,11.0,222.9193115234375,213.0,238.0
2026-09-10 19:00:00+00:00,12.0,226.7770233154297,217.0,237.25
2026-09-10 20:00:00+00:00,13.0,219.6654815673828,206.0,230.7142791748047
2026-09-10 21:00:00+00:00,14.0,203.0797576904297,191.0,216.1999969482422
2026-09-10 22:00:00+00:00,15.0,192.40878295898438,183.0,214.0
2026-09-10 23:00:00+00:00,16.0,191.22415161132812,177.0,213.0
2026-09-11 00:00:00+00:00,17.0,203.9355926513672,191.0,206.5
2026-09-11 01:00:00+00:00,18.0,207.69247436523438,195.0,198.39999389648438
2026-09-11 02:00:00+00:00,19.0,214.20980834960938,200.0,190.875
2026-09-11 03:00:00+00:00,20.0,205.47216796875,197.0,193.3333282470703
2026-09-11 04:00:00+00:00,21.0,201.9339599609375,195.0,196.3333282470703
2026-09-11 05:00:00+00:00,22.0,195.19956970214844,188.0,197.3333282470703
2026-09-11 06:00:00+00:00,23.0,198.1770782470703,193.0,193.5
2026-09-11 07:00:00+00:00,24.0,213.30661010742188,207.0,198.25
2026-09-10 09:00:00+00:00,1.0,215.8826141357422,203.0,192.0
2026-09-10 10:00:00+00:00,2.0,223.7431640625,209.0,198.57142639160156
2026-09-10 11:00:00+00:00,3.0,220.87347412109375,207.0,199.8000030517578
2026-09-10 12:00:00+00:00,4.0,221.57298278808594,208.0,210.625
2026-09-10 13:00:00+00:00,5.0,226.69393920898438,216.0,231.0
2026-09-10 14:00:00+00:00,6.0,238.15151977539062,224.0,239.42857360839844
2026-09-10 15:00:00+00:00,7.0,243.5518035888672,233.0,238.0
2026-09-10 16:00:00+00:00,8.0,235.1692352294922,225.0,238.0
2026-09-10 17:00:00+00:00,9.0,228.91990661621094,213.0,238.0
2026-09-10 18:00:00+00:00,10.0,220.6698760986328,206.0,238.0
2026-09-10 19:00:00+00:00,11.0,216.69741821289062,206.0,237.25
2026-09-10 20:00:00+00:00,12.0,207.52769470214844,197.0,230.7142791748047
2026-09-10 21:00:00+00:00,13.0,204.02978515625,190.0,216.1999969482422
2026-09-10 22:00:00+00:00,14.0,206.5464324951172,193.0,214.0
2026-09-10 23:00:00+00:00,15.0,192.88055419921875,184.0,213.0
2026-09-11 00:00:00+00:00,16.0,201.60064697265625,189.0,206.5
2026-09-11 01:00:00+00:00,17.0,206.88499450683594,196.0,198.39999389648438
2026-09-11 02:00:00+00:00,18.0,215.65701293945312,202.0,190.875
2026-09-11 03:00:00+00:00,19.0,212.2781982421875,197.0,193.3333282470703
2026-09-11 04:00:00+00:00,20.0,206.3677520751953,200.0,196.3333282470703
2026-09-11 05:00:00+00:00,21.0,193.42503356933594,190.0,197.3333282470703
2026-09-11 06:00:00+00:00,22.0,193.80471801757812,190.0,193.5
2026-09-11 07:00:00+00:00,23.0,218.92564392089844,218.0,198.25
2026-09-11 08:00:00+00:00,24.0,207.97352600097656,205.0,203.5
2026-09-10 10:00:00+00:00,1.0,199.7196044921875,187.0,198.57142639160156
2026-09-10 11:00:00+00:00,2.0,220.85540771484375,206.0,199.8000030517578
2026-09-10 12:00:00+00:00,3.0,225.15074157714844,211.0,210.625
2026-09-10 13:00:00+00:00,4.0,227.60482788085938,214.0,231.0
2026-09-10 14:00:00+00:00,5.0,238.48851013183594,228.0,239.42857360839844
2026-09-10 15:00:00+00:00,6.0,246.51559448242188,233.0,238.0
2026-09-10 16:00:00+00:00,7.0,236.2601776123047,226.0,238.0
2026-09-10 17:00:00+00:00,8.0,211.73995971679688,202.0,238.0
2026-09-10 18:00:00+00:00,9.0,200.7191925048828,185.0,238.0
2026-09-10 19:00:00+00:00,10.0,178.2564697265625,164.0,237.25
2026-09-10 20:00:00+00:00,11.0,159.32960510253906,149.0,230.7142791748047
2026-09-10 21:00:00+00:00,12.0,188.92994689941406,179.0,216.1999969482422
2026-09-10 22:00:00+00:00,13.0,214.48699951171875,201.0,214.0
2026-09-10 23:00:00+00:00,14.0,217.43966674804688,204.0,213.0
2026-09-11 00:00:00+00:00,15.0,202.29129028320312,194.0,206.5
2026-09-11 01:00:00+00:00,16.0,211.6917724609375,200.0,198.39999389648438
2026-09-11 02:00:00+00:00,17.0,217.0696563720703,207.0,190.875
2026-09-11 03:00:00+00:00,18.0,215.15243530273438,202.0,193.3333282470703
2026-09-11 04:00:00+00:00,19.0,212.8522491455078,198.0,196.3333282470703
2026-09-11 05:00:00+00:00,20.0,201.51406860351562,196.0,197.3333282470703
2026-09-11 06:00:00+00:00,21.0,195.53074645996094,193.0,193.5
2026-09-11 07:00:00+00:00,22.0,202.92420959472656,200.0,198.25
2026-09-11 08:00:00+00:00,23.0,217.8635711669922,218.0,203.5
2026-09-11 09:00:00+00:00,24.0,216.18746948242188,214.0,206.6666717529297
2026-09-10 11:00:00+00:00,1.0,214.78370666503906,205.0,199.8000030517578
2026-09-10 12:00:00+00:00,2.0,220.2659149169922,211.0,210.625
2026-09-10 13:00:00+00:00,3.0,237.91432189941406,229.0,231.0
2026-09-10 14:00:00+00:00,4.0,242.51161193847656,234.0,239.42857360839844
2026-09-10 15:00:00+00:00,5.0,236.18984985351562,230.0,238.0
2026-09-10 16:00:00+00:00,6.0,235.51124572753906,224.0,238.0
2026-09-10 17:00:00+00:00,7.0,222.53724670410156,215.0,238.0
2026-09-10 18:00:00+00:00,8.0,207.86172485351562,200.0,238.0
2026-09-10 19:00:00+00:00,9.0,212.92098999023438,200.0,237.25
2026-09-10 20:00:00+00:00,10.0,211.59400939941406,198.0,230.7142791748047
2026-09-10 21:00:00+00:00,11.0,194.8007354736328,186.0,216.1999969482422
2026-09-10 22:00:00+00:00,12.0,199.9102325439453,192.0,214.0
2026-09-10 23:00:00+00:00,13.0,200.12408447265625,188.0,213.0
2026-09-11 00:00:00+00:00,14.0,202.4152374267578,191.0,206.5
2026-09-11 01:00:00+00:00,15.0,203.23751831054688,195.0,198.39999389648438
2026-09-11 02:00:00+00:00,16.0,210.72976684570312,198.0,190.875
2026-09-11 03:00:00+00:00,17.0,218.7440185546875,207.0,193.3333282470703
2026-09-11 04:00:00+00:00,18.0,206.24916076660156,195.0,196.3333282470703
2026-09-11 05:00:00+00:00,19.0,205.8252410888672,193.0,197.3333282470703
2026-09-11 06:00:00+00:00,20.0,202.8170166015625,195.0,193.5
2026-09-11 07:00:00+00:00,21.0,214.23683166503906,208.0,198.25
2026-09-11 08:00:00+00:00,22.0,209.34222412109375,203.0,203.5
2026-09-11 09:00:00+00:00,23.0,291.4016418457031,287.0,206.6666717529297
2026-09-11 10:00:00+00:00,24.0,281.03448486328125,275.0,206.60000610351562
2026-09-10 12:00:00+00:00,1.0,218.16603088378906,208.0,210.625
2026-09-10 13:00:00+00:00,2.0,227.32958984375,217.0,231.0
2026-09-10 14:00:00+00:00,3.0,231.15640258789062,221.0,239.42857360839844
2026-09-10 15:00:00+00:00,4.0,245.4416046142578,236.0,238.0
2026-09-10 16:00:00+00:00,5.0,231.82728576660156,225.0,238.0
2026-09-10 17:00:00+00:00,6.0,228.34048461914062,217.0,238.0
2026-09-10 18:00:00+00:00,7.0,209.77935791015625,202.0,238.0
2026-09-10 19:00:00+00:00,8.0,221.79029846191406,214.0,237.25
2026-09-10 20:00:00+00:00,9.0,210.21026611328125,197.0,230.7142791748047
2026-09-10 21:00:00+00:00,10.0,209.18577575683594,196.0,216.1999969482422
2026-09-10 22:00:00+00:00,11.0,204.71243286132812,196.0,214.0
2026-09-10 23:00:00+00:00,12.0,202.78021240234375,195.0,213.0
2026-09-11 00:00:00+00:00,13.0,201.84800720214844,190.0,206.5
2026-09-11 01:00:00+00:00,14.0,203.56729125976562,192.0,198.39999389648438
2026-09-11 02:00:00+00:00,15.0,212.57131958007812,205.0,190.875
2026-09-11 03:00:00+00:00,16.0,215.57476806640625,204.0,193.3333282470703
2026-09-11 04:00:00+00:00,17.0,205.6571807861328,195.0,196.3333282470703
2026-09-11 05:00:00+00:00,18.0,206.17015075683594,195.0,197.3333282470703
2026-09-11 06:00:00+00:00,19.0,210.7640380859375,198.0,193.5
2026-09-11 07:00:00+00:00,20.0,215.5746307373047,209.0,198.25
2026-09-11 08:00:00+00:00,21.0,207.6808319091797,203.0,203.5
2026-09-11 09:00:00+00:00,22.0,265.8433532714844,261.0,206.6666717529297
2026-09-11 10:00:00+00:00,23.0,275.4872131347656,273.0,206.60000610351562
2026-09-11 11:00:00+00:00,24.0,278.5108642578125,274.0,233.60000610351562
2026-09-10 13:00:00+00:00,1.0,218.07203674316406,208.0,231.0
2026-09-10 14:00:00+00:00,2.0,238.39547729492188,228.0,239.42857360839844
2026-09-10 15:00:00+00:00,3.0,243.40402221679688,233.0,238.0
2026-09-10 16:00:00+00:00,4.0,244.45089721679688,235.0,238.0
2026-09-10 17:00:00+00:00,5.0,214.7315216064453,208.0,238.0
2026-09-10 18:00:00+00:00,6.0,204.92091369628906,194.0,238.0
2026-09-10 19:00:00+00:00,7.0,184.58078002929688,177.0,237.25
2026-09-10 20:00:00+00:00,8.0,172.42149353027344,165.0,230.7142791748047
2026-09-10 21:00:00+00:00,9.0,221.0497283935547,208.0,216.1999969482422
2026-09-10 22:00:00+00:00,10.0,221.72299194335938,209.0,214.0
2026-09-10 23:00:00+00:00,11.0,213.41796875,205.0,213.0
2026-09-11 00:00:00+00:00,12.0,202.41334533691406,195.0,206.5
2026-09-11 01:00:00+00:00,13.0,210.38507080078125,199.0,198.39999389648438
2026-09-11 02:00:00+00:00,14.0,221.3383331298828,210.0,190.875
2026-09-11 03:00:00+00:00,15.0,214.99240112304688,208.0,193.3333282470703
2026-09-11 04:00:00+00:00,16.0,214.77694702148438,204.0,196.3333282470703
2026-09-11 05:00:00+00:00,17.0,209.00352478027344,199.0,197.3333282470703
2026-09-11 06:00:00+00:00,18.0,207.7935333251953,197.0,193.5
2026-09-11 07:00:00+00:00,19.0,221.42076110839844,209.0,198.25
2026-09-11 08:00:00+00:00,20.0,214.88743591308594,209.0,203.5
2026-09-11 09:00:00+00:00,21.0,298.9194641113281,295.0,206.6666717529297
2026-09-11 10:00:00+00:00,22.0,287.08465576171875,283.0,206.60000610351562
2026-09-11 11:00:00+00:00,23.0,286.5406799316406,285.0,233.60000610351562
2026-09-11 12:00:00+00:00,24.0,302.78875732421875,299.0,258.75
2026-09-10 14:00:00+00:00,1.0,245.12374877929688,237.0,239.42857360839844
2026-09-10 15:00:00+00:00,2.0,239.9987335205078,233.0,238.0
2026-09-10 16:00:00+00:00,3.0,241.54159545898438,234.0,238.0
2026-09-10 17:00:00+00:00,4.0,229.57443237304688,223.0,238.0
2026-09-10 18:00:00+00:00,5.0,224.08285522460938,220.0,238.0
2026-09-10 19:00:00+00:00,6.0,191.2593994140625,182.0,237.25
2026-09-10 20:00:00+00:00,7.0,202.73866271972656,197.0,230.7142791748047
2026-09-10 21:00:00+00:00,8.0,201.6131134033203,196.0,216.1999969482422
2026-09-10 22:00:00+00:00,9.0,214.09280395507812,203.0,214.0
2026-09-10 23:00:00+00:00,10.0,211.45932006835938,200.0,213.0
2026-09-11 00:00:00+00:00,11.0,200.103759765625,193.0,206.5
2026-09-11 01:00:00+00:00,12.0,213.80845642089844,208.0,198.39999389648438
2026-09-11 02:00:00+00:00,13.0,207.7450714111328,198.0,190.875
2026-09-11 03:00:00+00:00,14.0,212.60325622558594,203.0,193.3333282470703
2026-09-11 04:00:00+00:00,15.0,208.96981811523438,203.0,196.3333282470703
2026-09-11 05:00:00+00:00,16.0,206.7569122314453,197.0,197.3333282470703
2026-09-11 06:00:00+00:00,17.0,206.47439575195312,197.0,193.5
2026-09-11 07:00:00+00:00,18.0,217.92213439941406,209.0,198.25
2026-09-11 08:00:00+00:00,19.0,216.528076171875,206.0,203.5
2026-09-11 09:00:00+00:00,20.0,224.2077178955078,218.0,206.6666717529297
2026-09-11 10:00:00+00:00,21.0,296.5758056640625,292.0,206.60000610351562
2026-09-11 11:00:00+00:00,22.0,275.7360534667969,271.0,233.60000610351562
2026-09-11 12:00:00+00:00,23.0,298.50042724609375,296.0,258.75
2026-09-11 13:00:00+00:00,24.0,307.6593017578125,303.0,268.0
2026-09-10 15:00:00+00:00,1.0,239.9271240234375,232.0,238.0
2026-09-10 16:00:00+00:00,2.0,238.7800750732422,232.0,238.0
2026-09-10 17:00:00+00:00,3.0,226.35012817382812,219.0,238.0
2026-09-10 18:00:00+00:00,4.0,200.29554748535156,194.0,238.0
2026-09-10 19:00:00+00:00,5.0,184.85528564453125,181.0,237.25
2026-09-10 20:00:00+00:00,6.0,167.07492065429688,158.0,230.7142791748047
2026-09-10 21:00:00+00:00,7.0,165.47804260253906,160.0,216.1999969482422
2026-09-10 22:00:00+00:00,8.0,170.3879852294922,165.0,214.0
2026-09-10 23:00:00+00:00,9.0,189.93702697753906,179.0,213.0
2026-09-11 00:00:00+00:00,10.0,201.24658203125,190.0,206.5
2026-09-11 01:00:00+00:00,11.0,199.9137725830078,193.0,198.39999389648438
2026-09-11 02:00:00+00:00,12.0,211.648193359375,206.0,190.875
2026-09-11 03:00:00+00:00,13.0,218.4806365966797,209.0,193.3333282470703
2026-09-11 04:00:00+00:00,14.0,214.369140625,205.0,196.3333282470703
2026-09-11 05:00:00+00:00,15.0,208.7490692138672,203.0,197.3333282470703
2026-09-11 06:00:00+00:00,16.0,213.57432556152344,204.0,193.5
2026-09-11 07:00:00+00:00,17.0,221.34515380859375,212.0,198.25
2026-09-11 08:00:00+00:00,18.0,222.71009826660156,214.0,203.5
2026-09-11 09:00:00+00:00,19.0,291.30010986328125,281.0,206.6666717529297
2026-09-11 10:00:00+00:00,20.0,280.0753173828125,274.0,206.60000610351562
2026-09-11 11:00:00+00:00,21.0,277.5195617675781,273.0,233.60000610351562
2026-09-11 12:00:00+00:00,22.0,287.6427307128906,283.0,258.75
2026-09-11 13:00:00+00:00,23.0,294.3897705078125,292.0,268.0
2026-09-11 14:00:00+00:00,24.0,299.5959777832031,295.0,286.5714416503906
2026-09-10 16:00:00+00:00,1.0,243.5063934326172,236.0,238.0
2026-09-10 17:00:00+00:00,2.0,226.21470642089844,220.0,238.0
2026-09-10 18:00:00+00:00,3.0,197.8277130126953,191.0,238.0
2026-09-10 19:00:00+00:00,4.0,227.7542724609375,222.0,237.25
2026-09-10 20:00:00+00:00,5.0,223.52365112304688,220.0,230.7142791748047
2026-09-10 21:00:00+00:00,6.0,232.00735473632812,223.0,216.1999969482422
2026-09-10 22:00:00+00:00,7.0,210.1553497314453,205.0,214.0
2026-09-10 23:00:00+00:00,8.0,201.24942016601562,196.0,213.0
2026-09-11 00:00:00+00:00,9.0,205.666748046875,195.0,206.5
2026-09-11 01:00:00+00:00,10.0,215.14279174804688,204.0,198.39999389648438
2026-09-11 02:00:00+00:00,11.0,216.83355712890625,210.0,190.875
2026-09-11 03:00:00+00:00,12.0,213.61822509765625,208.0,193.3333282470703
2026-09-11 04:00:00+00:00,13.0,212.3984832763672,203.0,196.3333282470703
2026-09-11 05:00:00+00:00,14.0,205.03517150878906,196.0,197.3333282470703
2026-09-11 06:00:00+00:00,15.0,202.74403381347656,197.0,193.5
2026-09-11 07:00:00+00:00,16.0,216.8055877685547,207.0,198.25
2026-09-11 08:00:00+00:00,17.0,214.63099670410156,205.0,203.5
2026-09-11 09:00:00+00:00,18.0,292.5733947753906,284.0,206.6666717529297
2026-09-11 10:00:00+00:00,19.0,293.1266174316406,283.0,206.60000610351562
2026-09-11 11:00:00+00:00,20.0,286.27264404296875,280.0,233.60000610351562
2026-09-11 12:00:00+00:00,21.0,296.9499816894531,292.0,258.75
2026-09-11 13:00:00+00:00,22.0,317.1167297363281,312.0,268.0
2026-09-11 14:00:00+00:00,23.0,317.8942565917969,315.0,286.5714416503906
2026-09-11 15:00:00+00:00,24.0,320.9901123046875,316.0,275.75
2026-09-10 17:00:00+00:00,1.0,235.46035766601562,229.0,238.0
2026-09-10 18:00:00+00:00,2.0,222.47886657714844,218.0,238.0
2026-09-10 19:00:00+00:00,3.0,200.1376495361328,195.0,237.25
2026-09-10 20:00:00+00:00,4.0,183.0826416015625,179.0,230.7142791748047
2026-09-10 21:00:00+00:00,5.0,201.1781463623047,199.0,216.1999969482422
2026-09-10 22:00:00+00:00,6.0,199.55776977539062,191.0,214.0
2026-09-10 23:00:00+00:00,7.0,195.54086303710938,191.0,213.0
2026-09-11 00:00:00+00:00,8.0,198.9135284423828,194.0,206.5
2026-09-11 01:00:00+00:00,9.0,213.6816864013672,204.0,198.39999389648438
2026-09-11 02:00:00+00:00,10.0,205.77011108398438,195.0,190.875
2026-09-11 03:00:00+00:00,11.0,215.354736328125,209.0,193.3333282470703
2026-09-11 04:00:00+00:00,12.0,205.2884979248047,200.0,196.3333282470703
2026-09-11 05:00:00+00:00,13.0,206.99900817871094,198.0,197.3333282470703
2026-09-11 06:00:00+00:00,14.0,202.3586883544922,194.0,193.5
2026-09-11 07:00:00+00:00,15.0,204.72705078125,199.0,198.25
2026-09-11 08:00:00+00:00,16.0,221.16819763183594,211.0,203.5
2026-09-11 09:00:00+00:00,17.0,223.03662109375,213.0,206.6666717529297
2026-09-11 10:00:00+00:00,18.0,263.7962951660156,256.0,206.60000610351562
2026-09-11 11:00:00+00:00,19.0,296.5204772949219,287.0,233.60000610351562
2026-09-11 12:00:00+00:00,20.0,294.0144348144531,287.0,258.75
2026-09-11 13:00:00+00:00,21.0,301.1771240234375,295.0,268.0
2026-09-11 14:00:00+00:00,22.0,313.13128662109375,307.0,286.5714416503906
2026-09-11 15:00:00+00:00,23.0,313.2479248046875,309.0,275.75
2026-09-11 16:00:00+00:00,24.0,325.0895080566406,319.0,300.4285583496094
2026-09-10 18:00:00+00:00,1.0,200.26300048828125,194.0,238.0
2026-09-10 19:00:00+00:00,2.0,190.1854705810547,186.0,237.25
2026-09-10 20:00:00+00:00,3.0,161.75714111328125,157.0,230.7142791748047
2026-09-10 21:00:00+00:00,4.0,169.72384643554688,166.0,216.1999969482422
2026-09-10 22:00:00+00:00,5.0,192.85568237304688,191.0,214.0
2026-09-10 23:00:00+00:00,6.0,196.505859375,188.0,213.0
2026-09-11 00:00:00+00:00,7.0,205.39993286132812,201.0,206.5
2026-09-11 01:00:00+00:00,8.0,208.8773651123047,204.0,198.39999389648438
2026-09-11 02:00:00+00:00,9.0,220.4952392578125,211.0,190.875
2026-09-11 03:00:00+00:00,10.0,210.69180297851562,200.0,193.3333282470703
2026-09-11 04:00:00+00:00,11.0,205.2302703857422,199.0,196.3333282470703
2026-09-11 05:00:00+00:00,12.0,202.2223663330078,197.0,197.3333282470703
2026-09-11 06:00:00+00:00,13.0,215.89051818847656,207.0,193.5
2026-09-11 07:00:00+00:00,14.0,220.2652587890625,212.0,198.25
2026-09-11 08:00:00+00:00,15.0,212.73977661132812,207.0,203.5
2026-09-11 09:00:00+00:00,16.0,239.30799865722656,229.0,206.6666717529297
2026-09-11 10:00:00+00:00,17.0,298.1241760253906,288.0,206.60000610351562
2026-09-11 11:00:00+00:00,18.0,296.6280822753906,289.0,233.60000610351562
2026-09-11 12:00:00+00:00,19.0,298.420166015625,289.0,258.75
2026-09-11 13:00:00+00:00,20.0,302.1936950683594,295.0,268.0
2026-09-11 14:00:00+00:00,21.0,306.4944763183594,300.0,286.5714416503906
2026-09-11 15:00:00+00:00,22.0,315.3293762207031,309.0,275.75
2026-09-11 16:00:00+00:00,23.0,315.5608825683594,311.0,300.4285583496094
2026-09-11 17:00:00+00:00,24.0,318.35699462890625,312.0,284.25
2026-09-10 19:00:00+00:00,1.0,179.15371704101562,172.0,237.25
2026-09-10 20:00:00+00:00,2.0,229.35433959960938,224.0,230.7142791748047
2026-09-10 21:00:00+00:00,3.0,217.5612335205078,212.0,216.1999969482422
2026-09-10 22:00:00+00:00,4.0,205.6839599609375,201.0,214.0
2026-09-10 23:00:00+00:00,5.0,198.86676025390625,196.0,213.0
2026-09-11 00:00:00+00:00,6.0,204.51663208007812,195.0,206.5
2026-09-11 01:00:00+00:00,7.0,211.14044189453125,206.0,198.39999389648438
2026-09-11 02:00:00+00:00,8.0,213.81210327148438,208.0,190.875
2026-09-11 03:00:00+00:00,9.0,217.525146484375,207.0,193.3333282470703
2026-09-11 04:00:00+00:00,10.0,216.6554718017578,205.0,196.3333282470703
2026-09-11 05:00:00+00:00,11.0,200.91661071777344,194.0,197.3333282470703
2026-09-11 06:00:00+00:00,12.0,201.0950164794922,195.0,193.5
2026-09-11 07:00:00+00:00,13.0,211.90985107421875,202.0,198.25
2026-09-11 08:00:00+00:00,14.0,223.07386779785156,214.0,203.5
2026-09-11 09:00:00+00:00,15.0,278.6408386230469,272.0,206.6666717529297
2026-09-11 10:00:00+00:00,16.0,304.5187072753906,293.0,206.60000610351562
2026-09-11 11:00:00+00:00,17.0,296.078857421875,285.0,233.60000610351562
2026-09-11 12:00:00+00:00,18.0,297.7467041015625,289.0,258.75
2026-09-11 13:00:00+00:00,19.0,315.4593811035156,305.0,268.0
2026-09-11 14:00:00+00:00,20.0,320.77166748046875,313.0,286.5714416503906
2026-09-11 15:00:00+00:00,21.0,319.0238952636719,312.0,275.75
2026-09-11 16:00:00+00:00,22.0,314.86749267578125,308.0,300.4285583496094
2026-09-11 17:00:00+00:00,23.0,319.1670837402344,314.0,284.25
2026-09-11 18:00:00+00:00,24.0,328.82928466796875,322.0,301.0
2026-09-10 20:00:00+00:00,1.0,180.25958251953125,172.0,230.7142791748047
2026-09-10 21:00:00+00:00,2.0,212.90419006347656,206.0,216.1999969482422
2026-09-10 22:00:00+00:00,3.0,184.6359405517578,178.0,214.0
2026-09-10 23:00:00+00:00,4.0,188.93455505371094,183.0,213.0
2026-09-11 00:00:00+00:00,5.0,185.246337890625,181.0,206.5
2026-09-11 01:00:00+00:00,6.0,210.8125762939453,200.0,198.39999389648438
2026-09-11 02:00:00+00:00,7.0,215.10971069335938,209.0,190.875
2026-09-11 03:00:00+00:00,8.0,215.03939819335938,208.0,193.3333282470703
2026-09-11 04:00:00+00:00,9.0,210.81666564941406,199.0,196.3333282470703
2026-09-11 05:00:00+00:00,10.0,209.906005859375,197.0,197.3333282470703
2026-09-11 06:00:00+00:00,11.0,204.92852783203125,197.0,193.5
2026-09-11 07:00:00+00:00,12.0,211.20040893554688,204.0,198.25
2026-09-11 08:00:00+00:00,13.0,215.2825469970703,204.0,203.5
2026-09-11 09:00:00+00:00,14.0,227.15675354003906,217.0,206.6666717529297
2026-09-11 10:00:00+00:00,15.0,247.84783935546875,240.0,206.60000610351562
2026-09-11 11:00:00+00:00,16.0,287.1973876953125,274.0,233.60000610351562
2026-09-11 12:00:00+00:00,17.0,301.3883972167969,289.0,258.75
2026-09-11 13:00:00+00:00,18.0,315.25518798828125,305.0,268.0
2026-09-11 14:00:00+00:00,19.0,320.8949279785156,309.0,286.5714416503906
2026-09-11 15:00:00+00:00,20.0,327.5195007324219,319.0,275.75
2026-09-11 16:00:00+00:00,21.0,324.7495422363281,317.0,300.4285583496094
2026-09-11 17:00:00+00:00,22.0,317.69854736328125,310.0,284.25
2026-09-11 18:00:00+00:00,23.0,321.06536865234375,315.0,301.0
2026-09-11 19:00:00+00:00,24.0,328.46435546875,321.0,301.25
2026-09-10 21:00:00+00:00,1.0,206.5157928466797,198.0,216.1999969482422
2026-09-10 22:00:00+00:00,2.0,240.129638671875,233.0,214.0
2026-09-10 23:00:00+00:00,3.0,209.61000061035156,203.0,213.0
2026-09-11 00:00:00+00:00,4.0,197.97613525390625,192.0,206.5
2026-09-11 01:00:00+00:00,5.0,211.36865234375,207.0,198.39999389648438
2026-09-11 02:00:00+00:00,6.0,220.18150329589844,209.0,190.875
2026-09-11 03:00:00+00:00,7.0,208.3662872314453,202.0,193.3333282470703
2026-09-11 04:00:00+00:00,8.0,203.40621948242188,196.0,196.3333282470703
2026-09-11 05:00:00+00:00,9.0,211.05809020996094,199.0,197.3333282470703
2026-09-11 06:00:00+00:00,10.0,218.2362060546875,205.0,193.5
2026-09-11 07:00:00+00:00,11.0,217.1714630126953,209.0,198.25
2026-09-11 08:00:00+00:00,12.0,216.40818786621094,209.0,203.5
2026-09-11 09:00:00+00:00,13.0,225.65679931640625,214.0,206.6666717529297
2026-09-11 10:00:00+00:00,14.0,247.4925994873047,237.0,206.60000610351562
2026-09-11 11:00:00+00:00,15.0,257.2710266113281,249.0,233.60000610351562
2026-09-11 12:00:00+00:00,16.0,293.86370849609375,280.0,258.75
2026-09-11 13:00:00+00:00,17.0,303.84661865234375,291.0,268.0
2026-09-11 14:00:00+00:00,18.0,318.6474304199219,308.0,286.5714416503906
2026-09-11 15:00:00+00:00,19.0,322.30047607421875,310.0,275.75
2026-09-11 16:00:00+00:00,20.0,320.04571533203125,311.0,300.4285583496094
2026-09-11 17:00:00+00:00,21.0,313.2706604003906,305.0,284.25
2026-09-11 18:00:00+00:00,22.0,323.177490234375,315.0,301.0
2026-09-11 19:00:00+00:00,23.0,325.66424560546875,319.0,301.25
2026-09-11 20:00:00+00:00,24.0,332.9219970703125,325.0,301.0
2026-09-10 22:00:00+00:00,1.0,219.3954620361328,210.0,214.0
2026-09-10 23:00:00+00:00,2.0,202.55653381347656,194.0,213.0
2026-09-11 00:00:00+00:00,3.0,207.1116485595703,199.0,206.5
2026-09-11 01:00:00+00:00,4.0,212.5322723388672,205.0,198.39999389648438
2026-09-11 02:00:00+00:00,5.0,215.37120056152344,210.0,190.875
2026-09-11 03:00:00+00:00,6.0,222.55540466308594,211.0,193.3333282470703
2026-09-11 04:00:00+00:00,7.0,213.88014221191406,207.0,196.3333282470703
2026-09-11 05:00:00+00:00,8.0,210.74569702148438,203.0,197.3333282470703
2026-09-11 06:00:00+00:00,9.0,215.9962158203125,203.0,193.5
2026-09-11 07:00:00+00:00,10.0,214.56887817382812,201.0,198.25
2026-09-11 08:00:00+00:00,11.0,219.58380126953125,211.0,203.5
2026-09-11 09:00:00+00:00,12.0,223.79058837890625,216.0,206.6666717529297
2026-09-11 10:00:00+00:00,13.0,221.95382690429688,210.0,206.60000610351562
2026-09-11 11:00:00+00:00,14.0,297.1885681152344,286.0,233.60000610351562
2026-09-11 12:00:00+00:00,15.0,285.2311706542969,277.0,258.75
2026-09-11 13:00:00+00:00,16.0,304.4731140136719,291.0,268.0
2026-09-11 14:00:00+00:00,17.0,319.4609069824219,307.0,286.5714416503906
2026-09-11 15:00:00+00:00,18.0,334.2499084472656,323.0,275.75
2026-09-11 16:00:00+00:00,19.0,335.834228515625,323.0,300.4285583496094
2026-09-11 17:00:00+00:00,20.0,330.28948974609375,322.0,284.25
2026-09-11 18:00:00+00:00,21.0,331.2206726074219,324.0,301.0
2026-09-11 19:00:00+00:00,22.0,336.2069396972656,329.0,301.25
2026-09-11 20:00:00+00:00,23.0,339.4740295410156,334.0,301.0
2026-09-11 21:00:00+00:00,24.0,344.0386962890625,337.0,301.1428527832031
2026-09-10 23:00:00+00:00,2.0,203.18296813964844,194.0,213.0
2026-09-11 00:00:00+00:00,3.0,206.99884033203125,199.0,206.5
2026-09-11 01:00:00+00:00,4.0,212.51498413085938,205.0,198.39999389648438
2026-09-11 02:00:00+00:00,5.0,217.0120849609375,210.0,190.875
2026-09-11 03:00:00+00:00,6.0,215.91851806640625,211.0,193.3333282470703
2026-09-11 04:00:00+00:00,7.0,218.41876220703125,207.0,196.3333282470703
2026-09-11 05:00:00+00:00,8.0,209.693115234375,203.0,197.3333282470703
2026-09-11 06:00:00+00:00,9.0,210.61544799804688,203.0,193.5
2026-09-11 07:00:00+00:00,10.0,213.72288513183594,201.0,198.25
2026-09-11 08:00:00+00:00,11.0,224.5539093017578,211.0,203.5
2026-09-11 09:00:00+00:00,12.0,224.4874725341797,216.0,206.6666717529297
2026-09-11 10:00:00+00:00,13.0,217.59835815429688,210.0,206.60000610351562
2026-09-11 11:00:00+00:00,14.0,297.8700866699219,286.0,233.60000610351562
2026-09-11 12:00:00+00:00,15.0,288.0712585449219,277.0,258.75
2026-09-11 13:00:00+00:00,16.0,299.3265686035156,291.0,268.0
2026-09-11 14:00:00+00:00,17.0,320.7239685058594,307.0,286.5714416503906
2026-09-11 15:00:00+00:00,18.0,335.71099853515625,323.0,275.75
2026-09-11 16:00:00+00:00,19.0,334.10028076171875,323.0,300.4285583496094
2026-09-11 17:00:00+00:00,20.0,334.7175598144531,322.0,284.25
2026-09-11 18:00:00+00:00,21.0,332.70037841796875,324.0,301.0
2026-09-11 19:00:00+00:00,22.0,336.7291564941406,329.0,301.25
2026-09-11 20:00:00+00:00,23.0,341.6697998046875,334.0,301.0
2026-09-11 21:00:00+00:00,24.0,343.10784912109375,337.0,301.1428527832031
2026-09-11 22:00:00+00:00,25.0,352.549560546875,345.0,301.0
2026-09-11 00:00:00+00:00,3.0,207.95469665527344,199.0,206.5
2026-09-11 01:00:00+00:00,4.0,212.42112731933594,205.0,198.39999389648438
2026-09-11 02:00:00+00:00,5.0,216.8474884033203,210.0,190.875
2026-09-11 03:00:00+00:00,6.0,217.35809326171875,211.0,193.3333282470703
2026-09-11 04:00:00+00:00,7.0,211.36521911621094,207.0,196.3333282470703
2026-09-11 05:00:00+00:00,8.0,214.25889587402344,203.0,197.3333282470703
2026-09-11 06:00:00+00:00,9.0,209.50872802734375,203.0,193.5
2026-09-11 07:00:00+00:00,10.0,208.42999267578125,201.0,198.25
2026-09-11 08:00:00+00:00,11.0,223.36578369140625,211.0,203.5
2026-09-11 09:00:00+00:00,12.0,229.37591552734375,216.0,206.6666717529297
2026-09-11 10:00:00+00:00,13.0,218.32852172851562,210.0,206.60000610351562
2026-09-11 11:00:00+00:00,14.0,293.2872009277344,286.0,233.60000610351562
2026-09-11 12:00:00+00:00,15.0,288.7084655761719,277.0,258.75
2026-09-11 13:00:00+00:00,16.0,301.8824462890625,291.0,268.0
2026-09-11 14:00:00+00:00,17.0,315.3224792480469,307.0,286.5714416503906
2026-09-11 15:00:00+00:00,18.0,336.8585205078125,323.0,275.75
2026-09-11 16:00:00+00:00,19.0,335.7593078613281,323.0,300.4285583496094
2026-09-11 17:00:00+00:00,20.0,332.90545654296875,322.0,284.25
2026-09-11 18:00:00+00:00,21.0,336.5492248535156,324.0,301.0
2026-09-11 19:00:00+00:00,22.0,338.1116943359375,329.0,301.25
2026-09-11 20:00:00+00:00,23.0,342.13140869140625,334.0,301.0
2026-09-11 21:00:00+00:00,24.0,345.01605224609375,337.0,301.1428527832031
2026-09-11 22:00:00+00:00,25.0,351.5774841308594,345.0,301.0
2026-09-11 23:00:00+00:00,26.0,343.93353271484375,336.0,301.0
2026-09-11 01:00:00+00:00,4.0,213.7428741455078,205.0,198.39999389648438
2026-09-11 02:00:00+00:00,5.0,216.92767333984375,210.0,190.875
2026-09-11 03:00:00+00:00,6.0,217.27980041503906,211.0,193.3333282470703
2026-09-11 04:00:00+00:00,7.0,212.7598114013672,207.0,196.3333282470703
2026-09-11 05:00:00+00:00,8.0,206.872802734375,203.0,197.3333282470703
2026-09-11 06:00:00+00:00,9.0,214.12596130371094,203.0,193.5
2026-09-11 07:00:00+00:00,10.0,207.39671325683594,201.0,198.25
2026-09-11 08:00:00+00:00,11.0,218.33106994628906,211.0,203.5
2026-09-11 09:00:00+00:00,12.0,228.0558624267578,216.0,206.6666717529297
2026-09-11 10:00:00+00:00,13.0,223.207763671875,210.0,206.60000610351562
2026-09-11 11:00:00+00:00,14.0,294.19482421875,286.0,233.60000610351562
2026-09-11 12:00:00+00:00,15.0,284.0382385253906,277.0,258.75
2026-09-11 13:00:00+00:00,16.0,302.58795166015625,291.0,268.0
2026-09-11 14:00:00+00:00,17.0,317.7605895996094,307.0,286.5714416503906
2026-09-11 15:00:00+00:00,18.0,331.3092956542969,323.0,275.75
2026-09-11 16:00:00+00:00,19.0,337.0008544921875,323.0,300.4285583496094
2026-09-11 17:00:00+00:00,20.0,334.8141174316406,322.0,284.25
2026-09-11 18:00:00+00:00,21.0,334.72821044921875,324.0,301.0
2026-09-11 19:00:00+00:00,22.0,341.4218444824219,329.0,301.25
2026-09-11 20:00:00+00:00,23.0,343.4822998046875,334.0,301.0
2026-09-11 21:00:00+00:00,24.0,345.51580810546875,337.0,301.1428527832031
2026-09-11 22:00:00+00:00,25.0,353.334228515625,345.0,301.0
2026-09-11 23:00:00+00:00,26.0,342.98895263671875,336.0,301.0
2026-09-12 00:00:00+00:00,27.0,330.2672119140625,322.0,301.0
2026-09-11 02:00:00+00:00,5.0,218.4034881591797,210.0,190.875
2026-09-11 03:00:00+00:00,6.0,217.36355590820312,211.0,193.3333282470703
2026-09-11 04:00:00+00:00,7.0,212.70004272460938,207.0,196.3333282470703
2026-09-11 05:00:00+00:00,8.0,208.10018920898438,203.0,197.3333282470703
2026-09-11 06:00:00+00:00,9.0,206.30296325683594,203.0,193.5
2026-09-11 07:00:00+00:00,10.0,211.944091796875,201.0,198.25
2026-09-11 08:00:00+00:00,11.0,217.17935180664062,211.0,203.5
2026-09-11 09:00:00+00:00,12.0,223.07859802246094,216.0,206.6666717529297
2026-09-11 10:00:00+00:00,13.0,221.65484619140625,210.0,206.60000610351562
2026-09-11 11:00:00+00:00,14.0,298.9646911621094,286.0,233.60000610351562
2026-09-11 12:00:00+00:00,15.0,285.0198669433594,277.0,258.75
2026-09-11 13:00:00+00:00,16.0,297.7798156738281,291.0,268.0
2026-09-11 14:00:00+00:00,17.0,318.3135070800781,307.0,286.5714416503906
2026-09-11 15:00:00+00:00,18.0,333.50152587890625,323.0,275.75
2026-09-11 16:00:00+00:00,19.0,331.2370910644531,323.0,300.4285583496094
2026-09-11 17:00:00+00:00,20.0,336.025390625,322.0,284.25
2026-09-11 18:00:00+00:00,21.0,336.7837219238281,324.0,301.0
2026-09-11 19:00:00+00:00,22.0,339.3994445800781,329.0,301.25
2026-09-11 20:00:00+00:00,23.0,346.20843505859375,334.0,301.0
2026-09-11 21:00:00+00:00,24.0,346.76092529296875,337.0,301.1428527832031
2026-09-11 22:00:00+00:00,25.0,353.81744384765625,345.0,301.0
2026-09-11 23:00:00+00:00,26.0,344.5512390136719,336.0,301.0
2026-09-12 00:00:00+00:00,27.0,329.2661437988281,322.0,301.0
2026-09-12 01:00:00+00:00,28.0,223.47210693359375,215.0,301.0
2026-09-11 03:00:00+00:00,6.0,219.0575714111328,211.0,193.3333282470703
2026-09-11 04:00:00+00:00,7.0,212.8538360595703,207.0,196.3333282470703
2026-09-11 05:00:00+00:00,8.0,208.19375610351562,203.0,197.3333282470703
2026-09-11 06:00:00+00:00,9.0,207.49325561523438,203.0,193.5
2026-09-11 07:00:00+00:00,10.0,203.79005432128906,201.0,198.25
2026-09-11 08:00:00+00:00,11.0,221.79127502441406,211.0,203.5
2026-09-11 09:00:00+00:00,12.0,221.95089721679688,216.0,206.6666717529297
2026-09-11 10:00:00+00:00,13.0,216.80857849121094,210.0,206.60000610351562
2026-09-11 11:00:00+00:00,14.0,297.28253173828125,286.0,233.60000610351562
2026-09-11 12:00:00+00:00,15.0,289.7393493652344,277.0,258.75
2026-09-11 13:00:00+00:00,16.0,298.85308837890625,291.0,268.0
2026-09-11 14:00:00+00:00,17.0,313.57867431640625,307.0,286.5714416503906
2026-09-11 15:00:00+00:00,18.0,334.02587890625,323.0,275.75
2026-09-11 16:00:00+00:00,19.0,333.21453857421875,323.0,300.4285583496094
2026-09-11 17:00:00+00:00,20.0,330.171875,322.0,284.25
2026-09-11 18:00:00+00:00,21.0,338.0301513671875,324.0,301.0
2026-09-11 19:00:00+00:00,22.0,341.7549743652344,329.0,301.25
2026-09-11 20:00:00+00:00,23.0,344.0620422363281,334.0,301.0
2026-09-11 21:00:00+00:00,24.0,348.99951171875,337.0,301.1428527832031
2026-09-11 22:00:00+00:00,25.0,354.988525390625,345.0,301.0
2026-09-11 23:00:00+00:00,26.0,345.0726318359375,336.0,301.0
2026-09-12 00:00:00+00:00,27.0,330.7198181152344,322.0,301.0
2026-09-12 01:00:00+00:00,28.0,222.46690368652344,215.0,301.0
2026-09-12 02:00:00+00:00,29.0,176.6095733642578,168.0,301.0
2026-09-11 04:00:00+00:00,7.0,214.58580017089844,207.0,196.3333282470703
2026-09-11 05:00:00+00:00,8.0,208.1976776123047,203.0,197.3333282470703
2026-09-11 06:00:00+00:00,9.0,207.59608459472656,203.0,193.5
2026-09-11 07:00:00+00:00,10.0,204.78857421875,201.0,198.25
2026-09-11 08:00:00+00:00,11.0,213.1375732421875,211.0,203.5
2026-09-11 09:00:00+00:00,12.0,226.492919921875,216.0,206.6666717529297
2026-09-11 10:00:00+00:00,13.0,215.61325073242188,210.0,206.60000610351562
2026-09-11 11:00:00+00:00,14.0,292.3864440917969,286.0,233.60000610351562
2026-09-11 12:00:00+00:00,15.0,287.76885986328125,277.0,258.75
2026-09-11 13:00:00+00:00,16.0,303.3786315917969,291.0,268.0
2026-09-11 14:00:00+00:00,17.0,314.5901794433594,307.0,286.5714416503906
2026-09-11 15:00:00+00:00,18.0,329.2651672363281,323.0,275.75
2026-09-11 16:00:00+00:00,19.0,333.5819396972656,323.0,300.4285583496094
2026-09-11 17:00:00+00:00,20.0,331.7905578613281,322.0,284.25
2026-09-11 18:00:00+00:00,21.0,331.98138427734375,324.0,301.0
2026-09-11 19:00:00+00:00,22.0,342.8410339355469,329.0,301.25
2026-09-11 20:00:00+00:00,23.0,346.5610046386719,334.0,301.0
2026-09-11 21:00:00+00:00,24.0,346.5460510253906,337.0,301.1428527832031
2026-09-11 22:00:00+00:00,25.0,356.65435791015625,345.0,301.0
2026-09-11 23:00:00+00:00,26.0,346.08599853515625,336.0,301.0
2026-09-12 00:00:00+00:00,27.0,331.2148742675781,322.0,301.0
2026-09-12 01:00:00+00:00,28.0,223.76962280273438,215.0,301.0
2026-09-12 02:00:00+00:00,29.0,175.5447235107422,168.0,301.0
2026-09-12 03:00:00+00:00,30.0,205.6604461669922,197.0,295.5
2026-09-11 05:00:00+00:00,8.0,210.15896606445312,203.0,197.3333282470703
2026-09-11 06:00:00+00:00,9.0,207.61187744140625,203.0,193.5
2026-09-11 07:00:00+00:00,10.0,205.07717895507812,201.0,198.25
2026-09-11 08:00:00+00:00,11.0,214.1665802001953,211.0,203.5
2026-09-11 09:00:00+00:00,12.0,217.56918334960938,216.0,206.6666717529297
2026-09-11 10:00:00+00:00,13.0,220.2057647705078,210.0,206.60000610351562
2026-09-11 11:00:00+00:00,14.0,291.29705810546875,286.0,233.60000610351562
2026-09-11 12:00:00+00:00,15.0,283.00775146484375,277.0,258.75
2026-09-11 13:00:00+00:00,16.0,301.320556640625,291.0,268.0
2026-09-11 14:00:00+00:00,17.0,319.0419616699219,307.0,286.5714416503906
2026-09-11 15:00:00+00:00,18.0,330.3245849609375,323.0,275.75
2026-09-11 16:00:00+00:00,19.0,328.98248291015625,323.0,300.4285583496094
2026-09-11 17:00:00+00:00,20.0,332.1673889160156,322.0,284.25
2026-09-11 18:00:00+00:00,21.0,333.3992919921875,324.0,301.0
2026-09-11 19:00:00+00:00,22.0,336.7794494628906,329.0,301.25
2026-09-11 20:00:00+00:00,23.0,347.6257019042969,334.0,301.0
2026-09-11 21:00:00+00:00,24.0,349.36395263671875,337.0,301.1428527832031
2026-09-11 22:00:00+00:00,25.0,354.0629577636719,345.0,301.0
2026-09-11 23:00:00+00:00,26.0,347.322265625,336.0,301.0
2026-09-12 00:00:00+00:00,27.0,332.1322326660156,322.0,301.0
2026-09-12 01:00:00+00:00,28.0,224.30906677246094,215.0,301.0
2026-09-12 02:00:00+00:00,29.0,176.77780151367188,168.0,301.0
2026-09-12 03:00:00+00:00,30.0,204.57192993164062,197.0,295.5
2026-09-12 04:00:00+00:00,31.0,178.67808532714844,170.0,243.5
2026-09-11 06:00:00+00:00,9.0,209.7042236328125,203.0,193.5
2026-09-11 07:00:00+00:00,10.0,205.01605224609375,201.0,198.25
2026-09-11 08:00:00+00:00,11.0,214.60403442382812,211.0,203.5
2026-09-11 09:00:00+00:00,12.0,218.60150146484375,216.0,206.6666717529297
2026-09-11 10:00:00+00:00,13.0,211.0205078125,210.0,206.60000610351562
2026-09-11 11:00:00+00:00,14.0,295.84228515625,286.0,233.60000610351562
2026-09-11 12:00:00+00:00,15.0,281.9411926269531,277.0,258.75
2026-09-11 13:00:00+00:00,16.0,296.6315612792969,291.0,268.0
2026-09-11 14:00:00+00:00,17.0,316.88604736328125,307.0,286.5714416503906
2026-09-11 15:00:00+00:00,18.0,334.64398193359375,323.0,275.75
2026-09-11 16:00:00+00:00,19.0,330.04644775390625,323.0,300.4285583496094
2026-09-11 17:00:00+00:00,20.0,327.67156982421875,322.0,284.25
2026-09-11 18:00:00+00:00,21.0,333.6976623535156,324.0,301.0
2026-09-11 19:00:00+00:00,22.0,338.01239013671875,329.0,301.25
2026-09-11 20:00:00+00:00,23.0,341.4938659667969,334.0,301.0
2026-09-11 21:00:00+00:00,24.0,350.3020935058594,337.0,301.1428527832031
2026-09-11 22:00:00+00:00,25.0,357.0960388183594,345.0,301.0
2026-09-11 23:00:00+00:00,26.0,344.5338134765625,336.0,301.0
2026-09-12 00:00:00+00:00,27.0,332.9649963378906,322.0,301.0
2026-09-12 01:00:00+00:00,28.0,225.06646728515625,215.0,301.0
2026-09-12 02:00:00+00:00,29.0,177.29698181152344,168.0,301.0
2026-09-12 03:00:00+00:00,30.0,205.70130920410156,197.0,295.5
2026-09-12 04:00:00+00:00,31.0,177.51541137695312,170.0,243.5
2026-09-12 05:00:00+00:00,32.0,208.62953186035156,200.0,240.0
2026-09-11 07:00:00+00:00,1.0,209.77963256835938,204.0,198.25
2026-09-11 08:00:00+00:00,2.0,215.0614471435547,212.0,203.5
2026-09-11 09:00:00+00:00,3.0,223.82806396484375,221.0,206.6666717529297
2026-09-11 10:00:00+00:00,4.0,255.70150756835938,254.0,206.60000610351562
2026-09-11 11:00:00+00:00,5.0,277.0899963378906,277.0,233.60000610351562
2026-09-11 12:00:00+00:00,6.0,280.138427734375,271.0,258.75
2026-09-11 13:00:00+00:00,7.0,294.1904602050781,290.0,268.0
2026-09-11 14:00:00+00:00,8.0,299.0162048339844,294.0,286.5714416503906
2026-09-11 15:00:00+00:00,9.0,314.0983581542969,305.0,275.75
2026-09-11 16:00:00+00:00,10.0,335.7291259765625,325.0,300.4285583496094
2026-09-11 17:00:00+00:00,11.0,333.2972106933594,327.0,284.25
2026-09-11 18:00:00+00:00,12.0,323.2052001953125,318.0,301.0
2026-09-11 19:00:00+00:00,13.0,320.8263244628906,312.0,301.25
2026-09-11 20:00:00+00:00,14.0,334.287109375,326.0,301.0
2026-09-11 21:00:00+00:00,15.0,347.7893981933594,341.0,301.1428527832031
2026-09-11 22:00:00+00:00,16.0,349.25762939453125,337.0,301.0
2026-09-11 23:00:00+00:00,17.0,337.2566833496094,326.0,301.0
2026-09-12 00:00:00+00:00,18.0,320.4267578125,313.0,301.0
2026-09-12 01:00:00+00:00,19.0,283.9356384277344,274.0,301.0
2026-09-12 02:00:00+00:00,20.0,212.62005615234375,203.0,301.0
2026-09-12 03:00:00+00:00,21.0,168.97682189941406,160.0,295.5
2026-09-12 04:00:00+00:00,22.0,165.2718963623047,157.0,243.5
2026-09-12 05:00:00+00:00,23.0,188.12838745117188,181.0,240.0
2026-09-12 06:00:00+00:00,24.0,199.35238647460938,191.0,234.0
2026-09-11 08:00:00+00:00,1.0,215.40878295898438,211.0,203.5
2026-09-11 09:00:00+00:00,2.0,214.7321014404297,213.0,206.6666717529297
2026-09-11 10:00:00+00:00,3.0,223.81283569335938,222.0,206.60000610351562
2026-09-11 11:00:00+00:00,4.0,274.4930419921875,274.0,233.60000610351562
2026-09-11 12:00:00+00:00,5.0,274.81658935546875,276.0,258.75
2026-09-11 13:00:00+00:00,6.0,297.99853515625,290.0,268.0
2026-09-11 14:00:00+00:00,7.0,296.01763916015625,293.0,286.5714416503906
2026-09-11 15:00:00+00:00,8.0,301.9998474121094,298.0,275.75
2026-09-11 16:00:00+00:00,9.0,312.7875061035156,305.0,300.4285583496094
2026-09-11 17:00:00+00:00,10.0,332.2540283203125,323.0,284.25
2026-09-11 18:00:00+00:00,11.0,332.2205505371094,327.0,301.0
2026-09-11 19:00:00+00:00,12.0,333.462646484375,329.0,301.25
2026-09-11 20:00:00+00:00,13.0,327.55511474609375,320.0,301.0
2026-09-11 21:00:00+00:00,14.0,342.05804443359375,335.0,301.1428527832031
2026-09-11 22:00:00+00:00,15.0,348.72515869140625,343.0,301.0
2026-09-11 23:00:00+00:00,16.0,355.65008544921875,345.0,301.0
2026-09-12 00:00:00+00:00,17.0,10.017319679260254,0.0,301.0
2026-09-12 01:00:00+00:00,18.0,263.8280944824219,258.0,301.0
2026-09-12 02:00:00+00:00,19.0,200.40834045410156,192.0,301.0
2026-09-12 03:00:00+00:00,20.0,168.6999053955078,160.0,295.5
2026-09-12 04:00:00+00:00,21.0,178.32859802246094,170.0,243.5
2026-09-12 05:00:00+00:00,22.0,169.49374389648438,162.0,240.0
2026-09-12 06:00:00+00:00,23.0,153.4127655029297,147.0,234.0
2026-09-12 07:00:00+00:00,24.0,191.82180786132812,184.0,205.5
2026-09-11 09:00:00+00:00,1.0,218.4927520751953,215.0,206.6666717529297
2026-09-11 10:00:00+00:00,2.0,211.85498046875,211.0,206.60000610351562
2026-09-11 11:00:00+00:00,3.0,204.1776123046875,203.0,233.60000610351562
2026-09-11 12:00:00+00:00,4.0,270.6861572265625,271.0,258.75
2026-09-11 13:00:00+00:00,5.0,278.0204162597656,280.0,268.0
2026-09-11 14:00:00+00:00,6.0,299.2211608886719,292.0,286.5714416503906
2026-09-11 15:00:00+00:00,7.0,300.2197570800781,298.0,275.75
2026-09-11 16:00:00+00:00,8.0,319.31365966796875,316.0,300.4285583496094
2026-09-11 17:00:00+00:00,9.0,325.93646240234375,319.0,284.25
2026-09-11 18:00:00+00:00,10.0,329.2267150878906,321.0,301.0
2026-09-11 19:00:00+00:00,11.0,327.5018005371094,323.0,301.25
2026-09-11 20:00:00+00:00,12.0,322.0145263671875,318.0,301.0
2026-09-11 21:00:00+00:00,13.0,328.7220458984375,322.0,301.1428527832031
2026-09-11 22:00:00+00:00,14.0,345.1587219238281,339.0,301.0
2026-09-11 23:00:00+00:00,15.0,346.0060729980469,341.0,301.0
2026-09-12 00:00:00+00:00,16.0,354.60223388671875,345.0,301.0
2026-09-12 01:00:00+00:00,17.0,178.2195281982422,169.0,301.0
2026-09-12 02:00:00+00:00,18.0,177.75909423828125,173.0,301.0
2026-09-12 03:00:00+00:00,19.0,170.38775634765625,163.0,295.5
2026-09-12 04:00:00+00:00,20.0,177.0082244873047,169.0,243.5
2026-09-12 05:00:00+00:00,21.0,170.8623046875,163.0,240.0
2026-09-12 06:00:00+00:00,22.0,192.96499633789062,186.0,234.0
2026-09-12 07:00:00+00:00,23.0,203.91062927246094,198.0,205.5
2026-09-12 08:00:00+00:00,24.0,208.43548583984375,201.0,206.6666717529297
2026-09-11 10:00:00+00:00,1.0,221.5411376953125,218.0,206.60000610351562
2026-09-11 11:00:00+00:00,2.0,213.90768432617188,213.0,233.60000610351562
2026-09-11 12:00:00+00:00,3.0,233.1677703857422,232.0,258.75
2026-09-11 13:00:00+00:00,4.0,265.6806335449219,266.0,268.0
2026-09-11 14:00:00+00:00,5.0,286.143798828125,288.0,286.5714416503906
2026-09-11 15:00:00+00:00,6.0,300.35528564453125,293.0,275.75
2026-09-11 16:00:00+00:00,7.0,315.3019104003906,313.0,300.4285583496094
2026-09-11 17:00:00+00:00,8.0,329.4781188964844,326.0,284.25
2026-09-11 18:00:00+00:00,9.0,321.0866394042969,314.0,301.0
2026-09-11 19:00:00+00:00,10.0,325.325439453125,317.0,301.25
2026-09-11 20:00:00+00:00,11.0,320.5594482421875,316.0,301.0
2026-09-11 21:00:00+00:00,12.0,335.18389892578125,331.0,301.1428527832031
2026-09-11 22:00:00+00:00,13.0,347.879150390625,341.0,301.0
2026-09-11 23:00:00+00:00,14.0,321.2069091796875,315.0,301.0
2026-09-12 00:00:00+00:00,15.0,307.1298522949219,302.0,301.0
2026-09-12 01:00:00+00:00,16.0,314.8354187011719,305.0,301.0
2026-09-12 02:00:00+00:00,17.0,253.40789794921875,244.0,301.0
2026-09-12 03:00:00+00:00,18.0,176.82046508789062,172.0,295.5
2026-09-12 04:00:00+00:00,19.0,175.49842834472656,168.0,243.5
2026-09-12 05:00:00+00:00,20.0,155.15614318847656,147.0,240.0
2026-09-12 06:00:00+00:00,21.0,174.03524780273438,166.0,234.0
2026-09-12 07:00:00+00:00,22.0,197.15206909179688,190.0,205.5
2026-09-12 08:00:00+00:00,23.0,217.0977020263672,211.0,206.6666717529297
2026-09-12 09:00:00+00:00,24.0,228.54977416992188,221.0,222.1666717529297
2026-09-11 11:00:00+00:00,1.0,278.6347961425781,275.0,233.60000610351562
2026-09-11 12:00:00+00:00,2.0,257.00311279296875,256.0,258.75
2026-09-11 13:00:00+00:00,3.0,274.26556396484375,273.0,268.0
2026-09-11 14:00:00+00:00,4.0,294.7882385253906,295.0,286.5714416503906
2026-09-11 15:00:00+00:00,5.0,291.3354797363281,293.0,275.75
2026-09-11 16:00:00+00:00,6.0,313.5712890625,306.0,300.4285583496094
2026-09-11 17:00:00+00:00,7.0,305.4765319824219,303.0,284.25
2026-09-11 18:00:00+00:00,8.0,271.7033996582031,268.0,301.0
2026-09-11 19:00:00+00:00,9.0,311.3272399902344,304.0,301.25
2026-09-11 20:00:00+00:00,10.0,323.4866027832031,315.0,301.0
2026-09-11 21:00:00+00:00,11.0,335.7648010253906,331.0,301.1428527832031
2026-09-11 22:00:00+00:00,12.0,341.4542541503906,337.0,301.0
2026-09-11 23:00:00+00:00,13.0,342.1638488769531,335.0,301.0
2026-09-12 00:00:00+00:00,14.0,331.31768798828125,325.0,301.0
2026-09-12 01:00:00+00:00,15.0,326.33929443359375,321.0,301.0
2026-09-12 02:00:00+00:00,16.0,329.17144775390625,319.0,301.0
2026-09-12 03:00:00+00:00,17.0,215.67185974121094,206.0,295.5
2026-09-12 04:00:00+00:00,18.0,215.99835205078125,211.0,243.5
2026-09-12 05:00:00+00:00,19.0,161.73081970214844,154.0,240.0
2026-09-12 06:00:00+00:00,20.0,173.3194580078125,165.0,234.0
2026-09-12 07:00:00+00:00,21.0,177.19810485839844,169.0,205.5
2026-09-12 08:00:00+00:00,22.0,205.40870666503906,198.0,206.6666717529297
2026-09-12 09:00:00+00:00,23.0,208.30746459960938,202.0,222.1666717529297
2026-09-12 10:00:00+00:00,24.0,204.6822967529297,197.0,218.0
2026-09-11 12:00:00+00:00,1.0,268.2633361816406,264.0,258.75
2026-09-11 13:00:00+00:00,2.0,276.6236572265625,275.0,268.0
2026-09-11 14:00:00+00:00,3.0,282.72918701171875,281.0,286.5714416503906
2026-09-11 15:00:00+00:00,4.0,293.2751770019531,293.0,275.75
2026-09-11 16:00:00+00:00,5.0,305.2104797363281,306.0,300.4285583496094
2026-09-11 17:00:00+00:00,6.0,339.2703857421875,331.0,284.25
2026-09-11 18:00:00+00:00,7.0,323.1745300292969,320.0,301.0
2026-09-11 19:00:00+00:00,8.0,320.47314453125,316.0,301.25
2026-09-11 20:00:00+00:00,9.0,324.1369934082031,316.0,301.0
2026-09-11 21:00:00+00:00,10.0,328.323974609375,319.0,301.1428527832031
2026-09-11 22:00:00+00:00,11.0,332.2974853515625,327.0,301.0
2026-09-11 23:00:00+00:00,12.0,328.0826721191406,323.0,301.0
2026-09-12 00:00:00+00:00,13.0,329.02178955078125,321.0,301.0
2026-09-12 01:00:00+00:00,14.0,315.9264831542969,309.0,301.0
2026-09-12 02:00:00+00:00,15.0,286.96240234375,281.0,301.0
2026-09-12 03:00:00+00:00,16.0,278.186279296875,267.0,295.5
2026-09-12 04:00:00+00:00,17.0,207.5411376953125,197.0,243.5
2026-09-12 05:00:00+00:00,18.0,157.77667236328125,152.0,240.0
2026-09-12 06:00:00+00:00,19.0,178.5133819580078,170.0,234.0
2026-09-12 07:00:00+00:00,20.0,199.9622039794922,191.0,205.5
2026-09-12 08:00:00+00:00,21.0,209.73196411132812,201.0,206.6666717529297
2026-09-12 09:00:00+00:00,22.0,206.0763702392578,198.0,222.1666717529297
2026-09-12 10:00:00+00:00,23.0,204.88211059570312,198.0,218.0
2026-09-12 11:00:00+00:00,24.0,240.01116943359375,232.0,226.1666717529297
2026-09-11 13:00:00+00:00,1.0,280.1951904296875,275.0,268.0
2026-09-11 14:00:00+00:00,2.0,283.580810546875,281.0,286.5714416503906
2026-09-11 15:00:00+00:00,3.0,295.5845947265625,293.0,275.75
2026-09-11 16:00:00+00:00,4.0,307.2353820800781,306.0,300.4285583496094
2026-09-11 17:00:00+00:00,5.0,331.3614196777344,331.0,284.25
2026-09-11 18:00:00+00:00,6.0,329.20953369140625,320.0,301.0
2026-09-11 19:00:00+00:00,7.0,320.19097900390625,316.0,301.25
2026-09-11 20:00:00+00:00,8.0,321.4129943847656,316.0,301.0
2026-09-11 21:00:00+00:00,9.0,328.1947326660156,319.0,301.1428527832031
2026-09-11 22:00:00+00:00,10.0,337.4908752441406,327.0,301.0
2026-09-11 23:00:00+00:00,11.0,329.2682189941406,323.0,301.0
2026-09-12 00:00:00+00:00,12.0,326.8828430175781,321.0,301.0
2026-09-12 01:00:00+00:00,13.0,318.1990966796875,309.0,301.0
2026-09-12 02:00:00+00:00,14.0,288.82208251953125,281.0,301.0
2026-09-12 03:00:00+00:00,15.0,273.8560485839844,267.0,295.5
2026-09-12 04:00:00+00:00,16.0,209.52932739257812,197.0,243.5
2026-09-12 05:00:00+00:00,17.0,163.62489318847656,152.0,240.0
2026-09-12 06:00:00+00:00,18.0,177.03509521484375,170.0,234.0
2026-09-12 07:00:00+00:00,19.0,200.7561492919922,191.0,205.5
2026-09-12 08:00:00+00:00,20.0,210.65350341796875,201.0,206.6666717529297
2026-09-12 09:00:00+00:00,21.0,207.24948120117188,198.0,222.1666717529297
2026-09-12 10:00:00+00:00,22.0,206.85739135742188,198.0,218.0
2026-09-12 11:00:00+00:00,23.0,239.53187561035156,232.0,226.1666717529297
2026-09-12 12:00:00+00:00,24.0,243.43319702148438,235.0,222.75
2026-09-11 14:00:00+00:00,1.0,287.0987243652344,281.0,286.5714416503906
2026-09-11 15:00:00+00:00,2.0,296.53759765625,293.0,275.75
2026-09-11 16:00:00+00:00,3.0,309.4949035644531,306.0,300.4285583496094
2026-09-11 17:00:00+00:00,4.0,333.2539367675781,331.0,284.25
2026-09-11 18:00:00+00:00,5.0,321.5199890136719,320.0,301.0
2026-09-11 19:00:00+00:00,6.0,326.08416748046875,316.0,301.25
2026-09-11 20:00:00+00:00,7.0,321.1811218261719,316.0,301.0
2026-09-11 21:00:00+00:00,8.0,325.2973937988281,319.0,301.1428527832031
2026-09-11 22:00:00+00:00,9.0,337.15985107421875,327.0,301.0
2026-09-11 23:00:00+00:00,10.0,334.6175537109375,323.0,301.0
2026-09-12 00:00:00+00:00,11.0,328.2313232421875,321.0,301.0
2026-09-12 01:00:00+00:00,12.0,315.6280212402344,309.0,301.0
2026-09-12 02:00:00+00:00,13.0,291.3280029296875,281.0,301.0
2026-09-12 03:00:00+00:00,14.0,275.6626892089844,267.0,295.5
2026-09-12 04:00:00+00:00,15.0,204.70150756835938,197.0,243.5
2026-09-12 05:00:00+00:00,16.0,165.77645874023438,152.0,240.0
2026-09-12 06:00:00+00:00,17.0,182.65499877929688,170.0,234.0
2026-09-12 07:00:00+00:00,18.0,199.28732299804688,191.0,205.5
2026-09-12 08:00:00+00:00,19.0,211.9793701171875,201.0,206.6666717529297
2026-09-12 09:00:00+00:00,20.0,208.2110595703125,198.0,222.1666717529297
2026-09-12 10:00:00+00:00,21.0,207.66270446777344,198.0,218.0
2026-09-12 11:00:00+00:00,22.0,241.52780151367188,232.0,226.1666717529297
2026-09-12 12:00:00+00:00,23.0,243.0834197998047,235.0,222.75
2026-09-12 13:00:00+00:00,24.0,253.78579711914062,245.0,224.5
2026-09-11 15:00:00+00:00,1.0,300.0015869140625,293.0,275.75
2026-09-11 16:00:00+00:00,2.0,310.62255859375,306.0,300.4285583496094
2026-09-11 17:00:00+00:00,3.0,335.4701232910156,331.0,284.25
2026-09-11 18:00:00+00:00,4.0,323.3837890625,320.0,301.0
2026-09-11 19:00:00+00:00,5.0,318.72698974609375,316.0,301.25
2026-09-11 20:00:00+00:00,6.0,326.9554138183594,316.0,301.0
2026-09-11 21:00:00+00:00,7.0,325.130615234375,319.0,301.1428527832031
2026-09-11 22:00:00+00:00,8.0,334.2338562011719,327.0,301.0
2026-09-11 23:00:00+00:00,9.0,334.0862731933594,323.0,301.0
2026-09-12 00:00:00+00:00,10.0,333.6285705566406,321.0,301.0
2026-09-12 01:00:00+00:00,11.0,317.0965881347656,309.0,301.0
2026-09-12 02:00:00+00:00,12.0,288.3985900878906,281.0,301.0
2026-09-12 03:00:00+00:00,13.0,278.47412109375,267.0,295.5
2026-09-12 04:00:00+00:00,14.0,206.5174102783203,197.0,243.5
2026-09-12 05:00:00+00:00,15.0,160.500732421875,152.0,240.0
2026-09-12 06:00:00+00:00,16.0,184.83538818359375,170.0,234.0
2026-09-12 07:00:00+00:00,17.0,204.56153869628906,191.0,205.5
2026-09-12 08:00:00+00:00,18.0,210.5188751220703,201.0,206.6666717529297
2026-09-12 09:00:00+00:00,19.0,210.05398559570312,198.0,222.1666717529297
2026-09-12 10:00:00+00:00,20.0,208.64845275878906,198.0,218.0
2026-09-12 11:00:00+00:00,21.0,241.94345092773438,232.0,226.1666717529297
2026-09-12 12:00:00+00:00,22.0,245.0512237548828,235.0,222.75
2026-09-12 13:00:00+00:00,23.0,253.54295349121094,245.0,224.5
2026-09-12 14:00:00+00:00,24.0,255.0801239013672,246.0,224.75
2026-09-11 16:00:00+00:00,1.0,322.47454833984375,315.0,300.4285583496094
2026-09-11 17:00:00+00:00,2.0,329.2525634765625,324.0,284.25
2026-09-11 18:00:00+00:00,3.0,331.3204345703125,326.0,301.0
2026-09-11 19:00:00+00:00,4.0,341.2578125,337.0,301.25
2026-09-11 20:00:00+00:00,5.0,336.58221435546875,333.0,301.0
2026-09-11 21:00:00+00:00,6.0,12.39294719696045,1.0,301.1428527832031
2026-09-11 22:00:00+00:00,7.0,28.73810577392578,22.0,301.0
2026-09-11 23:00:00+00:00,8.0,76.80088806152344,69.0,301.0
2026-09-12 00:00:00+00:00,9.0,168.72079467773438,157.0,301.0
2026-09-12 01:00:00+00:00,10.0,192.12135314941406,179.0,301.0
2026-09-12 02:00:00+00:00,11.0,147.6038818359375,139.0,301.0
2026-09-12 03:00:00+00:00,12.0,164.97085571289062,157.0,295.5
2026-09-12 04:00:00+00:00,13.0,169.25228881835938,157.0,243.5
2026-09-12 05:00:00+00:00,14.0,165.94627380371094,156.0,240.0
2026-09-12 06:00:00+00:00,15.0,163.79226684570312,155.0,234.0
2026-09-12 07:00:00+00:00,16.0,190.0751495361328,175.0,205.5
2026-09-12 08:00:00+00:00,17.0,220.91415405273438,207.0,206.6666717529297
2026-09-12 09:00:00+00:00,18.0,214.1909637451172,204.0,222.1666717529297
2026-09-12 10:00:00+00:00,19.0,220.55792236328125,208.0,218.0
2026-09-12 11:00:00+00:00,20.0,243.5752410888672,233.0,226.1666717529297
2026-09-12 12:00:00+00:00,21.0,231.72280883789062,222.0,222.75
2026-09-12 13:00:00+00:00,22.0,247.13748168945312,237.0,224.5
2026-09-12 14:00:00+00:00,23.0,249.45774841308594,241.0,224.75
2026-09-12 15:00:00+00:00,24.0,249.9727020263672,241.0,222.39999389648438
2026-09-11 17:00:00+00:00,1.0,310.3162536621094,303.0,284.25
2026-09-11 18:00:00+00:00,2.0,309.9554138183594,305.0,301.0
2026-09-11 19:00:00+00:00,3.0,299.34259033203125,294.0,301.25
2026-09-11 20:00:00+00:00,4.0,339.22918701171875,335.0,301.0
2026-09-11 21:00:00+00:00,5.0,352.4477844238281,349.0,301.1428527832031
2026-09-11 22:00:00+00:00,6.0,15.22061824798584,4.0,301.0
2026-09-11 23:00:00+00:00,7.0,356.6834411621094,350.0,301.0
2026-09-12 00:00:00+00:00,8.0,227.62501525878906,220.0,301.0
2026-09-12 01:00:00+00:00,9.0,214.6475830078125,203.0,301.0
2026-09-12 02:00:00+00:00,10.0,264.9358825683594,252.0,301.0
2026-09-12 03:00:00+00:00,11.0,254.604248046875,246.0,295.5
2026-09-12 04:00:00+00:00,12.0,161.95263671875,154.0,243.5
2026-09-12 05:00:00+00:00,13.0,177.18743896484375,165.0,240.0
2026-09-12 06:00:00+00:00,14.0,193.73585510253906,184.0,234.0
2026-09-12 07:00:00+00:00,15.0,208.61785888671875,200.0,205.5
2026-09-12 08:00:00+00:00,16.0,215.7762451171875,201.0,206.6666717529297
2026-09-12 09:00:00+00:00,17.0,226.76300048828125,213.0,222.1666717529297
2026-09-12 10:00:00+00:00,18.0,210.98341369628906,201.0,218.0
2026-09-12 11:00:00+00:00,19.0,237.44534301757812,225.0,226.1666717529297
2026-09-12 12:00:00+00:00,20.0,251.3540496826172,241.0,222.75
2026-09-12 13:00:00+00:00,21.0,252.4571075439453,243.0,224.5
2026-09-12 14:00:00+00:00,22.0,250.97604370117188,241.0,224.75
2026-09-12 15:00:00+00:00,23.0,246.18377685546875,238.0,222.39999389648438
2026-09-12 16:00:00+00:00,24.0,244.76365661621094,236.0,227.6666717529297
2026-09-11 18:00:00+00:00,1.0,332.43621826171875,324.0,301.0
2026-09-11 19:00:00+00:00,2.0,349.61083984375,343.0,301.25
2026-09-11 20:00:00+00:00,3.0,348.92425537109375,342.0,301.0
2026-09-11 21:00:00+00:00,4.0,14.950716972351074,9.0,301.1428527832031
2026-09-11 22:00:00+00:00,5.0,7.125663757324219,2.0,301.0
2026-09-11 23:00:00+00:00,6.0,100.23247528076172,88.0,301.0
2026-09-12 00:00:00+00:00,7.0,175.82614135742188,168.0,301.0
2026-09-12 01:00:00+00:00,8.0,170.80258178710938,162.0,301.0
2026-09-12 02:00:00+00:00,9.0,174.91859436035156,162.0,301.0
2026-09-12 03:00:00+00:00,10.0,203.1549835205078,189.0,295.5
2026-09-12 04:00:00+00:00,11.0,203.505859375,194.0,243.5
2026-09-12 05:00:00+00:00,12.0,182.931884765625,174.0,240.0
2026-09-12 06:00:00+00:00,13.0,182.63357543945312,169.0,234.0
2026-09-12 07:00:00+00:00,14.0,199.8867645263672,189.0,205.5
2026-09-12 08:00:00+00:00,15.0,203.35971069335938,194.0,206.6666717529297
2026-09-12 09:00:00+00:00,16.0,224.49488830566406,209.0,222.1666717529297
2026-09-12 10:00:00+00:00,17.0,238.44813537597656,224.0,218.0
2026-09-12 11:00:00+00:00,18.0,241.50013732910156,230.0,226.1666717529297
2026-09-12 12:00:00+00:00,19.0,249.5430145263672,236.0,222.75
2026-09-12 13:00:00+00:00,20.0,258.4036865234375,248.0,224.5
2026-09-12 14:00:00+00:00,21.0,250.365966796875,241.0,224.75
2026-09-12 15:00:00+00:00,22.0,252.2164764404297,242.0,222.39999389648438
2026-09-12 16:00:00+00:00,23.0,249.29942321777344,241.0,227.6666717529297
2026-09-12 17:00:00+00:00,24.0,248.81068420410156,240.0,232.39999389648438
2026-09-11 19:00:00+00:00,1.0,352.04022216796875,343.0,301.25
2026-09-11 20:00:00+00:00,2.0,349.6066589355469,342.0,301.0
2026-09-11 21:00:00+00:00,3.0,16.985946655273438,9.0,301.1428527832031
2026-09-11 22:00:00+00:00,4.0,9.05576229095459,2.0,301.0
2026-09-11 23:00:00+00:00,5.0,94.09286499023438,88.0,301.0
2026-09-12 00:00:00+00:00,6.0,180.8473663330078,168.0,301.0
2026-09-12 01:00:00+00:00,7.0,170.4100341796875,162.0,301.0
2026-09-12 02:00:00+00:00,8.0,171.318115234375,162.0,301.0
2026-09-12 03:00:00+00:00,9.0,202.6426239013672,189.0,295.5
2026-09-12 04:00:00+00:00,10.0,208.83424377441406,194.0,243.5
2026-09-12 05:00:00+00:00,11.0,184.05284118652344,174.0,240.0
2026-09-12 06:00:00+00:00,12.0,178.54656982421875,169.0,234.0
2026-09-12 07:00:00+00:00,13.0,203.37400817871094,189.0,205.5
2026-09-12 08:00:00+00:00,14.0,205.46099853515625,194.0,206.6666717529297
2026-09-12 09:00:00+00:00,15.0,218.7506866455078,209.0,222.1666717529297
2026-09-12 10:00:00+00:00,16.0,239.7604217529297,224.0,218.0
2026-09-12 11:00:00+00:00,17.0,244.7701416015625,230.0,226.1666717529297
2026-09-12 12:00:00+00:00,18.0,248.31202697753906,236.0,222.75
2026-09-12 13:00:00+00:00,19.0,262.1369934082031,248.0,224.5
2026-09-12 14:00:00+00:00,20.0,251.27487182617188,241.0,224.75
2026-09-12 15:00:00+00:00,21.0,251.13162231445312,242.0,222.39999389648438
2026-09-12 16:00:00+00:00,22.0,251.1527099609375,241.0,227.6666717529297
2026-09-12 17:00:00+00:00,23.0,248.09120178222656,240.0,232.39999389648438
2026-09-12 18:00:00+00:00,24.0,244.60015869140625,236.0,234.77777099609375
2026-09-11 20:00:00+00:00,1.0,339.3824462890625,330.0,301.0
2026-09-11 21:00:00+00:00,2.0,341.37213134765625,333.0,301.1428527832031
2026-09-11 22:00:00+00:00,3.0,350.169677734375,342.0,301.0
2026-09-11 23:00:00+00:00,4.0,3.304718017578125,356.0,301.0
2026-09-12 00:00:00+00:00,5.0,274.6131591796875,268.0,301.0
2026-09-12 01:00:00+00:00,6.0,197.35154724121094,184.0,301.0
2026-09-12 02:00:00+00:00,7.0,195.6859588623047,187.0,301.0
2026-09-12 03:00:00+00:00,8.0,213.80416870117188,204.0,295.5
2026-09-12 04:00:00+00:00,9.0,208.97865295410156,195.0,243.5
2026-09-12 05:00:00+00:00,10.0,199.38389587402344,184.0,240.0
2026-09-12 06:00:00+00:00,11.0,188.24391174316406,178.0,234.0
2026-09-12 07:00:00+00:00,12.0,197.9041748046875,188.0,205.5
2026-09-12 08:00:00+00:00,13.0,219.7509765625,205.0,206.6666717529297
2026-09-12 09:00:00+00:00,14.0,229.89993286132812,218.0,222.1666717529297
2026-09-12 10:00:00+00:00,15.0,240.34530639648438,230.0,218.0
2026-09-12 11:00:00+00:00,16.0,247.64285278320312,231.0,226.1666717529297
2026-09-12 12:00:00+00:00,17.0,255.32579040527344,240.0,222.75
2026-09-12 13:00:00+00:00,18.0,253.78982543945312,241.0,224.5
2026-09-12 14:00:00+00:00,19.0,254.625,240.0,224.75
2026-09-12 15:00:00+00:00,20.0,246.6919403076172,236.0,222.39999389648438
2026-09-12 16:00:00+00:00,21.0,250.75775146484375,241.0,227.6666717529297
2026-09-12 17:00:00+00:00,22.0,247.6052703857422,237.0,232.39999389648438
2026-09-12 18:00:00+00:00,23.0,239.77633666992188,231.0,234.77777099609375
2026-09-12 19:00:00+00:00,24.0,240.05307006835938,231.0,233.1999969482422
2026-09-11 21:00:00+00:00,1.0,13.950726509094238,4.0,301.1428527832031
2026-09-11 22:00:00+00:00,2.0,0.235198974609375,351.0,301.0
2026-09-11 23:00:00+00:00,3.0,70.6114273071289,61.0,301.0
2026-09-12 00:00:00+00:00,4.0,184.6292266845703,176.0,301.0
2026-09-12 01:00:00+00:00,5.0,199.54788208007812,192.0,301.0
2026-09-12 02:00:00+00:00,6.0,210.76190185546875,197.0,301.0
2026-09-12 03:00:00+00:00,7.0,206.2601776123047,197.0,295.5
2026-09-12 04:00:00+00:00,8.0,210.10324096679688,200.0,243.5
2026-09-12 05:00:00+00:00,9.0,180.72024536132812,166.0,240.0
2026-09-12 06:00:00+00:00,10.0,196.8181610107422,181.0,234.0
2026-09-12 07:00:00+00:00,11.0,221.79409790039062,211.0,205.5
2026-09-12 08:00:00+00:00,12.0,230.48666381835938,220.0,206.6666717529297
2026-09-12 09:00:00+00:00,13.0,227.4553680419922,212.0,222.1666717529297
2026-09-12 10:00:00+00:00,14.0,223.30455017089844,211.0,218.0
2026-09-12 11:00:00+00:00,15.0,240.39102172851562,230.0,226.1666717529297
2026-09-12 12:00:00+00:00,16.0,255.28131103515625,239.0,222.75
2026-09-12 13:00:00+00:00,17.0,254.32542419433594,239.0,224.5
2026-09-12 14:00:00+00:00,18.0,250.4676971435547,237.0,224.75
2026-09-12 15:00:00+00:00,19.0,252.02601623535156,237.0,222.39999389648438
2026-09-12 16:00:00+00:00,20.0,248.0579071044922,238.0,227.6666717529297
2026-09-12 17:00:00+00:00,21.0,244.85093688964844,236.0,232.39999389648438
2026-09-12 18:00:00+00:00,22.0,250.02992248535156,240.0,234.77777099609375
2026-09-12 19:00:00+00:00,23.0,238.8126678466797,231.0,233.1999969482422
2026-09-12 20:00:00+00:00,24.0,256.269775390625,248.0,231.44444274902344
2026-09-11 22:00:00+00:00,1.0,336.7774353027344,326.0,301.0
2026-09-11 23:00:00+00:00,2.0,252.6936798095703,242.0,301.0
2026-09-12 00:00:00+00:00,3.0,197.92176818847656,187.0,301.0
2026-09-12 01:00:00+00:00,4.0,214.8885040283203,205.0,301.0
2026-09-12 02:00:00+00:00,5.0,216.73512268066406,208.0,301.0
2026-09-12 03:00:00+00:00,6.0,182.58377075195312,168.0,295.5
2026-09-12 04:00:00+00:00,7.0,196.08935546875,186.0,243.5
2026-09-12 05:00:00+00:00,8.0,198.88865661621094,188.0,240.0
2026-09-12 06:00:00+00:00,9.0,207.57315063476562,192.0,234.0
2026-09-12 07:00:00+00:00,10.0,218.4703369140625,202.0,205.5
2026-09-12 08:00:00+00:00,11.0,234.3460693359375,223.0,206.6666717529297
2026-09-12 09:00:00+00:00,12.0,219.3978271484375,208.0,222.1666717529297
2026-09-12 10:00:00+00:00,13.0,235.2545623779297,219.0,218.0
2026-09-12 11:00:00+00:00,14.0,241.02447509765625,228.0,226.1666717529297
2026-09-12 12:00:00+00:00,15.0,262.8592834472656,252.0,222.75
2026-09-12 13:00:00+00:00,16.0,258.771484375,242.0,224.5
2026-09-12 14:00:00+00:00,17.0,249.7894744873047,234.0,224.75
2026-09-12 15:00:00+00:00,18.0,252.27084350585938,238.0,222.39999389648438
2026-09-12 16:00:00+00:00,19.0,256.835205078125,241.0,227.6666717529297
2026-09-12 17:00:00+00:00,20.0,252.9237518310547,243.0,232.39999389648438
2026-09-12 18:00:00+00:00,21.0,238.7423095703125,230.0,234.77777099609375
2026-09-12 19:00:00+00:00,22.0,245.8195343017578,236.0,233.1999969482422
2026-09-12 20:00:00+00:00,23.0,250.5530548095703,243.0,231.44444274902344
2026-09-12 21:00:00+00:00,24.0,245.96261596679688,238.0,234.7142791748047
2026-09-11 23:00:00+00:00,2.0,253.27639770507812,242.0,301.0
2026-09-12 00:00:00+00:00,3.0,198.61300659179688,187.0,301.0
2026-09-12 01:00:00+00:00,4.0,216.85157775878906,205.0,301.0
2026-09-12 02:00:00+00:00,5.0,218.70632934570312,208.0,301.0
2026-09-12 03:00:00+00:00,6.0,177.4850311279297,168.0,295.5
2026-09-12 04:00:00+00:00,7.0,201.08395385742188,186.0,243.5
2026-09-12 05:00:00+00:00,8.0,198.64149475097656,188.0,240.0
2026-09-12 06:00:00+00:00,9.0,203.33120727539062,192.0,234.0
2026-09-12 07:00:00+00:00,10.0,218.07522583007812,202.0,205.5
2026-09-12 08:00:00+00:00,11.0,239.7289276123047,223.0,206.6666717529297
2026-09-12 09:00:00+00:00,12.0,219.71409606933594,208.0,222.1666717529297
2026-09-12 10:00:00+00:00,13.0,230.9085693359375,219.0,218.0
2026-09-12 11:00:00+00:00,14.0,244.7689666748047,228.0,226.1666717529297
2026-09-12 12:00:00+00:00,15.0,265.41015625,252.0,222.75
2026-09-12 13:00:00+00:00,16.0,253.02540588378906,242.0,224.5
2026-09-12 14:00:00+00:00,17.0,250.85293579101562,234.0,224.75
2026-09-12 15:00:00+00:00,18.0,253.85072326660156,238.0,222.39999389648438
2026-09-12 16:00:00+00:00,19.0,255.790283203125,241.0,227.6666717529297
2026-09-12 17:00:00+00:00,20.0,259.2946472167969,243.0,232.39999389648438
2026-09-12 18:00:00+00:00,21.0,239.69432067871094,230.0,234.77777099609375
2026-09-12 19:00:00+00:00,22.0,244.38853454589844,236.0,233.1999969482422
2026-09-12 20:00:00+00:00,23.0,252.491455078125,243.0,231.44444274902344
2026-09-12 21:00:00+00:00,24.0,245.0541534423828,238.0,234.7142791748047
2026-09-12 22:00:00+00:00,25.0,253.4960174560547,246.0,237.0
2026-09-12 00:00:00+00:00,3.0,198.72523498535156,187.0,301.0
2026-09-12 01:00:00+00:00,4.0,217.29971313476562,205.0,301.0
2026-09-12 02:00:00+00:00,5.0,220.1623992919922,208.0,301.0
2026-09-12 03:00:00+00:00,6.0,179.1587371826172,168.0,295.5
2026-09-12 04:00:00+00:00,7.0,195.95555114746094,186.0,243.5
2026-09-12 05:00:00+00:00,8.0,203.44680786132812,188.0,240.0
2026-09-12 06:00:00+00:00,9.0,202.9075927734375,192.0,234.0
2026-09-12 07:00:00+00:00,10.0,213.59600830078125,202.0,205.5
2026-09-12 08:00:00+00:00,11.0,239.32064819335938,223.0,206.6666717529297
2026-09-12 09:00:00+00:00,12.0,225.035400390625,208.0,222.1666717529297
2026-09-12 10:00:00+00:00,13.0,230.78468322753906,219.0,218.0
2026-09-12 11:00:00+00:00,14.0,240.20059204101562,228.0,226.1666717529297
2026-09-12 12:00:00+00:00,15.0,268.9063720703125,252.0,222.75
2026-09-12 13:00:00+00:00,16.0,255.71861267089844,242.0,224.5
2026-09-12 14:00:00+00:00,17.0,245.31564331054688,234.0,224.75
2026-09-12 15:00:00+00:00,18.0,255.14576721191406,238.0,222.39999389648438
2026-09-12 16:00:00+00:00,19.0,257.0148010253906,241.0,227.6666717529297
2026-09-12 17:00:00+00:00,20.0,258.09454345703125,243.0,232.39999389648438
2026-09-12 18:00:00+00:00,21.0,246.58506774902344,230.0,234.77777099609375
2026-09-12 19:00:00+00:00,22.0,245.8089141845703,236.0,233.1999969482422
2026-09-12 20:00:00+00:00,23.0,251.56814575195312,243.0,231.44444274902344
2026-09-12 21:00:00+00:00,24.0,247.4199676513672,238.0,234.7142791748047
2026-09-12 22:00:00+00:00,25.0,253.17259216308594,246.0,237.0
2026-09-12 23:00:00+00:00,26.0,256.56390380859375,249.0,236.5
2026-09-12 01:00:00+00:00,4.0,217.13243103027344,205.0,301.0
2026-09-12 02:00:00+00:00,5.0,220.94432067871094,208.0,301.0
2026-09-12 03:00:00+00:00,6.0,180.38377380371094,168.0,295.5
2026-09-12 04:00:00+00:00,7.0,197.55723571777344,186.0,243.5
2026-09-12 05:00:00+00:00,8.0,198.322265625,188.0,240.0
2026-09-12 06:00:00+00:00,9.0,207.67288208007812,192.0,234.0
2026-09-12 07:00:00+00:00,10.0,213.08692932128906,202.0,205.5
2026-09-12 08:00:00+00:00,11.0,234.7457733154297,223.0,206.6666717529297
2026-09-12 09:00:00+00:00,12.0,224.3961639404297,208.0,222.1666717529297
2026-09-12 10:00:00+00:00,13.0,236.28167724609375,219.0,218.0
2026-09-12 11:00:00+00:00,14.0,239.69287109375,228.0,226.1666717529297
2026-09-12 12:00:00+00:00,15.0,264.3351135253906,252.0,222.75
2026-09-12 13:00:00+00:00,16.0,258.8429260253906,242.0,224.5
2026-09-12 14:00:00+00:00,17.0,248.0056610107422,234.0,224.75
2026-09-12 15:00:00+00:00,18.0,249.5535125732422,238.0,222.39999389648438
2026-09-12 16:00:00+00:00,19.0,258.22821044921875,241.0,227.6666717529297
2026-09-12 17:00:00+00:00,20.0,258.95989990234375,243.0,232.39999389648438
2026-09-12 18:00:00+00:00,21.0,245.28897094726562,230.0,234.77777099609375
2026-09-12 19:00:00+00:00,22.0,252.65065002441406,236.0,233.1999969482422
2026-09-12 20:00:00+00:00,23.0,252.86367797851562,243.0,231.44444274902344
2026-09-12 21:00:00+00:00,24.0,246.64242553710938,238.0,234.7142791748047
2026-09-12 22:00:00+00:00,25.0,255.1755828857422,246.0,237.0
2026-09-12 23:00:00+00:00,26.0,256.2333068847656,249.0,236.5
2026-09-13 00:00:00+00:00,27.0,262.57373046875,255.0,245.875
2026-09-12 02:00:00+00:00,5.0,220.08026123046875,208.0,301.0
2026-09-12 03:00:00+00:00,6.0,180.96917724609375,168.0,295.5
2026-09-12 04:00:00+00:00,7.0,198.1368865966797,186.0,243.5
2026-09-12 05:00:00+00:00,8.0,199.4601287841797,188.0,240.0
2026-09-12 06:00:00+00:00,9.0,202.24530029296875,192.0,234.0
2026-09-12 07:00:00+00:00,10.0,217.52828979492188,202.0,205.5
2026-09-12 08:00:00+00:00,11.0,233.8621826171875,223.0,206.6666717529297
2026-09-12 09:00:00+00:00,12.0,219.6937255859375,208.0,222.1666717529297
2026-09-12 10:00:00+00:00,13.0,235.169921875,219.0,218.0
2026-09-12 11:00:00+00:00,14.0,245.26544189453125,228.0,226.1666717529297
2026-09-12 12:00:00+00:00,15.0,263.5074157714844,252.0,222.75
2026-09-12 13:00:00+00:00,16.0,254.1643829345703,242.0,224.5
2026-09-12 14:00:00+00:00,17.0,250.50477600097656,234.0,224.75
2026-09-12 15:00:00+00:00,18.0,252.0972900390625,238.0,222.39999389648438
2026-09-12 16:00:00+00:00,19.0,252.59530639648438,241.0,227.6666717529297
2026-09-12 17:00:00+00:00,20.0,260.2541198730469,243.0,232.39999389648438
2026-09-12 18:00:00+00:00,21.0,245.942138671875,230.0,234.77777099609375
2026-09-12 19:00:00+00:00,22.0,251.16278076171875,236.0,233.1999969482422
2026-09-12 20:00:00+00:00,23.0,259.4874267578125,243.0,231.44444274902344
2026-09-12 21:00:00+00:00,24.0,247.95501708984375,238.0,234.7142791748047
2026-09-12 22:00:00+00:00,25.0,254.87109375,246.0,237.0
2026-09-12 23:00:00+00:00,26.0,258.1871643066406,249.0,236.5
2026-09-13 00:00:00+00:00,27.0,262.5265808105469,255.0,245.875
2026-09-13 01:00:00+00:00,28.0,260.7763366699219,253.0,242.42857360839844
2026-09-12 03:00:00+00:00,6.0,179.94227600097656,168.0,295.5
2026-09-12 04:00:00+00:00,7.0,198.8278045654297,186.0,243.5
2026-09-12 05:00:00+00:00,8.0,199.76422119140625,188.0,240.0
2026-09-12 06:00:00+00:00,9.0,203.15252685546875,192.0,234.0
2026-09-12 07:00:00+00:00,10.0,212.03939819335938,202.0,205.5
2026-09-12 08:00:00+00:00,11.0,238.34915161132812,223.0,206.6666717529297
2026-09-12 09:00:00+00:00,12.0,218.6338653564453,208.0,222.1666717529297
2026-09-12 10:00:00+00:00,13.0,230.61756896972656,219.0,218.0
2026-09-12 11:00:00+00:00,14.0,243.86903381347656,228.0,226.1666717529297
2026-09-12 12:00:00+00:00,15.0,269.1932373046875,252.0,222.75
2026-09-12 13:00:00+00:00,16.0,253.2942657470703,242.0,224.5
2026-09-12 14:00:00+00:00,17.0,245.9498748779297,234.0,224.75
2026-09-12 15:00:00+00:00,18.0,254.19126892089844,238.0,222.39999389648438
2026-09-12 16:00:00+00:00,19.0,255.08712768554688,241.0,227.6666717529297
2026-09-12 17:00:00+00:00,20.0,254.6025848388672,243.0,232.39999389648438
2026-09-12 18:00:00+00:00,21.0,247.2952117919922,230.0,234.77777099609375
2026-09-12 19:00:00+00:00,22.0,251.94625854492188,236.0,233.1999969482422
2026-09-12 20:00:00+00:00,23.0,257.9980773925781,243.0,231.44444274902344
2026-09-12 21:00:00+00:00,24.0,254.2706298828125,238.0,234.7142791748047
2026-09-12 22:00:00+00:00,25.0,256.13287353515625,246.0,237.0
2026-09-12 23:00:00+00:00,26.0,258.15838623046875,249.0,236.5
2026-09-13 00:00:00+00:00,27.0,264.3006896972656,255.0,245.875
2026-09-13 01:00:00+00:00,28.0,260.8747253417969,253.0,242.42857360839844
2026-09-13 02:00:00+00:00,29.0,287.0268859863281,279.0,242.125
2026-09-12 04:00:00+00:00,7.0,197.9420623779297,186.0,243.5
2026-09-12 05:00:00+00:00,8.0,200.8154754638672,188.0,240.0
2026-09-12 06:00:00+00:00,9.0,203.550537109375,192.0,234.0
2026-09-12 07:00:00+00:00,10.0,212.9805908203125,202.0,205.5
2026-09-12 08:00:00+00:00,11.0,232.8870391845703,223.0,206.6666717529297
2026-09-12 09:00:00+00:00,12.0,223.18678283691406,208.0,222.1666717529297
2026-09-12 10:00:00+00:00,13.0,229.51536560058594,219.0,218.0
2026-09-12 11:00:00+00:00,14.0,239.5252685546875,228.0,226.1666717529297
2026-09-12 12:00:00+00:00,15.0,267.6089172363281,252.0,222.75
2026-09-12 13:00:00+00:00,16.0,259.0567932128906,242.0,224.5
2026-09-12 14:00:00+00:00,17.0,245.1072540283203,234.0,224.75
2026-09-12 15:00:00+00:00,18.0,249.6946563720703,238.0,222.39999389648438
2026-09-12 16:00:00+00:00,19.0,256.9011535644531,241.0,227.6666717529297
2026-09-12 17:00:00+00:00,20.0,257.098388671875,243.0,232.39999389648438
2026-09-12 18:00:00+00:00,21.0,241.5293731689453,230.0,234.77777099609375
2026-09-12 19:00:00+00:00,22.0,253.1517333984375,236.0,233.1999969482422
2026-09-12 20:00:00+00:00,23.0,258.7572937011719,243.0,231.44444274902344
2026-09-12 21:00:00+00:00,24.0,252.88087463378906,238.0,234.7142791748047
2026-09-12 22:00:00+00:00,25.0,262.0606384277344,246.0,237.0
2026-09-12 23:00:00+00:00,26.0,259.2244873046875,249.0,236.5
2026-09-13 00:00:00+00:00,27.0,264.1871337890625,255.0,245.875
2026-09-13 01:00:00+00:00,28.0,262.1808776855469,253.0,242.42857360839844
2026-09-13 02:00:00+00:00,29.0,286.9181213378906,279.0,242.125
2026-09-13 03:00:00+00:00,30.0,289.03948974609375,281.0,250.5
2026-09-12 05:00:00+00:00,8.0,199.63966369628906,188.0,240.0
2026-09-12 06:00:00+00:00,9.0,204.28082275390625,192.0,234.0
2026-09-12 07:00:00+00:00,10.0,212.84727478027344,202.0,205.5
2026-09-12 08:00:00+00:00,11.0,233.33311462402344,223.0,206.6666717529297
2026-09-12 09:00:00+00:00,12.0,217.2825164794922,208.0,222.1666717529297
2026-09-12 10:00:00+00:00,13.0,233.81202697753906,219.0,218.0
2026-09-12 11:00:00+00:00,14.0,238.06906127929688,228.0,226.1666717529297
2026-09-12 12:00:00+00:00,15.0,263.1719970703125,252.0,222.75
2026-09-12 13:00:00+00:00,16.0,257.1002197265625,242.0,224.5
2026-09-12 14:00:00+00:00,17.0,250.68423461914062,234.0,224.75
2026-09-12 15:00:00+00:00,18.0,248.82015991210938,238.0,222.39999389648438
2026-09-12 16:00:00+00:00,19.0,252.1680908203125,241.0,227.6666717529297
2026-09-12 17:00:00+00:00,20.0,258.40753173828125,243.0,232.39999389648438
2026-09-12 18:00:00+00:00,21.0,243.84788513183594,230.0,234.77777099609375
2026-09-12 19:00:00+00:00,22.0,247.3350372314453,236.0,233.1999969482422
2026-09-12 20:00:00+00:00,23.0,260.0130310058594,243.0,231.44444274902344
2026-09-12 21:00:00+00:00,24.0,253.54727172851562,238.0,234.7142791748047
2026-09-12 22:00:00+00:00,25.0,260.5269470214844,246.0,237.0
2026-09-12 23:00:00+00:00,26.0,264.7073669433594,249.0,236.5
2026-09-13 00:00:00+00:00,27.0,265.40863037109375,255.0,245.875
2026-09-13 01:00:00+00:00,28.0,262.3753967285156,253.0,242.42857360839844
2026-09-13 02:00:00+00:00,29.0,288.257568359375,279.0,242.125
2026-09-13 03:00:00+00:00,30.0,289.1174621582031,281.0,250.5
2026-09-13 04:00:00+00:00,31.0,289.23577880859375,281.0,255.0
2026-09-12 06:00:00+00:00,9.0,203.386474609375,192.0,234.0
2026-09-12 07:00:00+00:00,10.0,213.68731689453125,202.0,205.5
2026-09-12 08:00:00+00:00,11.0,233.09744262695312,223.0,206.6666717529297
2026-09-12 09:00:00+00:00,12.0,217.63418579101562,208.0,222.1666717529297
2026-09-12 10:00:00+00:00,13.0,227.5973663330078,219.0,218.0
2026-09-12 11:00:00+00:00,14.0,242.45936584472656,228.0,226.1666717529297
2026-09-12 12:00:00+00:00,15.0,261.6587829589844,252.0,222.75
2026-09-12 13:00:00+00:00,16.0,252.8361358642578,242.0,224.5
2026-09-12 14:00:00+00:00,17.0,248.66403198242188,234.0,224.75
2026-09-12 15:00:00+00:00,18.0,254.33090209960938,238.0,222.39999389648438
2026-09-12 16:00:00+00:00,19.0,251.5450439453125,241.0,227.6666717529297
2026-09-12 17:00:00+00:00,20.0,253.65554809570312,243.0,232.39999389648438
2026-09-12 18:00:00+00:00,21.0,244.97305297851562,230.0,234.77777099609375
2026-09-12 19:00:00+00:00,22.0,249.60855102539062,236.0,233.1999969482422
2026-09-12 20:00:00+00:00,23.0,254.1509552001953,243.0,231.44444274902344
2026-09-12 21:00:00+00:00,24.0,254.9469451904297,238.0,234.7142791748047
2026-09-12 22:00:00+00:00,25.0,261.404052734375,246.0,237.0
2026-09-12 23:00:00+00:00,26.0,263.19256591796875,249.0,236.5
2026-09-13 00:00:00+00:00,27.0,270.3899230957031,255.0,245.875
2026-09-13 01:00:00+00:00,28.0,263.6812438964844,253.0,242.42857360839844
2026-09-13 02:00:00+00:00,29.0,288.6271057128906,279.0,242.125
2026-09-13 03:00:00+00:00,30.0,290.39959716796875,281.0,250.5
2026-09-13 04:00:00+00:00,31.0,289.3714904785156,281.0,255.0
2026-09-13 05:00:00+00:00,32.0,291.5158386230469,283.0,262.6666564941406
2026-09-12 07:00:00+00:00,1.0,201.8361358642578,191.0,205.5
2026-09-12 08:00:00+00:00,2.0,215.1537628173828,205.0,206.6666717529297
2026-09-12 09:00:00+00:00,3.0,219.55259704589844,211.0,222.1666717529297
2026-09-12 10:00:00+00:00,4.0,237.2292022705078,229.0,218.0
2026-09-12 11:00:00+00:00,5.0,247.98403930664062,241.0,226.1666717529297
2026-09-12 12:00:00+00:00,6.0,263.6148376464844,250.0,222.75
2026-09-12 13:00:00+00:00,7.0,249.7864990234375,241.0,224.5
2026-09-12 14:00:00+00:00,8.0,243.95416259765625,234.0,224.75
2026-09-12 15:00:00+00:00,9.0,249.91575622558594,236.0,222.39999389648438
2026-09-12 16:00:00+00:00,10.0,254.53179931640625,239.0,227.6666717529297
2026-09-12 17:00:00+00:00,11.0,254.00726318359375,244.0,232.39999389648438
2026-09-12 18:00:00+00:00,12.0,253.4825439453125,244.0,234.77777099609375
2026-09-12 19:00:00+00:00,13.0,249.07167053222656,235.0,233.1999969482422
2026-09-12 20:00:00+00:00,14.0,257.0211486816406,244.0,231.44444274902344
2026-09-12 21:00:00+00:00,15.0,248.5904083251953,238.0,234.7142791748047
2026-09-12 22:00:00+00:00,16.0,250.58294677734375,234.0,237.0
2026-09-12 23:00:00+00:00,17.0,259.9300842285156,245.0,236.5
2026-09-13 00:00:00+00:00,18.0,265.41668701171875,252.0,245.875
2026-09-13 01:00:00+00:00,19.0,265.7236022949219,251.0,242.42857360839844
2026-09-13 02:00:00+00:00,20.0,267.076904296875,256.0,242.125
2026-09-13 03:00:00+00:00,21.0,279.8600769042969,270.0,250.5
2026-09-13 04:00:00+00:00,22.0,280.5822448730469,271.0,255.0
2026-09-13 05:00:00+00:00,23.0,287.5995788574219,279.0,262.6666564941406
2026-09-13 06:00:00+00:00,24.0,290.97430419921875,282.0,263.5
2026-09-12 08:00:00+00:00,1.0,203.87086486816406,193.0,206.6666717529297
2026-09-12 09:00:00+00:00,2.0,215.92965698242188,206.0,222.1666717529297
2026-09-12 10:00:00+00:00,3.0,229.3408966064453,221.0,218.0
2026-09-12 11:00:00+00:00,4.0,251.07766723632812,243.0,226.1666717529297
2026-09-12 12:00:00+00:00,5.0,252.68212890625,246.0,222.75
2026-09-12 13:00:00+00:00,6.0,253.45204162597656,240.0,224.5
2026-09-12 14:00:00+00:00,7.0,248.6699676513672,240.0,224.75
2026-09-12 15:00:00+00:00,8.0,245.83738708496094,236.0,222.39999389648438
2026-09-12 16:00:00+00:00,9.0,251.86814880371094,238.0,227.6666717529297
2026-09-12 17:00:00+00:00,10.0,254.34686279296875,239.0,232.39999389648438
2026-09-12 18:00:00+00:00,11.0,247.92849731445312,238.0,234.77777099609375
2026-09-12 19:00:00+00:00,12.0,246.26185607910156,237.0,233.1999969482422
2026-09-12 20:00:00+00:00,13.0,254.8675079345703,241.0,231.44444274902344
2026-09-12 21:00:00+00:00,14.0,260.01763916015625,247.0,234.7142791748047
2026-09-12 22:00:00+00:00,15.0,251.41580200195312,241.0,237.0
2026-09-12 23:00:00+00:00,16.0,258.459228515625,242.0,236.5
2026-09-13 00:00:00+00:00,17.0,266.81756591796875,252.0,245.875
2026-09-13 01:00:00+00:00,18.0,260.29681396484375,247.0,242.42857360839844
2026-09-13 02:00:00+00:00,19.0,266.63702392578125,252.0,242.125
2026-09-13 03:00:00+00:00,20.0,274.1490478515625,263.0,250.5
2026-09-13 04:00:00+00:00,21.0,281.8356628417969,272.0,255.0
2026-09-13 05:00:00+00:00,22.0,292.5153503417969,283.0,262.6666564941406
2026-09-13 06:00:00+00:00,23.0,289.5565490722656,281.0,263.5
2026-09-13 07:00:00+00:00,24.0,292.0230407714844,283.0,264.0
2026-09-12 09:00:00+00:00,1.0,227.4569549560547,217.0,222.1666717529297
2026-09-12 10:00:00+00:00,2.0,219.83082580566406,211.0,218.0
2026-09-12 11:00:00+00:00,3.0,260.30108642578125,253.0,226.1666717529297
2026-09-12 12:00:00+00:00,4.0,252.0559844970703,245.0,222.75
2026-09-12 13:00:00+00:00,5.0,244.62721252441406,239.0,224.5
2026-09-12 14:00:00+00:00,6.0,246.99562072753906,234.0,224.75
2026-09-12 15:00:00+00:00,7.0,243.16297912597656,235.0,222.39999389648438
2026-09-12 16:00:00+00:00,8.0,245.30848693847656,236.0,227.6666717529297
2026-09-12 17:00:00+00:00,9.0,251.43263244628906,238.0,232.39999389648438
2026-09-12 18:00:00+00:00,10.0,247.9350128173828,233.0,234.77777099609375
2026-09-12 19:00:00+00:00,11.0,242.6083526611328,233.0,233.1999969482422
2026-09-12 20:00:00+00:00,12.0,252.60177612304688,244.0,231.44444274902344
2026-09-12 21:00:00+00:00,13.0,257.4378967285156,244.0,234.7142791748047
2026-09-12 22:00:00+00:00,14.0,253.56825256347656,241.0,237.0
2026-09-12 23:00:00+00:00,15.0,256.1613464355469,246.0,236.5
2026-09-13 00:00:00+00:00,16.0,261.4053039550781,245.0,245.875
2026-09-13 01:00:00+00:00,17.0,260.684326171875,246.0,242.42857360839844
2026-09-13 02:00:00+00:00,18.0,260.8511657714844,248.0,242.125
2026-09-13 03:00:00+00:00,19.0,273.25323486328125,259.0,250.5
2026-09-13 04:00:00+00:00,20.0,281.5043640136719,270.0,255.0
2026-09-13 05:00:00+00:00,21.0,287.12060546875,277.0,262.6666564941406
2026-09-13 06:00:00+00:00,22.0,291.8422546386719,282.0,263.5
2026-09-13 07:00:00+00:00,23.0,297.9287414550781,289.0,264.0
2026-09-13 08:00:00+00:00,24.0,306.4621887207031,297.0,264.0
2026-09-12 10:00:00+00:00,1.0,237.7445831298828,228.0,218.0
2026-09-12 11:00:00+00:00,2.0,235.60533142089844,228.0,226.1666717529297
2026-09-12 12:00:00+00:00,3.0,250.24050903320312,244.0,222.75
2026-09-12 13:00:00+00:00,4.0,245.853271484375,240.0,224.5
2026-09-12 14:00:00+00:00,5.0,236.42140197753906,232.0,224.75
2026-09-12 15:00:00+00:00,6.0,244.40594482421875,232.0,222.39999389648438
2026-09-12 16:00:00+00:00,7.0,240.47509765625,233.0,227.6666717529297
2026-09-12 17:00:00+00:00,8.0,257.5386962890625,249.0,232.39999389648438
2026-09-12 18:00:00+00:00,9.0,244.80841064453125,232.0,234.77777099609375
2026-09-12 19:00:00+00:00,10.0,249.39556884765625,235.0,233.1999969482422
2026-09-12 20:00:00+00:00,11.0,247.19921875,238.0,231.44444274902344
2026-09-12 21:00:00+00:00,12.0,242.87278747558594,235.0,234.7142791748047
2026-09-12 22:00:00+00:00,13.0,253.80235290527344,241.0,237.0
2026-09-12 23:00:00+00:00,14.0,258.8792419433594,247.0,236.5
2026-09-13 00:00:00+00:00,15.0,252.8140869140625,243.0,245.875
2026-09-13 01:00:00+00:00,16.0,273.1852111816406,257.0,242.42857360839844
2026-09-13 02:00:00+00:00,17.0,269.40216064453125,255.0,242.125
2026-09-13 03:00:00+00:00,18.0,272.14373779296875,260.0,250.5
2026-09-13 04:00:00+00:00,19.0,285.74102783203125,272.0,255.0
2026-09-13 05:00:00+00:00,20.0,285.6401672363281,274.0,262.6666564941406
2026-09-13 06:00:00+00:00,21.0,278.2919921875,268.0,263.5
2026-09-13 07:00:00+00:00,22.0,285.0430603027344,275.0,264.0
2026-09-13 08:00:00+00:00,23.0,297.0824279785156,288.0,264.0
2026-09-13 09:00:00+00:00,24.0,323.6985778808594,314.0,264.0
2026-09-12 11:00:00+00:00,1.0,237.30178833007812,228.0,226.1666717529297
2026-09-12 12:00:00+00:00,2.0,245.96189880371094,239.0,222.75
2026-09-12 13:00:00+00:00,3.0,246.69793701171875,241.0,224.5
2026-09-12 14:00:00+00:00,4.0,241.16619873046875,236.0,224.75
2026-09-12 15:00:00+00:00,5.0,239.7475128173828,236.0,222.39999389648438
2026-09-12 16:00:00+00:00,6.0,246.13604736328125,234.0,227.6666717529297
2026-09-12 17:00:00+00:00,7.0,243.1277313232422,236.0,232.39999389648438
2026-09-12 18:00:00+00:00,8.0,246.12063598632812,238.0,234.77777099609375
2026-09-12 19:00:00+00:00,9.0,249.40187072753906,237.0,233.1999969482422
2026-09-12 20:00:00+00:00,10.0,255.05453491210938,241.0,231.44444274902344
2026-09-12 21:00:00+00:00,11.0,248.99649047851562,240.0,234.7142791748047
2026-09-12 22:00:00+00:00,12.0,245.58253479003906,238.0,237.0
2026-09-12 23:00:00+00:00,13.0,252.41146850585938,240.0,236.5
2026-09-13 00:00:00+00:00,14.0,255.44625854492188,244.0,245.875
2026-09-13 01:00:00+00:00,15.0,261.65020751953125,252.0,242.42857360839844
2026-09-13 02:00:00+00:00,16.0,285.1277770996094,269.0,242.125
2026-09-13 03:00:00+00:00,17.0,287.3200378417969,273.0,250.5
2026-09-13 04:00:00+00:00,18.0,298.676513671875,287.0,255.0
2026-09-13 05:00:00+00:00,19.0,300.51214599609375,287.0,262.6666564941406
2026-09-13 06:00:00+00:00,20.0,299.7093200683594,288.0,263.5
2026-09-13 07:00:00+00:00,21.0,296.44451904296875,286.0,264.0
2026-09-13 08:00:00+00:00,22.0,317.13641357421875,307.0,264.0
2026-09-13 09:00:00+00:00,23.0,323.1695251464844,314.0,264.0
2026-09-13 10:00:00+00:00,24.0,304.791015625,295.0,264.0
2026-09-12 12:00:00+00:00,1.0,250.4495086669922,242.0,222.75
2026-09-12 13:00:00+00:00,2.0,242.75759887695312,237.0,224.5
2026-09-12 14:00:00+00:00,3.0,237.7366180419922,233.0,224.75
2026-09-12 15:00:00+00:00,4.0,239.0382843017578,235.0,222.39999389648438
2026-09-12 16:00:00+00:00,5.0,241.54234313964844,239.0,227.6666717529297
2026-09-12 17:00:00+00:00,6.0,253.43740844726562,242.0,232.39999389648438
2026-09-12 18:00:00+00:00,7.0,237.4243927001953,231.0,234.77777099609375
2026-09-12 19:00:00+00:00,8.0,245.1883087158203,238.0,233.1999969482422
2026-09-12 20:00:00+00:00,9.0,252.50660705566406,241.0,231.44444274902344
2026-09-12 21:00:00+00:00,10.0,252.2790069580078,239.0,234.7142791748047
2026-09-12 22:00:00+00:00,11.0,246.49508666992188,238.0,237.0
2026-09-12 23:00:00+00:00,12.0,245.8924102783203,239.0,236.5
2026-09-13 00:00:00+00:00,13.0,253.52955627441406,242.0,245.875
2026-09-13 01:00:00+00:00,14.0,261.5682678222656,251.0,242.42857360839844
2026-09-13 02:00:00+00:00,15.0,259.14495849609375,250.0,242.125
2026-09-13 03:00:00+00:00,16.0,277.556884765625,262.0,250.5
2026-09-13 04:00:00+00:00,17.0,283.8019714355469,270.0,255.0
2026-09-13 05:00:00+00:00,18.0,285.62335205078125,275.0,262.6666564941406
2026-09-13 06:00:00+00:00,19.0,288.87799072265625,276.0,263.5
2026-09-13 07:00:00+00:00,20.0,297.5575256347656,286.0,264.0
2026-09-13 08:00:00+00:00,21.0,312.366943359375,302.0,264.0
2026-09-13 09:00:00+00:00,22.0,323.96026611328125,314.0,264.0
2026-09-13 10:00:00+00:00,23.0,308.96197509765625,300.0,264.0
2026-09-13 11:00:00+00:00,24.0,298.6730041503906,289.0,258.1111145019531
2026-09-12 13:00:00+00:00,1.0,246.45156860351562,239.0,224.5
2026-09-12 14:00:00+00:00,2.0,237.51022338867188,233.0,224.75
2026-09-12 15:00:00+00:00,3.0,237.80625915527344,234.0,222.39999389648438
2026-09-12 16:00:00+00:00,4.0,239.9818115234375,237.0,227.6666717529297
2026-09-12 17:00:00+00:00,5.0,245.29515075683594,244.0,232.39999389648438
2026-09-12 18:00:00+00:00,6.0,242.49671936035156,232.0,234.77777099609375
2026-09-12 19:00:00+00:00,7.0,239.54872131347656,234.0,233.1999969482422
2026-09-12 20:00:00+00:00,8.0,241.18109130859375,235.0,231.44444274902344
2026-09-12 21:00:00+00:00,9.0,252.48867797851562,242.0,234.7142791748047
2026-09-12 22:00:00+00:00,10.0,253.23313903808594,241.0,237.0
2026-09-12 23:00:00+00:00,11.0,256.8357238769531,249.0,236.5
2026-09-13 00:00:00+00:00,12.0,252.07884216308594,246.0,245.875
2026-09-13 01:00:00+00:00,13.0,264.4741516113281,254.0,242.42857360839844
2026-09-13 02:00:00+00:00,14.0,266.6246643066406,257.0,242.125
2026-09-13 03:00:00+00:00,15.0,275.400634765625,267.0,250.5
2026-09-13 04:00:00+00:00,16.0,281.5161437988281,267.0,255.0
2026-09-13 05:00:00+00:00,17.0,278.9447021484375,266.0,262.6666564941406
2026-09-13 06:00:00+00:00,18.0,274.3664245605469,265.0,263.5
2026-09-13 07:00:00+00:00,19.0,291.96270751953125,280.0,264.0
2026-09-13 08:00:00+00:00,20.0,299.0971374511719,288.0,264.0
2026-09-13 09:00:00+00:00,21.0,343.9476013183594,334.0,264.0
2026-09-13 10:00:00+00:00,22.0,336.47747802734375,327.0,264.0
2026-09-13 11:00:00+00:00,23.0,305.45489501953125,297.0,258.1111145019531
2026-09-13 12:00:00+00:00,24.0,303.34625244140625,294.0,245.6666717529297
2026-09-12 14:00:00+00:00,1.0,238.9424285888672,232.0,224.75
2026-09-12 15:00:00+00:00,2.0,239.0292510986328,235.0,222.39999389648438
2026-09-12 16:00:00+00:00,3.0,240.4375,237.0,227.6666717529297
2026-09-12 17:00:00+00:00,4.0,237.5365447998047,235.0,232.39999389648438
2026-09-12 18:00:00+00:00,5.0,234.81436157226562,234.0,234.77777099609375
2026-09-12 19:00:00+00:00,6.0,247.116943359375,237.0,233.1999969482422
2026-09-12 20:00:00+00:00,7.0,243.1585693359375,238.0,231.44444274902344
2026-09-12 21:00:00+00:00,8.0,248.85682678222656,243.0,234.7142791748047
2026-09-12 22:00:00+00:00,9.0,246.05621337890625,236.0,237.0
2026-09-12 23:00:00+00:00,10.0,261.737548828125,250.0,236.5
2026-09-13 00:00:00+00:00,11.0,253.51666259765625,246.0,245.875
2026-09-13 01:00:00+00:00,12.0,257.82135009765625,252.0,242.42857360839844
2026-09-13 02:00:00+00:00,13.0,282.0954284667969,272.0,242.125
2026-09-13 03:00:00+00:00,14.0,289.2374572753906,280.0,250.5
2026-09-13 04:00:00+00:00,15.0,291.10113525390625,283.0,255.0
2026-09-13 05:00:00+00:00,16.0,295.0287780761719,281.0,262.6666564941406
2026-09-13 06:00:00+00:00,17.0,290.56109619140625,278.0,263.5
2026-09-13 07:00:00+00:00,18.0,294.8232421875,286.0,264.0
2026-09-13 08:00:00+00:00,19.0,320.4888610839844,309.0,264.0
2026-09-13 09:00:00+00:00,20.0,311.8681335449219,301.0,264.0
2026-09-13 10:00:00+00:00,21.0,301.7630615234375,292.0,264.0
2026-09-13 11:00:00+00:00,22.0,315.3013610839844,306.0,258.1111145019531
2026-09-13 12:00:00+00:00,23.0,309.2732849121094,301.0,245.6666717529297
2026-09-13 13:00:00+00:00,24.0,303.2286682128906,294.0,242.14285278320312
2026-09-12 15:00:00+00:00,1.0,240.18467712402344,234.0,222.39999389648438
2026-09-12 16:00:00+00:00,2.0,241.30877685546875,238.0,227.6666717529297
2026-09-12 17:00:00+00:00,3.0,242.92984008789062,240.0,232.39999389648438
2026-09-12 18:00:00+00:00,4.0,240.89450073242188,239.0,234.77777099609375
2026-09-12 19:00:00+00:00,5.0,242.15060424804688,242.0,233.1999969482422
2026-09-12 20:00:00+00:00,6.0,245.5041961669922,236.0,231.44444274902344
2026-09-12 21:00:00+00:00,7.0,236.58065795898438,232.0,234.7142791748047
2026-09-12 22:00:00+00:00,8.0,240.3441162109375,235.0,237.0
2026-09-12 23:00:00+00:00,9.0,250.3807830810547,241.0,236.5
2026-09-13 00:00:00+00:00,10.0,258.0072021484375,247.0,245.875
2026-09-13 01:00:00+00:00,11.0,261.9701232910156,255.0,242.42857360839844
2026-09-13 02:00:00+00:00,12.0,269.42694091796875,264.0,242.125
2026-09-13 03:00:00+00:00,13.0,278.46942138671875,269.0,250.5
2026-09-13 04:00:00+00:00,14.0,289.6387634277344,281.0,255.0
2026-09-13 05:00:00+00:00,15.0,286.5786437988281,279.0,262.6666564941406
2026-09-13 06:00:00+00:00,16.0,297.15582275390625,284.0,263.5
2026-09-13 07:00:00+00:00,17.0,296.9004211425781,285.0,264.0
2026-09-13 08:00:00+00:00,18.0,317.9748840332031,310.0,264.0
2026-09-13 09:00:00+00:00,19.0,323.7070007324219,313.0,264.0
2026-09-13 10:00:00+00:00,20.0,292.430419921875,282.0,264.0
2026-09-13 11:00:00+00:00,21.0,290.4178161621094,281.0,258.1111145019531
2026-09-13 12:00:00+00:00,22.0,292.9296569824219,284.0,245.6666717529297
2026-09-13 13:00:00+00:00,23.0,295.89556884765625,288.0,242.14285278320312
2026-09-13 14:00:00+00:00,24.0,285.9525146484375,277.0,243.0
2026-09-12 16:00:00+00:00,1.0,240.32998657226562,235.0,227.6666717529297
2026-09-12 17:00:00+00:00,2.0,240.50106811523438,238.0,232.39999389648438
2026-09-12 18:00:00+00:00,3.0,233.3632049560547,231.0,234.77777099609375
2026-09-12 19:00:00+00:00,4.0,238.17819213867188,237.0,233.1999969482422
2026-09-12 20:00:00+00:00,5.0,237.423095703125,238.0,231.44444274902344
2026-09-12 21:00:00+00:00,6.0,251.8047332763672,243.0,234.7142791748047
2026-09-12 22:00:00+00:00,7.0,241.9112548828125,238.0,237.0
2026-09-12 23:00:00+00:00,8.0,248.76480102539062,244.0,236.5
2026-09-13 00:00:00+00:00,9.0,258.6084289550781,250.0,245.875
2026-09-13 01:00:00+00:00,10.0,263.17431640625,253.0,242.42857360839844
2026-09-13 02:00:00+00:00,11.0,264.3051452636719,258.0,242.125
2026-09-13 03:00:00+00:00,12.0,276.004638671875,271.0,250.5
2026-09-13 04:00:00+00:00,13.0,295.71124267578125,287.0,255.0
2026-09-13 05:00:00+00:00,14.0,288.9373779296875,281.0,262.6666564941406
2026-09-13 06:00:00+00:00,15.0,293.93109130859375,287.0,263.5
2026-09-13 07:00:00+00:00,16.0,298.11859130859375,286.0,264.0
2026-09-13 08:00:00+00:00,17.0,301.1183776855469,290.0,264.0
2026-09-13 09:00:00+00:00,18.0,310.99652099609375,304.0,264.0
2026-09-13 10:00:00+00:00,19.0,295.77569580078125,286.0,264.0
2026-09-13 11:00:00+00:00,20.0,286.8599548339844,277.0,258.1111145019531
2026-09-13 12:00:00+00:00,21.0,302.0141296386719,293.0,245.6666717529297
2026-09-13 13:00:00+00:00,22.0,305.4532775878906,297.0,242.14285278320312
2026-09-13 14:00:00+00:00,23.0,301.438232421875,294.0,243.0
2026-09-13 15:00:00+00:00,24.0,304.6077575683594,296.0,243.7142791748047
2026-09-12 17:00:00+00:00,1.0,241.86849975585938,238.0,232.39999389648438
2026-09-12 18:00:00+00:00,2.0,239.11952209472656,238.0,234.77777099609375
2026-09-12 19:00:00+00:00,3.0,243.43714904785156,242.0,233.1999969482422
2026-09-12 20:00:00+00:00,4.0,238.94253540039062,239.0,231.44444274902344
2026-09-12 21:00:00+00:00,5.0,238.21595764160156,240.0,234.7142791748047
2026-09-12 22:00:00+00:00,6.0,250.5263671875,243.0,237.0
2026-09-12 23:00:00+00:00,7.0,243.68783569335938,241.0,236.5
2026-09-13 00:00:00+00:00,8.0,252.66651916503906,249.0,245.875
2026-09-13 01:00:00+00:00,9.0,268.2261962890625,261.0,242.42857360839844
2026-09-13 02:00:00+00:00,10.0,271.6142578125,263.0,242.125
2026-09-13 03:00:00+00:00,11.0,288.12213134765625,283.0,250.5
2026-09-13 04:00:00+00:00,12.0,293.2531433105469,289.0,255.0
2026-09-13 05:00:00+00:00,13.0,286.3430480957031,279.0,262.6666564941406
2026-09-13 06:00:00+00:00,14.0,286.5702819824219,280.0,263.5
2026-09-13 07:00:00+00:00,15.0,284.7108459472656,279.0,264.0
2026-09-13 08:00:00+00:00,16.0,285.2756652832031,275.0,264.0
2026-09-13 09:00:00+00:00,17.0,322.7443542480469,313.0,264.0
2026-09-13 10:00:00+00:00,18.0,1.296234130859375,356.0,264.0
2026-09-13 11:00:00+00:00,19.0,309.0960693359375,301.0,258.1111145019531
2026-09-13 12:00:00+00:00,20.0,342.6837158203125,334.0,245.6666717529297
2026-09-13 13:00:00+00:00,21.0,340.1943054199219,332.0,242.14285278320312
2026-09-13 14:00:00+00:00,22.0,323.5284729003906,316.0,243.0
2026-09-13 15:00:00+00:00,23.0,315.53143310546875,309.0,243.7142791748047
2026-09-13 16:00:00+00:00,24.0,316.89398193359375,309.0,281.375
2026-09-12 18:00:00+00:00,1.0,246.451416015625,244.0,234.77777099609375
2026-09-12 19:00:00+00:00,2.0,239.7672576904297,240.0,233.1999969482422
2026-09-12 20:00:00+00:00,3.0,247.5677947998047,247.0,231.44444274902344
2026-09-12 21:00:00+00:00,4.0,232.7738037109375,234.0,234.7142791748047
2026-09-12 22:00:00+00:00,5.0,225.05499267578125,228.0,237.0
2026-09-12 23:00:00+00:00,6.0,239.2357940673828,233.0,236.5
2026-09-13 00:00:00+00:00,7.0,252.4510040283203,251.0,245.875
2026-09-13 01:00:00+00:00,8.0,253.51922607421875,251.0,242.42857360839844
2026-09-13 02:00:00+00:00,9.0,257.8291320800781,252.0,242.125
2026-09-13 03:00:00+00:00,10.0,275.9859924316406,269.0,250.5
2026-09-13 04:00:00+00:00,11.0,283.9837646484375,280.0,255.0
2026-09-13 05:00:00+00:00,12.0,283.50091552734375,280.0,262.6666564941406
2026-09-13 06:00:00+00:00,13.0,283.9561767578125,278.0,263.5
2026-09-13 07:00:00+00:00,14.0,276.1064147949219,271.0,264.0
2026-09-13 08:00:00+00:00,15.0,299.4287109375,295.0,264.0
2026-09-13 09:00:00+00:00,16.0,303.4472351074219,295.0,264.0
2026-09-13 10:00:00+00:00,17.0,306.3763122558594,298.0,264.0
2026-09-13 11:00:00+00:00,18.0,324.654541015625,321.0,258.1111145019531
2026-09-13 12:00:00+00:00,19.0,339.41400146484375,333.0,245.6666717529297
2026-09-13 13:00:00+00:00,20.0,315.38446044921875,308.0,242.14285278320312
2026-09-13 14:00:00+00:00,21.0,301.26898193359375,294.0,243.0
2026-09-13 15:00:00+00:00,22.0,303.5406494140625,297.0,243.7142791748047
2026-09-13 16:00:00+00:00,23.0,296.5455627441406,291.0,281.375
2026-09-13 17:00:00+00:00,24.0,290.1137390136719,283.0,291.28570556640625
2026-09-12 19:00:00+00:00,1.0,238.47772216796875,237.0,233.1999969482422
2026-09-12 20:00:00+00:00,2.0,239.83218383789062,241.0,231.44444274902344
2026-09-12 21:00:00+00:00,3.0,246.90402221679688,247.0,234.7142791748047
2026-09-12 22:00:00+00:00,4.0,238.95111083984375,241.0,237.0
2026-09-12 23:00:00+00:00,5.0,235.32545471191406,239.0,236.5
2026-09-13 00:00:00+00:00,6.0,260.4293518066406,255.0,245.875
2026-09-13 01:00:00+00:00,7.0,253.6078643798828,253.0,242.42857360839844
2026-09-13 02:00:00+00:00,8.0,256.81378173828125,255.0,242.125
2026-09-13 03:00:00+00:00,9.0,259.9342956542969,255.0,250.5
2026-09-13 04:00:00+00:00,10.0,275.8878173828125,270.0,255.0
2026-09-13 05:00:00+00:00,11.0,274.1966552734375,271.0,262.6666564941406
2026-09-13 06:00:00+00:00,12.0,276.0668640136719,273.0,263.5
2026-09-13 07:00:00+00:00,13.0,275.05712890625,270.0,264.0
2026-09-13 08:00:00+00:00,14.0,283.0726318359375,279.0,264.0
2026-09-13 09:00:00+00:00,15.0,291.544677734375,288.0,264.0
2026-09-13 10:00:00+00:00,16.0,347.31072998046875,340.0,264.0
2026-09-13 11:00:00+00:00,17.0,356.5397033691406,349.0,258.1111145019531
2026-09-13 12:00:00+00:00,18.0,329.5286560058594,327.0,245.6666717529297
2026-09-13 13:00:00+00:00,19.0,294.2657470703125,289.0,242.14285278320312
2026-09-13 14:00:00+00:00,20.0,294.55120849609375,288.0,243.0
2026-09-13 15:00:00+00:00,21.0,290.7212219238281,284.0,243.7142791748047
2026-09-13 16:00:00+00:00,22.0,336.9419860839844,331.0,281.375
2026-09-13 17:00:00+00:00,23.0,349.9308776855469,345.0,291.28570556640625
2026-09-13 18:00:00+00:00,24.0,344.6098937988281,338.0,291.6000061035156
2026-09-12 20:00:00+00:00,1.0,237.7240753173828,237.0,231.44444274902344
2026-09-12 21:00:00+00:00,2.0,240.14280700683594,242.0,234.7142791748047
2026-09-12 22:00:00+00:00,3.0,238.3628387451172,239.0,237.0
2026-09-12 23:00:00+00:00,4.0,242.31788635253906,245.0,236.5
2026-09-13 00:00:00+00:00,5.0,237.82781982421875,242.0,245.875
2026-09-13 01:00:00+00:00,6.0,250.8490447998047,246.0,242.42857360839844
2026-09-13 02:00:00+00:00,7.0,244.967041015625,245.0,242.125
2026-09-13 03:00:00+00:00,8.0,268.29229736328125,267.0,250.5
2026-09-13 04:00:00+00:00,9.0,276.2425231933594,272.0,255.0
2026-09-13 05:00:00+00:00,10.0,278.05963134765625,273.0,262.6666564941406
2026-09-13 06:00:00+00:00,11.0,272.58349609375,270.0,263.5
2026-09-13 07:00:00+00:00,12.0,269.7550354003906,267.0,264.0
2026-09-13 08:00:00+00:00,13.0,265.3707580566406,261.0,264.0
2026-09-13 09:00:00+00:00,14.0,241.26101684570312,238.0,264.0
2026-09-13 10:00:00+00:00,15.0,251.88694763183594,249.0,264.0
2026-09-13 11:00:00+00:00,16.0,273.48492431640625,267.0,258.1111145019531
2026-09-13 12:00:00+00:00,17.0,2.8956298828125,356.0,245.6666717529297
2026-09-13 13:00:00+00:00,18.0,12.673051834106445,11.0,242.14285278320312
2026-09-13 14:00:00+00:00,19.0,319.3854675292969,315.0,243.0
2026-09-13 15:00:00+00:00,20.0,308.9314270019531,303.0,243.7142791748047
2026-09-13 16:00:00+00:00,21.0,318.3297119140625,312.0,281.375
2026-09-13 17:00:00+00:00,22.0,333.4995422363281,328.0,291.28570556640625
2026-09-13 18:00:00+00:00,23.0,328.464111328125,324.0,291.6000061035156
2026-09-13 19:00:00+00:00,24.0,325.21453857421875,319.0,292.0
2026-09-12 21:00:00+00:00,1.0,237.84414672851562,238.0,234.7142791748047
2026-09-12 22:00:00+00:00,2.0,234.35963439941406,237.0,237.0
2026-09-12 23:00:00+00:00,3.0,242.64613342285156,244.0,236.5
2026-09-13 00:00:00+00:00,4.0,250.5479278564453,254.0,245.875
2026-09-13 01:00:00+00:00,5.0,243.2277069091797,248.0,242.42857360839844
2026-09-13 02:00:00+00:00,6.0,241.11233520507812,237.0,242.125
2026-09-13 03:00:00+00:00,7.0,247.12843322753906,248.0,250.5
2026-09-13 04:00:00+00:00,8.0,262.5469970703125,262.0,255.0
2026-09-13 05:00:00+00:00,9.0,270.27587890625,267.0,262.6666564941406
2026-09-13 06:00:00+00:00,10.0,268.88665771484375,265.0,263.5
2026-09-13 07:00:00+00:00,11.0,271.7659912109375,270.0,264.0
2026-09-13 08:00:00+00:00,12.0,288.15606689453125,286.0,264.0
2026-09-13 09:00:00+00:00,13.0,259.5052795410156,256.0,264.0
2026-09-13 10:00:00+00:00,14.0,282.22332763671875,280.0,264.0
2026-09-13 11:00:00+00:00,15.0,350.05810546875,348.0,258.1111145019531
2026-09-13 12:00:00+00:00,16.0,4.379638671875,359.0,245.6666717529297
2026-09-13 13:00:00+00:00,17.0,358.92181396484375,353.0,242.14285278320312
2026-09-13 14:00:00+00:00,18.0,342.6724853515625,342.0,243.0
2026-09-13 15:00:00+00:00,19.0,322.3668518066406,319.0,243.7142791748047
2026-09-13 16:00:00+00:00,20.0,300.1226806640625,295.0,281.375
2026-09-13 17:00:00+00:00,21.0,294.59381103515625,289.0,291.28570556640625
2026-09-13 18:00:00+00:00,22.0,294.759033203125,290.0,291.6000061035156
2026-09-13 19:00:00+00:00,23.0,278.71343994140625,275.0,292.0
2026-09-13 20:00:00+00:00,24.0,284.459716796875,279.0,292.0
2026-09-12 22:00:00+00:00,1.0,233.34722900390625,234.0,237.0
2026-09-12 23:00:00+00:00,2.0,241.95193481445312,245.0,236.5
2026-09-13 00:00:00+00:00,3.0,247.2165069580078,249.0,245.875
2026-09-13 01:00:00+00:00,4.0,249.13388061523438,253.0,242.42857360839844
2026-09-13 02:00:00+00:00,5.0,242.92083740234375,248.0,242.125
2026-09-13 03:00:00+00:00,6.0,249.69580078125,246.0,250.5
2026-09-13 04:00:00+00:00,7.0,244.6463623046875,246.0,255.0
2026-09-13 05:00:00+00:00,8.0,248.12290954589844,248.0,262.6666564941406
2026-09-13 06:00:00+00:00,9.0,263.71673583984375,261.0,263.5
2026-09-13 07:00:00+00:00,10.0,277.2747497558594,274.0,264.0
2026-09-13 08:00:00+00:00,11.0,270.2903137207031,269.0,264.0
2026-09-13 09:00:00+00:00,12.0,273.8006591796875,272.0,264.0
2026-09-13 10:00:00+00:00,13.0,291.00042724609375,288.0,264.0
2026-09-13 11:00:00+00:00,14.0,332.65362548828125,331.0,258.1111145019531
2026-09-13 12:00:00+00:00,15.0,305.6268615722656,304.0,245.6666717529297
2026-09-13 13:00:00+00:00,16.0,314.7917785644531,310.0,242.14285278320312
2026-09-13 14:00:00+00:00,17.0,319.3743591308594,314.0,243.0
2026-09-13 15:00:00+00:00,18.0,305.1114501953125,305.0,243.7142791748047
2026-09-13 16:00:00+00:00,19.0,314.7989807128906,312.0,281.375
2026-09-13 17:00:00+00:00,20.0,328.682861328125,324.0,291.28570556640625
2026-09-13 18:00:00+00:00,21.0,338.2098388671875,333.0,291.6000061035156
2026-09-13 19:00:00+00:00,22.0,358.3529052734375,354.0,292.0
2026-09-13 20:00:00+00:00,23.0,21.314937591552734,18.0,292.0
2026-09-13 21:00:00+00:00,24.0,62.062896728515625,57.0,292.0
2026-09-12 23:00:00+00:00,2.0,243.9850311279297,245.0,236.5
2026-09-13 00:00:00+00:00,3.0,245.6256866455078,249.0,245.875
2026-09-13 01:00:00+00:00,4.0,250.8776397705078,253.0,242.42857360839844
2026-09-13 02:00:00+00:00,5.0,243.85971069335938,248.0,242.125
2026-09-13 03:00:00+00:00,6.0,240.69766235351562,246.0,250.5
2026-09-13 04:00:00+00:00,7.0,249.3704833984375,246.0,255.0
2026-09-13 05:00:00+00:00,8.0,246.28634643554688,248.0,262.6666564941406
2026-09-13 06:00:00+00:00,9.0,260.82281494140625,261.0,263.5
2026-09-13 07:00:00+00:00,10.0,276.29779052734375,274.0,264.0
2026-09-13 08:00:00+00:00,11.0,271.845703125,269.0,264.0
2026-09-13 09:00:00+00:00,12.0,272.9511413574219,272.0,264.0
2026-09-13 10:00:00+00:00,13.0,289.5332336425781,288.0,264.0
2026-09-13 11:00:00+00:00,14.0,333.6347351074219,331.0,258.1111145019531
2026-09-13 12:00:00+00:00,15.0,305.21875,304.0,245.6666717529297
2026-09-13 13:00:00+00:00,16.0,311.3223876953125,310.0,242.14285278320312
2026-09-13 14:00:00+00:00,17.0,318.3919677734375,314.0,243.0
2026-09-13 15:00:00+00:00,18.0,309.9845275878906,305.0,243.7142791748047
2026-09-13 16:00:00+00:00,19.0,311.69677734375,312.0,281.375
2026-09-13 17:00:00+00:00,20.0,326.39898681640625,324.0,291.28570556640625
2026-09-13 18:00:00+00:00,21.0,337.3524169921875,333.0,291.6000061035156
2026-09-13 19:00:00+00:00,22.0,358.91058349609375,354.0,292.0
2026-09-13 20:00:00+00:00,23.0,22.028297424316406,18.0,292.0
2026-09-13 21:00:00+00:00,24.0,60.01899337768555,57.0,292.0
2026-09-13 22:00:00+00:00,25.0,124.79042053222656,120.0,292.0
2026-09-13 00:00:00+00:00,3.0,247.82492065429688,249.0,245.875
2026-09-13 01:00:00+00:00,4.0,249.46852111816406,253.0,242.42857360839844
2026-09-13 02:00:00+00:00,5.0,245.70819091796875,248.0,242.125
2026-09-13 03:00:00+00:00,6.0,241.7626190185547,246.0,250.5
2026-09-13 04:00:00+00:00,7.0,240.62181091308594,246.0,255.0
2026-09-13 05:00:00+00:00,8.0,251.2449188232422,248.0,262.6666564941406
2026-09-13 06:00:00+00:00,9.0,259.13616943359375,261.0,263.5
2026-09-13 07:00:00+00:00,10.0,273.71466064453125,274.0,264.0
2026-09-13 08:00:00+00:00,11.0,271.12347412109375,269.0,264.0
2026-09-13 09:00:00+00:00,12.0,274.6773986816406,272.0,264.0
2026-09-13 10:00:00+00:00,13.0,288.8170471191406,288.0,264.0
2026-09-13 11:00:00+00:00,14.0,332.44805908203125,331.0,258.1111145019531
2026-09-13 12:00:00+00:00,15.0,306.49688720703125,304.0,245.6666717529297
2026-09-13 13:00:00+00:00,16.0,311.0158386230469,310.0,242.14285278320312
2026-09-13 14:00:00+00:00,17.0,315.2185363769531,314.0,243.0
2026-09-13 15:00:00+00:00,18.0,309.2616882324219,305.0,243.7142791748047
2026-09-13 16:00:00+00:00,19.0,316.83984375,312.0,281.375
2026-09-13 17:00:00+00:00,20.0,323.50775146484375,324.0,291.28570556640625
2026-09-13 18:00:00+00:00,21.0,335.2351989746094,333.0,291.6000061035156
2026-09-13 19:00:00+00:00,22.0,358.2210998535156,354.0,292.0
2026-09-13 20:00:00+00:00,23.0,22.791988372802734,18.0,292.0
2026-09-13 21:00:00+00:00,24.0,60.897117614746094,57.0,292.0
2026-09-13 22:00:00+00:00,25.0,122.89766693115234,120.0,292.0
2026-09-13 23:00:00+00:00,26.0,144.68894958496094,140.0,292.0
2026-09-13 01:00:00+00:00,4.0,251.9489288330078,253.0,242.42857360839844
2026-09-13 02:00:00+00:00,5.0,244.60670471191406,248.0,242.125
2026-09-13 03:00:00+00:00,6.0,243.798583984375,246.0,250.5
2026-09-13 04:00:00+00:00,7.0,241.88021850585938,246.0,255.0
2026-09-13 05:00:00+00:00,8.0,242.8053436279297,248.0,262.6666564941406
2026-09-13 06:00:00+00:00,9.0,264.4280700683594,261.0,263.5
2026-09-13 07:00:00+00:00,10.0,272.32122802734375,274.0,264.0
2026-09-13 08:00:00+00:00,11.0,268.9048156738281,269.0,264.0
2026-09-13 09:00:00+00:00,12.0,274.33563232421875,272.0,264.0
2026-09-13 10:00:00+00:00,13.0,290.94195556640625,288.0,264.0
2026-09-13 11:00:00+00:00,14.0,331.9654541015625,331.0,258.1111145019531
2026-09-13 12:00:00+00:00,15.0,305.64453125,304.0,245.6666717529297
2026-09-13 13:00:00+00:00,16.0,312.68157958984375,310.0,242.14285278320312
2026-09-13 14:00:00+00:00,17.0,315.1733703613281,314.0,243.0
2026-09-13 15:00:00+00:00,18.0,306.3906555175781,305.0,243.7142791748047
2026-09-13 16:00:00+00:00,19.0,316.5260009765625,312.0,281.375
2026-09-13 17:00:00+00:00,20.0,329.0630187988281,324.0,291.28570556640625
2026-09-13 18:00:00+00:00,21.0,332.6400451660156,333.0,291.6000061035156
2026-09-13 19:00:00+00:00,22.0,356.3813781738281,354.0,292.0
2026-09-13 20:00:00+00:00,23.0,22.420324325561523,18.0,292.0
2026-09-13 21:00:00+00:00,24.0,62.01390075683594,57.0,292.0
2026-09-13 22:00:00+00:00,25.0,124.122802734375,120.0,292.0
2026-09-13 23:00:00+00:00,26.0,143.0620574951172,140.0,292.0
2026-09-14 00:00:00+00:00,27.0,139.87005615234375,135.0,292.0
2026-09-13 02:00:00+00:00,5.0,247.31105041503906,248.0,242.125
2026-09-13 03:00:00+00:00,6.0,242.9830780029297,246.0,250.5
2026-09-13 04:00:00+00:00,7.0,244.12149047851562,246.0,255.0
2026-09-13 05:00:00+00:00,8.0,244.20147705078125,248.0,262.6666564941406
2026-09-13 06:00:00+00:00,9.0,256.1910095214844,261.0,263.5
2026-09-13 07:00:00+00:00,10.0,277.85369873046875,274.0,264.0
2026-09-13 08:00:00+00:00,11.0,267.7752990722656,269.0,264.0
2026-09-13 09:00:00+00:00,12.0,272.3262634277344,272.0,264.0
2026-09-13 10:00:00+00:00,13.0,290.84466552734375,288.0,264.0
2026-09-13 11:00:00+00:00,14.0,334.5216064453125,331.0,258.1111145019531
2026-09-13 12:00:00+00:00,15.0,305.3777160644531,304.0,245.6666717529297
2026-09-13 13:00:00+00:00,16.0,312.0626525878906,310.0,242.14285278320312
2026-09-13 14:00:00+00:00,17.0,317.1340637207031,314.0,243.0
2026-09-13 15:00:00+00:00,18.0,306.602294921875,305.0,243.7142791748047
2026-09-13 16:00:00+00:00,19.0,313.7865295410156,312.0,281.375
2026-09-13 17:00:00+00:00,20.0,329.1055603027344,324.0,291.28570556640625
2026-09-13 18:00:00+00:00,21.0,338.5592346191406,333.0,291.6000061035156
2026-09-13 19:00:00+00:00,22.0,354.06646728515625,354.0,292.0
2026-09-13 20:00:00+00:00,23.0,20.81304931640625,18.0,292.0
2026-09-13 21:00:00+00:00,24.0,61.8465690612793,57.0,292.0
2026-09-13 22:00:00+00:00,25.0,125.45350646972656,120.0,292.0
2026-09-13 23:00:00+00:00,26.0,144.59864807128906,140.0,292.0
2026-09-14 00:00:00+00:00,27.0,138.4293212890625,135.0,292.0
2026-09-14 01:00:00+00:00,28.0,130.25888061523438,125.0,292.0
2026-09-13 03:00:00+00:00,6.0,245.8651123046875,246.0,250.5
2026-09-13 04:00:00+00:00,7.0,243.4934844970703,246.0,255.0
2026-09-13 05:00:00+00:00,8.0,246.55592346191406,248.0,262.6666564941406
2026-09-13 06:00:00+00:00,9.0,257.68548583984375,261.0,263.5
2026-09-13 07:00:00+00:00,10.0,269.702880859375,274.0,264.0
2026-09-13 08:00:00+00:00,11.0,273.4102783203125,269.0,264.0
2026-09-13 09:00:00+00:00,12.0,271.364990234375,272.0,264.0
2026-09-13 10:00:00+00:00,13.0,288.90753173828125,288.0,264.0
2026-09-13 11:00:00+00:00,14.0,334.5484313964844,331.0,258.1111145019531
2026-09-13 12:00:00+00:00,15.0,308.31182861328125,304.0,245.6666717529297
2026-09-13 13:00:00+00:00,16.0,311.9271240234375,310.0,242.14285278320312
2026-09-13 14:00:00+00:00,17.0,316.5788879394531,314.0,243.0
2026-09-13 15:00:00+00:00,18.0,308.7905578613281,305.0,243.7142791748047
2026-09-13 16:00:00+00:00,19.0,314.2295837402344,312.0,281.375
2026-09-13 17:00:00+00:00,20.0,326.3604736328125,324.0,291.28570556640625
2026-09-13 18:00:00+00:00,21.0,338.9430236816406,333.0,291.6000061035156
2026-09-13 19:00:00+00:00,22.0,0.277099609375,354.0,292.0
2026-09-13 20:00:00+00:00,23.0,18.704879760742188,18.0,292.0
2026-09-13 21:00:00+00:00,24.0,60.49636459350586,57.0,292.0
2026-09-13 22:00:00+00:00,25.0,125.41214752197266,120.0,292.0
2026-09-13 23:00:00+00:00,26.0,145.9970245361328,140.0,292.0
2026-09-14 00:00:00+00:00,27.0,140.183837890625,135.0,292.0
2026-09-14 01:00:00+00:00,28.0,128.97512817382812,125.0,292.0
2026-09-14 02:00:00+00:00,29.0,139.76480102539062,134.0,292.0
2026-09-13 04:00:00+00:00,7.0,246.86265563964844,246.0,255.0
2026-09-13 05:00:00+00:00,8.0,246.4057159423828,248.0,262.6666564941406
2026-09-13 06:00:00+00:00,9.0,260.2498779296875,261.0,263.5
2026-09-13 07:00:00+00:00,10.0,271.4745788574219,274.0,264.0
2026-09-13 08:00:00+00:00,11.0,265.63427734375,269.0,264.0
2026-09-13 09:00:00+00:00,12.0,277.3841857910156,272.0,264.0
2026-09-13 10:00:00+00:00,13.0,288.3285217285156,288.0,264.0
2026-09-13 11:00:00+00:00,14.0,332.87640380859375,331.0,258.1111145019531
2026-09-13 12:00:00+00:00,15.0,308.7234191894531,304.0,245.6666717529297
2026-09-13 13:00:00+00:00,16.0,315.5271301269531,310.0,242.14285278320312
2026-09-13 14:00:00+00:00,17.0,316.75079345703125,314.0,243.0
2026-09-13 15:00:00+00:00,18.0,308.34417724609375,305.0,243.7142791748047
2026-09-13 16:00:00+00:00,19.0,316.9548034667969,312.0,281.375
2026-09-13 17:00:00+00:00,20.0,327.2895812988281,324.0,291.28570556640625
2026-09-13 18:00:00+00:00,21.0,336.32513427734375,333.0,291.6000061035156
2026-09-13 19:00:00+00:00,22.0,1.3408203125,354.0,292.0
2026-09-13 20:00:00+00:00,23.0,25.439632415771484,18.0,292.0
2026-09-13 21:00:00+00:00,24.0,58.833412170410156,57.0,292.0
2026-09-13 22:00:00+00:00,25.0,124.7240219116211,120.0,292.0
2026-09-13 23:00:00+00:00,26.0,146.35816955566406,140.0,292.0
2026-09-14 00:00:00+00:00,27.0,141.75753784179688,135.0,292.0
2026-09-14 01:00:00+00:00,28.0,131.05081176757812,125.0,292.0
2026-09-14 02:00:00+00:00,29.0,138.82550048828125,134.0,292.0
2026-09-14 03:00:00+00:00,30.0,143.3646240234375,137.0,292.0
2026-09-13 05:00:00+00:00,8.0,250.06350708007812,248.0,262.6666564941406
2026-09-13 06:00:00+00:00,9.0,260.5118408203125,261.0,263.5
2026-09-13 07:00:00+00:00,10.0,274.1033020019531,274.0,264.0
2026-09-13 08:00:00+00:00,11.0,267.4679870605469,269.0,264.0
2026-09-13 09:00:00+00:00,12.0,269.7151794433594,272.0,264.0
2026-09-13 10:00:00+00:00,13.0,294.52984619140625,288.0,264.0
2026-09-13 11:00:00+00:00,14.0,332.46343994140625,331.0,258.1111145019531
2026-09-13 12:00:00+00:00,15.0,306.9723815917969,304.0,245.6666717529297
2026-09-13 13:00:00+00:00,16.0,316.0485534667969,310.0,242.14285278320312
2026-09-13 14:00:00+00:00,17.0,320.90753173828125,314.0,243.0
2026-09-13 15:00:00+00:00,18.0,308.7712707519531,305.0,243.7142791748047
2026-09-13 16:00:00+00:00,19.0,316.2144470214844,312.0,281.375
2026-09-13 17:00:00+00:00,20.0,330.285888671875,324.0,291.28570556640625
2026-09-13 18:00:00+00:00,21.0,337.5213317871094,333.0,291.6000061035156
2026-09-13 19:00:00+00:00,22.0,358.4388427734375,354.0,292.0
2026-09-13 20:00:00+00:00,23.0,26.950336456298828,18.0,292.0
2026-09-13 21:00:00+00:00,24.0,65.75540924072266,57.0,292.0
2026-09-13 22:00:00+00:00,25.0,123.21708679199219,120.0,292.0
2026-09-13 23:00:00+00:00,26.0,146.20130920410156,140.0,292.0
2026-09-14 00:00:00+00:00,27.0,142.4214630126953,135.0,292.0
2026-09-14 01:00:00+00:00,28.0,132.58920288085938,125.0,292.0
2026-09-14 02:00:00+00:00,29.0,140.9982147216797,134.0,292.0
2026-09-14 03:00:00+00:00,30.0,142.76852416992188,137.0,292.0
2026-09-14 04:00:00+00:00,31.0,128.04061889648438,121.0,292.0
2026-09-13 06:00:00+00:00,9.0,264.0363464355469,261.0,263.5
2026-09-13 07:00:00+00:00,10.0,274.4250793457031,274.0,264.0
2026-09-13 08:00:00+00:00,11.0,269.81939697265625,269.0,264.0
2026-09-13 09:00:00+00:00,12.0,271.3211975097656,272.0,264.0
2026-09-13 10:00:00+00:00,13.0,286.524658203125,288.0,264.0
2026-09-13 11:00:00+00:00,14.0,338.4430236816406,331.0,258.1111145019531
2026-09-13 12:00:00+00:00,15.0,306.352294921875,304.0,245.6666717529297
2026-09-13 13:00:00+00:00,16.0,313.811279296875,310.0,242.14285278320312
2026-09-13 14:00:00+00:00,17.0,321.06988525390625,314.0,243.0
2026-09-13 15:00:00+00:00,18.0,312.99920654296875,305.0,243.7142791748047
2026-09-13 16:00:00+00:00,19.0,316.6441345214844,312.0,281.375
2026-09-13 17:00:00+00:00,20.0,328.874755859375,324.0,291.28570556640625
2026-09-13 18:00:00+00:00,21.0,340.33331298828125,333.0,291.6000061035156
2026-09-13 19:00:00+00:00,22.0,359.5271301269531,354.0,292.0
2026-09-13 20:00:00+00:00,23.0,23.349815368652344,18.0,292.0
2026-09-13 21:00:00+00:00,24.0,67.24207305908203,57.0,292.0
2026-09-13 22:00:00+00:00,25.0,129.79217529296875,120.0,292.0
2026-09-13 23:00:00+00:00,26.0,144.38600158691406,140.0,292.0
2026-09-14 00:00:00+00:00,27.0,142.428466796875,135.0,292.0
2026-09-14 01:00:00+00:00,28.0,133.2373809814453,125.0,292.0
2026-09-14 02:00:00+00:00,29.0,142.23182678222656,134.0,292.0
2026-09-14 03:00:00+00:00,30.0,144.72210693359375,137.0,292.0
2026-09-14 04:00:00+00:00,31.0,127.51351165771484,121.0,292.0
2026-09-14 05:00:00+00:00,32.0,132.60711669921875,125.0,292.0
2026-09-13 07:00:00+00:00,1.0,270.4287414550781,265.0,264.0
2026-09-13 08:00:00+00:00,2.0,291.7118225097656,289.0,264.0
2026-09-13 09:00:00+00:00,3.0,323.73046875,321.0,264.0
2026-09-13 10:00:00+00:00,4.0,280.4971618652344,279.0,264.0
2026-09-13 11:00:00+00:00,5.0,287.7923889160156,287.0,258.1111145019531
2026-09-13 12:00:00+00:00,6.0,318.6623840332031,309.0,245.6666717529297
2026-09-13 13:00:00+00:00,7.0,316.648681640625,312.0,242.14285278320312
2026-09-13 14:00:00+00:00,8.0,323.94122314453125,318.0,243.0
2026-09-13 15:00:00+00:00,9.0,333.5557861328125,324.0,243.7142791748047
2026-09-13 16:00:00+00:00,10.0,330.76666259765625,320.0,281.375
2026-09-13 17:00:00+00:00,11.0,320.7789306640625,314.0,291.28570556640625
2026-09-13 18:00:00+00:00,12.0,341.5108947753906,335.0,291.6000061035156
2026-09-13 19:00:00+00:00,13.0,20.922698974609375,11.0,292.0
2026-09-13 20:00:00+00:00,14.0,23.971630096435547,16.0,292.0
2026-09-13 21:00:00+00:00,15.0,13.488499641418457,6.0,292.0
2026-09-13 22:00:00+00:00,16.0,69.35675811767578,56.0,292.0
2026-09-13 23:00:00+00:00,17.0,181.38299560546875,169.0,292.0
2026-09-14 00:00:00+00:00,18.0,168.336669921875,161.0,292.0
2026-09-14 01:00:00+00:00,19.0,169.39622497558594,159.0,292.0
2026-09-14 02:00:00+00:00,20.0,179.16212463378906,169.0,292.0
2026-09-14 03:00:00+00:00,21.0,171.70089721679688,162.0,292.0
2026-09-14 04:00:00+00:00,22.0,167.44895935058594,158.0,292.0
2026-09-14 05:00:00+00:00,23.0,159.20565795898438,151.0,292.0
2026-09-14 06:00:00+00:00,24.0,134.82127380371094,126.0,291.8333435058594
2026-09-13 08:00:00+00:00,1.0,280.3998107910156,274.0,264.0
2026-09-13 09:00:00+00:00,2.0,310.7198791503906,307.0,264.0
2026-09-13 10:00:00+00:00,3.0,319.68096923828125,316.0,264.0
2026-09-13 11:00:00+00:00,4.0,300.5517578125,298.0,258.1111145019531
2026-09-13 12:00:00+00:00,5.0,310.9755859375,309.0,245.6666717529297
2026-09-13 13:00:00+00:00,6.0,324.53607177734375,314.0,242.14285278320312
2026-09-13 14:00:00+00:00,7.0,313.6808776855469,308.0,243.0
2026-09-13 15:00:00+00:00,8.0,317.8081359863281,311.0,243.7142791748047
2026-09-13 16:00:00+00:00,9.0,333.54058837890625,323.0,281.375
2026-09-13 17:00:00+00:00,10.0,342.9511413574219,331.0,291.28570556640625
2026-09-13 18:00:00+00:00,11.0,339.7247009277344,332.0,291.6000061035156
2026-09-13 19:00:00+00:00,12.0,341.2237548828125,334.0,292.0
2026-09-13 20:00:00+00:00,13.0,4.016632080078125,353.0,292.0
2026-09-13 21:00:00+00:00,14.0,13.880112648010254,5.0,292.0
2026-09-13 22:00:00+00:00,15.0,39.31768798828125,31.0,292.0
2026-09-13 23:00:00+00:00,16.0,106.56500244140625,92.0,292.0
2026-09-14 00:00:00+00:00,17.0,148.38436889648438,135.0,292.0
2026-09-14 01:00:00+00:00,18.0,158.6172637939453,150.0,292.0
2026-09-14 02:00:00+00:00,19.0,161.62010192871094,150.0,292.0
2026-09-14 03:00:00+00:00,20.0,163.74069213867188,153.0,292.0
2026-09-14 04:00:00+00:00,21.0,163.1104278564453,153.0,292.0
2026-09-14 05:00:00+00:00,22.0,170.07620239257812,160.0,292.0
2026-09-14 06:00:00+00:00,23.0,135.7246856689453,127.0,291.8333435058594
2026-09-14 07:00:00+00:00,24.0,130.14878845214844,121.0,199.0
2026-09-13 09:00:00+00:00,1.0,289.12945556640625,282.0,264.0
2026-09-13 10:00:00+00:00,2.0,322.5855407714844,318.0,264.0
2026-09-13 11:00:00+00:00,3.0,317.5206604003906,313.0,258.1111145019531
2026-09-13 12:00:00+00:00,4.0,315.47967529296875,312.0,245.6666717529297
2026-09-13 13:00:00+00:00,5.0,296.8800048828125,294.0,242.14285278320312
2026-09-13 14:00:00+00:00,6.0,317.1767578125,306.0,243.0
2026-09-13 15:00:00+00:00,7.0,309.4352111816406,303.0,243.7142791748047
2026-09-13 16:00:00+00:00,8.0,321.458984375,314.0,281.375
2026-09-13 17:00:00+00:00,9.0,359.2823791503906,348.0,291.28570556640625
2026-09-13 18:00:00+00:00,10.0,49.83935546875,37.0,291.6000061035156
2026-09-13 19:00:00+00:00,11.0,33.44414520263672,25.0,292.0
2026-09-13 20:00:00+00:00,12.0,39.73438262939453,32.0,292.0
2026-09-13 21:00:00+00:00,13.0,108.8724365234375,97.0,292.0
2026-09-13 22:00:00+00:00,14.0,154.59947204589844,145.0,292.0
2026-09-13 23:00:00+00:00,15.0,175.92425537109375,167.0,292.0
2026-09-14 00:00:00+00:00,16.0,179.36898803710938,164.0,292.0
2026-09-14 01:00:00+00:00,17.0,158.0394744873047,144.0,292.0
2026-09-14 02:00:00+00:00,18.0,172.64608764648438,163.0,292.0
2026-09-14 03:00:00+00:00,19.0,186.5090789794922,174.0,292.0
2026-09-14 04:00:00+00:00,20.0,173.0150909423828,162.0,292.0
2026-09-14 05:00:00+00:00,21.0,169.26974487304688,159.0,292.0
2026-09-14 06:00:00+00:00,22.0,139.42144775390625,129.0,291.8333435058594
2026-09-14 07:00:00+00:00,23.0,133.9800262451172,125.0,199.0
2026-09-14 08:00:00+00:00,24.0,179.32980346679688,170.0,196.0
2026-09-13 10:00:00+00:00,1.0,285.9981384277344,278.0,264.0
2026-09-13 11:00:00+00:00,2.0,303.0429992675781,297.0,258.1111145019531
2026-09-13 12:00:00+00:00,3.0,320.5368957519531,315.0,245.6666717529297
2026-09-13 13:00:00+00:00,4.0,308.5768127441406,304.0,242.14285278320312
2026-09-13 14:00:00+00:00,5.0,313.1739501953125,309.0,243.0
2026-09-13 15:00:00+00:00,6.0,316.0711364746094,304.0,243.7142791748047
2026-09-13 16:00:00+00:00,7.0,306.2936096191406,299.0,281.375
2026-09-13 17:00:00+00:00,8.0,312.525390625,304.0,291.28570556640625
2026-09-13 18:00:00+00:00,9.0,345.208251953125,333.0,291.6000061035156
2026-09-13 19:00:00+00:00,10.0,1.9259033203125,348.0,292.0
2026-09-13 20:00:00+00:00,11.0,344.0808410644531,335.0,292.0
2026-09-13 21:00:00+00:00,12.0,26.44487762451172,18.0,292.0
2026-09-13 22:00:00+00:00,13.0,160.99069213867188,148.0,292.0
2026-09-13 23:00:00+00:00,14.0,99.65228271484375,89.0,292.0
2026-09-14 00:00:00+00:00,15.0,169.71725463867188,160.0,292.0
2026-09-14 01:00:00+00:00,16.0,177.3592071533203,161.0,292.0
2026-09-14 02:00:00+00:00,17.0,157.79466247558594,143.0,292.0
2026-09-14 03:00:00+00:00,18.0,195.92713928222656,185.0,292.0
2026-09-14 04:00:00+00:00,19.0,155.40805053710938,142.0,292.0
2026-09-14 05:00:00+00:00,20.0,156.38954162597656,145.0,292.0
2026-09-14 06:00:00+00:00,21.0,151.64479064941406,141.0,291.8333435058594
2026-09-14 07:00:00+00:00,22.0,151.92185974121094,141.0,199.0
2026-09-14 08:00:00+00:00,23.0,136.5443878173828,127.0,196.0
2026-09-14 09:00:00+00:00,24.0,172.68894958496094,163.0,207.0
2026-09-13 11:00:00+00:00,1.0,308.70477294921875,300.0,258.1111145019531
2026-09-13 12:00:00+00:00,2.0,301.2734069824219,294.0,245.6666717529297
2026-09-13 13:00:00+00:00,3.0,305.5578918457031,299.0,242.14285278320312
2026-09-13 14:00:00+00:00,4.0,303.66339111328125,298.0,243.0
2026-09-13 15:00:00+00:00,5.0,314.34112548828125,309.0,243.7142791748047
2026-09-13 16:00:00+00:00,6.0,318.7857360839844,306.0,281.375
2026-09-13 17:00:00+00:00,7.0,312.0317077636719,304.0,291.28570556640625
2026-09-13 18:00:00+00:00,8.0,309.3937072753906,300.0,291.6000061035156
2026-09-13 19:00:00+00:00,9.0,2.007293701171875,349.0,292.0
2026-09-13 20:00:00+00:00,10.0,68.77964782714844,54.0,292.0
2026-09-13 21:00:00+00:00,11.0,124.64155578613281,115.0,292.0
2026-09-13 22:00:00+00:00,12.0,148.10411071777344,139.0,292.0
2026-09-13 23:00:00+00:00,13.0,141.9630126953125,128.0,292.0
2026-09-14 00:00:00+00:00,14.0,141.46493530273438,130.0,292.0
2026-09-14 01:00:00+00:00,15.0,130.2942352294922,120.0,292.0
2026-09-14 02:00:00+00:00,16.0,156.99749755859375,140.0,292.0
2026-09-14 03:00:00+00:00,17.0,158.3211212158203,143.0,292.0
2026-09-14 04:00:00+00:00,18.0,142.9862823486328,131.0,292.0
2026-09-14 05:00:00+00:00,19.0,148.13778686523438,134.0,292.0
2026-09-14 06:00:00+00:00,20.0,142.44932556152344,131.0,291.8333435058594
2026-09-14 07:00:00+00:00,21.0,119.72966766357422,109.0,199.0
2026-09-14 08:00:00+00:00,22.0,153.1878662109375,142.0,196.0
2026-09-14 09:00:00+00:00,23.0,194.80592346191406,185.0,207.0
2026-09-14 10:00:00+00:00,24.0,193.83436584472656,184.0,221.75
2026-09-13 12:00:00+00:00,1.0,307.0705261230469,298.0,245.6666717529297
2026-09-13 13:00:00+00:00,2.0,312.9531555175781,305.0,242.14285278320312
2026-09-13 14:00:00+00:00,3.0,319.0784606933594,312.0,243.0
2026-09-13 15:00:00+00:00,4.0,315.20147705078125,309.0,243.7142791748047
2026-09-13 16:00:00+00:00,5.0,308.97271728515625,303.0,281.375
2026-09-13 17:00:00+00:00,6.0,353.21356201171875,340.0,291.28570556640625
2026-09-13 18:00:00+00:00,7.0,4.40081787109375,356.0,291.6000061035156
2026-09-13 19:00:00+00:00,8.0,357.84765625,348.0,292.0
2026-09-13 20:00:00+00:00,9.0,85.43203735351562,72.0,292.0
2026-09-13 21:00:00+00:00,10.0,96.24834442138672,81.0,292.0
2026-09-13 22:00:00+00:00,11.0,118.91727447509766,109.0,292.0
2026-09-13 23:00:00+00:00,12.0,120.503662109375,111.0,292.0
2026-09-14 00:00:00+00:00,13.0,109.43843841552734,95.0,292.0
2026-09-14 01:00:00+00:00,14.0,158.8799591064453,147.0,292.0
2026-09-14 02:00:00+00:00,15.0,140.6424102783203,130.0,292.0
2026-09-14 03:00:00+00:00,16.0,122.4111328125,105.0,292.0
2026-09-14 04:00:00+00:00,17.0,133.66998291015625,118.0,292.0
2026-09-14 05:00:00+00:00,18.0,133.51255798339844,121.0,292.0
2026-09-14 06:00:00+00:00,19.0,125.54276275634766,111.0,291.8333435058594
2026-09-14 07:00:00+00:00,20.0,142.53053283691406,131.0,199.0
2026-09-14 08:00:00+00:00,21.0,147.86679077148438,137.0,196.0
2026-09-14 09:00:00+00:00,22.0,168.35765075683594,157.0,207.0
2026-09-14 10:00:00+00:00,23.0,176.005126953125,166.0,221.75
2026-09-14 11:00:00+00:00,24.0,218.92987060546875,209.0,225.0
2026-09-13 13:00:00+00:00,1.0,301.463623046875,292.0,242.14285278320312
2026-09-13 14:00:00+00:00,2.0,321.9772644042969,313.0,243.0
2026-09-13 15:00:00+00:00,3.0,317.862548828125,310.0,243.7142791748047
2026-09-13 16:00:00+00:00,4.0,312.9558410644531,306.0,281.375
2026-09-13 17:00:00+00:00,5.0,314.8290100097656,308.0,291.28570556640625
2026-09-13 18:00:00+00:00,6.0,325.75762939453125,312.0,291.6000061035156
2026-09-13 19:00:00+00:00,7.0,304.7362060546875,296.0,292.0
2026-09-13 20:00:00+00:00,8.0,323.26885986328125,313.0,292.0
2026-09-13 21:00:00+00:00,9.0,7.82891845703125,354.0,292.0
2026-09-13 22:00:00+00:00,10.0,104.7960205078125,89.0,292.0
2026-09-13 23:00:00+00:00,11.0,175.2543182373047,165.0,292.0
2026-09-14 00:00:00+00:00,12.0,178.06954956054688,168.0,292.0
2026-09-14 01:00:00+00:00,13.0,195.88082885742188,181.0,292.0
2026-09-14 02:00:00+00:00,14.0,165.25152587890625,153.0,292.0
2026-09-14 03:00:00+00:00,15.0,174.11700439453125,163.0,292.0
2026-09-14 04:00:00+00:00,16.0,143.8665008544922,126.0,292.0
2026-09-14 05:00:00+00:00,17.0,163.05133056640625,147.0,292.0
2026-09-14 06:00:00+00:00,18.0,140.1251220703125,127.0,291.8333435058594
2026-09-14 07:00:00+00:00,19.0,152.98687744140625,138.0,199.0
2026-09-14 08:00:00+00:00,20.0,168.43777465820312,157.0,196.0
2026-09-14 09:00:00+00:00,21.0,175.92922973632812,165.0,207.0
2026-09-14 10:00:00+00:00,22.0,204.37728881835938,193.0,221.75
2026-09-14 11:00:00+00:00,23.0,242.1094207763672,232.0,225.0
2026-09-14 12:00:00+00:00,24.0,244.87974548339844,235.0,227.0
2026-09-13 14:00:00+00:00,1.0,303.6031188964844,294.0,243.0
2026-09-13 15:00:00+00:00,2.0,304.27203369140625,295.0,243.7142791748047
2026-09-13 16:00:00+00:00,3.0,313.2591552734375,305.0,281.375
2026-09-13 17:00:00+00:00,4.0,326.314453125,319.0,291.28570556640625
2026-09-13 18:00:00+00:00,5.0,339.1298828125,332.0,291.6000061035156
2026-09-13 19:00:00+00:00,6.0,35.935699462890625,22.0,292.0
2026-09-13 20:00:00+00:00,7.0,41.908931732177734,33.0,292.0
2026-09-13 21:00:00+00:00,8.0,92.435791015625,82.0,292.0
2026-09-13 22:00:00+00:00,9.0,137.11282348632812,123.0,292.0
2026-09-13 23:00:00+00:00,10.0,139.99371337890625,124.0,292.0
2026-09-14 00:00:00+00:00,11.0,146.4261474609375,136.0,292.0
2026-09-14 01:00:00+00:00,12.0,123.30217742919922,113.0,292.0
2026-09-14 02:00:00+00:00,13.0,155.15174865722656,140.0,292.0
2026-09-14 03:00:00+00:00,14.0,147.38999938964844,135.0,292.0
2026-09-14 04:00:00+00:00,15.0,131.22471618652344,120.0,292.0
2026-09-14 05:00:00+00:00,16.0,148.9552001953125,131.0,292.0
2026-09-14 06:00:00+00:00,17.0,132.18783569335938,116.0,291.8333435058594
2026-09-14 07:00:00+00:00,18.0,136.33299255371094,123.0,199.0
2026-09-14 08:00:00+00:00,19.0,156.17762756347656,141.0,196.0
2026-09-14 09:00:00+00:00,20.0,188.30911254882812,177.0,207.0
2026-09-14 10:00:00+00:00,21.0,196.79043579101562,186.0,221.75
2026-09-14 11:00:00+00:00,22.0,207.3332061767578,196.0,225.0
2026-09-14 12:00:00+00:00,23.0,214.9875030517578,205.0,227.0
2026-09-14 13:00:00+00:00,24.0,245.76724243164062,236.0,220.39999389648438
2026-09-13 15:00:00+00:00,1.0,320.88702392578125,311.0,243.7142791748047
2026-09-13 16:00:00+00:00,2.0,336.7320861816406,327.0,281.375
2026-09-13 17:00:00+00:00,3.0,344.9261474609375,336.0,291.28570556640625
2026-09-13 18:00:00+00:00,4.0,340.91656494140625,333.0,291.6000061035156
2026-09-13 19:00:00+00:00,5.0,345.6259765625,338.0,292.0
2026-09-13 20:00:00+00:00,6.0,44.20178985595703,30.0,292.0
2026-09-13 21:00:00+00:00,7.0,71.21866607666016,62.0,292.0
2026-09-13 22:00:00+00:00,8.0,114.71356201171875,104.0,292.0
2026-09-13 23:00:00+00:00,9.0,168.5944061279297,154.0,292.0
2026-09-14 00:00:00+00:00,10.0,159.29550170898438,143.0,292.0
2026-09-14 01:00:00+00:00,11.0,148.71031188964844,138.0,292.0
2026-09-14 02:00:00+00:00,12.0,158.6725311279297,148.0,292.0
2026-09-14 03:00:00+00:00,13.0,136.5729217529297,121.0,292.0
2026-09-14 04:00:00+00:00,14.0,139.6139678955078,127.0,292.0
2026-09-14 05:00:00+00:00,15.0,135.32948303222656,124.0,292.0
2026-09-14 06:00:00+00:00,16.0,130.01055908203125,112.0,291.8333435058594
2026-09-14 07:00:00+00:00,17.0,133.3737030029297,117.0,199.0
2026-09-14 08:00:00+00:00,18.0,161.6994171142578,148.0,196.0
2026-09-14 09:00:00+00:00,19.0,164.44485473632812,149.0,207.0
2026-09-14 10:00:00+00:00,20.0,184.12631225585938,173.0,221.75
2026-09-14 11:00:00+00:00,21.0,210.4957275390625,200.0,225.0
2026-09-14 12:00:00+00:00,22.0,221.2176513671875,210.0,227.0
2026-09-14 13:00:00+00:00,23.0,239.7362518310547,230.0,220.39999389648438
2026-09-14 14:00:00+00:00,24.0,242.5482177734375,233.0,223.0
2026-09-13 16:00:00+00:00,1.0,322.7423400878906,313.0,281.375
2026-09-13 17:00:00+00:00,2.0,326.46771240234375,317.0,291.28570556640625
2026-09-13 18:00:00+00:00,3.0,337.6944274902344,329.0,291.6000061035156
2026-09-13 19:00:00+00:00,4.0,12.669217109680176,5.0,292.0
2026-09-13 20:00:00+00:00,5.0,38.356685638427734,31.0,292.0
2026-09-13 21:00:00+00:00,6.0,95.04739379882812,81.0,292.0
2026-09-13 22:00:00+00:00,7.0,119.09308624267578,110.0,292.0
2026-09-13 23:00:00+00:00,8.0,130.5715789794922,120.0,292.0
2026-09-14 00:00:00+00:00,9.0,193.42782592773438,179.0,292.0
2026-09-14 01:00:00+00:00,10.0,158.1466827392578,142.0,292.0
2026-09-14 02:00:00+00:00,11.0,140.60337829589844,130.0,292.0
2026-09-14 03:00:00+00:00,12.0,172.44630432128906,162.0,292.0
2026-09-14 04:00:00+00:00,13.0,141.43821716308594,126.0,292.0
2026-09-14 05:00:00+00:00,14.0,139.5353546142578,127.0,292.0
2026-09-14 06:00:00+00:00,15.0,143.2231903076172,132.0,291.8333435058594
2026-09-14 07:00:00+00:00,16.0,151.89991760253906,134.0,199.0
2026-09-14 08:00:00+00:00,17.0,175.24111938476562,159.0,196.0
2026-09-14 09:00:00+00:00,18.0,178.55970764160156,165.0,207.0
2026-09-14 10:00:00+00:00,19.0,201.30728149414062,186.0,221.75
2026-09-14 11:00:00+00:00,20.0,213.1485595703125,202.0,225.0
2026-09-14 12:00:00+00:00,21.0,234.50152587890625,224.0,227.0
2026-09-14 13:00:00+00:00,22.0,246.2296905517578,235.0,220.39999389648438
2026-09-14 14:00:00+00:00,23.0,245.72569274902344,236.0,223.0
2026-09-14 15:00:00+00:00,24.0,247.57058715820312,238.0,231.0
2026-09-13 17:00:00+00:00,1.0,306.8048095703125,297.0,291.28570556640625
2026-09-13 18:00:00+00:00,2.0,307.6606140136719,298.0,291.6000061035156
2026-09-13 19:00:00+00:00,3.0,15.800854682922363,7.0,292.0
2026-09-13 20:00:00+00:00,4.0,86.75556945800781,79.0,292.0
2026-09-13 21:00:00+00:00,5.0,92.52464294433594,85.0,292.0
2026-09-13 22:00:00+00:00,6.0,112.18206787109375,98.0,292.0
2026-09-13 23:00:00+00:00,7.0,109.17388916015625,100.0,292.0
2026-09-14 00:00:00+00:00,8.0,103.70611572265625,93.0,292.0
2026-09-14 01:00:00+00:00,9.0,136.52598571777344,122.0,292.0
2026-09-14 02:00:00+00:00,10.0,155.28076171875,139.0,292.0
2026-09-14 03:00:00+00:00,11.0,152.66603088378906,142.0,292.0
2026-09-14 04:00:00+00:00,12.0,169.5901641845703,159.0,292.0
2026-09-14 05:00:00+00:00,13.0,165.55149841308594,150.0,292.0
2026-09-14 06:00:00+00:00,14.0,136.6297607421875,124.0,291.8333435058594
2026-09-14 07:00:00+00:00,15.0,169.35751342773438,158.0,199.0
2026-09-14 08:00:00+00:00,16.0,178.09735107421875,160.0,196.0
2026-09-14 09:00:00+00:00,17.0,185.40045166015625,169.0,207.0
2026-09-14 10:00:00+00:00,18.0,196.67041015625,183.0,221.75
2026-09-14 11:00:00+00:00,19.0,200.42074584960938,185.0,225.0
2026-09-14 12:00:00+00:00,20.0,220.20718383789062,209.0,227.0
2026-09-14 13:00:00+00:00,21.0,252.6219940185547,242.0,220.39999389648438
2026-09-14 14:00:00+00:00,22.0,256.32818603515625,245.0,223.0
2026-09-14 15:00:00+00:00,23.0,254.8664093017578,245.0,231.0
2026-09-14 16:00:00+00:00,24.0,248.6349639892578,239.0,232.0
2026-09-13 18:00:00+00:00,1.0,349.4555969238281,339.0,291.6000061035156
2026-09-13 19:00:00+00:00,2.0,348.6716613769531,338.0,292.0
2026-09-13 20:00:00+00:00,3.0,354.0917053222656,344.0,292.0
2026-09-13 21:00:00+00:00,4.0,71.96711730957031,63.0,292.0
2026-09-13 22:00:00+00:00,5.0,118.4842300415039,110.0,292.0
2026-09-13 23:00:00+00:00,6.0,137.67880249023438,123.0,292.0
2026-09-14 00:00:00+00:00,7.0,152.83982849121094,143.0,292.0
2026-09-14 01:00:00+00:00,8.0,151.25289916992188,140.0,292.0
2026-09-14 02:00:00+00:00,9.0,151.30523681640625,136.0,292.0
2026-09-14 03:00:00+00:00,10.0,151.75234985351562,135.0,292.0
2026-09-14 04:00:00+00:00,11.0,154.13758850097656,143.0,292.0
2026-09-14 05:00:00+00:00,12.0,152.31964111328125,141.0,292.0
2026-09-14 06:00:00+00:00,13.0,141.23269653320312,125.0,291.8333435058594
2026-09-14 07:00:00+00:00,14.0,148.0856170654297,135.0,199.0
2026-09-14 08:00:00+00:00,15.0,159.52462768554688,148.0,196.0
2026-09-14 09:00:00+00:00,16.0,167.10519409179688,149.0,207.0
2026-09-14 10:00:00+00:00,17.0,199.65383911132812,183.0,221.75
2026-09-14 11:00:00+00:00,18.0,234.274169921875,220.0,225.0
2026-09-14 12:00:00+00:00,19.0,253.9438018798828,238.0,227.0
2026-09-14 13:00:00+00:00,20.0,246.8104248046875,236.0,220.39999389648438
2026-09-14 14:00:00+00:00,21.0,251.08145141601562,241.0,223.0
2026-09-14 15:00:00+00:00,22.0,248.8979949951172,238.0,231.0
2026-09-14 16:00:00+00:00,23.0,243.27621459960938,234.0,232.0
2026-09-14 17:00:00+00:00,24.0,249.134033203125,240.0,224.14285278320312
2026-09-13 19:00:00+00:00,1.0,44.97938537597656,34.0,292.0
2026-09-13 20:00:00+00:00,2.0,57.36528778076172,46.0,292.0
2026-09-13 21:00:00+00:00,3.0,103.06623840332031,92.0,292.0
2026-09-13 22:00:00+00:00,4.0,111.91175842285156,102.0,292.0
2026-09-13 23:00:00+00:00,5.0,134.096923828125,125.0,292.0
2026-09-14 00:00:00+00:00,6.0,161.99131774902344,147.0,292.0
2026-09-14 01:00:00+00:00,7.0,123.3301010131836,113.0,292.0
2026-09-14 02:00:00+00:00,8.0,143.545654296875,132.0,292.0
2026-09-14 03:00:00+00:00,9.0,143.8190460205078,128.0,292.0
2026-09-14 04:00:00+00:00,10.0,161.99708557128906,145.0,292.0
2026-09-14 05:00:00+00:00,11.0,157.45860290527344,146.0,292.0
2026-09-14 06:00:00+00:00,12.0,124.7523193359375,113.0,291.8333435058594
2026-09-14 07:00:00+00:00,13.0,158.66709899902344,142.0,199.0
2026-09-14 08:00:00+00:00,14.0,164.44505310058594,151.0,196.0
2026-09-14 09:00:00+00:00,15.0,159.53726196289062,148.0,207.0
2026-09-14 10:00:00+00:00,16.0,193.8721923828125,176.0,221.75
2026-09-14 11:00:00+00:00,17.0,193.63668823242188,177.0,225.0
2026-09-14 12:00:00+00:00,18.0,214.6790008544922,200.0,227.0
2026-09-14 13:00:00+00:00,19.0,249.26414489746094,233.0,220.39999389648438
2026-09-14 14:00:00+00:00,20.0,253.4296417236328,243.0,223.0
2026-09-14 15:00:00+00:00,21.0,247.52029418945312,238.0,231.0
2026-09-14 16:00:00+00:00,22.0,237.39002990722656,227.0,232.0
2026-09-14 17:00:00+00:00,23.0,233.59181213378906,225.0,224.14285278320312
2026-09-14 18:00:00+00:00,24.0,234.60369873046875,226.0,221.55555725097656
2026-09-13 20:00:00+00:00,1.0,102.17327880859375,91.0,292.0
2026-09-13 21:00:00+00:00,2.0,75.74899291992188,64.0,292.0
2026-09-13 22:00:00+00:00,3.0,102.25227355957031,91.0,292.0
2026-09-13 23:00:00+00:00,4.0,99.1173095703125,89.0,292.0
2026-09-14 00:00:00+00:00,5.0,97.39360046386719,88.0,292.0
2026-09-14 01:00:00+00:00,6.0,126.14254760742188,111.0,292.0
2026-09-14 02:00:00+00:00,7.0,157.4980926513672,147.0,292.0
2026-09-14 03:00:00+00:00,8.0,163.7595672607422,152.0,292.0
2026-09-14 04:00:00+00:00,9.0,151.94532775878906,136.0,292.0
2026-09-14 05:00:00+00:00,10.0,147.2073974609375,130.0,292.0
2026-09-14 06:00:00+00:00,11.0,144.45486450195312,133.0,291.8333435058594
2026-09-14 07:00:00+00:00,12.0,152.93997192382812,141.0,199.0
2026-09-14 08:00:00+00:00,13.0,191.7783203125,175.0,196.0
2026-09-14 09:00:00+00:00,14.0,165.58172607421875,152.0,207.0
2026-09-14 10:00:00+00:00,15.0,209.74209594726562,198.0,221.75
2026-09-14 11:00:00+00:00,16.0,188.07957458496094,170.0,225.0
2026-09-14 12:00:00+00:00,17.0,190.77838134765625,174.0,227.0
2026-09-14 13:00:00+00:00,18.0,255.80787658691406,241.0,220.39999389648438
2026-09-14 14:00:00+00:00,19.0,256.37567138671875,240.0,223.0
2026-09-14 15:00:00+00:00,20.0,252.4747772216797,242.0,231.0
2026-09-14 16:00:00+00:00,21.0,246.6114959716797,237.0,232.0
2026-09-14 17:00:00+00:00,22.0,242.37283325195312,232.0,224.14285278320312
2026-09-14 18:00:00+00:00,23.0,239.74533081054688,231.0,221.55555725097656
2026-09-14 19:00:00+00:00,24.0,233.66758728027344,225.0,222.0
2026-09-13 21:00:00+00:00,1.0,37.17475509643555,25.0,292.0
2026-09-13 22:00:00+00:00,2.0,97.07881927490234,84.0,292.0
2026-09-13 23:00:00+00:00,3.0,109.97439575195312,97.0,292.0
2026-09-14 00:00:00+00:00,4.0,126.83573150634766,115.0,292.0
2026-09-14 01:00:00+00:00,5.0,137.51605224609375,127.0,292.0
2026-09-14 02:00:00+00:00,6.0,124.86654663085938,109.0,292.0
2026-09-14 03:00:00+00:00,7.0,139.40338134765625,128.0,292.0
2026-09-14 04:00:00+00:00,8.0,143.17320251464844,131.0,292.0
2026-09-14 05:00:00+00:00,9.0,153.826171875,137.0,292.0
2026-09-14 06:00:00+00:00,10.0,148.4617919921875,131.0,291.8333435058594
2026-09-14 07:00:00+00:00,11.0,161.0731658935547,149.0,199.0
2026-09-14 08:00:00+00:00,12.0,172.69105529785156,160.0,196.0
2026-09-14 09:00:00+00:00,13.0,190.5037078857422,173.0,207.0
2026-09-14 10:00:00+00:00,14.0,209.23162841796875,195.0,221.75
2026-09-14 11:00:00+00:00,15.0,246.6704559326172,235.0,225.0
2026-09-14 12:00:00+00:00,16.0,265.45928955078125,248.0,227.0
2026-09-14 13:00:00+00:00,17.0,255.39944458007812,239.0,220.39999389648438
2026-09-14 14:00:00+00:00,18.0,255.56846618652344,240.0,223.0
2026-09-14 15:00:00+00:00,19.0,260.9450988769531,244.0,231.0
2026-09-14 16:00:00+00:00,20.0,236.79745483398438,227.0,232.0
2026-09-14 17:00:00+00:00,21.0,255.44102478027344,247.0,224.14285278320312
2026-09-14 18:00:00+00:00,22.0,248.286865234375,239.0,221.55555725097656
2026-09-14 19:00:00+00:00,23.0,225.15428161621094,218.0,222.0
2026-09-14 20:00:00+00:00,24.0,196.41598510742188,189.0,221.1999969482422
2026-09-13 22:00:00+00:00,1.0,165.65501403808594,153.0,292.0
2026-09-13 23:00:00+00:00,2.0,154.73831176757812,141.0,292.0
2026-09-14 00:00:00+00:00,3.0,173.89666748046875,161.0,292.0
2026-09-14 01:00:00+00:00,4.0,151.1822967529297,139.0,292.0
2026-09-14 02:00:00+00:00,5.0,179.85504150390625,169.0,292.0
2026-09-14 03:00:00+00:00,6.0,191.09799194335938,175.0,292.0
2026-09-14 04:00:00+00:00,7.0,145.44931030273438,134.0,292.0
2026-09-14 05:00:00+00:00,8.0,158.20144653320312,146.0,292.0
2026-09-14 06:00:00+00:00,9.0,142.72467041015625,126.0,291.8333435058594
2026-09-14 07:00:00+00:00,10.0,163.7161865234375,146.0,199.0
2026-09-14 08:00:00+00:00,11.0,171.75213623046875,160.0,196.0
2026-09-14 09:00:00+00:00,12.0,174.66258239746094,162.0,207.0
2026-09-14 10:00:00+00:00,13.0,234.15487670898438,217.0,221.75
2026-09-14 11:00:00+00:00,14.0,237.62796020507812,223.0,225.0
2026-09-14 12:00:00+00:00,15.0,240.90296936035156,229.0,227.0
2026-09-14 13:00:00+00:00,16.0,256.4148254394531,239.0,220.39999389648438
2026-09-14 14:00:00+00:00,17.0,252.17691040039062,236.0,223.0
2026-09-14 15:00:00+00:00,18.0,249.66644287109375,234.0,231.0
2026-09-14 16:00:00+00:00,19.0,238.82125854492188,222.0,232.0
2026-09-14 17:00:00+00:00,20.0,238.036376953125,228.0,224.14285278320312
2026-09-14 18:00:00+00:00,21.0,239.70277404785156,231.0,221.55555725097656
2026-09-14 19:00:00+00:00,22.0,230.00753784179688,221.0,222.0
2026-09-14 20:00:00+00:00,23.0,198.331787109375,191.0,221.1999969482422
2026-09-14 21:00:00+00:00,24.0,227.5263214111328,220.0,220.1666717529297
2026-09-13 23:00:00+00:00,2.0,153.95291137695312,141.0,292.0
2026-09-14 00:00:00+00:00,3.0,175.28172302246094,161.0,292.0
2026-09-14 01:00:00+00:00,4.0,152.23187255859375,139.0,292.0
2026-09-14 02:00:00+00:00,5.0,181.66677856445312,169.0,292.0
2026-09-14 03:00:00+00:00,6.0,186.1858673095703,175.0,292.0
2026-09-14 04:00:00+00:00,7.0,150.1123504638672,134.0,292.0
2026-09-14 05:00:00+00:00,8.0,157.5337371826172,146.0,292.0
2026-09-14 06:00:00+00:00,9.0,138.2411651611328,126.0,291.8333435058594
2026-09-14 07:00:00+00:00,10.0,162.7648162841797,146.0,199.0
2026-09-14 08:00:00+00:00,11.0,177.63381958007812,160.0,196.0
2026-09-14 09:00:00+00:00,12.0,173.72805786132812,162.0,207.0
2026-09-14 10:00:00+00:00,13.0,229.5846405029297,217.0,221.75
2026-09-14 11:00:00+00:00,14.0,239.927978515625,223.0,225.0
2026-09-14 12:00:00+00:00,15.0,243.89617919921875,229.0,227.0
2026-09-14 13:00:00+00:00,16.0,250.79061889648438,239.0,220.39999389648438
2026-09-14 14:00:00+00:00,17.0,253.04229736328125,236.0,223.0
2026-09-14 15:00:00+00:00,18.0,249.72146606445312,234.0,231.0
2026-09-14 16:00:00+00:00,19.0,237.7325439453125,222.0,232.0
2026-09-14 17:00:00+00:00,20.0,244.7921905517578,228.0,224.14285278320312
2026-09-14 18:00:00+00:00,21.0,240.8022003173828,231.0,221.55555725097656
2026-09-14 19:00:00+00:00,22.0,229.2698974609375,221.0,222.0
2026-09-14 20:00:00+00:00,23.0,199.4571533203125,191.0,221.1999969482422
2026-09-14 21:00:00+00:00,24.0,226.83502197265625,220.0,220.1666717529297
2026-09-14 22:00:00+00:00,25.0,228.09237670898438,221.0,218.0
2026-09-14 00:00:00+00:00,3.0,174.3278045654297,161.0,292.0
2026-09-14 01:00:00+00:00,4.0,153.86065673828125,139.0,292.0
2026-09-14 02:00:00+00:00,5.0,182.61566162109375,169.0,292.0
2026-09-14 03:00:00+00:00,6.0,188.21522521972656,175.0,292.0
2026-09-14 04:00:00+00:00,7.0,145.48635864257812,134.0,292.0
2026-09-14 05:00:00+00:00,8.0,162.1245880126953,146.0,292.0
2026-09-14 06:00:00+00:00,9.0,137.6378631591797,126.0,291.8333435058594
2026-09-14 07:00:00+00:00,10.0,158.27430725097656,146.0,199.0
2026-09-14 08:00:00+00:00,11.0,176.8592071533203,160.0,196.0
2026-09-14 09:00:00+00:00,12.0,179.46923828125,162.0,207.0
2026-09-14 10:00:00+00:00,13.0,228.71566772460938,217.0,221.75
2026-09-14 11:00:00+00:00,14.0,235.4925994873047,223.0,225.0
2026-09-14 12:00:00+00:00,15.0,245.68856811523438,229.0,227.0
2026-09-14 13:00:00+00:00,16.0,254.1748809814453,239.0,220.39999389648438
2026-09-14 14:00:00+00:00,17.0,247.59510803222656,236.0,223.0
2026-09-14 15:00:00+00:00,18.0,250.58448791503906,234.0,231.0
2026-09-14 16:00:00+00:00,19.0,237.1935577392578,222.0,232.0
2026-09-14 17:00:00+00:00,20.0,243.7698974609375,228.0,224.14285278320312
2026-09-14 18:00:00+00:00,21.0,247.7935791015625,231.0,221.55555725097656
2026-09-14 19:00:00+00:00,22.0,230.52203369140625,221.0,222.0
2026-09-14 20:00:00+00:00,23.0,198.71749877929688,191.0,221.1999969482422
2026-09-14 21:00:00+00:00,24.0,227.77374267578125,220.0,220.1666717529297
2026-09-14 22:00:00+00:00,25.0,227.13577270507812,221.0,218.0
2026-09-14 23:00:00+00:00,26.0,231.550537109375,225.0,216.0
2026-09-14 01:00:00+00:00,4.0,152.58502197265625,139.0,292.0
2026-09-14 02:00:00+00:00,5.0,184.20770263671875,169.0,292.0
2026-09-14 03:00:00+00:00,6.0,188.79783630371094,175.0,292.0
2026-09-14 04:00:00+00:00,7.0,147.5609893798828,134.0,292.0
2026-09-14 05:00:00+00:00,8.0,157.5791015625,146.0,292.0
2026-09-14 06:00:00+00:00,9.0,141.9912567138672,126.0,291.8333435058594
2026-09-14 07:00:00+00:00,10.0,157.59457397460938,146.0,199.0
2026-09-14 08:00:00+00:00,11.0,172.20738220214844,160.0,196.0
2026-09-14 09:00:00+00:00,12.0,178.8687744140625,162.0,207.0
2026-09-14 10:00:00+00:00,13.0,234.18917846679688,217.0,221.75
2026-09-14 11:00:00+00:00,14.0,234.66957092285156,223.0,225.0
2026-09-14 12:00:00+00:00,15.0,241.2578887939453,229.0,227.0
2026-09-14 13:00:00+00:00,16.0,255.3315887451172,239.0,220.39999389648438
2026-09-14 14:00:00+00:00,17.0,251.3376922607422,236.0,223.0
2026-09-14 15:00:00+00:00,18.0,245.31674194335938,234.0,231.0
2026-09-14 16:00:00+00:00,19.0,238.14993286132812,222.0,232.0
2026-09-14 17:00:00+00:00,20.0,242.69454956054688,228.0,224.14285278320312
2026-09-14 18:00:00+00:00,21.0,246.68310546875,231.0,221.55555725097656
2026-09-14 19:00:00+00:00,22.0,237.78041076660156,221.0,222.0
2026-09-14 20:00:00+00:00,23.0,200.2628631591797,191.0,221.1999969482422
2026-09-14 21:00:00+00:00,24.0,227.24029541015625,220.0,220.1666717529297
2026-09-14 22:00:00+00:00,25.0,228.1874542236328,221.0,218.0
2026-09-14 23:00:00+00:00,26.0,230.51095581054688,225.0,216.0
2026-09-15 00:00:00+00:00,27.0,233.12460327148438,227.0,216.0
2026-09-14 02:00:00+00:00,5.0,182.98553466796875,169.0,292.0
2026-09-14 03:00:00+00:00,6.0,190.7429962158203,175.0,292.0
2026-09-14 04:00:00+00:00,7.0,148.2288818359375,134.0,292.0
2026-09-14 05:00:00+00:00,8.0,160.1284637451172,146.0,292.0
2026-09-14 06:00:00+00:00,9.0,137.7488555908203,126.0,291.8333435058594
2026-09-14 07:00:00+00:00,10.0,161.88446044921875,146.0,199.0
2026-09-14 08:00:00+00:00,11.0,171.68714904785156,160.0,196.0
2026-09-14 09:00:00+00:00,12.0,174.1471405029297,162.0,207.0
2026-09-14 10:00:00+00:00,13.0,234.024169921875,217.0,221.75
2026-09-14 11:00:00+00:00,14.0,239.84912109375,223.0,225.0
2026-09-14 12:00:00+00:00,15.0,240.68179321289062,229.0,227.0
2026-09-14 13:00:00+00:00,16.0,251.05740356445312,239.0,220.39999389648438
2026-09-14 14:00:00+00:00,17.0,252.00440979003906,236.0,223.0
2026-09-14 15:00:00+00:00,18.0,249.5317840576172,234.0,231.0
2026-09-14 16:00:00+00:00,19.0,232.94691467285156,222.0,232.0
2026-09-14 17:00:00+00:00,20.0,243.5404815673828,228.0,224.14285278320312
2026-09-14 18:00:00+00:00,21.0,244.97862243652344,231.0,221.55555725097656
2026-09-14 19:00:00+00:00,22.0,236.60154724121094,221.0,222.0
2026-09-14 20:00:00+00:00,23.0,207.82980346679688,191.0,221.1999969482422
2026-09-14 21:00:00+00:00,24.0,228.8083038330078,220.0,220.1666717529297
2026-09-14 22:00:00+00:00,25.0,227.42262268066406,221.0,218.0
2026-09-14 23:00:00+00:00,26.0,231.31529235839844,225.0,216.0
2026-09-15 00:00:00+00:00,27.0,231.47161865234375,227.0,216.0
2026-09-15 01:00:00+00:00,28.0,232.4127197265625,227.0,215.1666717529297
2026-09-14 03:00:00+00:00,6.0,189.16629028320312,175.0,292.0
2026-09-14 04:00:00+00:00,7.0,150.02044677734375,134.0,292.0
2026-09-14 05:00:00+00:00,8.0,160.5098114013672,146.0,292.0
2026-09-14 06:00:00+00:00,9.0,140.43650817871094,126.0,291.8333435058594
2026-09-14 07:00:00+00:00,10.0,157.7495574951172,146.0,199.0
2026-09-14 08:00:00+00:00,11.0,175.6269989013672,160.0,196.0
2026-09-14 09:00:00+00:00,12.0,173.63722229003906,162.0,207.0
2026-09-14 10:00:00+00:00,13.0,228.99769592285156,217.0,221.75
2026-09-14 11:00:00+00:00,14.0,240.07980346679688,223.0,225.0
2026-09-14 12:00:00+00:00,15.0,245.47508239746094,229.0,227.0
2026-09-14 13:00:00+00:00,16.0,250.60025024414062,239.0,220.39999389648438
2026-09-14 14:00:00+00:00,17.0,247.74232482910156,236.0,223.0
2026-09-14 15:00:00+00:00,18.0,249.6028289794922,234.0,231.0
2026-09-14 16:00:00+00:00,19.0,237.61013793945312,222.0,232.0
2026-09-14 17:00:00+00:00,20.0,238.50949096679688,228.0,224.14285278320312
2026-09-14 18:00:00+00:00,21.0,245.94607543945312,231.0,221.55555725097656
2026-09-14 19:00:00+00:00,22.0,234.33248901367188,221.0,222.0
2026-09-14 20:00:00+00:00,23.0,206.39878845214844,191.0,221.1999969482422
2026-09-14 21:00:00+00:00,24.0,236.80535888671875,220.0,220.1666717529297
2026-09-14 22:00:00+00:00,25.0,229.31907653808594,221.0,218.0
2026-09-14 23:00:00+00:00,26.0,230.74114990234375,225.0,216.0
2026-09-15 00:00:00+00:00,27.0,232.60018920898438,227.0,216.0
2026-09-15 01:00:00+00:00,28.0,230.5960235595703,227.0,215.1666717529297
2026-09-15 02:00:00+00:00,29.0,236.82418823242188,232.0,213.25
2026-09-14 04:00:00+00:00,7.0,148.25564575195312,134.0,292.0
2026-09-14 05:00:00+00:00,8.0,162.20523071289062,146.0,292.0
2026-09-14 06:00:00+00:00,9.0,140.77542114257812,126.0,291.8333435058594
2026-09-14 07:00:00+00:00,10.0,160.64588928222656,146.0,199.0
2026-09-14 08:00:00+00:00,11.0,171.6834716796875,160.0,196.0
2026-09-14 09:00:00+00:00,12.0,177.31503295898438,162.0,207.0
2026-09-14 10:00:00+00:00,13.0,228.5733642578125,217.0,221.75
2026-09-14 11:00:00+00:00,14.0,234.8107452392578,223.0,225.0
2026-09-14 12:00:00+00:00,15.0,246.0990447998047,229.0,227.0
2026-09-14 13:00:00+00:00,16.0,255.1184844970703,239.0,220.39999389648438
2026-09-14 14:00:00+00:00,17.0,247.47544860839844,236.0,223.0
2026-09-14 15:00:00+00:00,18.0,245.40200805664062,234.0,231.0
2026-09-14 16:00:00+00:00,19.0,237.2145233154297,222.0,232.0
2026-09-14 17:00:00+00:00,20.0,243.63848876953125,228.0,224.14285278320312
2026-09-14 18:00:00+00:00,21.0,241.06338500976562,231.0,221.55555725097656
2026-09-14 19:00:00+00:00,22.0,235.3369903564453,221.0,222.0
2026-09-14 20:00:00+00:00,23.0,203.6930389404297,191.0,221.1999969482422
2026-09-14 21:00:00+00:00,24.0,235.1603546142578,220.0,220.1666717529297
2026-09-14 22:00:00+00:00,25.0,237.70901489257812,221.0,218.0
2026-09-14 23:00:00+00:00,26.0,232.79339599609375,225.0,216.0
2026-09-15 00:00:00+00:00,27.0,232.0691375732422,227.0,216.0
2026-09-15 01:00:00+00:00,28.0,231.9241943359375,227.0,215.1666717529297
2026-09-15 02:00:00+00:00,29.0,234.75192260742188,232.0,213.25
2026-09-15 03:00:00+00:00,30.0,227.24757385253906,223.0,202.25
2026-09-14 05:00:00+00:00,8.0,160.65841674804688,146.0,292.0
2026-09-14 06:00:00+00:00,9.0,142.86895751953125,126.0,291.8333435058594
2026-09-14 07:00:00+00:00,10.0,161.65231323242188,146.0,199.0
2026-09-14 08:00:00+00:00,11.0,175.4387664794922,160.0,196.0
2026-09-14 09:00:00+00:00,12.0,173.97994995117188,162.0,207.0
2026-09-14 10:00:00+00:00,13.0,232.1357421875,217.0,221.75
2026-09-14 11:00:00+00:00,14.0,234.85105895996094,223.0,225.0
2026-09-14 12:00:00+00:00,15.0,240.69580078125,229.0,227.0
2026-09-14 13:00:00+00:00,16.0,256.4116516113281,239.0,220.39999389648438
2026-09-14 14:00:00+00:00,17.0,251.71742248535156,236.0,223.0
2026-09-14 15:00:00+00:00,18.0,245.51185607910156,234.0,231.0
2026-09-14 16:00:00+00:00,19.0,233.2286834716797,222.0,232.0
2026-09-14 17:00:00+00:00,20.0,242.94659423828125,228.0,224.14285278320312
2026-09-14 18:00:00+00:00,21.0,246.7832489013672,231.0,221.55555725097656
2026-09-14 19:00:00+00:00,22.0,230.4995880126953,221.0,222.0
2026-09-14 20:00:00+00:00,23.0,204.35940551757812,191.0,221.1999969482422
2026-09-14 21:00:00+00:00,24.0,231.6382293701172,220.0,220.1666717529297
2026-09-14 22:00:00+00:00,25.0,235.99290466308594,221.0,218.0
2026-09-14 23:00:00+00:00,26.0,241.71739196777344,225.0,216.0
2026-09-15 00:00:00+00:00,27.0,233.86956787109375,227.0,216.0
2026-09-15 01:00:00+00:00,28.0,230.66241455078125,227.0,215.1666717529297
2026-09-15 02:00:00+00:00,29.0,235.6573944091797,232.0,213.25
2026-09-15 03:00:00+00:00,30.0,224.09487915039062,223.0,202.25
2026-09-15 04:00:00+00:00,31.0,228.00180053710938,225.0,202.6666717529297
2026-09-14 06:00:00+00:00,9.0,141.21310424804688,126.0,291.8333435058594
2026-09-14 07:00:00+00:00,10.0,163.92135620117188,146.0,199.0
2026-09-14 08:00:00+00:00,11.0,176.99667358398438,160.0,196.0
2026-09-14 09:00:00+00:00,12.0,178.6182098388672,162.0,207.0
2026-09-14 10:00:00+00:00,13.0,229.63116455078125,217.0,221.75
2026-09-14 11:00:00+00:00,14.0,238.06069946289062,223.0,225.0
2026-09-14 12:00:00+00:00,15.0,241.32254028320312,229.0,227.0
2026-09-14 13:00:00+00:00,16.0,250.65135192871094,239.0,220.39999389648438
2026-09-14 14:00:00+00:00,17.0,253.94796752929688,236.0,223.0
2026-09-14 15:00:00+00:00,18.0,249.3515167236328,234.0,231.0
2026-09-14 16:00:00+00:00,19.0,233.63706970214844,222.0,232.0
2026-09-14 17:00:00+00:00,20.0,239.20333862304688,228.0,224.14285278320312
2026-09-14 18:00:00+00:00,21.0,245.76976013183594,231.0,221.55555725097656
2026-09-14 19:00:00+00:00,22.0,236.9790802001953,221.0,222.0
2026-09-14 20:00:00+00:00,23.0,199.87680053710938,191.0,221.1999969482422
2026-09-14 21:00:00+00:00,24.0,232.20858764648438,220.0,220.1666717529297
2026-09-14 22:00:00+00:00,25.0,231.39549255371094,221.0,218.0
2026-09-14 23:00:00+00:00,26.0,239.9002227783203,225.0,216.0
2026-09-15 00:00:00+00:00,27.0,243.85983276367188,227.0,216.0
2026-09-15 01:00:00+00:00,28.0,232.6151580810547,227.0,215.1666717529297
2026-09-15 02:00:00+00:00,29.0,233.8580780029297,232.0,213.25
2026-09-15 03:00:00+00:00,30.0,225.0711669921875,223.0,202.25
2026-09-15 04:00:00+00:00,31.0,223.98069763183594,225.0,202.6666717529297
2026-09-15 05:00:00+00:00,32.0,231.35369873046875,230.0,198.0
2026-09-14 07:00:00+00:00,1.0,151.55157470703125,132.0,199.0
2026-09-14 08:00:00+00:00,2.0,185.7217254638672,157.0,196.0
2026-09-14 09:00:00+00:00,3.0,197.9835205078125,173.0,207.0
2026-09-14 10:00:00+00:00,4.0,240.0462646484375,218.0,221.75
2026-09-14 11:00:00+00:00,5.0,237.30580139160156,219.0,225.0
2026-09-14 12:00:00+00:00,6.0,247.85000610351562,238.0,227.0
2026-09-14 13:00:00+00:00,7.0,248.15110778808594,234.0,220.39999389648438
2026-09-14 14:00:00+00:00,8.0,240.146240234375,235.0,223.0
2026-09-14 15:00:00+00:00,9.0,250.23521423339844,233.0,231.0
2026-09-14 16:00:00+00:00,10.0,242.76361083984375,234.0,232.0
2026-09-14 17:00:00+00:00,11.0,243.34286499023438,236.0,224.14285278320312
2026-09-14 18:00:00+00:00,12.0,247.10992431640625,239.0,221.55555725097656
2026-09-14 19:00:00+00:00,13.0,230.6956787109375,221.0,222.0
2026-09-14 20:00:00+00:00,14.0,225.49053955078125,216.0,221.1999969482422
2026-09-14 21:00:00+00:00,15.0,199.679443359375,200.0,220.1666717529297
2026-09-14 22:00:00+00:00,16.0,192.82791137695312,198.0,218.0
2026-09-14 23:00:00+00:00,17.0,193.6028289794922,200.0,216.0
2026-09-15 00:00:00+00:00,18.0,208.1462860107422,203.0,216.0
2026-09-15 01:00:00+00:00,19.0,216.47727966308594,208.0,215.1666717529297
2026-09-15 02:00:00+00:00,20.0,205.32553100585938,220.0,213.25
2026-09-15 03:00:00+00:00,21.0,197.56146240234375,222.0,202.25
2026-09-15 04:00:00+00:00,22.0,204.56112670898438,224.0,202.6666717529297
2026-09-15 05:00:00+00:00,23.0,199.29281616210938,225.0,198.0
2026-09-15 06:00:00+00:00,24.0,197.49777221679688,219.0,197.5
2026-09-14 08:00:00+00:00,1.0,175.5520477294922,157.0,196.0
2026-09-14 09:00:00+00:00,2.0,203.60397338867188,173.0,207.0
2026-09-14 10:00:00+00:00,3.0,241.7448272705078,218.0,221.75
2026-09-14 11:00:00+00:00,4.0,238.83131408691406,219.0,225.0
2026-09-14 12:00:00+00:00,5.0,256.599609375,238.0,227.0
2026-09-14 13:00:00+00:00,6.0,242.4131622314453,234.0,220.39999389648438
2026-09-14 14:00:00+00:00,7.0,246.7703399658203,235.0,223.0
2026-09-14 15:00:00+00:00,8.0,235.2919921875,233.0,231.0
2026-09-14 16:00:00+00:00,9.0,248.5308837890625,234.0,232.0
2026-09-14 17:00:00+00:00,10.0,241.77333068847656,236.0,224.14285278320312
2026-09-14 18:00:00+00:00,11.0,242.5093536376953,239.0,221.55555725097656
2026-09-14 19:00:00+00:00,12.0,227.05868530273438,221.0,222.0
2026-09-14 20:00:00+00:00,13.0,223.06524658203125,216.0,221.1999969482422
2026-09-14 21:00:00+00:00,14.0,206.45443725585938,200.0,220.1666717529297
2026-09-14 22:00:00+00:00,15.0,194.80918884277344,198.0,218.0
2026-09-14 23:00:00+00:00,16.0,189.16729736328125,200.0,216.0
2026-09-15 00:00:00+00:00,17.0,191.08114624023438,203.0,216.0
2026-09-15 01:00:00+00:00,18.0,207.84803771972656,208.0,215.1666717529297
2026-09-15 02:00:00+00:00,19.0,223.03448486328125,220.0,213.25
2026-09-15 03:00:00+00:00,20.0,199.75216674804688,222.0,202.25
2026-09-15 04:00:00+00:00,21.0,192.22018432617188,224.0,202.6666717529297
2026-09-15 05:00:00+00:00,22.0,199.35647583007812,225.0,198.0
2026-09-15 06:00:00+00:00,23.0,188.85968017578125,219.0,197.5
2026-09-15 07:00:00+00:00,24.0,191.92050170898438,220.0,196.25
2026-09-14 09:00:00+00:00,1.0,186.6126708984375,170.0,207.0
2026-09-14 10:00:00+00:00,2.0,235.42654418945312,206.0,221.75
2026-09-14 11:00:00+00:00,3.0,244.43309020996094,223.0,225.0
2026-09-14 12:00:00+00:00,4.0,259.7162170410156,242.0,227.0
2026-09-14 13:00:00+00:00,5.0,258.5514221191406,241.0,220.39999389648438
2026-09-14 14:00:00+00:00,6.0,242.22227478027344,235.0,223.0
2026-09-14 15:00:00+00:00,7.0,236.8470001220703,228.0,231.0
2026-09-14 16:00:00+00:00,8.0,233.1949462890625,233.0,232.0
2026-09-14 17:00:00+00:00,9.0,248.02325439453125,236.0,224.14285278320312
2026-09-14 18:00:00+00:00,10.0,230.26873779296875,227.0,221.55555725097656
2026-09-14 19:00:00+00:00,11.0,216.01922607421875,216.0,222.0
2026-09-14 20:00:00+00:00,12.0,214.33924865722656,210.0,221.1999969482422
2026-09-14 21:00:00+00:00,13.0,219.0776824951172,215.0,220.1666717529297
2026-09-14 22:00:00+00:00,14.0,214.9727783203125,211.0,218.0
2026-09-14 23:00:00+00:00,15.0,198.47576904296875,204.0,216.0
2026-09-15 00:00:00+00:00,16.0,202.72381591796875,218.0,216.0
2026-09-15 01:00:00+00:00,17.0,203.49021911621094,219.0,215.1666717529297
2026-09-15 02:00:00+00:00,18.0,214.89590454101562,220.0,213.25
2026-09-15 03:00:00+00:00,19.0,222.98130798339844,225.0,202.25
2026-09-15 04:00:00+00:00,20.0,177.66578674316406,205.0,202.6666717529297
2026-09-15 05:00:00+00:00,21.0,162.62570190429688,199.0,198.0
2026-09-15 06:00:00+00:00,22.0,171.12843322753906,201.0,197.5
2026-09-15 07:00:00+00:00,23.0,169.4304962158203,202.0,196.25
2026-09-15 08:00:00+00:00,24.0,174.8376922607422,207.0,199.7142791748047
2026-09-14 10:00:00+00:00,1.0,231.00636291503906,217.0,221.75
2026-09-14 11:00:00+00:00,2.0,246.89926147460938,220.0,225.0
2026-09-14 12:00:00+00:00,3.0,258.96051025390625,240.0,227.0
2026-09-14 13:00:00+00:00,4.0,254.71324157714844,239.0,220.39999389648438
2026-09-14 14:00:00+00:00,5.0,252.43125915527344,237.0,223.0
2026-09-14 15:00:00+00:00,6.0,233.67434692382812,227.0,231.0
2026-09-14 16:00:00+00:00,7.0,231.54396057128906,226.0,232.0
2026-09-14 17:00:00+00:00,8.0,239.60220336914062,241.0,224.14285278320312
2026-09-14 18:00:00+00:00,9.0,247.2462158203125,237.0,221.55555725097656
2026-09-14 19:00:00+00:00,10.0,221.43028259277344,220.0,222.0
2026-09-14 20:00:00+00:00,11.0,207.0740966796875,210.0,221.1999969482422
2026-09-14 21:00:00+00:00,12.0,199.5074005126953,197.0,220.1666717529297
2026-09-14 22:00:00+00:00,13.0,199.53109741210938,199.0,218.0
2026-09-14 23:00:00+00:00,14.0,194.5805206298828,193.0,216.0
2026-09-15 00:00:00+00:00,15.0,195.5997772216797,203.0,216.0
2026-09-15 01:00:00+00:00,16.0,197.38772583007812,216.0,215.1666717529297
2026-09-15 02:00:00+00:00,17.0,205.0794677734375,224.0,213.25
2026-09-15 03:00:00+00:00,18.0,215.203857421875,225.0,202.25
2026-09-15 04:00:00+00:00,19.0,213.02804565429688,220.0,202.6666717529297
2026-09-15 05:00:00+00:00,20.0,191.68231201171875,223.0,198.0
2026-09-15 06:00:00+00:00,21.0,189.10128784179688,228.0,197.5
2026-09-15 07:00:00+00:00,22.0,181.76486206054688,215.0,196.25
2026-09-15 08:00:00+00:00,23.0,182.6941375732422,217.0,199.7142791748047
2026-09-15 09:00:00+00:00,24.0,188.48497009277344,223.0,208.3333282470703
2026-09-14 11:00:00+00:00,2.0,230.53753662109375,220.0,225.0
2026-09-14 12:00:00+00:00,3.0,262.8476257324219,240.0,227.0
2026-09-14 13:00:00+00:00,4.0,253.95614624023438,239.0,220.39999389648438
2026-09-14 14:00:00+00:00,5.0,250.0272979736328,237.0,223.0
2026-09-14 15:00:00+00:00,6.0,239.23916625976562,227.0,231.0
2026-09-14 16:00:00+00:00,7.0,231.48989868164062,226.0,232.0
2026-09-14 17:00:00+00:00,8.0,242.6351318359375,241.0,224.14285278320312
2026-09-14 18:00:00+00:00,9.0,233.77627563476562,237.0,221.55555725097656
2026-09-14 19:00:00+00:00,10.0,227.9156494140625,220.0,222.0
2026-09-14 20:00:00+00:00,11.0,209.134765625,210.0,221.1999969482422
2026-09-14 21:00:00+00:00,12.0,191.43450927734375,197.0,220.1666717529297
2026-09-14 22:00:00+00:00,13.0,199.92567443847656,199.0,218.0
2026-09-14 23:00:00+00:00,14.0,190.12901306152344,193.0,216.0
2026-09-15 00:00:00+00:00,15.0,201.8404541015625,203.0,216.0
2026-09-15 01:00:00+00:00,16.0,206.62449645996094,216.0,215.1666717529297
2026-09-15 02:00:00+00:00,17.0,203.27554321289062,224.0,213.25
2026-09-15 03:00:00+00:00,18.0,203.09259033203125,225.0,202.25
2026-09-15 04:00:00+00:00,19.0,205.8328094482422,220.0,202.6666717529297
2026-09-15 05:00:00+00:00,20.0,211.3133544921875,223.0,198.0
2026-09-15 06:00:00+00:00,21.0,194.18556213378906,228.0,197.5
2026-09-15 07:00:00+00:00,22.0,175.98072814941406,215.0,196.25
2026-09-15 08:00:00+00:00,23.0,182.2205047607422,217.0,199.7142791748047
2026-09-15 09:00:00+00:00,24.0,188.8765869140625,223.0,208.3333282470703
2026-09-15 10:00:00+00:00,25.0,176.6287384033203,211.0,219.5
2026-09-14 12:00:00+00:00,3.0,247.38670349121094,240.0,227.0
2026-09-14 13:00:00+00:00,4.0,256.9276428222656,239.0,220.39999389648438
2026-09-14 14:00:00+00:00,5.0,246.96560668945312,237.0,223.0
2026-09-14 15:00:00+00:00,6.0,236.8126983642578,227.0,231.0
2026-09-14 16:00:00+00:00,7.0,234.65383911132812,226.0,232.0
2026-09-14 17:00:00+00:00,8.0,245.07521057128906,241.0,224.14285278320312
2026-09-14 18:00:00+00:00,9.0,234.55430603027344,237.0,221.55555725097656
2026-09-14 19:00:00+00:00,10.0,214.8031768798828,220.0,222.0
2026-09-14 20:00:00+00:00,11.0,214.81442260742188,210.0,221.1999969482422
2026-09-14 21:00:00+00:00,12.0,193.29981994628906,197.0,220.1666717529297
2026-09-14 22:00:00+00:00,13.0,190.74411010742188,199.0,218.0
2026-09-14 23:00:00+00:00,14.0,191.79200744628906,193.0,216.0
2026-09-15 00:00:00+00:00,15.0,196.49159240722656,203.0,216.0
2026-09-15 01:00:00+00:00,16.0,211.728515625,216.0,215.1666717529297
2026-09-15 02:00:00+00:00,17.0,212.30673217773438,224.0,213.25
2026-09-15 03:00:00+00:00,18.0,202.6035614013672,225.0,202.25
2026-09-15 04:00:00+00:00,19.0,195.94677734375,220.0,202.6666717529297
2026-09-15 05:00:00+00:00,20.0,204.8212890625,223.0,198.0
2026-09-15 06:00:00+00:00,21.0,211.7169952392578,228.0,197.5
2026-09-15 07:00:00+00:00,22.0,179.80445861816406,215.0,196.25
2026-09-15 08:00:00+00:00,23.0,179.31161499023438,217.0,199.7142791748047
2026-09-15 09:00:00+00:00,24.0,187.82550048828125,223.0,208.3333282470703
2026-09-15 10:00:00+00:00,25.0,178.05465698242188,211.0,219.5
2026-09-15 11:00:00+00:00,26.0,164.71652221679688,198.0,220.0
2026-09-14 13:00:00+00:00,4.0,243.5004119873047,239.0,220.39999389648438
2026-09-14 14:00:00+00:00,5.0,249.9384002685547,237.0,223.0
2026-09-14 15:00:00+00:00,6.0,231.44056701660156,227.0,231.0
2026-09-14 16:00:00+00:00,7.0,232.17723083496094,226.0,232.0
2026-09-14 17:00:00+00:00,8.0,246.46841430664062,241.0,224.14285278320312
2026-09-14 18:00:00+00:00,9.0,239.09588623046875,237.0,221.55555725097656
2026-09-14 19:00:00+00:00,10.0,213.77288818359375,220.0,222.0
2026-09-14 20:00:00+00:00,11.0,202.99234008789062,210.0,221.1999969482422
2026-09-14 21:00:00+00:00,12.0,198.74383544921875,197.0,220.1666717529297
2026-09-14 22:00:00+00:00,13.0,192.7202911376953,199.0,218.0
2026-09-14 23:00:00+00:00,14.0,182.34710693359375,193.0,216.0
2026-09-15 00:00:00+00:00,15.0,198.88235473632812,203.0,216.0
2026-09-15 01:00:00+00:00,16.0,206.88746643066406,216.0,215.1666717529297
2026-09-15 02:00:00+00:00,17.0,216.45620727539062,224.0,213.25
2026-09-15 03:00:00+00:00,18.0,210.25149536132812,225.0,202.25
2026-09-15 04:00:00+00:00,19.0,197.1539306640625,220.0,202.6666717529297
2026-09-15 05:00:00+00:00,20.0,197.98355102539062,223.0,198.0
2026-09-15 06:00:00+00:00,21.0,206.92559814453125,228.0,197.5
2026-09-15 07:00:00+00:00,22.0,194.99964904785156,215.0,196.25
2026-09-15 08:00:00+00:00,23.0,182.37911987304688,217.0,199.7142791748047
2026-09-15 09:00:00+00:00,24.0,187.30007934570312,223.0,208.3333282470703
2026-09-15 10:00:00+00:00,25.0,177.3595428466797,211.0,219.5
2026-09-15 11:00:00+00:00,26.0,166.97357177734375,198.0,220.0
2026-09-15 12:00:00+00:00,27.0,160.22503662109375,192.0,217.5
2026-09-14 14:00:00+00:00,5.0,238.60025024414062,237.0,223.0
2026-09-14 15:00:00+00:00,6.0,235.2213134765625,227.0,231.0
2026-09-14 16:00:00+00:00,7.0,225.0248565673828,226.0,232.0
2026-09-14 17:00:00+00:00,8.0,243.289794921875,241.0,224.14285278320312
2026-09-14 18:00:00+00:00,9.0,239.22515869140625,237.0,221.55555725097656
2026-09-14 19:00:00+00:00,10.0,220.06578063964844,220.0,222.0
2026-09-14 20:00:00+00:00,11.0,200.51417541503906,210.0,221.1999969482422
2026-09-14 21:00:00+00:00,12.0,188.1037139892578,197.0,220.1666717529297
2026-09-14 22:00:00+00:00,13.0,197.18727111816406,199.0,218.0
2026-09-14 23:00:00+00:00,14.0,183.86520385742188,193.0,216.0
2026-09-15 00:00:00+00:00,15.0,189.96084594726562,203.0,216.0
2026-09-15 01:00:00+00:00,16.0,209.0298614501953,216.0,215.1666717529297
2026-09-15 02:00:00+00:00,17.0,212.6676483154297,224.0,213.25
2026-09-15 03:00:00+00:00,18.0,213.77830505371094,225.0,202.25
2026-09-15 04:00:00+00:00,19.0,202.1873321533203,220.0,202.6666717529297
2026-09-15 05:00:00+00:00,20.0,200.456787109375,223.0,198.0
2026-09-15 06:00:00+00:00,21.0,202.30075073242188,228.0,197.5
2026-09-15 07:00:00+00:00,22.0,191.90658569335938,215.0,196.25
2026-09-15 08:00:00+00:00,23.0,194.42669677734375,217.0,199.7142791748047
2026-09-15 09:00:00+00:00,24.0,189.575927734375,223.0,208.3333282470703
2026-09-15 10:00:00+00:00,25.0,177.43771362304688,211.0,219.5
2026-09-15 11:00:00+00:00,26.0,166.7257537841797,198.0,220.0
2026-09-15 12:00:00+00:00,27.0,163.5751953125,192.0,217.5
2026-09-15 13:00:00+00:00,28.0,173.44639587402344,203.0,233.0
2026-09-14 15:00:00+00:00,6.0,225.66683959960938,227.0,231.0
2026-09-14 16:00:00+00:00,7.0,229.67523193359375,226.0,232.0
2026-09-14 17:00:00+00:00,8.0,235.5616912841797,241.0,224.14285278320312
2026-09-14 18:00:00+00:00,9.0,235.81759643554688,237.0,221.55555725097656
2026-09-14 19:00:00+00:00,10.0,218.64476013183594,220.0,222.0
2026-09-14 20:00:00+00:00,11.0,207.74525451660156,210.0,221.1999969482422
2026-09-14 21:00:00+00:00,12.0,185.21170043945312,197.0,220.1666717529297
2026-09-14 22:00:00+00:00,13.0,188.92898559570312,199.0,218.0
2026-09-14 23:00:00+00:00,14.0,187.79188537597656,193.0,216.0
2026-09-15 00:00:00+00:00,15.0,191.41995239257812,203.0,216.0
2026-09-15 01:00:00+00:00,16.0,201.3981475830078,216.0,215.1666717529297
2026-09-15 02:00:00+00:00,17.0,214.46656799316406,224.0,213.25
2026-09-15 03:00:00+00:00,18.0,212.2855987548828,225.0,202.25
2026-09-15 04:00:00+00:00,19.0,205.9144287109375,220.0,202.6666717529297
2026-09-15 05:00:00+00:00,20.0,203.13287353515625,223.0,198.0
2026-09-15 06:00:00+00:00,21.0,206.15667724609375,228.0,197.5
2026-09-15 07:00:00+00:00,22.0,189.507080078125,215.0,196.25
2026-09-15 08:00:00+00:00,23.0,192.88514709472656,217.0,199.7142791748047
2026-09-15 09:00:00+00:00,24.0,199.2089080810547,223.0,208.3333282470703
2026-09-15 10:00:00+00:00,25.0,179.40003967285156,211.0,219.5
2026-09-15 11:00:00+00:00,26.0,166.719970703125,198.0,220.0
2026-09-15 12:00:00+00:00,27.0,163.33013916015625,192.0,217.5
2026-09-15 13:00:00+00:00,28.0,177.1046600341797,203.0,233.0
2026-09-15 14:00:00+00:00,29.0,213.23126220703125,240.0,251.1666717529297
2026-09-14 16:00:00+00:00,1.0,230.00747680664062,234.0,232.0
2026-09-14 17:00:00+00:00,2.0,238.83152770996094,239.0,224.14285278320312
2026-09-14 18:00:00+00:00,3.0,215.48199462890625,224.0,221.55555725097656
2026-09-14 19:00:00+00:00,4.0,218.161376953125,222.0,222.0
2026-09-14 20:00:00+00:00,5.0,201.42726135253906,206.0,221.1999969482422
2026-09-14 21:00:00+00:00,6.0,200.52154541015625,205.0,220.1666717529297
2026-09-14 22:00:00+00:00,7.0,198.7352294921875,212.0,218.0
2026-09-14 23:00:00+00:00,8.0,208.32704162597656,219.0,216.0
2026-09-15 00:00:00+00:00,9.0,209.2238311767578,217.0,216.0
2026-09-15 01:00:00+00:00,10.0,199.84042358398438,213.0,215.1666717529297
2026-09-15 02:00:00+00:00,11.0,201.68295288085938,217.0,213.25
2026-09-15 03:00:00+00:00,12.0,199.8107147216797,211.0,202.25
2026-09-15 04:00:00+00:00,13.0,190.61834716796875,204.0,202.6666717529297
2026-09-15 05:00:00+00:00,14.0,207.3013153076172,223.0,198.0
2026-09-15 06:00:00+00:00,15.0,205.13095092773438,226.0,197.5
2026-09-15 07:00:00+00:00,16.0,178.19970703125,199.0,196.25
2026-09-15 08:00:00+00:00,17.0,194.62705993652344,219.0,199.7142791748047
2026-09-15 09:00:00+00:00,18.0,200.98190307617188,225.0,208.3333282470703
2026-09-15 10:00:00+00:00,19.0,195.89419555664062,220.0,219.5
2026-09-15 11:00:00+00:00,20.0,188.5731201171875,218.0,220.0
2026-09-15 12:00:00+00:00,21.0,175.27957153320312,204.0,217.5
2026-09-15 13:00:00+00:00,22.0,182.4114990234375,208.0,233.0
2026-09-15 14:00:00+00:00,23.0,211.49520874023438,235.0,251.1666717529297
2026-09-15 15:00:00+00:00,24.0,214.26486206054688,238.0,265.1428527832031
2026-09-14 17:00:00+00:00,2.0,232.50653076171875,239.0,224.14285278320312
2026-09-14 18:00:00+00:00,3.0,220.21600341796875,224.0,221.55555725097656
2026-09-14 19:00:00+00:00,4.0,211.66412353515625,222.0,222.0
2026-09-14 20:00:00+00:00,5.0,199.71971130371094,206.0,221.1999969482422
2026-09-14 21:00:00+00:00,6.0,197.3271484375,205.0,220.1666717529297
2026-09-14 22:00:00+00:00,7.0,204.9468231201172,212.0,218.0
2026-09-14 23:00:00+00:00,8.0,204.796142578125,219.0,216.0
2026-09-15 00:00:00+00:00,9.0,205.05613708496094,217.0,216.0
2026-09-15 01:00:00+00:00,10.0,202.95339965820312,213.0,215.1666717529297
2026-09-15 02:00:00+00:00,11.0,202.9260711669922,217.0,213.25
2026-09-15 03:00:00+00:00,12.0,195.1773223876953,211.0,202.25
2026-09-15 04:00:00+00:00,13.0,191.6245880126953,204.0,202.6666717529297
2026-09-15 05:00:00+00:00,14.0,209.06546020507812,223.0,198.0
2026-09-15 06:00:00+00:00,15.0,209.77203369140625,226.0,197.5
2026-09-15 07:00:00+00:00,16.0,178.2543182373047,199.0,196.25
2026-09-15 08:00:00+00:00,17.0,200.38197326660156,219.0,199.7142791748047
2026-09-15 09:00:00+00:00,18.0,202.236083984375,225.0,208.3333282470703
2026-09-15 10:00:00+00:00,19.0,197.171875,220.0,219.5
2026-09-15 11:00:00+00:00,20.0,195.27261352539062,218.0,220.0
2026-09-15 12:00:00+00:00,21.0,177.96572875976562,204.0,217.5
2026-09-15 13:00:00+00:00,22.0,183.7346649169922,208.0,233.0
2026-09-15 14:00:00+00:00,23.0,212.5990753173828,235.0,251.1666717529297
2026-09-15 15:00:00+00:00,24.0,217.6280517578125,238.0,265.1428527832031
2026-09-15 16:00:00+00:00,25.0,229.5917510986328,250.0,264.0
2026-09-14 18:00:00+00:00,3.0,215.58033752441406,224.0,221.55555725097656
2026-09-14 19:00:00+00:00,4.0,215.4938507080078,222.0,222.0
2026-09-14 20:00:00+00:00,5.0,195.04397583007812,206.0,221.1999969482422
2026-09-14 21:00:00+00:00,6.0,196.69679260253906,205.0,220.1666717529297
2026-09-14 22:00:00+00:00,7.0,202.0164031982422,212.0,218.0
2026-09-14 23:00:00+00:00,8.0,209.4378204345703,219.0,216.0
2026-09-15 00:00:00+00:00,9.0,202.6562042236328,217.0,216.0
2026-09-15 01:00:00+00:00,10.0,199.4390869140625,213.0,215.1666717529297
2026-09-15 02:00:00+00:00,11.0,205.35009765625,217.0,213.25
2026-09-15 03:00:00+00:00,12.0,197.1478271484375,211.0,202.25
2026-09-15 04:00:00+00:00,13.0,188.09127807617188,204.0,202.6666717529297
2026-09-15 05:00:00+00:00,14.0,210.57492065429688,223.0,198.0
2026-09-15 06:00:00+00:00,15.0,211.91900634765625,226.0,197.5
2026-09-15 07:00:00+00:00,16.0,183.0484161376953,199.0,196.25
2026-09-15 08:00:00+00:00,17.0,199.3606414794922,219.0,199.7142791748047
2026-09-15 09:00:00+00:00,18.0,208.9439239501953,225.0,208.3333282470703
2026-09-15 10:00:00+00:00,19.0,198.81822204589844,220.0,219.5
2026-09-15 11:00:00+00:00,20.0,197.0906524658203,218.0,220.0
2026-09-15 12:00:00+00:00,21.0,184.0972137451172,204.0,217.5
2026-09-15 13:00:00+00:00,22.0,186.08892822265625,208.0,233.0
2026-09-15 14:00:00+00:00,23.0,215.42201232910156,235.0,251.1666717529297
2026-09-15 15:00:00+00:00,24.0,219.46937561035156,238.0,265.1428527832031
2026-09-15 16:00:00+00:00,25.0,232.7900390625,250.0,264.0
2026-09-15 17:00:00+00:00,26.0,234.00634765625,251.0,257.0
2026-09-14 19:00:00+00:00,4.0,213.05172729492188,222.0,222.0
2026-09-14 20:00:00+00:00,5.0,198.227294921875,206.0,221.1999969482422
2026-09-14 21:00:00+00:00,6.0,193.71627807617188,205.0,220.1666717529297
2026-09-14 22:00:00+00:00,7.0,202.32537841796875,212.0,218.0
2026-09-14 23:00:00+00:00,8.0,207.99082946777344,219.0,216.0
2026-09-15 00:00:00+00:00,9.0,205.9248046875,217.0,216.0
2026-09-15 01:00:00+00:00,10.0,198.93106079101562,213.0,215.1666717529297
2026-09-15 02:00:00+00:00,11.0,203.30615234375,217.0,213.25
2026-09-15 03:00:00+00:00,12.0,198.54971313476562,211.0,202.25
2026-09-15 04:00:00+00:00,13.0,191.3024444580078,204.0,202.6666717529297
2026-09-15 05:00:00+00:00,14.0,207.75267028808594,223.0,198.0
2026-09-15 06:00:00+00:00,15.0,213.87918090820312,226.0,197.5
2026-09-15 07:00:00+00:00,16.0,185.54734802246094,199.0,196.25
2026-09-15 08:00:00+00:00,17.0,204.1964874267578,219.0,199.7142791748047
2026-09-15 09:00:00+00:00,18.0,207.59779357910156,225.0,208.3333282470703
2026-09-15 10:00:00+00:00,19.0,206.32252502441406,220.0,219.5
2026-09-15 11:00:00+00:00,20.0,199.47987365722656,218.0,220.0
2026-09-15 12:00:00+00:00,21.0,185.7978973388672,204.0,217.5
2026-09-15 13:00:00+00:00,22.0,191.30360412597656,208.0,233.0
2026-09-15 14:00:00+00:00,23.0,217.73468017578125,235.0,251.1666717529297
2026-09-15 15:00:00+00:00,24.0,222.86695861816406,238.0,265.1428527832031
2026-09-15 16:00:00+00:00,25.0,235.2245330810547,250.0,264.0
2026-09-15 17:00:00+00:00,26.0,236.776611328125,251.0,257.0
2026-09-15 18:00:00+00:00,27.0,267.55029296875,281.0,276.79998779296875
2026-09-14 20:00:00+00:00,5.0,197.2444305419922,206.0,221.1999969482422
2026-09-14 21:00:00+00:00,6.0,197.0792999267578,205.0,220.1666717529297
2026-09-14 22:00:00+00:00,7.0,200.90924072265625,212.0,218.0
2026-09-14 23:00:00+00:00,8.0,209.02708435058594,219.0,216.0
2026-09-15 00:00:00+00:00,9.0,206.07916259765625,217.0,216.0
2026-09-15 01:00:00+00:00,10.0,201.70758056640625,213.0,215.1666717529297
2026-09-15 02:00:00+00:00,11.0,203.48133850097656,217.0,213.25
2026-09-15 03:00:00+00:00,12.0,198.18333435058594,211.0,202.25
2026-09-15 04:00:00+00:00,13.0,192.0586700439453,204.0,202.6666717529297
2026-09-15 05:00:00+00:00,14.0,211.8959197998047,223.0,198.0
2026-09-15 06:00:00+00:00,15.0,211.92578125,226.0,197.5
2026-09-15 07:00:00+00:00,16.0,187.69361877441406,199.0,196.25
2026-09-15 08:00:00+00:00,17.0,206.822998046875,219.0,199.7142791748047
2026-09-15 09:00:00+00:00,18.0,211.78262329101562,225.0,208.3333282470703
2026-09-15 10:00:00+00:00,19.0,205.02407836914062,220.0,219.5
2026-09-15 11:00:00+00:00,20.0,206.2525177001953,218.0,220.0
2026-09-15 12:00:00+00:00,21.0,188.1508331298828,204.0,217.5
2026-09-15 13:00:00+00:00,22.0,192.6667022705078,208.0,233.0
2026-09-15 14:00:00+00:00,23.0,221.11898803710938,235.0,251.1666717529297
2026-09-15 15:00:00+00:00,24.0,224.4269256591797,238.0,265.1428527832031
2026-09-15 16:00:00+00:00,25.0,238.14317321777344,250.0,264.0
2026-09-15 17:00:00+00:00,26.0,239.1614227294922,251.0,257.0
2026-09-15 18:00:00+00:00,27.0,268.80828857421875,281.0,276.79998779296875
2026-09-15 19:00:00+00:00,28.0,289.23968505859375,300.0,300.375
2026-09-14 21:00:00+00:00,6.0,196.70953369140625,205.0,220.1666717529297
2026-09-14 22:00:00+00:00,7.0,204.85269165039062,212.0,218.0
2026-09-14 23:00:00+00:00,8.0,209.01686096191406,219.0,216.0
2026-09-15 00:00:00+00:00,9.0,207.90122985839844,217.0,216.0
2026-09-15 01:00:00+00:00,10.0,203.10169982910156,213.0,215.1666717529297
2026-09-15 02:00:00+00:00,11.0,207.01560974121094,217.0,213.25
2026-09-15 03:00:00+00:00,12.0,198.82830810546875,211.0,202.25
2026-09-15 04:00:00+00:00,13.0,192.97869873046875,204.0,202.6666717529297
2026-09-15 05:00:00+00:00,14.0,212.60568237304688,223.0,198.0
2026-09-15 06:00:00+00:00,15.0,216.8675537109375,226.0,197.5
2026-09-15 07:00:00+00:00,16.0,186.66265869140625,199.0,196.25
2026-09-15 08:00:00+00:00,17.0,209.3443603515625,219.0,199.7142791748047
2026-09-15 09:00:00+00:00,18.0,214.1702423095703,225.0,208.3333282470703
2026-09-15 10:00:00+00:00,19.0,208.59251403808594,220.0,219.5
2026-09-15 11:00:00+00:00,20.0,205.4124755859375,218.0,220.0
2026-09-15 12:00:00+00:00,21.0,194.18849182128906,204.0,217.5
2026-09-15 13:00:00+00:00,22.0,194.8662872314453,208.0,233.0
2026-09-15 14:00:00+00:00,23.0,222.544921875,235.0,251.1666717529297
2026-09-15 15:00:00+00:00,24.0,226.34603881835938,238.0,265.1428527832031
2026-09-15 16:00:00+00:00,25.0,239.46620178222656,250.0,264.0
2026-09-15 17:00:00+00:00,26.0,242.0178985595703,251.0,257.0
2026-09-15 18:00:00+00:00,27.0,271.7103576660156,281.0,276.79998779296875
2026-09-15 19:00:00+00:00,28.0,289.37274169921875,300.0,300.375
2026-09-15 20:00:00+00:00,29.0,298.7626647949219,307.0,302.0
2026-09-14 22:00:00+00:00,7.0,204.70314025878906,212.0,218.0
2026-09-14 23:00:00+00:00,8.0,212.52606201171875,219.0,216.0
2026-09-15 00:00:00+00:00,9.0,208.4833526611328,217.0,216.0
2026-09-15 01:00:00+00:00,10.0,205.3300018310547,213.0,215.1666717529297
2026-09-15 02:00:00+00:00,11.0,208.2535858154297,217.0,213.25
2026-09-15 03:00:00+00:00,12.0,203.7366943359375,211.0,202.25
2026-09-15 04:00:00+00:00,13.0,194.0277862548828,204.0,202.6666717529297
2026-09-15 05:00:00+00:00,14.0,214.43344116210938,223.0,198.0
2026-09-15 06:00:00+00:00,15.0,217.85365295410156,226.0,197.5
2026-09-15 07:00:00+00:00,16.0,192.19789123535156,199.0,196.25
2026-09-15 08:00:00+00:00,17.0,209.3719024658203,219.0,199.7142791748047
2026-09-15 09:00:00+00:00,18.0,217.57357788085938,225.0,208.3333282470703
2026-09-15 10:00:00+00:00,19.0,211.19505310058594,220.0,219.5
2026-09-15 11:00:00+00:00,20.0,209.1291046142578,218.0,220.0
2026-09-15 12:00:00+00:00,21.0,193.86129760742188,204.0,217.5
2026-09-15 13:00:00+00:00,22.0,200.2646026611328,208.0,233.0
2026-09-15 14:00:00+00:00,23.0,225.37554931640625,235.0,251.1666717529297
2026-09-15 15:00:00+00:00,24.0,228.25717163085938,238.0,265.1428527832031
2026-09-15 16:00:00+00:00,25.0,240.39222717285156,250.0,264.0
2026-09-15 17:00:00+00:00,26.0,243.24440002441406,251.0,257.0
2026-09-15 18:00:00+00:00,27.0,274.8280029296875,281.0,276.79998779296875
2026-09-15 19:00:00+00:00,28.0,293.3414306640625,300.0,300.375
2026-09-15 20:00:00+00:00,29.0,298.42584228515625,307.0,302.0
2026-09-15 21:00:00+00:00,30.0,302.3782958984375,308.0,302.0
2026-09-14 23:00:00+00:00,8.0,213.09571838378906,219.0,216.0
2026-09-15 00:00:00+00:00,9.0,210.77835083007812,217.0,216.0
2026-09-15 01:00:00+00:00,10.0,206.07907104492188,213.0,215.1666717529297
2026-09-15 02:00:00+00:00,11.0,210.21177673339844,217.0,213.25
2026-09-15 03:00:00+00:00,12.0,203.49864196777344,211.0,202.25
2026-09-15 04:00:00+00:00,13.0,199.36573791503906,204.0,202.6666717529297
2026-09-15 05:00:00+00:00,14.0,215.4803009033203,223.0,198.0
2026-09-15 06:00:00+00:00,15.0,219.33106994628906,226.0,197.5
2026-09-15 07:00:00+00:00,16.0,192.94500732421875,199.0,196.25
2026-09-15 08:00:00+00:00,17.0,214.33628845214844,219.0,199.7142791748047
2026-09-15 09:00:00+00:00,18.0,218.3065948486328,225.0,208.3333282470703
2026-09-15 10:00:00+00:00,19.0,214.84947204589844,220.0,219.5
2026-09-15 11:00:00+00:00,20.0,211.18190002441406,218.0,220.0
2026-09-15 12:00:00+00:00,21.0,197.10850524902344,204.0,217.5
2026-09-15 13:00:00+00:00,22.0,200.41432189941406,208.0,233.0
2026-09-15 14:00:00+00:00,23.0,229.3766632080078,235.0,251.1666717529297
2026-09-15 15:00:00+00:00,24.0,231.7209014892578,238.0,265.1428527832031
2026-09-15 16:00:00+00:00,25.0,242.25436401367188,250.0,264.0
2026-09-15 17:00:00+00:00,26.0,243.958251953125,251.0,257.0
2026-09-15 18:00:00+00:00,27.0,275.9299011230469,281.0,276.79998779296875
2026-09-15 19:00:00+00:00,28.0,296.2514343261719,300.0,300.375
2026-09-15 20:00:00+00:00,29.0,302.3897399902344,307.0,302.0
2026-09-15 21:00:00+00:00,30.0,301.7562255859375,308.0,302.0
2026-09-15 22:00:00+00:00,31.0,300.80322265625,304.0,300.6666564941406
2026-09-15 00:00:00+00:00,9.0,212.42718505859375,217.0,216.0
2026-09-15 01:00:00+00:00,10.0,207.36534118652344,213.0,215.1666717529297
2026-09-15 02:00:00+00:00,11.0,211.77261352539062,217.0,213.25
2026-09-15 03:00:00+00:00,12.0,204.9382781982422,211.0,202.25
2026-09-15 04:00:00+00:00,13.0,197.55435180664062,204.0,202.6666717529297
2026-09-15 05:00:00+00:00,14.0,220.79205322265625,223.0,198.0
2026-09-15 06:00:00+00:00,15.0,220.61131286621094,226.0,197.5
2026-09-15 07:00:00+00:00,16.0,194.1527862548828,199.0,196.25
2026-09-15 08:00:00+00:00,17.0,215.51380920410156,219.0,199.7142791748047
2026-09-15 09:00:00+00:00,18.0,222.33912658691406,225.0,208.3333282470703
2026-09-15 10:00:00+00:00,19.0,216.2260284423828,220.0,219.5
2026-09-15 11:00:00+00:00,20.0,214.8380889892578,218.0,220.0
2026-09-15 12:00:00+00:00,21.0,199.6658172607422,204.0,217.5
2026-09-15 13:00:00+00:00,22.0,202.90200805664062,208.0,233.0
2026-09-15 14:00:00+00:00,23.0,229.82516479492188,235.0,251.1666717529297
2026-09-15 15:00:00+00:00,24.0,234.930419921875,238.0,265.1428527832031
2026-09-15 16:00:00+00:00,25.0,246.87570190429688,250.0,264.0
2026-09-15 17:00:00+00:00,26.0,245.07025146484375,251.0,257.0
2026-09-15 18:00:00+00:00,27.0,276.78277587890625,281.0,276.79998779296875
2026-09-15 19:00:00+00:00,28.0,297.59930419921875,300.0,300.375
2026-09-15 20:00:00+00:00,29.0,305.3494873046875,307.0,302.0
2026-09-15 21:00:00+00:00,30.0,305.4868469238281,308.0,302.0
2026-09-15 22:00:00+00:00,31.0,300.22308349609375,304.0,300.6666564941406
2026-09-15 23:00:00+00:00,32.0,313.2832946777344,314.0,301.0
2026-09-15 01:00:00+00:00,10.0,209.932373046875,213.0,215.1666717529297
2026-09-15 02:00:00+00:00,11.0,212.56898498535156,217.0,213.25
2026-09-15 03:00:00+00:00,12.0,207.00485229492188,211.0,202.25
2026-09-15 04:00:00+00:00,13.0,198.97320556640625,204.0,202.6666717529297
2026-09-15 05:00:00+00:00,14.0,217.51893615722656,223.0,198.0
2026-09-15 06:00:00+00:00,15.0,225.8697052001953,226.0,197.5
2026-09-15 07:00:00+00:00,16.0,195.254638671875,199.0,196.25
2026-09-15 08:00:00+00:00,17.0,215.87770080566406,219.0,199.7142791748047
2026-09-15 09:00:00+00:00,18.0,223.8355255126953,225.0,208.3333282470703
2026-09-15 10:00:00+00:00,19.0,219.76568603515625,220.0,219.5
2026-09-15 11:00:00+00:00,20.0,216.18075561523438,218.0,220.0
2026-09-15 12:00:00+00:00,21.0,202.69094848632812,204.0,217.5
2026-09-15 13:00:00+00:00,22.0,205.99588012695312,208.0,233.0
2026-09-15 14:00:00+00:00,23.0,232.06277465820312,235.0,251.1666717529297
2026-09-15 15:00:00+00:00,24.0,234.9744415283203,238.0,265.1428527832031
2026-09-15 16:00:00+00:00,25.0,249.660888671875,250.0,264.0
2026-09-15 17:00:00+00:00,26.0,250.65155029296875,251.0,257.0
2026-09-15 18:00:00+00:00,27.0,277.1501159667969,281.0,276.79998779296875
2026-09-15 19:00:00+00:00,28.0,298.0885925292969,300.0,300.375
2026-09-15 20:00:00+00:00,29.0,306.7564697265625,307.0,302.0
2026-09-15 21:00:00+00:00,30.0,308.6422119140625,308.0,302.0
2026-09-15 22:00:00+00:00,31.0,303.7854919433594,304.0,300.6666564941406
2026-09-15 23:00:00+00:00,32.0,312.2633361816406,314.0,301.0
2026-09-16 00:00:00+00:00,33.0,316.33746337890625,315.0,301.0
2026-09-15 02:00:00+00:00,11.0,215.57308959960938,217.0,213.25
2026-09-15 03:00:00+00:00,12.0,207.8555450439453,211.0,202.25
2026-09-15 04:00:00+00:00,13.0,201.2323760986328,204.0,202.6666717529297
2026-09-15 05:00:00+00:00,14.0,219.1525115966797,223.0,198.0
2026-09-15 06:00:00+00:00,15.0,221.64402770996094,226.0,197.5
2026-09-15 07:00:00+00:00,16.0,200.81179809570312,199.0,196.25
2026-09-15 08:00:00+00:00,17.0,216.83172607421875,219.0,199.7142791748047
2026-09-15 09:00:00+00:00,18.0,223.6104736328125,225.0,208.3333282470703
2026-09-15 10:00:00+00:00,19.0,220.9603271484375,220.0,219.5
2026-09-15 11:00:00+00:00,20.0,220.15875244140625,218.0,220.0
2026-09-15 12:00:00+00:00,21.0,203.796630859375,204.0,217.5
2026-09-15 13:00:00+00:00,22.0,208.23330688476562,208.0,233.0
2026-09-15 14:00:00+00:00,23.0,235.35693359375,235.0,251.1666717529297
2026-09-15 15:00:00+00:00,24.0,237.31973266601562,238.0,265.1428527832031
2026-09-15 16:00:00+00:00,25.0,249.10040283203125,250.0,264.0
2026-09-15 17:00:00+00:00,26.0,253.4181671142578,251.0,257.0
2026-09-15 18:00:00+00:00,27.0,283.3440856933594,281.0,276.79998779296875
2026-09-15 19:00:00+00:00,28.0,298.2684326171875,300.0,300.375
2026-09-15 20:00:00+00:00,29.0,307.4331970214844,307.0,302.0
2026-09-15 21:00:00+00:00,30.0,309.91412353515625,308.0,302.0
2026-09-15 22:00:00+00:00,31.0,306.6888732910156,304.0,300.6666564941406
2026-09-15 23:00:00+00:00,32.0,315.85784912109375,314.0,301.0
2026-09-16 00:00:00+00:00,33.0,315.34246826171875,315.0,301.0
2026-09-16 01:00:00+00:00,34.0,317.98095703125,315.0,286.8333435058594
2026-09-15 03:00:00+00:00,12.0,211.27548217773438,211.0,202.25
2026-09-15 04:00:00+00:00,13.0,202.27587890625,204.0,202.6666717529297
2026-09-15 05:00:00+00:00,14.0,221.50820922851562,223.0,198.0
2026-09-15 06:00:00+00:00,15.0,223.47421264648438,226.0,197.5
2026-09-15 07:00:00+00:00,16.0,195.8587646484375,199.0,196.25
2026-09-15 08:00:00+00:00,17.0,222.6959228515625,219.0,199.7142791748047
2026-09-15 09:00:00+00:00,18.0,224.39303588867188,225.0,208.3333282470703
2026-09-15 10:00:00+00:00,19.0,220.3350830078125,220.0,219.5
2026-09-15 11:00:00+00:00,20.0,221.03860473632812,218.0,220.0
2026-09-15 12:00:00+00:00,21.0,208.50070190429688,204.0,217.5
2026-09-15 13:00:00+00:00,22.0,209.3411865234375,208.0,233.0
2026-09-15 14:00:00+00:00,23.0,236.70301818847656,235.0,251.1666717529297
2026-09-15 15:00:00+00:00,24.0,240.66688537597656,238.0,265.1428527832031
2026-09-15 16:00:00+00:00,25.0,251.55203247070312,250.0,264.0
2026-09-15 17:00:00+00:00,26.0,252.18174743652344,251.0,257.0
2026-09-15 18:00:00+00:00,27.0,286.0626525878906,281.0,276.79998779296875
2026-09-15 19:00:00+00:00,28.0,304.9078063964844,300.0,300.375
2026-09-15 20:00:00+00:00,29.0,307.4208068847656,307.0,302.0
2026-09-15 21:00:00+00:00,30.0,310.7344055175781,308.0,302.0
2026-09-15 22:00:00+00:00,31.0,307.9404296875,304.0,300.6666564941406
2026-09-15 23:00:00+00:00,32.0,318.551025390625,314.0,301.0
2026-09-16 00:00:00+00:00,33.0,318.73992919921875,315.0,301.0
2026-09-16 01:00:00+00:00,34.0,317.30755615234375,315.0,286.8333435058594
2026-09-16 02:00:00+00:00,35.0,323.5189514160156,319.0,313.125
2026-09-15 04:00:00+00:00,13.0,206.0215301513672,204.0,202.6666717529297
2026-09-15 05:00:00+00:00,14.0,222.82472229003906,223.0,198.0
2026-09-15 06:00:00+00:00,15.0,225.82167053222656,226.0,197.5
2026-09-15 07:00:00+00:00,16.0,197.8458251953125,199.0,196.25
2026-09-15 08:00:00+00:00,17.0,217.17930603027344,219.0,199.7142791748047
2026-09-15 09:00:00+00:00,18.0,230.54640197753906,225.0,208.3333282470703
2026-09-15 10:00:00+00:00,19.0,220.991455078125,220.0,219.5
2026-09-15 11:00:00+00:00,20.0,220.00631713867188,218.0,220.0
2026-09-15 12:00:00+00:00,21.0,209.0199432373047,204.0,217.5
2026-09-15 13:00:00+00:00,22.0,214.7196502685547,208.0,233.0
2026-09-15 14:00:00+00:00,23.0,237.8865966796875,235.0,251.1666717529297
2026-09-15 15:00:00+00:00,24.0,241.06231689453125,238.0,265.1428527832031
2026-09-15 16:00:00+00:00,25.0,254.85125732421875,250.0,264.0
2026-09-15 17:00:00+00:00,26.0,254.64447021484375,251.0,257.0
2026-09-15 18:00:00+00:00,27.0,284.1327209472656,281.0,276.79998779296875
2026-09-15 19:00:00+00:00,28.0,307.6050720214844,300.0,300.375
2026-09-15 20:00:00+00:00,29.0,314.23193359375,307.0,302.0
2026-09-15 21:00:00+00:00,30.0,310.6292419433594,308.0,302.0
2026-09-15 22:00:00+00:00,31.0,309.0343322753906,304.0,300.6666564941406
2026-09-15 23:00:00+00:00,32.0,319.8180847167969,314.0,301.0
2026-09-16 00:00:00+00:00,33.0,321.1855773925781,315.0,301.0
2026-09-16 01:00:00+00:00,34.0,320.40545654296875,315.0,286.8333435058594
2026-09-16 02:00:00+00:00,35.0,323.0328063964844,319.0,313.125
2026-09-16 03:00:00+00:00,36.0,321.8553771972656,316.0,290.1428527832031
2026-09-15 05:00:00+00:00,14.0,226.62973022460938,223.0,198.0
2026-09-15 06:00:00+00:00,15.0,227.38612365722656,226.0,197.5
2026-09-15 07:00:00+00:00,16.0,200.0904998779297,199.0,196.25
2026-09-15 08:00:00+00:00,17.0,219.177490234375,219.0,199.7142791748047
2026-09-15 09:00:00+00:00,18.0,224.4886016845703,225.0,208.3333282470703
2026-09-15 10:00:00+00:00,19.0,227.2149658203125,220.0,219.5
2026-09-15 11:00:00+00:00,20.0,220.46368408203125,218.0,220.0
2026-09-15 12:00:00+00:00,21.0,207.53121948242188,204.0,217.5
2026-09-15 13:00:00+00:00,22.0,214.78005981445312,208.0,233.0
2026-09-15 14:00:00+00:00,23.0,243.57542419433594,235.0,251.1666717529297
2026-09-15 15:00:00+00:00,24.0,242.32691955566406,238.0,265.1428527832031
2026-09-15 16:00:00+00:00,25.0,254.2244415283203,250.0,264.0
2026-09-15 17:00:00+00:00,26.0,257.7682800292969,251.0,257.0
2026-09-15 18:00:00+00:00,27.0,286.4920654296875,281.0,276.79998779296875
2026-09-15 19:00:00+00:00,28.0,304.7934265136719,300.0,300.375
2026-09-15 20:00:00+00:00,29.0,316.8001708984375,307.0,302.0
2026-09-15 21:00:00+00:00,30.0,317.1058654785156,308.0,302.0
2026-09-15 22:00:00+00:00,31.0,308.7124938964844,304.0,300.6666564941406
2026-09-15 23:00:00+00:00,32.0,321.1195373535156,314.0,301.0
2026-09-16 00:00:00+00:00,33.0,322.3857727050781,315.0,301.0
2026-09-16 01:00:00+00:00,34.0,322.43597412109375,315.0,286.8333435058594
2026-09-16 02:00:00+00:00,35.0,325.7538757324219,319.0,313.125
2026-09-16 03:00:00+00:00,36.0,321.4007873535156,316.0,290.1428527832031
2026-09-16 04:00:00+00:00,37.0,316.8930969238281,310.0,288.4285583496094
2026-09-15 06:00:00+00:00,15.0,230.9254150390625,226.0,197.5
2026-09-15 07:00:00+00:00,16.0,201.7047882080078,199.0,196.25
2026-09-15 08:00:00+00:00,17.0,221.16358947753906,219.0,199.7142791748047
2026-09-15 09:00:00+00:00,18.0,226.3257598876953,225.0,208.3333282470703
2026-09-15 10:00:00+00:00,19.0,220.6035614013672,220.0,219.5
2026-09-15 11:00:00+00:00,20.0,226.57537841796875,218.0,220.0
2026-09-15 12:00:00+00:00,21.0,207.66822814941406,204.0,217.5
2026-09-15 13:00:00+00:00,22.0,212.82083129882812,208.0,233.0
2026-09-15 14:00:00+00:00,23.0,243.22120666503906,235.0,251.1666717529297
2026-09-15 15:00:00+00:00,24.0,248.0603485107422,238.0,265.1428527832031
2026-09-15 16:00:00+00:00,25.0,255.5605926513672,250.0,264.0
2026-09-15 17:00:00+00:00,26.0,256.189453125,251.0,257.0
2026-09-15 18:00:00+00:00,27.0,289.3421325683594,281.0,276.79998779296875
2026-09-15 19:00:00+00:00,28.0,307.02178955078125,300.0,300.375
2026-09-15 20:00:00+00:00,29.0,313.14862060546875,307.0,302.0
2026-09-15 21:00:00+00:00,30.0,319.6155700683594,308.0,302.0
2026-09-15 22:00:00+00:00,31.0,314.628173828125,304.0,300.6666564941406
2026-09-15 23:00:00+00:00,32.0,320.45733642578125,314.0,301.0
2026-09-16 00:00:00+00:00,33.0,323.8431091308594,315.0,301.0
2026-09-16 01:00:00+00:00,34.0,323.63140869140625,315.0,286.8333435058594
2026-09-16 02:00:00+00:00,35.0,327.4257507324219,319.0,313.125
2026-09-16 03:00:00+00:00,36.0,323.873291015625,316.0,290.1428527832031
2026-09-16 04:00:00+00:00,37.0,316.54541015625,310.0,288.4285583496094
2026-09-16 05:00:00+00:00,38.0,292.7509460449219,285.0,278.25
2026-09-15 07:00:00+00:00,16.0,204.86923217773438,199.0,196.25
2026-09-15 08:00:00+00:00,17.0,222.66302490234375,219.0,199.7142791748047
2026-09-15 09:00:00+00:00,18.0,227.94837951660156,225.0,208.3333282470703
2026-09-15 10:00:00+00:00,19.0,222.1671142578125,220.0,219.5
2026-09-15 11:00:00+00:00,20.0,219.39010620117188,218.0,220.0
2026-09-15 12:00:00+00:00,21.0,213.56033325195312,204.0,217.5
2026-09-15 13:00:00+00:00,22.0,212.5524139404297,208.0,233.0
2026-09-15 14:00:00+00:00,23.0,240.75228881835938,235.0,251.1666717529297
2026-09-15 15:00:00+00:00,24.0,247.24644470214844,238.0,265.1428527832031
2026-09-15 16:00:00+00:00,25.0,261.13226318359375,250.0,264.0
2026-09-15 17:00:00+00:00,26.0,257.4864196777344,251.0,257.0
2026-09-15 18:00:00+00:00,27.0,286.88580322265625,281.0,276.79998779296875
2026-09-15 19:00:00+00:00,28.0,309.48175048828125,300.0,300.375
2026-09-15 20:00:00+00:00,29.0,315.1297607421875,307.0,302.0
2026-09-15 21:00:00+00:00,30.0,315.1485900878906,308.0,302.0
2026-09-15 22:00:00+00:00,31.0,316.959716796875,304.0,300.6666564941406
2026-09-15 23:00:00+00:00,32.0,325.7464599609375,314.0,301.0
2026-09-16 00:00:00+00:00,33.0,322.7437744140625,315.0,301.0
2026-09-16 01:00:00+00:00,34.0,325.12078857421875,315.0,286.8333435058594
2026-09-16 02:00:00+00:00,35.0,328.5396728515625,319.0,313.125
2026-09-16 03:00:00+00:00,36.0,325.1521911621094,316.0,290.1428527832031
2026-09-16 04:00:00+00:00,37.0,318.6921691894531,310.0,288.4285583496094
2026-09-16 05:00:00+00:00,38.0,292.41546630859375,285.0,278.25
2026-09-16 06:00:00+00:00,39.0,290.3996887207031,282.0,268.25
2026-09-15 08:00:00+00:00,17.0,225.6865692138672,219.0,199.7142791748047
2026-09-15 09:00:00+00:00,18.0,229.4862060546875,225.0,208.3333282470703
2026-09-15 10:00:00+00:00,19.0,223.60472106933594,220.0,219.5
2026-09-15 11:00:00+00:00,20.0,220.8639373779297,218.0,220.0
2026-09-15 12:00:00+00:00,21.0,206.01161193847656,204.0,217.5
2026-09-15 13:00:00+00:00,22.0,218.29539489746094,208.0,233.0
2026-09-15 14:00:00+00:00,23.0,240.2316131591797,235.0,251.1666717529297
2026-09-15 15:00:00+00:00,24.0,244.45045471191406,238.0,265.1428527832031
2026-09-15 16:00:00+00:00,25.0,260.0589904785156,250.0,264.0
2026-09-15 17:00:00+00:00,26.0,262.9537658691406,251.0,257.0
2026-09-15 18:00:00+00:00,27.0,288.1568603515625,281.0,276.79998779296875
2026-09-15 19:00:00+00:00,28.0,306.3880615234375,300.0,300.375
2026-09-15 20:00:00+00:00,29.0,317.33465576171875,307.0,302.0
2026-09-15 21:00:00+00:00,30.0,316.989013671875,308.0,302.0
2026-09-15 22:00:00+00:00,31.0,311.9075927734375,304.0,300.6666564941406
2026-09-15 23:00:00+00:00,32.0,327.9653625488281,314.0,301.0
2026-09-16 00:00:00+00:00,33.0,327.5875549316406,315.0,301.0
2026-09-16 01:00:00+00:00,34.0,323.7578125,315.0,286.8333435058594
2026-09-16 02:00:00+00:00,35.0,330.0931396484375,319.0,313.125
2026-09-16 03:00:00+00:00,36.0,326.2012023925781,316.0,290.1428527832031
2026-09-16 04:00:00+00:00,37.0,319.6629333496094,310.0,288.4285583496094
2026-09-16 05:00:00+00:00,38.0,294.2296142578125,285.0,278.25
2026-09-16 06:00:00+00:00,39.0,290.0413818359375,282.0,268.25
2026-09-16 07:00:00+00:00,40.0,301.87890625,293.0,267.5
2026-09-15 09:00:00+00:00,1.0,238.8463897705078,232.0,208.3333282470703
2026-09-15 10:00:00+00:00,2.0,237.49778747558594,233.0,219.5
2026-09-15 11:00:00+00:00,3.0,239.6324005126953,236.0,220.0
2026-09-15 12:00:00+00:00,4.0,220.8303680419922,218.0,217.5
2026-09-15 13:00:00+00:00,5.0,221.73974609375,220.0,233.0
2026-09-15 14:00:00+00:00,6.0,248.33901977539062,238.0,251.1666717529297
2026-09-15 15:00:00+00:00,7.0,248.21597290039062,243.0,265.1428527832031
2026-09-15 16:00:00+00:00,8.0,248.32781982421875,242.0,264.0
2026-09-15 17:00:00+00:00,9.0,257.1407775878906,247.0,257.0
2026-09-15 18:00:00+00:00,10.0,268.99578857421875,257.0,276.79998779296875
2026-09-15 19:00:00+00:00,11.0,340.26373291015625,333.0,300.375
2026-09-15 20:00:00+00:00,12.0,359.2332458496094,353.0,302.0
2026-09-15 21:00:00+00:00,13.0,339.28228759765625,329.0,302.0
2026-09-15 22:00:00+00:00,14.0,321.16790771484375,312.0,300.6666564941406
2026-09-15 23:00:00+00:00,15.0,282.9800720214844,275.0,301.0
2026-09-16 00:00:00+00:00,16.0,341.11962890625,327.0,301.0
2026-09-16 01:00:00+00:00,17.0,332.6941223144531,320.0,286.8333435058594
2026-09-16 02:00:00+00:00,18.0,315.90692138671875,307.0,313.125
2026-09-16 03:00:00+00:00,19.0,316.2874450683594,305.0,290.1428527832031
2026-09-16 04:00:00+00:00,20.0,305.3916320800781,295.0,288.4285583496094
2026-09-16 05:00:00+00:00,21.0,295.7923889160156,286.0,278.25
2026-09-16 06:00:00+00:00,22.0,288.2730712890625,279.0,268.25
2026-09-16 07:00:00+00:00,23.0,291.1405944824219,283.0,267.5
2026-09-16 08:00:00+00:00,24.0,303.0107421875,294.0,273.71429443359375
2026-09-15 10:00:00+00:00,1.0,235.14166259765625,228.0,219.5
2026-09-15 11:00:00+00:00,2.0,225.75730895996094,221.0,220.0
2026-09-15 12:00:00+00:00,3.0,227.84597778320312,224.0,217.5
2026-09-15 13:00:00+00:00,4.0,225.03192138671875,222.0,233.0
2026-09-15 14:00:00+00:00,5.0,241.92160034179688,240.0,251.1666717529297
2026-09-15 15:00:00+00:00,6.0,256.6098937988281,246.0,265.1428527832031
2026-09-15 16:00:00+00:00,7.0,263.46368408203125,258.0,264.0
2026-09-15 17:00:00+00:00,8.0,255.56588745117188,249.0,257.0
2026-09-15 18:00:00+00:00,9.0,257.4615173339844,247.0,276.79998779296875
2026-09-15 19:00:00+00:00,10.0,349.29144287109375,337.0,300.375
2026-09-15 20:00:00+00:00,11.0,340.50897216796875,333.0,302.0
2026-09-15 21:00:00+00:00,12.0,331.4070739746094,325.0,302.0
2026-09-15 22:00:00+00:00,13.0,301.56878662109375,291.0,300.6666564941406
2026-09-15 23:00:00+00:00,14.0,304.4911804199219,295.0,301.0
2026-09-16 00:00:00+00:00,15.0,298.24127197265625,290.0,301.0
2026-09-16 01:00:00+00:00,16.0,331.4897766113281,317.0,286.8333435058594
2026-09-16 02:00:00+00:00,17.0,347.99188232421875,335.0,313.125
2026-09-16 03:00:00+00:00,18.0,333.2726135253906,324.0,290.1428527832031
2026-09-16 04:00:00+00:00,19.0,332.6332092285156,321.0,288.4285583496094
2026-09-16 05:00:00+00:00,20.0,310.6830749511719,300.0,278.25
2026-09-16 06:00:00+00:00,21.0,296.9987487792969,287.0,268.25
2026-09-16 07:00:00+00:00,22.0,285.5004577636719,276.0,267.5
2026-09-16 08:00:00+00:00,23.0,287.3811950683594,279.0,273.71429443359375
2026-09-16 09:00:00+00:00,24.0,319.1942443847656,310.0,272.3333435058594
2026-09-15 11:00:00+00:00,1.0,230.9577178955078,224.0,220.0
2026-09-15 12:00:00+00:00,2.0,227.46983337402344,223.0,217.5
2026-09-15 13:00:00+00:00,3.0,237.69354248046875,234.0,233.0
2026-09-15 14:00:00+00:00,4.0,248.8046112060547,246.0,251.1666717529297
2026-09-15 15:00:00+00:00,5.0,248.6848907470703,247.0,265.1428527832031
2026-09-15 16:00:00+00:00,6.0,277.52191162109375,267.0,264.0
2026-09-15 17:00:00+00:00,7.0,258.39422607421875,253.0,257.0
2026-09-15 18:00:00+00:00,8.0,264.4530334472656,258.0,276.79998779296875
2026-09-15 19:00:00+00:00,9.0,351.3596496582031,341.0,300.375
2026-09-15 20:00:00+00:00,10.0,345.1841125488281,333.0,302.0
2026-09-15 21:00:00+00:00,11.0,335.5351257324219,328.0,302.0
2026-09-15 22:00:00+00:00,12.0,290.34063720703125,284.0,300.6666564941406
2026-09-15 23:00:00+00:00,13.0,295.478759765625,285.0,301.0
2026-09-16 00:00:00+00:00,14.0,341.38409423828125,332.0,301.0
2026-09-16 01:00:00+00:00,15.0,341.2076721191406,333.0,286.8333435058594
2026-09-16 02:00:00+00:00,16.0,339.492431640625,325.0,313.125
2026-09-16 03:00:00+00:00,17.0,350.9976806640625,338.0,290.1428527832031
2026-09-16 04:00:00+00:00,18.0,323.1290283203125,314.0,288.4285583496094
2026-09-16 05:00:00+00:00,19.0,317.6291809082031,306.0,278.25
2026-09-16 06:00:00+00:00,20.0,297.7537536621094,287.0,268.25
2026-09-16 07:00:00+00:00,21.0,286.0570373535156,276.0,267.5
2026-09-16 08:00:00+00:00,22.0,281.60693359375,272.0,273.71429443359375
2026-09-16 09:00:00+00:00,23.0,279.4577941894531,271.0,272.3333435058594
2026-09-16 10:00:00+00:00,24.0,313.23907470703125,304.0,283.0
2026-09-15 12:00:00+00:00,1.0,234.43296813964844,228.0,217.5
2026-09-15 13:00:00+00:00,2.0,227.84564208984375,224.0,233.0
2026-09-15 14:00:00+00:00,3.0,239.20272827148438,236.0,251.1666717529297
2026-09-15 15:00:00+00:00,4.0,249.2383575439453,247.0,265.1428527832031
2026-09-15 16:00:00+00:00,5.0,260.0188293457031,259.0,264.0
2026-09-15 17:00:00+00:00,6.0,266.07891845703125,256.0,257.0
2026-09-15 18:00:00+00:00,7.0,257.93511962890625,253.0,276.79998779296875
2026-09-15 19:00:00+00:00,8.0,327.9918212890625,322.0,300.375
2026-09-15 20:00:00+00:00,9.0,346.8729248046875,337.0,302.0
2026-09-15 21:00:00+00:00,10.0,0.6207275390625,349.0,302.0
2026-09-15 22:00:00+00:00,11.0,341.1473693847656,334.0,300.6666564941406
2026-09-15 23:00:00+00:00,12.0,228.97279357910156,223.0,301.0
2026-09-16 00:00:00+00:00,13.0,336.93963623046875,327.0,301.0
2026-09-16 01:00:00+00:00,14.0,340.94732666015625,332.0,286.8333435058594
2026-09-16 02:00:00+00:00,15.0,325.8155822753906,318.0,313.125
2026-09-16 03:00:00+00:00,16.0,326.9134826660156,313.0,290.1428527832031
2026-09-16 04:00:00+00:00,17.0,319.5247802734375,307.0,288.4285583496094
2026-09-16 05:00:00+00:00,18.0,295.48162841796875,287.0,278.25
2026-09-16 06:00:00+00:00,19.0,285.089599609375,274.0,268.25
2026-09-16 07:00:00+00:00,20.0,258.55938720703125,248.0,267.5
2026-09-16 08:00:00+00:00,21.0,293.8792419433594,284.0,273.71429443359375
2026-09-16 09:00:00+00:00,22.0,314.37213134765625,305.0,272.3333435058594
2026-09-16 10:00:00+00:00,23.0,296.2377014160156,288.0,283.0
2026-09-16 11:00:00+00:00,24.0,296.1034851074219,287.0,273.0
2026-09-15 13:00:00+00:00,1.0,232.1942596435547,225.0,233.0
2026-09-15 14:00:00+00:00,2.0,251.67031860351562,247.0,251.1666717529297
2026-09-15 15:00:00+00:00,3.0,260.8285217285156,257.0,265.1428527832031
2026-09-15 16:00:00+00:00,4.0,266.91473388671875,264.0,264.0
2026-09-15 17:00:00+00:00,5.0,257.8519287109375,256.0,257.0
2026-09-15 18:00:00+00:00,6.0,343.7757873535156,333.0,276.79998779296875
2026-09-15 19:00:00+00:00,7.0,330.62896728515625,325.0,300.375
2026-09-15 20:00:00+00:00,8.0,349.6943359375,343.0,302.0
2026-09-15 21:00:00+00:00,9.0,275.630126953125,265.0,302.0
2026-09-15 22:00:00+00:00,10.0,283.4668273925781,271.0,300.6666564941406
2026-09-15 23:00:00+00:00,11.0,278.7772521972656,271.0,301.0
2026-09-16 00:00:00+00:00,12.0,330.5234069824219,324.0,301.0
2026-09-16 01:00:00+00:00,13.0,325.75823974609375,315.0,286.8333435058594
2026-09-16 02:00:00+00:00,14.0,322.6421203613281,313.0,313.125
2026-09-16 03:00:00+00:00,15.0,314.5117492675781,306.0,290.1428527832031
2026-09-16 04:00:00+00:00,16.0,314.9500732421875,300.0,288.4285583496094
2026-09-16 05:00:00+00:00,17.0,318.35736083984375,305.0,278.25
2026-09-16 06:00:00+00:00,18.0,299.4422607421875,290.0,268.25
2026-09-16 07:00:00+00:00,19.0,305.9996032714844,294.0,267.5
2026-09-16 08:00:00+00:00,20.0,322.0924987792969,311.0,273.71429443359375
2026-09-16 09:00:00+00:00,21.0,325.3535461425781,315.0,272.3333435058594
2026-09-16 10:00:00+00:00,22.0,323.9185791015625,314.0,283.0
2026-09-16 11:00:00+00:00,23.0,323.8119812011719,315.0,273.0
2026-09-16 12:00:00+00:00,24.0,346.4861145019531,337.0,281.0
2026-09-15 14:00:00+00:00,1.0,260.1668395996094,253.0,251.1666717529297
2026-09-15 15:00:00+00:00,2.0,252.60923767089844,248.0,265.1428527832031
2026-09-15 16:00:00+00:00,3.0,260.7850341796875,257.0,264.0
2026-09-15 17:00:00+00:00,4.0,257.8563537597656,255.0,257.0
2026-09-15 18:00:00+00:00,5.0,314.773681640625,313.0,276.79998779296875
2026-09-15 19:00:00+00:00,6.0,324.76995849609375,314.0,300.375
2026-09-15 20:00:00+00:00,7.0,316.6220703125,311.0,302.0
2026-09-15 21:00:00+00:00,8.0,317.6756896972656,311.0,302.0
2026-09-15 22:00:00+00:00,9.0,323.61749267578125,313.0,300.6666564941406
2026-09-15 23:00:00+00:00,10.0,268.4522705078125,256.0,301.0
2026-09-16 00:00:00+00:00,11.0,317.8038330078125,310.0,301.0
2026-09-16 01:00:00+00:00,12.0,318.510986328125,312.0,286.8333435058594
2026-09-16 02:00:00+00:00,13.0,320.7482604980469,310.0,313.125
2026-09-16 03:00:00+00:00,14.0,321.6383972167969,312.0,290.1428527832031
2026-09-16 04:00:00+00:00,15.0,318.53582763671875,310.0,288.4285583496094
2026-09-16 05:00:00+00:00,16.0,334.9901428222656,320.0,278.25
2026-09-16 06:00:00+00:00,17.0,333.3778381347656,320.0,268.25
2026-09-16 07:00:00+00:00,18.0,321.42333984375,312.0,267.5
2026-09-16 08:00:00+00:00,19.0,327.0289611816406,315.0,273.71429443359375
2026-09-16 09:00:00+00:00,20.0,318.14990234375,307.0,272.3333435058594
2026-09-16 10:00:00+00:00,21.0,318.39898681640625,308.0,283.0
2026-09-16 11:00:00+00:00,22.0,331.9701232910156,322.0,273.0
2026-09-16 12:00:00+00:00,23.0,312.8753662109375,304.0,281.0
2026-09-16 13:00:00+00:00,24.0,316.53289794921875,307.0,280.6666564941406
2026-09-15 15:00:00+00:00,1.0,254.7073974609375,248.0,265.1428527832031
2026-09-15 16:00:00+00:00,2.0,261.1059265136719,257.0,264.0
2026-09-15 17:00:00+00:00,3.0,265.388671875,262.0,257.0
2026-09-15 18:00:00+00:00,4.0,265.427734375,263.0,276.79998779296875
2026-09-15 19:00:00+00:00,5.0,321.2019958496094,320.0,300.375
2026-09-15 20:00:00+00:00,6.0,342.3760681152344,332.0,302.0
2026-09-15 21:00:00+00:00,7.0,307.2098693847656,302.0,302.0
2026-09-15 22:00:00+00:00,8.0,291.2733154296875,285.0,300.6666564941406
2026-09-15 23:00:00+00:00,9.0,307.1775817871094,297.0,301.0
2026-09-16 00:00:00+00:00,10.0,337.9261169433594,326.0,301.0
2026-09-16 01:00:00+00:00,11.0,335.45281982421875,328.0,286.8333435058594
2026-09-16 02:00:00+00:00,12.0,315.1940612792969,309.0,313.125
2026-09-16 03:00:00+00:00,13.0,320.2875061035156,310.0,290.1428527832031
2026-09-16 04:00:00+00:00,14.0,315.2572021484375,306.0,288.4285583496094
2026-09-16 05:00:00+00:00,15.0,300.1807556152344,292.0,278.25
2026-09-16 06:00:00+00:00,16.0,326.4066162109375,312.0,268.25
2026-09-16 07:00:00+00:00,17.0,286.8931579589844,274.0,267.5
2026-09-16 08:00:00+00:00,18.0,356.85174560546875,348.0,273.71429443359375
2026-09-16 09:00:00+00:00,19.0,321.5148620605469,310.0,272.3333435058594
2026-09-16 10:00:00+00:00,20.0,305.9100341796875,295.0,283.0
2026-09-16 11:00:00+00:00,21.0,317.1622314453125,307.0,273.0
2026-09-16 12:00:00+00:00,22.0,329.69293212890625,320.0,281.0
2026-09-16 13:00:00+00:00,23.0,320.6168212890625,312.0,280.6666564941406
2026-09-16 14:00:00+00:00,24.0,324.3761291503906,315.0,277.3333435058594
2026-09-15 16:00:00+00:00,1.0,263.190185546875,257.0,264.0
2026-09-15 17:00:00+00:00,2.0,258.561279296875,255.0,257.0
2026-09-15 18:00:00+00:00,3.0,291.0136413574219,288.0,276.79998779296875
2026-09-15 19:00:00+00:00,4.0,329.9925231933594,328.0,300.375
2026-09-15 20:00:00+00:00,5.0,335.6966247558594,335.0,302.0
2026-09-15 21:00:00+00:00,6.0,303.97314453125,294.0,302.0
2026-09-15 22:00:00+00:00,7.0,256.8128967285156,252.0,300.6666564941406
2026-09-15 23:00:00+00:00,8.0,227.9060516357422,222.0,301.0
2026-09-16 00:00:00+00:00,9.0,319.733642578125,310.0,301.0
2026-09-16 01:00:00+00:00,10.0,322.39019775390625,311.0,286.8333435058594
2026-09-16 02:00:00+00:00,11.0,315.1001281738281,308.0,313.125
2026-09-16 03:00:00+00:00,12.0,310.9390563964844,305.0,290.1428527832031
2026-09-16 04:00:00+00:00,13.0,302.86273193359375,293.0,288.4285583496094
2026-09-16 05:00:00+00:00,14.0,325.8367004394531,317.0,278.25
2026-09-16 06:00:00+00:00,15.0,339.80621337890625,332.0,268.25
2026-09-16 07:00:00+00:00,16.0,318.7911376953125,305.0,267.5
2026-09-16 08:00:00+00:00,17.0,309.4219970703125,297.0,273.71429443359375
2026-09-16 09:00:00+00:00,18.0,315.2541809082031,307.0,272.3333435058594
2026-09-16 10:00:00+00:00,19.0,303.9693908691406,293.0,283.0
2026-09-16 11:00:00+00:00,20.0,321.62457275390625,311.0,273.0
2026-09-16 12:00:00+00:00,21.0,308.90167236328125,299.0,281.0
2026-09-16 13:00:00+00:00,22.0,308.43328857421875,299.0,280.6666564941406
2026-09-16 14:00:00+00:00,23.0,304.3367614746094,296.0,277.3333435058594
2026-09-16 15:00:00+00:00,24.0,303.1795959472656,294.0,273.0
2026-09-15 17:00:00+00:00,1.0,261.57073974609375,255.0,257.0
2026-09-15 18:00:00+00:00,2.0,306.97265625,303.0,276.79998779296875
2026-09-15 19:00:00+00:00,3.0,331.4962158203125,328.0,300.375
2026-09-15 20:00:00+00:00,4.0,319.4738464355469,317.0,302.0
2026-09-15 21:00:00+00:00,5.0,312.3034362792969,311.0,302.0
2026-09-15 22:00:00+00:00,6.0,285.4013977050781,275.0,300.6666564941406
2026-09-15 23:00:00+00:00,7.0,254.32530212402344,249.0,301.0
2026-09-16 00:00:00+00:00,8.0,324.37139892578125,318.0,301.0
2026-09-16 01:00:00+00:00,9.0,333.22088623046875,323.0,286.8333435058594
2026-09-16 02:00:00+00:00,10.0,335.93060302734375,324.0,313.125
2026-09-16 03:00:00+00:00,11.0,319.5672912597656,312.0,290.1428527832031
2026-09-16 04:00:00+00:00,12.0,308.3727111816406,302.0,288.4285583496094
2026-09-16 05:00:00+00:00,13.0,301.4490051269531,291.0,278.25
2026-09-16 06:00:00+00:00,14.0,297.2281799316406,288.0,268.25
2026-09-16 07:00:00+00:00,15.0,309.2001037597656,301.0,267.5
2026-09-16 08:00:00+00:00,16.0,334.3572082519531,320.0,273.71429443359375
2026-09-16 09:00:00+00:00,17.0,319.92413330078125,307.0,272.3333435058594
2026-09-16 10:00:00+00:00,18.0,321.8343200683594,313.0,283.0
2026-09-16 11:00:00+00:00,19.0,320.5336608886719,309.0,273.0
2026-09-16 12:00:00+00:00,20.0,306.8588562011719,296.0,281.0
2026-09-16 13:00:00+00:00,21.0,306.0757751464844,296.0,280.6666564941406
2026-09-16 14:00:00+00:00,22.0,2.770843505859375,353.0,277.3333435058594
2026-09-16 15:00:00+00:00,23.0,314.5851135253906,306.0,273.0
2026-09-16 16:00:00+00:00,24.0,308.2971496582031,299.0,281.5
2026-09-15 18:00:00+00:00,1.0,267.3678894042969,261.0,276.79998779296875
2026-09-15 19:00:00+00:00,2.0,324.7330017089844,321.0,300.375
2026-09-15 20:00:00+00:00,3.0,358.314453125,355.0,302.0
2026-09-15 21:00:00+00:00,4.0,301.2463684082031,299.0,302.0
2026-09-15 22:00:00+00:00,5.0,323.0575866699219,322.0,300.6666564941406
2026-09-15 23:00:00+00:00,6.0,236.2363739013672,226.0,301.0
2026-09-16 00:00:00+00:00,7.0,172.14620971679688,167.0,301.0
2026-09-16 01:00:00+00:00,8.0,344.2342529296875,338.0,286.8333435058594
2026-09-16 02:00:00+00:00,9.0,331.0700378417969,321.0,313.125
2026-09-16 03:00:00+00:00,10.0,321.7030029296875,310.0,290.1428527832031
2026-09-16 04:00:00+00:00,11.0,310.394775390625,303.0,288.4285583496094
2026-09-16 05:00:00+00:00,12.0,304.271240234375,298.0,278.25
2026-09-16 06:00:00+00:00,13.0,307.27301025390625,297.0,268.25
2026-09-16 07:00:00+00:00,14.0,307.0647888183594,298.0,267.5
2026-09-16 08:00:00+00:00,15.0,283.0462951660156,275.0,273.71429443359375
2026-09-16 09:00:00+00:00,16.0,328.1275634765625,314.0,272.3333435058594
2026-09-16 10:00:00+00:00,17.0,314.7644958496094,302.0,283.0
2026-09-16 11:00:00+00:00,18.0,313.57025146484375,305.0,273.0
2026-09-16 12:00:00+00:00,19.0,316.3013000488281,305.0,281.0
2026-09-16 13:00:00+00:00,20.0,339.78814697265625,329.0,280.6666564941406
2026-09-16 14:00:00+00:00,21.0,351.0126647949219,341.0,277.3333435058594
2026-09-16 15:00:00+00:00,22.0,315.6856689453125,306.0,273.0
2026-09-16 16:00:00+00:00,23.0,313.5080871582031,305.0,281.5
2026-09-16 17:00:00+00:00,24.0,300.2492980957031,291.0,280.75
2026-09-15 19:00:00+00:00,1.0,325.2425842285156,318.0,300.375
2026-09-15 20:00:00+00:00,2.0,333.7531433105469,329.0,302.0
2026-09-15 21:00:00+00:00,3.0,57.22431945800781,53.0,302.0
2026-09-15 22:00:00+00:00,4.0,296.2181396484375,293.0,300.6666564941406
2026-09-15 23:00:00+00:00,5.0,264.3113708496094,262.0,301.0
2026-09-16 00:00:00+00:00,6.0,272.11627197265625,261.0,301.0
2026-09-16 01:00:00+00:00,7.0,319.1201171875,313.0,286.8333435058594
2026-09-16 02:00:00+00:00,8.0,324.1565246582031,317.0,313.125
2026-09-16 03:00:00+00:00,9.0,320.01226806640625,309.0,290.1428527832031
2026-09-16 04:00:00+00:00,10.0,323.82830810546875,311.0,288.4285583496094
2026-09-16 05:00:00+00:00,11.0,313.25286865234375,305.0,278.25
2026-09-16 06:00:00+00:00,12.0,276.05126953125,269.0,268.25
2026-09-16 07:00:00+00:00,13.0,311.3680725097656,300.0,267.5
2026-09-16 08:00:00+00:00,14.0,308.88543701171875,299.0,273.71429443359375
2026-09-16 09:00:00+00:00,15.0,304.86346435546875,296.0,272.3333435058594
2026-09-16 10:00:00+00:00,16.0,304.3563232421875,289.0,283.0
2026-09-16 11:00:00+00:00,17.0,319.7697448730469,306.0,273.0
2026-09-16 12:00:00+00:00,18.0,302.794921875,293.0,281.0
2026-09-16 13:00:00+00:00,19.0,313.43402099609375,301.0,280.6666564941406
2026-09-16 14:00:00+00:00,20.0,309.28997802734375,298.0,277.3333435058594
2026-09-16 15:00:00+00:00,21.0,301.4620056152344,291.0,273.0
2026-09-16 16:00:00+00:00,22.0,309.34393310546875,299.0,281.5
2026-09-16 17:00:00+00:00,23.0,290.0858154296875,281.0,280.75
2026-09-16 18:00:00+00:00,24.0,286.5682373046875,277.0,262.28570556640625
2026-09-15 20:00:00+00:00,1.0,325.3987121582031,318.0,302.0
2026-09-15 21:00:00+00:00,2.0,312.8998718261719,308.0,302.0
2026-09-15 22:00:00+00:00,3.0,307.655029296875,303.0,300.6666564941406
2026-09-15 23:00:00+00:00,4.0,260.648681640625,257.0,301.0
2026-09-16 00:00:00+00:00,5.0,259.5986022949219,257.0,301.0
2026-09-16 01:00:00+00:00,6.0,324.2389831542969,313.0,286.8333435058594
2026-09-16 02:00:00+00:00,7.0,320.39312744140625,314.0,313.125
2026-09-16 03:00:00+00:00,8.0,328.3703918457031,321.0,290.1428527832031
2026-09-16 04:00:00+00:00,9.0,324.2650451660156,313.0,288.4285583496094
2026-09-16 05:00:00+00:00,10.0,317.95513916015625,305.0,278.25
2026-09-16 06:00:00+00:00,11.0,287.5029296875,279.0,268.25
2026-09-16 07:00:00+00:00,12.0,277.29833984375,270.0,267.5
2026-09-16 08:00:00+00:00,13.0,328.703857421875,317.0,273.71429443359375
2026-09-16 09:00:00+00:00,14.0,326.0263977050781,316.0,272.3333435058594
2026-09-16 10:00:00+00:00,15.0,305.9089660644531,297.0,283.0
2026-09-16 11:00:00+00:00,16.0,331.3007507324219,316.0,273.0
2026-09-16 12:00:00+00:00,17.0,323.8409729003906,310.0,281.0
2026-09-16 13:00:00+00:00,18.0,307.04937744140625,297.0,280.6666564941406
2026-09-16 14:00:00+00:00,19.0,280.5740051269531,268.0,277.3333435058594
2026-09-16 15:00:00+00:00,20.0,314.1490173339844,303.0,273.0
2026-09-16 16:00:00+00:00,21.0,304.1613464355469,294.0,281.5
2026-09-16 17:00:00+00:00,22.0,301.25421142578125,291.0,280.75
2026-09-16 18:00:00+00:00,23.0,311.8818054199219,303.0,262.28570556640625
2026-09-16 19:00:00+00:00,24.0,301.4081726074219,292.0,263.0
2026-09-15 21:00:00+00:00,1.0,8.667584419250488,1.0,302.0
2026-09-15 22:00:00+00:00,2.0,11.173799514770508,6.0,300.6666564941406
2026-09-15 23:00:00+00:00,3.0,255.3291015625,250.0,301.0
2026-09-16 00:00:00+00:00,4.0,179.29135131835938,175.0,301.0
2026-09-16 01:00:00+00:00,5.0,319.09527587890625,316.0,286.8333435058594
2026-09-16 02:00:00+00:00,6.0,334.4127197265625,323.0,313.125
2026-09-16 03:00:00+00:00,7.0,325.76922607421875,319.0,290.1428527832031
2026-09-16 04:00:00+00:00,8.0,316.6727600097656,309.0,288.4285583496094
2026-09-16 05:00:00+00:00,9.0,316.6562194824219,305.0,278.25
2026-09-16 06:00:00+00:00,10.0,309.1679382324219,296.0,268.25
2026-09-16 07:00:00+00:00,11.0,294.83001708984375,286.0,267.5
2026-09-16 08:00:00+00:00,12.0,309.631591796875,302.0,273.71429443359375
2026-09-16 09:00:00+00:00,13.0,309.1968078613281,297.0,272.3333435058594
2026-09-16 10:00:00+00:00,14.0,310.2357177734375,300.0,283.0
2026-09-16 11:00:00+00:00,15.0,309.95819091796875,301.0,273.0
2026-09-16 12:00:00+00:00,16.0,309.1842041015625,294.0,281.0
2026-09-16 13:00:00+00:00,17.0,293.95849609375,280.0,280.6666564941406
2026-09-16 14:00:00+00:00,18.0,325.4468688964844,315.0,277.3333435058594
2026-09-16 15:00:00+00:00,19.0,337.7980651855469,325.0,273.0
2026-09-16 16:00:00+00:00,20.0,302.91973876953125,292.0,281.5
2026-09-16 17:00:00+00:00,21.0,298.7293701171875,289.0,280.75
2026-09-16 18:00:00+00:00,22.0,307.1034851074219,297.0,262.28570556640625
2026-09-16 19:00:00+00:00,23.0,296.5379638671875,288.0,263.0
2026-09-16 20:00:00+00:00,24.0,295.1448059082031,286.0,263.0
2026-09-15 22:00:00+00:00,1.0,296.5072021484375,288.0,300.6666564941406
2026-09-15 23:00:00+00:00,2.0,249.27328491210938,243.0,301.0
2026-09-16 00:00:00+00:00,3.0,276.9210205078125,270.0,301.0
2026-09-16 01:00:00+00:00,4.0,317.8658447265625,312.0,286.8333435058594
2026-09-16 02:00:00+00:00,5.0,328.4350891113281,324.0,313.125
2026-09-16 03:00:00+00:00,6.0,322.0540466308594,310.0,290.1428527832031
2026-09-16 04:00:00+00:00,7.0,311.66375732421875,304.0,288.4285583496094
2026-09-16 05:00:00+00:00,8.0,303.4687805175781,295.0,278.25
2026-09-16 06:00:00+00:00,9.0,316.75335693359375,304.0,268.25
2026-09-16 07:00:00+00:00,10.0,317.9589538574219,304.0,267.5
2026-09-16 08:00:00+00:00,11.0,313.5415954589844,304.0,273.71429443359375
2026-09-16 09:00:00+00:00,12.0,311.4254150390625,303.0,272.3333435058594
2026-09-16 10:00:00+00:00,13.0,308.35028076171875,295.0,283.0
2026-09-16 11:00:00+00:00,14.0,311.01531982421875,300.0,273.0
2026-09-16 12:00:00+00:00,15.0,296.2257385253906,287.0,281.0
2026-09-16 13:00:00+00:00,16.0,309.1521301269531,294.0,280.6666564941406
2026-09-16 14:00:00+00:00,17.0,313.2336120605469,299.0,277.3333435058594
2026-09-16 15:00:00+00:00,18.0,305.5881042480469,294.0,273.0
2026-09-16 16:00:00+00:00,19.0,302.48846435546875,289.0,281.5
2026-09-16 17:00:00+00:00,20.0,299.5289001464844,289.0,280.75
2026-09-16 18:00:00+00:00,21.0,301.06695556640625,292.0,262.28570556640625
2026-09-16 19:00:00+00:00,22.0,302.88421630859375,293.0,263.0
2026-09-16 20:00:00+00:00,23.0,297.96527099609375,290.0,263.0
2026-09-16 21:00:00+00:00,24.0,289.7142333984375,281.0,241.0
2026-09-15 23:00:00+00:00,2.0,252.30325317382812,243.0,301.0
2026-09-16 00:00:00+00:00,3.0,277.38482666015625,270.0,301.0
2026-09-16 01:00:00+00:00,4.0,319.9442138671875,312.0,286.8333435058594
2026-09-16 02:00:00+00:00,5.0,331.019775390625,324.0,313.125
2026-09-16 03:00:00+00:00,6.0,315.6510925292969,310.0,290.1428527832031
2026-09-16 04:00:00+00:00,7.0,316.7918701171875,304.0,288.4285583496094
2026-09-16 05:00:00+00:00,8.0,303.45947265625,295.0,278.25
2026-09-16 06:00:00+00:00,9.0,313.2266540527344,304.0,268.25
2026-09-16 07:00:00+00:00,10.0,317.74383544921875,304.0,267.5
2026-09-16 08:00:00+00:00,11.0,318.79296875,304.0,273.71429443359375
2026-09-16 09:00:00+00:00,12.0,313.0848388671875,303.0,272.3333435058594
2026-09-16 10:00:00+00:00,13.0,304.162841796875,295.0,283.0
2026-09-16 11:00:00+00:00,14.0,314.3050537109375,300.0,273.0
2026-09-16 12:00:00+00:00,15.0,298.7687683105469,287.0,281.0
2026-09-16 13:00:00+00:00,16.0,303.6393127441406,294.0,280.6666564941406
2026-09-16 14:00:00+00:00,17.0,314.5810241699219,299.0,277.3333435058594
2026-09-16 15:00:00+00:00,18.0,308.6282653808594,294.0,273.0
2026-09-16 16:00:00+00:00,19.0,301.5227966308594,289.0,281.5
2026-09-16 17:00:00+00:00,20.0,303.1667785644531,289.0,280.75
2026-09-16 18:00:00+00:00,21.0,302.5677795410156,292.0,262.28570556640625
2026-09-16 19:00:00+00:00,22.0,302.0129089355469,293.0,263.0
2026-09-16 20:00:00+00:00,23.0,300.05474853515625,290.0,263.0
2026-09-16 21:00:00+00:00,24.0,288.9528503417969,281.0,241.0
2026-09-16 22:00:00+00:00,25.0,274.66168212890625,266.0,224.1999969482422
2026-09-16 00:00:00+00:00,3.0,280.00634765625,270.0,301.0
2026-09-16 01:00:00+00:00,4.0,320.4880065917969,312.0,286.8333435058594
2026-09-16 02:00:00+00:00,5.0,332.633056640625,324.0,313.125
2026-09-16 03:00:00+00:00,6.0,317.9132995605469,310.0,290.1428527832031
2026-09-16 04:00:00+00:00,7.0,310.6152038574219,304.0,288.4285583496094
2026-09-16 05:00:00+00:00,8.0,308.4175720214844,295.0,278.25
2026-09-16 06:00:00+00:00,9.0,312.9917297363281,304.0,268.25
2026-09-16 07:00:00+00:00,10.0,313.74542236328125,304.0,267.5
2026-09-16 08:00:00+00:00,11.0,318.3684997558594,304.0,273.71429443359375
2026-09-16 09:00:00+00:00,12.0,318.4490661621094,303.0,272.3333435058594
2026-09-16 10:00:00+00:00,13.0,305.3680419921875,295.0,283.0
2026-09-16 11:00:00+00:00,14.0,309.7390441894531,300.0,273.0
2026-09-16 12:00:00+00:00,15.0,301.8311767578125,287.0,281.0
2026-09-16 13:00:00+00:00,16.0,306.3168029785156,294.0,280.6666564941406
2026-09-16 14:00:00+00:00,17.0,309.1094970703125,299.0,277.3333435058594
2026-09-16 15:00:00+00:00,18.0,310.04437255859375,294.0,273.0
2026-09-16 16:00:00+00:00,19.0,303.9273681640625,289.0,281.5
2026-09-16 17:00:00+00:00,20.0,302.1687927246094,289.0,280.75
2026-09-16 18:00:00+00:00,21.0,306.68035888671875,292.0,262.28570556640625
2026-09-16 19:00:00+00:00,22.0,303.64471435546875,293.0,263.0
2026-09-16 20:00:00+00:00,23.0,299.1377258300781,290.0,263.0
2026-09-16 21:00:00+00:00,24.0,291.08209228515625,281.0,241.0
2026-09-16 22:00:00+00:00,25.0,274.0935363769531,266.0,224.1999969482422
2026-09-16 23:00:00+00:00,26.0,249.7098846435547,241.0,216.5
2026-09-16 01:00:00+00:00,4.0,322.4075622558594,312.0,286.8333435058594
2026-09-16 02:00:00+00:00,5.0,333.37860107421875,324.0,313.125
2026-09-16 03:00:00+00:00,6.0,319.2424011230469,310.0,290.1428527832031
2026-09-16 04:00:00+00:00,7.0,312.5828552246094,304.0,288.4285583496094
2026-09-16 05:00:00+00:00,8.0,302.3703918457031,295.0,278.25
2026-09-16 06:00:00+00:00,9.0,317.9301452636719,304.0,268.25
2026-09-16 07:00:00+00:00,10.0,313.3125,304.0,267.5
2026-09-16 08:00:00+00:00,11.0,314.1111755371094,304.0,273.71429443359375
2026-09-16 09:00:00+00:00,12.0,317.82452392578125,303.0,272.3333435058594
2026-09-16 10:00:00+00:00,13.0,310.9647521972656,295.0,283.0
2026-09-16 11:00:00+00:00,14.0,310.6551208496094,300.0,273.0
2026-09-16 12:00:00+00:00,15.0,297.26385498046875,287.0,281.0
2026-09-16 13:00:00+00:00,16.0,309.23345947265625,294.0,280.6666564941406
2026-09-16 14:00:00+00:00,17.0,311.6671447753906,299.0,277.3333435058594
2026-09-16 15:00:00+00:00,18.0,304.52362060546875,294.0,273.0
2026-09-16 16:00:00+00:00,19.0,305.4848937988281,289.0,281.5
2026-09-16 17:00:00+00:00,20.0,304.2447814941406,289.0,280.75
2026-09-16 18:00:00+00:00,21.0,305.6641845703125,292.0,262.28570556640625
2026-09-16 19:00:00+00:00,22.0,308.0963439941406,293.0,263.0
2026-09-16 20:00:00+00:00,23.0,300.62799072265625,290.0,263.0
2026-09-16 21:00:00+00:00,24.0,290.2355651855469,281.0,241.0
2026-09-16 22:00:00+00:00,25.0,276.1326904296875,266.0,224.1999969482422
2026-09-16 23:00:00+00:00,26.0,249.17697143554688,241.0,216.5
2026-09-17 00:00:00+00:00,27.0,222.69732666015625,214.0,214.0
2026-09-16 02:00:00+00:00,5.0,334.2677307128906,324.0,313.125
2026-09-16 03:00:00+00:00,6.0,319.5303955078125,310.0,290.1428527832031
2026-09-16 04:00:00+00:00,7.0,313.49102783203125,304.0,288.4285583496094
2026-09-16 05:00:00+00:00,8.0,303.70965576171875,295.0,278.25
2026-09-16 06:00:00+00:00,9.0,311.4531555175781,304.0,268.25
2026-09-16 07:00:00+00:00,10.0,317.8818359375,304.0,267.5
2026-09-16 08:00:00+00:00,11.0,313.2740783691406,304.0,273.71429443359375
2026-09-16 09:00:00+00:00,12.0,313.04400634765625,303.0,272.3333435058594
2026-09-16 10:00:00+00:00,13.0,309.7502746582031,295.0,283.0
2026-09-16 11:00:00+00:00,14.0,315.9653015136719,300.0,273.0
2026-09-16 12:00:00+00:00,15.0,297.7128601074219,287.0,281.0
2026-09-16 13:00:00+00:00,16.0,304.2999267578125,294.0,280.6666564941406
2026-09-16 14:00:00+00:00,17.0,314.28564453125,299.0,277.3333435058594
2026-09-16 15:00:00+00:00,18.0,306.5855712890625,294.0,273.0
2026-09-16 16:00:00+00:00,19.0,299.54913330078125,289.0,281.5
2026-09-16 17:00:00+00:00,20.0,305.396728515625,289.0,280.75
2026-09-16 18:00:00+00:00,21.0,307.1534118652344,292.0,262.28570556640625
2026-09-16 19:00:00+00:00,22.0,306.6477355957031,293.0,263.0
2026-09-16 20:00:00+00:00,23.0,305.06317138671875,290.0,263.0
2026-09-16 21:00:00+00:00,24.0,291.28411865234375,281.0,241.0
2026-09-16 22:00:00+00:00,25.0,274.98974609375,266.0,224.1999969482422
2026-09-16 23:00:00+00:00,26.0,250.95767211914062,241.0,216.5
2026-09-17 00:00:00+00:00,27.0,221.9236602783203,214.0,214.0
2026-09-17 01:00:00+00:00,28.0,207.4548797607422,199.0,209.3333282470703
2026-09-16 03:00:00+00:00,6.0,320.0475769042969,310.0,290.1428527832031
2026-09-16 04:00:00+00:00,7.0,313.3986511230469,304.0,288.4285583496094
2026-09-16 05:00:00+00:00,8.0,304.6181945800781,295.0,278.25
2026-09-16 06:00:00+00:00,9.0,312.6888427734375,304.0,268.25
2026-09-16 07:00:00+00:00,10.0,311.3742370605469,304.0,267.5
2026-09-16 08:00:00+00:00,11.0,317.67266845703125,304.0,273.71429443359375
2026-09-16 09:00:00+00:00,12.0,312.1860046386719,303.0,272.3333435058594
2026-09-16 10:00:00+00:00,13.0,304.89605712890625,295.0,283.0
2026-09-16 11:00:00+00:00,14.0,314.59063720703125,300.0,273.0
2026-09-16 12:00:00+00:00,15.0,302.7999572753906,287.0,281.0
2026-09-16 13:00:00+00:00,16.0,304.6817626953125,294.0,280.6666564941406
2026-09-16 14:00:00+00:00,17.0,309.2002868652344,299.0,277.3333435058594
2026-09-16 15:00:00+00:00,18.0,309.26751708984375,294.0,273.0
2026-09-16 16:00:00+00:00,19.0,301.40985107421875,289.0,281.5
2026-09-16 17:00:00+00:00,20.0,299.392578125,289.0,280.75
2026-09-16 18:00:00+00:00,21.0,308.0906677246094,292.0,262.28570556640625
2026-09-16 19:00:00+00:00,22.0,307.96923828125,293.0,263.0
2026-09-16 20:00:00+00:00,23.0,303.4882507324219,290.0,263.0
2026-09-16 21:00:00+00:00,24.0,295.8964538574219,281.0,241.0
2026-09-16 22:00:00+00:00,25.0,275.92864990234375,266.0,224.1999969482422
2026-09-16 23:00:00+00:00,26.0,249.65049743652344,241.0,216.5
2026-09-17 00:00:00+00:00,27.0,223.73448181152344,214.0,214.0
2026-09-17 01:00:00+00:00,28.0,206.5655059814453,199.0,209.3333282470703
2026-09-17 02:00:00+00:00,29.0,220.15379333496094,212.0,196.8000030517578
2026-09-16 04:00:00+00:00,7.0,313.91729736328125,304.0,288.4285583496094
2026-09-16 05:00:00+00:00,8.0,304.2588806152344,295.0,278.25
2026-09-16 06:00:00+00:00,9.0,313.65850830078125,304.0,268.25
2026-09-16 07:00:00+00:00,10.0,312.64923095703125,304.0,267.5
2026-09-16 08:00:00+00:00,11.0,311.3402404785156,304.0,273.71429443359375
2026-09-16 09:00:00+00:00,12.0,316.53955078125,303.0,272.3333435058594
2026-09-16 10:00:00+00:00,13.0,304.1584777832031,295.0,283.0
2026-09-16 11:00:00+00:00,14.0,309.8001708984375,300.0,273.0
2026-09-16 12:00:00+00:00,15.0,301.4676513671875,287.0,281.0
2026-09-16 13:00:00+00:00,16.0,309.6658630371094,294.0,280.6666564941406
2026-09-16 14:00:00+00:00,17.0,309.6501770019531,299.0,277.3333435058594
2026-09-16 15:00:00+00:00,18.0,304.1356201171875,294.0,273.0
2026-09-16 16:00:00+00:00,19.0,304.24407958984375,289.0,281.5
2026-09-16 17:00:00+00:00,20.0,301.28985595703125,289.0,280.75
2026-09-16 18:00:00+00:00,21.0,302.250244140625,292.0,262.28570556640625
2026-09-16 19:00:00+00:00,22.0,308.86529541015625,293.0,263.0
2026-09-16 20:00:00+00:00,23.0,304.8634338378906,290.0,263.0
2026-09-16 21:00:00+00:00,24.0,294.35467529296875,281.0,241.0
2026-09-16 22:00:00+00:00,25.0,280.7855224609375,266.0,224.1999969482422
2026-09-16 23:00:00+00:00,26.0,250.7543182373047,241.0,216.5
2026-09-17 00:00:00+00:00,27.0,222.47238159179688,214.0,214.0
2026-09-17 01:00:00+00:00,28.0,208.62147521972656,199.0,209.3333282470703
2026-09-17 02:00:00+00:00,29.0,219.36032104492188,212.0,196.8000030517578
2026-09-17 03:00:00+00:00,30.0,215.9577178955078,208.0,200.6666717529297
2026-09-16 05:00:00+00:00,8.0,304.7397766113281,295.0,278.25
2026-09-16 06:00:00+00:00,9.0,313.0064697265625,304.0,268.25
2026-09-16 07:00:00+00:00,10.0,313.5309143066406,304.0,267.5
2026-09-16 08:00:00+00:00,11.0,312.4919128417969,304.0,273.71429443359375
2026-09-16 09:00:00+00:00,12.0,310.1900939941406,303.0,272.3333435058594
2026-09-16 10:00:00+00:00,13.0,308.3420715332031,295.0,283.0
2026-09-16 11:00:00+00:00,14.0,309.0513916015625,300.0,273.0
2026-09-16 12:00:00+00:00,15.0,296.61212158203125,287.0,281.0
2026-09-16 13:00:00+00:00,16.0,308.2518005371094,294.0,280.6666564941406
2026-09-16 14:00:00+00:00,17.0,314.4833679199219,299.0,277.3333435058594
2026-09-16 15:00:00+00:00,18.0,304.5523986816406,294.0,273.0
2026-09-16 16:00:00+00:00,19.0,298.9752197265625,289.0,281.5
2026-09-16 17:00:00+00:00,20.0,304.1070861816406,289.0,280.75
2026-09-16 18:00:00+00:00,21.0,304.106689453125,292.0,262.28570556640625
2026-09-16 19:00:00+00:00,22.0,303.0897216796875,293.0,263.0
2026-09-16 20:00:00+00:00,23.0,305.6114807128906,290.0,263.0
2026-09-16 21:00:00+00:00,24.0,295.6864013671875,281.0,241.0
2026-09-16 22:00:00+00:00,25.0,279.1429748535156,266.0,224.1999969482422
2026-09-16 23:00:00+00:00,26.0,255.5967254638672,241.0,216.5
2026-09-17 00:00:00+00:00,27.0,223.62924194335938,214.0,214.0
2026-09-17 01:00:00+00:00,28.0,207.33326721191406,199.0,209.3333282470703
2026-09-17 02:00:00+00:00,29.0,221.5283203125,212.0,196.8000030517578
2026-09-17 03:00:00+00:00,30.0,215.21754455566406,208.0,200.6666717529297
2026-09-17 04:00:00+00:00,31.0,208.82485961914062,201.0,192.6666717529297
2026-09-16 06:00:00+00:00,9.0,313.6170349121094,304.0,268.25
2026-09-16 07:00:00+00:00,10.0,312.81878662109375,304.0,267.5
2026-09-16 08:00:00+00:00,11.0,313.387939453125,304.0,273.71429443359375
2026-09-16 09:00:00+00:00,12.0,311.33172607421875,303.0,272.3333435058594
2026-09-16 10:00:00+00:00,13.0,302.0846862792969,295.0,283.0
2026-09-16 11:00:00+00:00,14.0,313.2012023925781,300.0,273.0
2026-09-16 12:00:00+00:00,15.0,295.97576904296875,287.0,281.0
2026-09-16 13:00:00+00:00,16.0,303.4992980957031,294.0,280.6666564941406
2026-09-16 14:00:00+00:00,17.0,313.11163330078125,299.0,277.3333435058594
2026-09-16 15:00:00+00:00,18.0,309.3760070800781,294.0,273.0
2026-09-16 16:00:00+00:00,19.0,299.45947265625,289.0,281.5
2026-09-16 17:00:00+00:00,20.0,298.8550109863281,289.0,280.75
2026-09-16 18:00:00+00:00,21.0,307.0066223144531,292.0,262.28570556640625
2026-09-16 19:00:00+00:00,22.0,304.9820251464844,293.0,263.0
2026-09-16 20:00:00+00:00,23.0,299.99273681640625,290.0,263.0
2026-09-16 21:00:00+00:00,24.0,296.48052978515625,281.0,241.0
2026-09-16 22:00:00+00:00,25.0,280.5856018066406,266.0,224.1999969482422
2026-09-16 23:00:00+00:00,26.0,253.9893341064453,241.0,216.5
2026-09-17 00:00:00+00:00,27.0,228.46080017089844,214.0,214.0
2026-09-17 01:00:00+00:00,28.0,208.59815979003906,199.0,209.3333282470703
2026-09-17 02:00:00+00:00,29.0,220.2975311279297,212.0,196.8000030517578
2026-09-17 03:00:00+00:00,30.0,217.51824951171875,208.0,200.6666717529297
2026-09-17 04:00:00+00:00,31.0,208.18212890625,201.0,192.6666717529297
2026-09-17 05:00:00+00:00,32.0,216.78741455078125,209.0,196.39999389648438
2026-09-16 07:00:00+00:00,1.0,284.7203063964844,275.0,267.5
2026-09-16 08:00:00+00:00,2.0,308.98992919921875,300.0,273.71429443359375
2026-09-16 09:00:00+00:00,3.0,290.8783264160156,282.0,272.3333435058594
2026-09-16 10:00:00+00:00,4.0,305.9562683105469,298.0,283.0
2026-09-16 11:00:00+00:00,5.0,311.0201416015625,304.0,273.0
2026-09-16 12:00:00+00:00,6.0,325.5299377441406,312.0,281.0
2026-09-16 13:00:00+00:00,7.0,298.9033508300781,290.0,280.6666564941406
2026-09-16 14:00:00+00:00,8.0,308.82403564453125,299.0,277.3333435058594
2026-09-16 15:00:00+00:00,9.0,311.2024230957031,297.0,273.0
2026-09-16 16:00:00+00:00,10.0,306.6716003417969,291.0,281.5
2026-09-16 17:00:00+00:00,11.0,298.4661865234375,288.0,280.75
2026-09-16 18:00:00+00:00,12.0,301.9284973144531,292.0,262.28570556640625
2026-09-16 19:00:00+00:00,13.0,308.0606994628906,293.0,263.0
2026-09-16 20:00:00+00:00,14.0,301.22149658203125,289.0,263.0
2026-09-16 21:00:00+00:00,15.0,275.5021667480469,265.0,241.0
2026-09-16 22:00:00+00:00,16.0,258.48663330078125,242.0,224.1999969482422
2026-09-16 23:00:00+00:00,17.0,190.1866455078125,175.0,216.5
2026-09-17 00:00:00+00:00,18.0,283.2486267089844,270.0,214.0
2026-09-17 01:00:00+00:00,19.0,273.78704833984375,259.0,209.3333282470703
2026-09-17 02:00:00+00:00,20.0,246.37510681152344,236.0,196.8000030517578
2026-09-17 03:00:00+00:00,21.0,215.29490661621094,206.0,200.6666717529297
2026-09-17 04:00:00+00:00,22.0,213.2606658935547,203.0,192.6666717529297
2026-09-17 05:00:00+00:00,23.0,212.31121826171875,204.0,196.39999389648438
2026-09-17 06:00:00+00:00,24.0,248.66563415527344,240.0,219.0
2026-09-16 08:00:00+00:00,1.0,318.8677978515625,309.0,273.71429443359375
2026-09-16 09:00:00+00:00,2.0,309.27227783203125,300.0,272.3333435058594
2026-09-16 10:00:00+00:00,3.0,301.0442810058594,292.0,283.0
2026-09-16 11:00:00+00:00,4.0,292.09417724609375,284.0,273.0
2026-09-16 12:00:00+00:00,5.0,295.2675476074219,288.0,281.0
2026-09-16 13:00:00+00:00,6.0,316.72418212890625,303.0,280.6666564941406
2026-09-16 14:00:00+00:00,7.0,307.0542297363281,298.0,277.3333435058594
2026-09-16 15:00:00+00:00,8.0,303.0676574707031,293.0,273.0
2026-09-16 16:00:00+00:00,9.0,305.428955078125,291.0,281.5
2026-09-16 17:00:00+00:00,10.0,302.8907470703125,287.0,280.75
2026-09-16 18:00:00+00:00,11.0,299.54180908203125,289.0,262.28570556640625
2026-09-16 19:00:00+00:00,12.0,301.12982177734375,291.0,263.0
2026-09-16 20:00:00+00:00,13.0,303.2642517089844,288.0,263.0
2026-09-16 21:00:00+00:00,14.0,280.39825439453125,268.0,241.0
2026-09-16 22:00:00+00:00,15.0,273.6893005371094,263.0,224.1999969482422
2026-09-16 23:00:00+00:00,16.0,255.78216552734375,239.0,216.5
2026-09-17 00:00:00+00:00,17.0,214.427490234375,199.0,214.0
2026-09-17 01:00:00+00:00,18.0,277.43243408203125,264.0,209.3333282470703
2026-09-17 02:00:00+00:00,19.0,258.9825744628906,244.0,196.8000030517578
2026-09-17 03:00:00+00:00,20.0,221.48548889160156,211.0,200.6666717529297
2026-09-17 04:00:00+00:00,21.0,212.46897888183594,203.0,192.6666717529297
2026-09-17 05:00:00+00:00,22.0,218.3998565673828,208.0,196.39999389648438
2026-09-17 06:00:00+00:00,23.0,245.4821014404297,237.0,219.0
2026-09-17 07:00:00+00:00,24.0,248.7781524658203,240.0,227.6666717529297
2026-09-16 09:00:00+00:00,1.0,280.15777587890625,271.0,272.3333435058594
2026-09-16 10:00:00+00:00,2.0,299.9837341308594,292.0,283.0
2026-09-16 11:00:00+00:00,3.0,297.0262451171875,289.0,273.0
2026-09-16 12:00:00+00:00,4.0,289.1575622558594,282.0,281.0
2026-09-16 13:00:00+00:00,5.0,297.1147766113281,291.0,280.6666564941406
2026-09-16 14:00:00+00:00,6.0,302.818115234375,290.0,277.3333435058594
2026-09-16 15:00:00+00:00,7.0,294.423828125,286.0,273.0
2026-09-16 16:00:00+00:00,8.0,300.1756896972656,291.0,281.5
2026-09-16 17:00:00+00:00,9.0,296.392822265625,283.0,280.75
2026-09-16 18:00:00+00:00,10.0,300.9775390625,286.0,262.28570556640625
2026-09-16 19:00:00+00:00,11.0,299.01220703125,289.0,263.0
2026-09-16 20:00:00+00:00,12.0,298.20977783203125,289.0,263.0
2026-09-16 21:00:00+00:00,13.0,277.3955993652344,263.0,241.0
2026-09-16 22:00:00+00:00,14.0,254.66607666015625,243.0,224.1999969482422
2026-09-16 23:00:00+00:00,15.0,257.02496337890625,247.0,216.5
2026-09-17 00:00:00+00:00,16.0,265.8294982910156,250.0,214.0
2026-09-17 01:00:00+00:00,17.0,264.5835266113281,250.0,209.3333282470703
2026-09-17 02:00:00+00:00,18.0,216.4460906982422,204.0,196.8000030517578
2026-09-17 03:00:00+00:00,19.0,221.15733337402344,207.0,200.6666717529297
2026-09-17 04:00:00+00:00,20.0,215.2435760498047,205.0,192.6666717529297
2026-09-17 05:00:00+00:00,21.0,221.1175079345703,212.0,196.39999389648438
2026-09-17 06:00:00+00:00,22.0,252.0386962890625,242.0,219.0
2026-09-17 07:00:00+00:00,23.0,252.12786865234375,244.0,227.6666717529297
2026-09-17 08:00:00+00:00,24.0,244.58302307128906,236.0,197.5
2026-09-16 10:00:00+00:00,1.0,299.7856750488281,291.0,283.0
2026-09-16 11:00:00+00:00,2.0,298.2178955078125,291.0,273.0
2026-09-16 12:00:00+00:00,3.0,309.45465087890625,302.0,281.0
2026-09-16 13:00:00+00:00,4.0,299.5738525390625,293.0,280.6666564941406
2026-09-16 14:00:00+00:00,5.0,301.4387512207031,296.0,277.3333435058594
2026-09-16 15:00:00+00:00,6.0,305.3134765625,293.0,273.0
2026-09-16 16:00:00+00:00,7.0,301.1139221191406,293.0,281.5
2026-09-16 17:00:00+00:00,8.0,299.7528076171875,291.0,280.75
2026-09-16 18:00:00+00:00,9.0,300.91815185546875,288.0,262.28570556640625
2026-09-16 19:00:00+00:00,10.0,299.4984130859375,285.0,263.0
2026-09-16 20:00:00+00:00,11.0,301.7203063964844,292.0,263.0
2026-09-16 21:00:00+00:00,12.0,272.73419189453125,264.0,241.0
2026-09-16 22:00:00+00:00,13.0,260.95074462890625,247.0,224.1999969482422
2026-09-16 23:00:00+00:00,14.0,247.28839111328125,236.0,216.5
2026-09-17 00:00:00+00:00,15.0,264.664306640625,255.0,214.0
2026-09-17 01:00:00+00:00,16.0,254.39122009277344,239.0,209.3333282470703
2026-09-17 02:00:00+00:00,17.0,249.22557067871094,235.0,196.8000030517578
2026-09-17 03:00:00+00:00,18.0,232.896240234375,221.0,200.6666717529297
2026-09-17 04:00:00+00:00,19.0,222.73779296875,209.0,192.6666717529297
2026-09-17 05:00:00+00:00,20.0,207.20303344726562,197.0,196.39999389648438
2026-09-17 06:00:00+00:00,21.0,252.9846649169922,244.0,219.0
2026-09-17 07:00:00+00:00,22.0,253.9077911376953,244.0,227.6666717529297
2026-09-17 08:00:00+00:00,23.0,242.99473571777344,235.0,197.5
2026-09-17 09:00:00+00:00,24.0,214.54095458984375,206.0,204.0
2026-09-16 11:00:00+00:00,1.0,291.43212890625,282.0,273.0
2026-09-16 12:00:00+00:00,2.0,310.5403137207031,302.0,281.0
2026-09-16 13:00:00+00:00,3.0,308.4866027832031,300.0,280.6666564941406
2026-09-16 14:00:00+00:00,4.0,313.5743408203125,306.0,277.3333435058594
2026-09-16 15:00:00+00:00,5.0,305.6246643066406,299.0,273.0
2026-09-16 16:00:00+00:00,6.0,307.2207336425781,294.0,281.5
2026-09-16 17:00:00+00:00,7.0,300.7020263671875,292.0,280.75
2026-09-16 18:00:00+00:00,8.0,299.56768798828125,290.0,262.28570556640625
2026-09-16 19:00:00+00:00,9.0,303.846435546875,290.0,263.0
2026-09-16 20:00:00+00:00,10.0,293.3796691894531,278.0,263.0
2026-09-16 21:00:00+00:00,11.0,276.26959228515625,266.0,241.0
2026-09-16 22:00:00+00:00,12.0,250.6342315673828,241.0,224.1999969482422
2026-09-16 23:00:00+00:00,13.0,265.8007507324219,251.0,216.5
2026-09-17 00:00:00+00:00,14.0,280.9683837890625,269.0,214.0
2026-09-17 01:00:00+00:00,15.0,243.32894897460938,233.0,209.3333282470703
2026-09-17 02:00:00+00:00,16.0,223.26881408691406,207.0,196.8000030517578
2026-09-17 03:00:00+00:00,17.0,226.9698944091797,212.0,200.6666717529297
2026-09-17 04:00:00+00:00,18.0,208.86514282226562,196.0,192.6666717529297
2026-09-17 05:00:00+00:00,19.0,212.52578735351562,198.0,196.39999389648438
2026-09-17 06:00:00+00:00,20.0,249.32830810546875,239.0,219.0
2026-09-17 07:00:00+00:00,21.0,249.2558135986328,240.0,227.6666717529297
2026-09-17 08:00:00+00:00,22.0,237.2156219482422,227.0,197.5
2026-09-17 09:00:00+00:00,23.0,215.29652404785156,207.0,204.0
2026-09-17 10:00:00+00:00,24.0,219.65933227539062,211.0,206.0
2026-09-16 12:00:00+00:00,1.0,283.0345458984375,274.0,281.0
2026-09-16 13:00:00+00:00,2.0,288.7376403808594,281.0,280.6666564941406
2026-09-16 14:00:00+00:00,3.0,298.5682678222656,291.0,277.3333435058594
2026-09-16 15:00:00+00:00,4.0,295.719482421875,289.0,273.0
2026-09-16 16:00:00+00:00,5.0,292.7846374511719,287.0,281.5
2026-09-16 17:00:00+00:00,6.0,298.7480773925781,286.0,280.75
2026-09-16 18:00:00+00:00,7.0,293.3210144042969,285.0,262.28570556640625
2026-09-16 19:00:00+00:00,8.0,292.2070617675781,283.0,263.0
2026-09-16 20:00:00+00:00,9.0,287.2418518066406,274.0,263.0
2026-09-16 21:00:00+00:00,10.0,272.9017639160156,258.0,241.0
2026-09-16 22:00:00+00:00,11.0,254.89283752441406,245.0,224.1999969482422
2026-09-16 23:00:00+00:00,12.0,263.0464782714844,254.0,216.5
2026-09-17 00:00:00+00:00,13.0,267.2619934082031,253.0,214.0
2026-09-17 01:00:00+00:00,14.0,238.65379333496094,227.0,209.3333282470703
2026-09-17 02:00:00+00:00,15.0,217.09048461914062,207.0,196.8000030517578
2026-09-17 03:00:00+00:00,16.0,220.12844848632812,204.0,200.6666717529297
2026-09-17 04:00:00+00:00,17.0,213.71131896972656,199.0,192.6666717529297
2026-09-17 05:00:00+00:00,18.0,214.32286071777344,202.0,196.39999389648438
2026-09-17 06:00:00+00:00,19.0,253.13856506347656,239.0,219.0
2026-09-17 07:00:00+00:00,20.0,255.5843048095703,245.0,227.6666717529297
2026-09-17 08:00:00+00:00,21.0,244.52658081054688,235.0,197.5
2026-09-17 09:00:00+00:00,22.0,225.33631896972656,215.0,204.0
2026-09-17 10:00:00+00:00,23.0,215.59376525878906,207.0,206.0
2026-09-17 11:00:00+00:00,24.0,213.96603393554688,205.0,207.5
2026-09-16 13:00:00+00:00,1.0,296.1338806152344,288.0,280.6666564941406
2026-09-16 14:00:00+00:00,2.0,298.06414794921875,292.0,277.3333435058594
2026-09-16 15:00:00+00:00,3.0,302.4669189453125,296.0,273.0
2026-09-16 16:00:00+00:00,4.0,302.505615234375,297.0,281.5
2026-09-16 17:00:00+00:00,5.0,297.28375244140625,293.0,280.75
2026-09-16 18:00:00+00:00,6.0,303.6820983886719,292.0,262.28570556640625
2026-09-16 19:00:00+00:00,7.0,278.4975280761719,271.0,263.0
2026-09-16 20:00:00+00:00,8.0,298.0389404296875,290.0,263.0
2026-09-16 21:00:00+00:00,9.0,294.1495666503906,282.0,241.0
2026-09-16 22:00:00+00:00,10.0,270.7855529785156,257.0,224.1999969482422
2026-09-16 23:00:00+00:00,11.0,258.2753601074219,249.0,216.5
2026-09-17 00:00:00+00:00,12.0,255.10687255859375,247.0,214.0
2026-09-17 01:00:00+00:00,13.0,260.0712890625,247.0,209.3333282470703
2026-09-17 02:00:00+00:00,14.0,213.65330505371094,203.0,196.8000030517578
2026-09-17 03:00:00+00:00,15.0,207.25634765625,198.0,200.6666717529297
2026-09-17 04:00:00+00:00,16.0,215.9733428955078,201.0,192.6666717529297
2026-09-17 05:00:00+00:00,17.0,240.86892700195312,227.0,196.39999389648438
2026-09-17 06:00:00+00:00,18.0,241.0048370361328,230.0,219.0
2026-09-17 07:00:00+00:00,19.0,262.1518859863281,249.0,227.6666717529297
2026-09-17 08:00:00+00:00,20.0,242.37608337402344,232.0,197.5
2026-09-17 09:00:00+00:00,21.0,214.06423950195312,205.0,204.0
2026-09-17 10:00:00+00:00,22.0,218.80601501464844,209.0,206.0
2026-09-17 11:00:00+00:00,23.0,211.9726104736328,204.0,207.5
2026-09-17 12:00:00+00:00,24.0,221.5814971923828,213.0,201.39999389648438
2026-09-16 14:00:00+00:00,1.0,303.1766052246094,295.0,277.3333435058594
2026-09-16 15:00:00+00:00,2.0,300.1142883300781,294.0,273.0
2026-09-16 16:00:00+00:00,3.0,299.59759521484375,293.0,281.5
2026-09-16 17:00:00+00:00,4.0,295.6103210449219,290.0,280.75
2026-09-16 18:00:00+00:00,5.0,298.39947509765625,294.0,262.28570556640625
2026-09-16 19:00:00+00:00,6.0,299.7351989746094,288.0,263.0
2026-09-16 20:00:00+00:00,7.0,285.58697509765625,278.0,263.0
2026-09-16 21:00:00+00:00,8.0,252.1178436279297,244.0,241.0
2026-09-16 22:00:00+00:00,9.0,237.25379943847656,225.0,224.1999969482422
2026-09-16 23:00:00+00:00,10.0,260.85552978515625,247.0,216.5
2026-09-17 00:00:00+00:00,11.0,264.3471984863281,255.0,214.0
2026-09-17 01:00:00+00:00,12.0,201.18898010253906,193.0,209.3333282470703
2026-09-17 02:00:00+00:00,13.0,214.17471313476562,201.0,196.8000030517578
2026-09-17 03:00:00+00:00,14.0,202.71238708496094,192.0,200.6666717529297
2026-09-17 04:00:00+00:00,15.0,211.25978088378906,202.0,192.6666717529297
2026-09-17 05:00:00+00:00,16.0,237.96205139160156,223.0,196.39999389648438
2026-09-17 06:00:00+00:00,17.0,249.89706420898438,236.0,219.0
2026-09-17 07:00:00+00:00,18.0,249.0964813232422,238.0,227.6666717529297
2026-09-17 08:00:00+00:00,19.0,243.20082092285156,230.0,197.5
2026-09-17 09:00:00+00:00,20.0,218.3616943359375,208.0,204.0
2026-09-17 10:00:00+00:00,21.0,219.0113983154297,210.0,206.0
2026-09-17 11:00:00+00:00,22.0,218.82611083984375,209.0,207.5
2026-09-17 12:00:00+00:00,23.0,237.9291229248047,230.0,201.39999389648438
2026-09-17 13:00:00+00:00,24.0,221.54124450683594,213.0,205.1666717529297
2026-09-16 15:00:00+00:00,1.0,299.7744445800781,292.0,273.0
2026-09-16 16:00:00+00:00,2.0,301.45550537109375,296.0,281.5
2026-09-16 17:00:00+00:00,3.0,295.98443603515625,290.0,280.75
2026-09-16 18:00:00+00:00,4.0,287.954833984375,283.0,262.28570556640625
2026-09-16 19:00:00+00:00,5.0,291.7437438964844,288.0,263.0
2026-09-16 20:00:00+00:00,6.0,282.31005859375,271.0,263.0
2026-09-16 21:00:00+00:00,7.0,255.16053771972656,248.0,241.0
2026-09-16 22:00:00+00:00,8.0,251.62046813964844,244.0,224.1999969482422
2026-09-16 23:00:00+00:00,9.0,270.7404479980469,259.0,216.5
2026-09-17 00:00:00+00:00,10.0,268.39080810546875,255.0,214.0
2026-09-17 01:00:00+00:00,11.0,213.99923706054688,205.0,209.3333282470703
2026-09-17 02:00:00+00:00,12.0,206.77767944335938,199.0,196.8000030517578
2026-09-17 03:00:00+00:00,13.0,215.5763397216797,203.0,200.6666717529297
2026-09-17 04:00:00+00:00,14.0,210.26573181152344,200.0,192.6666717529297
2026-09-17 05:00:00+00:00,15.0,216.97947692871094,208.0,196.39999389648438
2026-09-17 06:00:00+00:00,16.0,256.6320495605469,242.0,219.0
2026-09-17 07:00:00+00:00,17.0,253.59515380859375,240.0,227.6666717529297
2026-09-17 08:00:00+00:00,18.0,241.50672912597656,231.0,197.5
2026-09-17 09:00:00+00:00,19.0,217.77896118164062,205.0,204.0
2026-09-17 10:00:00+00:00,20.0,216.37551879882812,206.0,206.0
2026-09-17 11:00:00+00:00,21.0,230.02635192871094,221.0,207.5
2026-09-17 12:00:00+00:00,22.0,242.70233154296875,233.0,201.39999389648438
2026-09-17 13:00:00+00:00,23.0,227.84461975097656,220.0,205.1666717529297
2026-09-17 14:00:00+00:00,24.0,233.5153045654297,225.0,202.0
2026-09-16 16:00:00+00:00,1.0,300.35382080078125,293.0,281.5
2026-09-16 17:00:00+00:00,2.0,301.7909240722656,297.0,280.75
2026-09-16 18:00:00+00:00,3.0,298.6027526855469,293.0,262.28570556640625
2026-09-16 19:00:00+00:00,4.0,291.4554443359375,287.0,263.0
2026-09-16 20:00:00+00:00,5.0,294.16436767578125,291.0,263.0
2026-09-16 21:00:00+00:00,6.0,276.8216857910156,266.0,241.0
2026-09-16 22:00:00+00:00,7.0,238.7734375,232.0,224.1999969482422
2026-09-16 23:00:00+00:00,8.0,239.11476135253906,232.0,216.5
2026-09-17 00:00:00+00:00,9.0,269.2937927246094,258.0,214.0
2026-09-17 01:00:00+00:00,10.0,246.89088439941406,234.0,209.3333282470703
2026-09-17 02:00:00+00:00,11.0,223.69593811035156,215.0,196.8000030517578
2026-09-17 03:00:00+00:00,12.0,207.42288208007812,200.0,200.6666717529297
2026-09-17 04:00:00+00:00,13.0,222.05157470703125,210.0,192.6666717529297
2026-09-17 05:00:00+00:00,14.0,216.79371643066406,207.0,196.39999389648438
2026-09-17 06:00:00+00:00,15.0,220.5882568359375,212.0,219.0
2026-09-17 07:00:00+00:00,16.0,248.0774383544922,234.0,227.6666717529297
2026-09-17 08:00:00+00:00,17.0,244.2036590576172,231.0,197.5
2026-09-17 09:00:00+00:00,18.0,227.92710876464844,218.0,204.0
2026-09-17 10:00:00+00:00,19.0,221.3215789794922,209.0,206.0
2026-09-17 11:00:00+00:00,20.0,224.14418029785156,214.0,207.5
2026-09-17 12:00:00+00:00,21.0,215.77151489257812,207.0,201.39999389648438
2026-09-17 13:00:00+00:00,22.0,225.42507934570312,216.0,205.1666717529297
2026-09-17 14:00:00+00:00,23.0,214.51039123535156,207.0,202.0
2026-09-17 15:00:00+00:00,24.0,221.29818725585938,213.0,203.7142791748047
2026-09-16 17:00:00+00:00,1.0,296.8982238769531,289.0,280.75
2026-09-16 18:00:00+00:00,2.0,303.60797119140625,298.0,262.28570556640625
2026-09-16 19:00:00+00:00,3.0,300.37518310546875,294.0,263.0
2026-09-16 20:00:00+00:00,4.0,279.29046630859375,274.0,263.0
2026-09-16 21:00:00+00:00,5.0,256.04803466796875,252.0,241.0
2026-09-16 22:00:00+00:00,6.0,236.39450073242188,225.0,224.1999969482422
2026-09-16 23:00:00+00:00,7.0,236.35498046875,229.0,216.5
2026-09-17 00:00:00+00:00,8.0,189.78720092773438,182.0,214.0
2026-09-17 01:00:00+00:00,9.0,241.0537872314453,229.0,209.3333282470703
2026-09-17 02:00:00+00:00,10.0,199.5324249267578,186.0,196.8000030517578
2026-09-17 03:00:00+00:00,11.0,214.14413452148438,205.0,200.6666717529297
2026-09-17 04:00:00+00:00,12.0,216.0,208.0,192.6666717529297
2026-09-17 05:00:00+00:00,13.0,217.83702087402344,205.0,196.39999389648438
2026-09-17 06:00:00+00:00,14.0,251.36813354492188,241.0,219.0
2026-09-17 07:00:00+00:00,15.0,248.92799377441406,240.0,227.6666717529297
2026-09-17 08:00:00+00:00,16.0,247.523193359375,233.0,197.5
2026-09-17 09:00:00+00:00,17.0,220.62022399902344,207.0,204.0
2026-09-17 10:00:00+00:00,18.0,222.6904296875,212.0,206.0
2026-09-17 11:00:00+00:00,19.0,224.8607177734375,212.0,207.5
2026-09-17 12:00:00+00:00,20.0,246.1865692138672,236.0,201.39999389648438
2026-09-17 13:00:00+00:00,21.0,222.76861572265625,214.0,205.1666717529297
2026-09-17 14:00:00+00:00,22.0,242.63328552246094,233.0,202.0
2026-09-17 15:00:00+00:00,23.0,218.5906524658203,211.0,203.7142791748047
2026-09-17 16:00:00+00:00,24.0,221.33897399902344,213.0,201.6666717529297
2026-09-16 18:00:00+00:00,1.0,285.98516845703125,278.0,262.28570556640625
2026-09-16 19:00:00+00:00,2.0,295.7820129394531,290.0,263.0
2026-09-16 20:00:00+00:00,3.0,277.3810119628906,271.0,263.0
2026-09-16 21:00:00+00:00,4.0,253.31536865234375,248.0,241.0
2026-09-16 22:00:00+00:00,5.0,259.1962585449219,255.0,224.1999969482422
2026-09-16 23:00:00+00:00,6.0,270.5420227050781,259.0,216.5
2026-09-17 00:00:00+00:00,7.0,264.4167175292969,257.0,214.0
2026-09-17 01:00:00+00:00,8.0,212.9542999267578,205.0,209.3333282470703
2026-09-17 02:00:00+00:00,9.0,212.19822692871094,200.0,196.8000030517578
2026-09-17 03:00:00+00:00,10.0,221.68150329589844,208.0,200.6666717529297
2026-09-17 04:00:00+00:00,11.0,214.16415405273438,205.0,192.6666717529297
2026-09-17 05:00:00+00:00,12.0,229.1169891357422,221.0,196.39999389648438
2026-09-17 06:00:00+00:00,13.0,236.9412078857422,224.0,219.0
2026-09-17 07:00:00+00:00,14.0,251.4820556640625,241.0,227.6666717529297
2026-09-17 08:00:00+00:00,15.0,241.04754638671875,232.0,197.5
2026-09-17 09:00:00+00:00,16.0,221.76937866210938,207.0,204.0
2026-09-17 10:00:00+00:00,17.0,222.7809600830078,209.0,206.0
2026-09-17 11:00:00+00:00,18.0,222.81365966796875,212.0,207.5
2026-09-17 12:00:00+00:00,19.0,221.9700469970703,209.0,201.39999389648438
2026-09-17 13:00:00+00:00,20.0,232.32339477539062,222.0,205.1666717529297
2026-09-17 14:00:00+00:00,21.0,222.97317504882812,214.0,202.0
2026-09-17 15:00:00+00:00,22.0,219.79530334472656,210.0,203.7142791748047
2026-09-17 16:00:00+00:00,23.0,221.78216552734375,214.0,201.6666717529297
2026-09-17 17:00:00+00:00,24.0,264.48431396484375,256.0,207.0
2026-09-16 19:00:00+00:00,1.0,290.1626281738281,282.0,263.0
2026-09-16 20:00:00+00:00,2.0,292.1005554199219,286.0,263.0
2026-09-16 21:00:00+00:00,3.0,247.62315368652344,241.0,241.0
2026-09-16 22:00:00+00:00,4.0,223.58267211914062,218.0,224.1999969482422
2026-09-16 23:00:00+00:00,5.0,244.52391052246094,240.0,216.5
2026-09-17 00:00:00+00:00,6.0,271.7484130859375,260.0,214.0
2026-09-17 01:00:00+00:00,7.0,254.5936737060547,247.0,209.3333282470703
2026-09-17 02:00:00+00:00,8.0,230.2017059326172,222.0,196.8000030517578
2026-09-17 03:00:00+00:00,9.0,216.45997619628906,204.0,200.6666717529297
2026-09-17 04:00:00+00:00,10.0,219.9091796875,206.0,192.6666717529297
2026-09-17 05:00:00+00:00,11.0,249.28697204589844,240.0,196.39999389648438
2026-09-17 06:00:00+00:00,12.0,243.33302307128906,235.0,219.0
2026-09-17 07:00:00+00:00,13.0,256.19610595703125,243.0,227.6666717529297
2026-09-17 08:00:00+00:00,14.0,243.67257690429688,233.0,197.5
2026-09-17 09:00:00+00:00,15.0,212.1752166748047,203.0,204.0
2026-09-17 10:00:00+00:00,16.0,220.9553985595703,206.0,206.0
2026-09-17 11:00:00+00:00,17.0,222.93106079101562,209.0,207.5
2026-09-17 12:00:00+00:00,18.0,222.0709686279297,211.0,201.39999389648438
2026-09-17 13:00:00+00:00,19.0,227.148681640625,214.0,205.1666717529297
2026-09-17 14:00:00+00:00,20.0,228.33258056640625,218.0,202.0
2026-09-17 15:00:00+00:00,21.0,221.02261352539062,212.0,203.7142791748047
2026-09-17 16:00:00+00:00,22.0,230.88677978515625,221.0,201.6666717529297
2026-09-17 17:00:00+00:00,23.0,256.8492736816406,249.0,207.0
2026-09-17 18:00:00+00:00,24.0,270.53204345703125,262.0,218.0
2026-09-16 20:00:00+00:00,1.0,296.751708984375,288.0,263.0
2026-09-16 21:00:00+00:00,2.0,265.1231994628906,258.0,241.0
2026-09-16 22:00:00+00:00,3.0,247.3372344970703,240.0,224.1999969482422
2026-09-16 23:00:00+00:00,4.0,265.397705078125,259.0,216.5
2026-09-17 00:00:00+00:00,5.0,258.4779357910156,253.0,214.0
2026-09-17 01:00:00+00:00,6.0,204.4182586669922,192.0,209.3333282470703
2026-09-17 02:00:00+00:00,7.0,219.15988159179688,211.0,196.8000030517578
2026-09-17 03:00:00+00:00,8.0,213.9662628173828,205.0,200.6666717529297
2026-09-17 04:00:00+00:00,9.0,219.18479919433594,206.0,192.6666717529297
2026-09-17 05:00:00+00:00,10.0,218.6343994140625,204.0,196.39999389648438
2026-09-17 06:00:00+00:00,11.0,248.71499633789062,239.0,219.0
2026-09-17 07:00:00+00:00,12.0,250.93875122070312,242.0,227.6666717529297
2026-09-17 08:00:00+00:00,13.0,246.98802185058594,233.0,197.5
2026-09-17 09:00:00+00:00,14.0,234.3306884765625,223.0,204.0
2026-09-17 10:00:00+00:00,15.0,222.67730712890625,213.0,206.0
2026-09-17 11:00:00+00:00,16.0,228.637451171875,213.0,207.5
2026-09-17 12:00:00+00:00,17.0,247.4463653564453,233.0,201.39999389648438
2026-09-17 13:00:00+00:00,18.0,233.9257354736328,222.0,205.1666717529297
2026-09-17 14:00:00+00:00,19.0,227.78109741210938,214.0,202.0
2026-09-17 15:00:00+00:00,20.0,221.47482299804688,211.0,203.7142791748047
2026-09-17 16:00:00+00:00,21.0,219.26852416992188,210.0,201.6666717529297
2026-09-17 17:00:00+00:00,22.0,247.2124786376953,237.0,207.0
2026-09-17 18:00:00+00:00,23.0,264.20294189453125,256.0,218.0
2026-09-17 19:00:00+00:00,24.0,280.76513671875,272.0,273.0
2026-09-16 21:00:00+00:00,1.0,262.0005187988281,253.0,241.0
2026-09-16 22:00:00+00:00,2.0,265.69195556640625,258.0,224.1999969482422
2026-09-16 23:00:00+00:00,3.0,267.3684997558594,260.0,216.5
2026-09-17 00:00:00+00:00,4.0,263.54010009765625,257.0,214.0
2026-09-17 01:00:00+00:00,5.0,237.82879638671875,232.0,209.3333282470703
2026-09-17 02:00:00+00:00,6.0,218.76141357421875,206.0,196.8000030517578
2026-09-17 03:00:00+00:00,7.0,207.277099609375,199.0,200.6666717529297
2026-09-17 04:00:00+00:00,8.0,212.28953552246094,203.0,192.6666717529297
2026-09-17 05:00:00+00:00,9.0,254.30416870117188,241.0,196.39999389648438
2026-09-17 06:00:00+00:00,10.0,254.967041015625,240.0,219.0
2026-09-17 07:00:00+00:00,11.0,251.76528930664062,242.0,227.6666717529297
2026-09-17 08:00:00+00:00,12.0,244.1167449951172,235.0,197.5
2026-09-17 09:00:00+00:00,13.0,221.17662048339844,207.0,204.0
2026-09-17 10:00:00+00:00,14.0,217.62542724609375,206.0,206.0
2026-09-17 11:00:00+00:00,15.0,221.081298828125,211.0,207.5
2026-09-17 12:00:00+00:00,16.0,227.22891235351562,211.0,201.39999389648438
2026-09-17 13:00:00+00:00,17.0,226.771484375,212.0,205.1666717529297
2026-09-17 14:00:00+00:00,18.0,233.26760864257812,221.0,202.0
2026-09-17 15:00:00+00:00,19.0,230.0767059326172,216.0,203.7142791748047
2026-09-17 16:00:00+00:00,20.0,226.74395751953125,216.0,201.6666717529297
2026-09-17 17:00:00+00:00,21.0,251.77066040039062,242.0,207.0
2026-09-17 18:00:00+00:00,22.0,281.4976806640625,271.0,218.0
2026-09-17 19:00:00+00:00,23.0,270.73138427734375,262.0,273.0
2026-09-17 20:00:00+00:00,24.0,274.13128662109375,265.0,273.0
2026-09-16 22:00:00+00:00,1.0,211.6312713623047,202.0,224.1999969482422
2026-09-16 23:00:00+00:00,2.0,211.9266357421875,203.0,216.5
2026-09-17 00:00:00+00:00,3.0,271.3164367675781,263.0,214.0
2026-09-17 01:00:00+00:00,4.0,251.49661254882812,244.0,209.3333282470703
2026-09-17 02:00:00+00:00,5.0,203.91900634765625,197.0,196.8000030517578
2026-09-17 03:00:00+00:00,6.0,218.55426025390625,205.0,200.6666717529297
2026-09-17 04:00:00+00:00,7.0,204.7974395751953,196.0,192.6666717529297
2026-09-17 05:00:00+00:00,8.0,260.95916748046875,251.0,196.39999389648438
2026-09-17 06:00:00+00:00,9.0,249.05722045898438,235.0,219.0
2026-09-17 07:00:00+00:00,10.0,257.7166442871094,242.0,227.6666717529297
2026-09-17 08:00:00+00:00,11.0,245.23277282714844,235.0,197.5
2026-09-17 09:00:00+00:00,12.0,215.92507934570312,206.0,204.0
2026-09-17 10:00:00+00:00,13.0,219.86927795410156,205.0,206.0
2026-09-17 11:00:00+00:00,14.0,225.19549560546875,213.0,207.5
2026-09-17 12:00:00+00:00,15.0,228.6898193359375,218.0,201.39999389648438
2026-09-17 13:00:00+00:00,16.0,229.95643615722656,213.0,205.1666717529297
2026-09-17 14:00:00+00:00,17.0,236.42153930664062,221.0,202.0
2026-09-17 15:00:00+00:00,18.0,223.08888244628906,210.0,203.7142791748047
2026-09-17 16:00:00+00:00,19.0,236.78228759765625,222.0,201.6666717529297
2026-09-17 17:00:00+00:00,20.0,266.82330322265625,256.0,207.0
2026-09-17 18:00:00+00:00,21.0,283.9864501953125,274.0,218.0
2026-09-17 19:00:00+00:00,22.0,287.6675109863281,277.0,273.0
2026-09-17 20:00:00+00:00,23.0,288.9748840332031,280.0,273.0
2026-09-17 21:00:00+00:00,24.0,286.1986999511719,277.0,273.0
2026-09-16 23:00:00+00:00,2.0,212.88880920410156,203.0,216.5
2026-09-17 00:00:00+00:00,3.0,272.4398498535156,263.0,214.0
2026-09-17 01:00:00+00:00,4.0,252.50906372070312,244.0,209.3333282470703
2026-09-17 02:00:00+00:00,5.0,204.72731018066406,197.0,196.8000030517578
2026-09-17 03:00:00+00:00,6.0,212.25128173828125,205.0,200.6666717529297
2026-09-17 04:00:00+00:00,7.0,209.8109130859375,196.0,192.6666717529297
2026-09-17 05:00:00+00:00,8.0,259.90911865234375,251.0,196.39999389648438
2026-09-17 06:00:00+00:00,9.0,245.15029907226562,235.0,219.0
2026-09-17 07:00:00+00:00,10.0,256.1268615722656,242.0,227.6666717529297
2026-09-17 08:00:00+00:00,11.0,250.94793701171875,235.0,197.5
2026-09-17 09:00:00+00:00,12.0,216.2620391845703,206.0,204.0
2026-09-17 10:00:00+00:00,13.0,215.0955352783203,205.0,206.0
2026-09-17 11:00:00+00:00,14.0,227.94683837890625,213.0,207.5
2026-09-17 12:00:00+00:00,15.0,230.3884735107422,218.0,201.39999389648438
2026-09-17 13:00:00+00:00,16.0,223.96580505371094,213.0,205.1666717529297
2026-09-17 14:00:00+00:00,17.0,238.2547149658203,221.0,202.0
2026-09-17 15:00:00+00:00,18.0,225.6243896484375,210.0,203.7142791748047
2026-09-17 16:00:00+00:00,19.0,235.35064697265625,222.0,201.6666717529297
2026-09-17 17:00:00+00:00,20.0,270.9645080566406,256.0,207.0
2026-09-17 18:00:00+00:00,21.0,284.9398498535156,274.0,218.0
2026-09-17 19:00:00+00:00,22.0,287.2109680175781,277.0,273.0
2026-09-17 20:00:00+00:00,23.0,290.6922912597656,280.0,273.0
2026-09-17 21:00:00+00:00,24.0,286.2211608886719,277.0,273.0
2026-09-17 22:00:00+00:00,25.0,290.3162841796875,281.0,273.0
2026-09-17 00:00:00+00:00,3.0,272.9276428222656,263.0,214.0
2026-09-17 01:00:00+00:00,4.0,253.6066436767578,244.0,209.3333282470703
2026-09-17 02:00:00+00:00,5.0,205.41432189941406,197.0,196.8000030517578
2026-09-17 03:00:00+00:00,6.0,212.645263671875,205.0,200.6666717529297
2026-09-17 04:00:00+00:00,7.0,203.25416564941406,196.0,192.6666717529297
2026-09-17 05:00:00+00:00,8.0,264.8736572265625,251.0,196.39999389648438
2026-09-17 06:00:00+00:00,9.0,243.84017944335938,235.0,219.0
2026-09-17 07:00:00+00:00,10.0,252.16485595703125,242.0,227.6666717529297
2026-09-17 08:00:00+00:00,11.0,248.97503662109375,235.0,197.5
2026-09-17 09:00:00+00:00,12.0,221.96688842773438,206.0,204.0
2026-09-17 10:00:00+00:00,13.0,215.19094848632812,205.0,206.0
2026-09-17 11:00:00+00:00,14.0,223.0587615966797,213.0,207.5
2026-09-17 12:00:00+00:00,15.0,232.84234619140625,218.0,201.39999389648438
2026-09-17 13:00:00+00:00,16.0,225.4302520751953,213.0,205.1666717529297
2026-09-17 14:00:00+00:00,17.0,232.0923309326172,221.0,202.0
2026-09-17 15:00:00+00:00,18.0,227.41976928710938,210.0,203.7142791748047
2026-09-17 16:00:00+00:00,19.0,237.6979217529297,222.0,201.6666717529297
2026-09-17 17:00:00+00:00,20.0,269.4029846191406,256.0,207.0
2026-09-17 18:00:00+00:00,21.0,288.9568176269531,274.0,218.0
2026-09-17 19:00:00+00:00,22.0,288.0663757324219,277.0,273.0
2026-09-17 20:00:00+00:00,23.0,290.4370422363281,280.0,273.0
2026-09-17 21:00:00+00:00,24.0,287.73822021484375,277.0,273.0
2026-09-17 22:00:00+00:00,25.0,290.45611572265625,281.0,273.0
2026-09-17 23:00:00+00:00,26.0,285.4478454589844,276.0,272.6000061035156
2026-09-17 01:00:00+00:00,4.0,253.56246948242188,244.0,209.3333282470703
2026-09-17 02:00:00+00:00,5.0,206.1344757080078,197.0,196.8000030517578
2026-09-17 03:00:00+00:00,6.0,212.91575622558594,205.0,200.6666717529297
2026-09-17 04:00:00+00:00,7.0,203.1063232421875,196.0,192.6666717529297
2026-09-17 05:00:00+00:00,8.0,257.7195129394531,251.0,196.39999389648438
2026-09-17 06:00:00+00:00,9.0,248.59654235839844,235.0,219.0
2026-09-17 07:00:00+00:00,10.0,250.5258331298828,242.0,227.6666717529297
2026-09-17 08:00:00+00:00,11.0,244.90969848632812,235.0,197.5
2026-09-17 09:00:00+00:00,12.0,219.55955505371094,206.0,204.0
2026-09-17 10:00:00+00:00,13.0,220.65907287597656,205.0,206.0
2026-09-17 11:00:00+00:00,14.0,223.03643798828125,213.0,207.5
2026-09-17 12:00:00+00:00,15.0,227.711669921875,218.0,201.39999389648438
2026-09-17 13:00:00+00:00,16.0,227.5377655029297,213.0,205.1666717529297
2026-09-17 14:00:00+00:00,17.0,233.19427490234375,221.0,202.0
2026-09-17 15:00:00+00:00,18.0,220.96502685546875,210.0,203.7142791748047
2026-09-17 16:00:00+00:00,19.0,239.36837768554688,222.0,201.6666717529297
2026-09-17 17:00:00+00:00,20.0,271.549072265625,256.0,207.0
2026-09-17 18:00:00+00:00,21.0,287.11041259765625,274.0,218.0
2026-09-17 19:00:00+00:00,22.0,291.71807861328125,277.0,273.0
2026-09-17 20:00:00+00:00,23.0,291.1203308105469,280.0,273.0
2026-09-17 21:00:00+00:00,24.0,287.55853271484375,277.0,273.0
2026-09-17 22:00:00+00:00,25.0,291.8404235839844,281.0,273.0
2026-09-17 23:00:00+00:00,26.0,285.6022644042969,276.0,272.6000061035156
2026-09-18 00:00:00+00:00,27.0,288.58160400390625,279.0,276.1666564941406
2026-09-17 02:00:00+00:00,5.0,206.33070373535156,197.0,196.8000030517578
2026-09-17 03:00:00+00:00,6.0,213.6992950439453,205.0,200.6666717529297
2026-09-17 04:00:00+00:00,7.0,203.4620819091797,196.0,192.6666717529297
2026-09-17 05:00:00+00:00,8.0,257.62603759765625,251.0,196.39999389648438
2026-09-17 06:00:00+00:00,9.0,241.28897094726562,235.0,219.0
2026-09-17 07:00:00+00:00,10.0,255.37350463867188,242.0,227.6666717529297
2026-09-17 08:00:00+00:00,11.0,243.32276916503906,235.0,197.5
2026-09-17 09:00:00+00:00,12.0,215.75929260253906,206.0,204.0
2026-09-17 10:00:00+00:00,13.0,218.2827911376953,205.0,206.0
2026-09-17 11:00:00+00:00,14.0,228.4105224609375,213.0,207.5
2026-09-17 12:00:00+00:00,15.0,227.87547302246094,218.0,201.39999389648438
2026-09-17 13:00:00+00:00,16.0,222.42974853515625,213.0,205.1666717529297
2026-09-17 14:00:00+00:00,17.0,235.32508850097656,221.0,202.0
2026-09-17 15:00:00+00:00,18.0,222.03775024414062,210.0,203.7142791748047
2026-09-17 16:00:00+00:00,19.0,232.84666442871094,222.0,201.6666717529297
2026-09-17 17:00:00+00:00,20.0,273.36083984375,256.0,207.0
2026-09-17 18:00:00+00:00,21.0,289.5073547363281,274.0,218.0
2026-09-17 19:00:00+00:00,22.0,289.85302734375,277.0,273.0
2026-09-17 20:00:00+00:00,23.0,294.5541076660156,280.0,273.0
2026-09-17 21:00:00+00:00,24.0,288.2715148925781,277.0,273.0
2026-09-17 22:00:00+00:00,25.0,291.734619140625,281.0,273.0
2026-09-17 23:00:00+00:00,26.0,286.98187255859375,276.0,272.6000061035156
2026-09-18 00:00:00+00:00,27.0,288.802978515625,279.0,276.1666564941406
2026-09-18 01:00:00+00:00,28.0,290.7542724609375,281.0,272.6666564941406
2026-09-17 03:00:00+00:00,6.0,214.26641845703125,205.0,200.6666717529297
2026-09-17 04:00:00+00:00,7.0,204.45095825195312,196.0,192.6666717529297
2026-09-17 05:00:00+00:00,8.0,258.13604736328125,251.0,196.39999389648438
2026-09-17 06:00:00+00:00,9.0,241.29922485351562,235.0,219.0
2026-09-17 07:00:00+00:00,10.0,247.96763610839844,242.0,227.6666717529297
2026-09-17 08:00:00+00:00,11.0,248.2099151611328,235.0,197.5
2026-09-17 09:00:00+00:00,12.0,214.17147827148438,206.0,204.0
2026-09-17 10:00:00+00:00,13.0,214.62855529785156,205.0,206.0
2026-09-17 11:00:00+00:00,14.0,226.07586669921875,213.0,207.5
2026-09-17 12:00:00+00:00,15.0,233.23541259765625,218.0,201.39999389648438
2026-09-17 13:00:00+00:00,16.0,222.71551513671875,213.0,205.1666717529297
2026-09-17 14:00:00+00:00,17.0,230.17079162597656,221.0,202.0
2026-09-17 15:00:00+00:00,18.0,224.12351989746094,210.0,203.7142791748047
2026-09-17 16:00:00+00:00,19.0,233.9476318359375,222.0,201.6666717529297
2026-09-17 17:00:00+00:00,20.0,266.7681884765625,256.0,207.0
2026-09-17 18:00:00+00:00,21.0,291.35186767578125,274.0,218.0
2026-09-17 19:00:00+00:00,22.0,292.4769287109375,277.0,273.0
2026-09-17 20:00:00+00:00,23.0,292.6949157714844,280.0,273.0
2026-09-17 21:00:00+00:00,24.0,291.4388122558594,277.0,273.0
2026-09-17 22:00:00+00:00,25.0,292.41357421875,281.0,273.0
2026-09-17 23:00:00+00:00,26.0,286.875244140625,276.0,272.6000061035156
2026-09-18 00:00:00+00:00,27.0,290.0229187011719,279.0,276.1666564941406
2026-09-18 01:00:00+00:00,28.0,290.95574951171875,281.0,272.6666564941406
2026-09-18 02:00:00+00:00,29.0,287.8959045410156,278.0,269.0
2026-09-17 04:00:00+00:00,7.0,205.09471130371094,196.0,192.6666717529297
2026-09-17 05:00:00+00:00,8.0,258.998046875,251.0,196.39999389648438
2026-09-17 06:00:00+00:00,9.0,241.6148223876953,235.0,219.0
2026-09-17 07:00:00+00:00,10.0,247.8238525390625,242.0,227.6666717529297
2026-09-17 08:00:00+00:00,11.0,240.42437744140625,235.0,197.5
2026-09-17 09:00:00+00:00,12.0,218.93992614746094,206.0,204.0
2026-09-17 10:00:00+00:00,13.0,212.90335083007812,205.0,206.0
2026-09-17 11:00:00+00:00,14.0,222.35252380371094,213.0,207.5
2026-09-17 12:00:00+00:00,15.0,230.72230529785156,218.0,201.39999389648438
2026-09-17 13:00:00+00:00,16.0,227.92066955566406,213.0,205.1666717529297
2026-09-17 14:00:00+00:00,17.0,230.51071166992188,221.0,202.0
2026-09-17 15:00:00+00:00,18.0,218.77517700195312,210.0,203.7142791748047
2026-09-17 16:00:00+00:00,19.0,235.77798461914062,222.0,201.6666717529297
2026-09-17 17:00:00+00:00,20.0,267.7595520019531,256.0,207.0
2026-09-17 18:00:00+00:00,21.0,284.5995788574219,274.0,218.0
2026-09-17 19:00:00+00:00,22.0,294.2476806640625,277.0,273.0
2026-09-17 20:00:00+00:00,23.0,295.32037353515625,280.0,273.0
2026-09-17 21:00:00+00:00,24.0,289.4039306640625,277.0,273.0
2026-09-17 22:00:00+00:00,25.0,295.22998046875,281.0,273.0
2026-09-17 23:00:00+00:00,26.0,287.5506591796875,276.0,272.6000061035156
2026-09-18 00:00:00+00:00,27.0,289.9999694824219,279.0,276.1666564941406
2026-09-18 01:00:00+00:00,28.0,292.0415344238281,281.0,272.6666564941406
2026-09-18 02:00:00+00:00,29.0,288.07513427734375,278.0,269.0
2026-09-18 03:00:00+00:00,30.0,285.0455322265625,275.0,267.6000061035156
2026-09-17 05:00:00+00:00,8.0,259.8471374511719,251.0,196.39999389648438
2026-09-17 06:00:00+00:00,9.0,242.38485717773438,235.0,219.0
2026-09-17 07:00:00+00:00,10.0,248.010498046875,242.0,227.6666717529297
2026-09-17 08:00:00+00:00,11.0,240.24595642089844,235.0,197.5
2026-09-17 09:00:00+00:00,12.0,210.67446899414062,206.0,204.0
2026-09-17 10:00:00+00:00,13.0,217.56654357910156,205.0,206.0
2026-09-17 11:00:00+00:00,14.0,220.49331665039062,213.0,207.5
2026-09-17 12:00:00+00:00,15.0,226.86122131347656,218.0,201.39999389648438
2026-09-17 13:00:00+00:00,16.0,225.2816925048828,213.0,205.1666717529297
2026-09-17 14:00:00+00:00,17.0,235.46548461914062,221.0,202.0
2026-09-17 15:00:00+00:00,18.0,219.24398803710938,210.0,203.7142791748047
2026-09-17 16:00:00+00:00,19.0,230.2736358642578,222.0,201.6666717529297
2026-09-17 17:00:00+00:00,20.0,269.23907470703125,256.0,207.0
2026-09-17 18:00:00+00:00,21.0,285.4197692871094,274.0,218.0
2026-09-17 19:00:00+00:00,22.0,287.3203125,277.0,273.0
2026-09-17 20:00:00+00:00,23.0,296.990478515625,280.0,273.0
2026-09-17 21:00:00+00:00,24.0,292.0654296875,277.0,273.0
2026-09-17 22:00:00+00:00,25.0,292.93792724609375,281.0,273.0
2026-09-17 23:00:00+00:00,26.0,289.9195556640625,276.0,272.6000061035156
2026-09-18 00:00:00+00:00,27.0,290.64080810546875,279.0,276.1666564941406
2026-09-18 01:00:00+00:00,28.0,292.0133361816406,281.0,272.6666564941406
2026-09-18 02:00:00+00:00,29.0,288.9189453125,278.0,269.0
2026-09-18 03:00:00+00:00,30.0,285.01983642578125,275.0,267.6000061035156
2026-09-18 04:00:00+00:00,31.0,284.0844421386719,274.0,271.3333435058594
2026-09-17 06:00:00+00:00,9.0,243.44972229003906,235.0,219.0
2026-09-17 07:00:00+00:00,10.0,248.62686157226562,242.0,227.6666717529297
2026-09-17 08:00:00+00:00,11.0,240.39566040039062,235.0,197.5
2026-09-17 09:00:00+00:00,12.0,210.62525939941406,206.0,204.0
2026-09-17 10:00:00+00:00,13.0,208.8722381591797,205.0,206.0
2026-09-17 11:00:00+00:00,14.0,225.19320678710938,213.0,207.5
2026-09-17 12:00:00+00:00,15.0,225.07521057128906,218.0,201.39999389648438
2026-09-17 13:00:00+00:00,16.0,221.32623291015625,213.0,205.1666717529297
2026-09-17 14:00:00+00:00,17.0,232.83827209472656,221.0,202.0
2026-09-17 15:00:00+00:00,18.0,223.97804260253906,210.0,203.7142791748047
2026-09-17 16:00:00+00:00,19.0,231.02212524414062,222.0,201.6666717529297
2026-09-17 17:00:00+00:00,20.0,263.82843017578125,256.0,207.0
2026-09-17 18:00:00+00:00,21.0,286.6790771484375,274.0,218.0
2026-09-17 19:00:00+00:00,22.0,288.0184326171875,277.0,273.0
2026-09-17 20:00:00+00:00,23.0,290.00115966796875,280.0,273.0
2026-09-17 21:00:00+00:00,24.0,293.672607421875,277.0,273.0
2026-09-17 22:00:00+00:00,25.0,295.7598876953125,281.0,273.0
2026-09-17 23:00:00+00:00,26.0,287.3831787109375,276.0,272.6000061035156
2026-09-18 00:00:00+00:00,27.0,292.5748596191406,279.0,276.1666564941406
2026-09-18 01:00:00+00:00,28.0,292.7043762207031,281.0,272.6666564941406
2026-09-18 02:00:00+00:00,29.0,288.9618225097656,278.0,269.0
2026-09-18 03:00:00+00:00,30.0,285.8107604980469,275.0,267.6000061035156
2026-09-18 04:00:00+00:00,31.0,283.8786315917969,274.0,271.3333435058594
2026-09-18 05:00:00+00:00,32.0,282.03778076171875,272.0,274.5
2026-09-17 07:00:00+00:00,1.0,248.45248413085938,241.0,227.6666717529297
2026-09-17 08:00:00+00:00,2.0,246.05838012695312,241.0,197.5
2026-09-17 09:00:00+00:00,3.0,206.23304748535156,202.0,204.0
2026-09-17 10:00:00+00:00,4.0,210.38552856445312,207.0,206.0
2026-09-17 11:00:00+00:00,5.0,210.23965454101562,208.0,207.5
2026-09-17 12:00:00+00:00,6.0,221.06533813476562,210.0,201.39999389648438
2026-09-17 13:00:00+00:00,7.0,212.03848266601562,206.0,205.1666717529297
2026-09-17 14:00:00+00:00,8.0,221.9394073486328,215.0,202.0
2026-09-17 15:00:00+00:00,9.0,225.67164611816406,215.0,203.7142791748047
2026-09-17 16:00:00+00:00,10.0,230.8011016845703,218.0,201.6666717529297
2026-09-17 17:00:00+00:00,11.0,266.2723693847656,258.0,207.0
2026-09-17 18:00:00+00:00,12.0,276.7272644042969,270.0,218.0
2026-09-17 19:00:00+00:00,13.0,301.2635192871094,290.0,273.0
2026-09-17 20:00:00+00:00,14.0,287.9201354980469,278.0,273.0
2026-09-17 21:00:00+00:00,15.0,317.0892333984375,308.0,273.0
2026-09-17 22:00:00+00:00,16.0,302.41229248046875,287.0,273.0
2026-09-17 23:00:00+00:00,17.0,291.6921691894531,278.0,272.6000061035156
2026-09-18 00:00:00+00:00,18.0,290.91668701171875,281.0,276.1666564941406
2026-09-18 01:00:00+00:00,19.0,299.604248046875,287.0,272.6666564941406
2026-09-18 02:00:00+00:00,20.0,291.27349853515625,280.0,269.0
2026-09-18 03:00:00+00:00,21.0,288.4845275878906,278.0,267.6000061035156
2026-09-18 04:00:00+00:00,22.0,289.1270751953125,279.0,271.3333435058594
2026-09-18 05:00:00+00:00,23.0,286.17242431640625,277.0,274.5
2026-09-18 06:00:00+00:00,24.0,287.6344909667969,278.0,269.0
2026-09-17 08:00:00+00:00,1.0,221.31744384765625,215.0,197.5
2026-09-17 09:00:00+00:00,2.0,214.6668701171875,211.0,204.0
2026-09-17 10:00:00+00:00,3.0,210.20248413085938,207.0,206.0
2026-09-17 11:00:00+00:00,4.0,209.2008056640625,207.0,207.5
2026-09-17 12:00:00+00:00,5.0,205.694580078125,205.0,201.39999389648438
2026-09-17 13:00:00+00:00,6.0,219.89224243164062,210.0,205.1666717529297
2026-09-17 14:00:00+00:00,7.0,212.9190673828125,208.0,202.0
2026-09-17 15:00:00+00:00,8.0,222.79139709472656,217.0,203.7142791748047
2026-09-17 16:00:00+00:00,9.0,226.52130126953125,217.0,201.6666717529297
2026-09-17 17:00:00+00:00,10.0,256.4111328125,245.0,207.0
2026-09-17 18:00:00+00:00,11.0,263.3052062988281,256.0,218.0
2026-09-17 19:00:00+00:00,12.0,320.7917785644531,315.0,273.0
2026-09-17 20:00:00+00:00,13.0,306.9868469238281,297.0,273.0
2026-09-17 21:00:00+00:00,14.0,296.88134765625,288.0,273.0
2026-09-17 22:00:00+00:00,15.0,296.08868408203125,288.0,273.0
2026-09-17 23:00:00+00:00,16.0,303.7905578613281,290.0,272.6000061035156
2026-09-18 00:00:00+00:00,17.0,297.4337463378906,285.0,276.1666564941406
2026-09-18 01:00:00+00:00,18.0,299.3773498535156,291.0,272.6666564941406
2026-09-18 02:00:00+00:00,19.0,292.2326965332031,281.0,269.0
2026-09-18 03:00:00+00:00,20.0,291.64276123046875,281.0,267.6000061035156
2026-09-18 04:00:00+00:00,21.0,294.7914123535156,285.0,271.3333435058594
2026-09-18 05:00:00+00:00,22.0,287.31024169921875,278.0,274.5
2026-09-18 06:00:00+00:00,23.0,287.370361328125,279.0,269.0
2026-09-18 07:00:00+00:00,24.0,290.1666564941406,281.0,265.0
2026-09-17 09:00:00+00:00,1.0,214.760986328125,209.0,204.0
2026-09-17 10:00:00+00:00,2.0,211.05032348632812,208.0,206.0
2026-09-17 11:00:00+00:00,3.0,209.67999267578125,207.0,207.5
2026-09-17 12:00:00+00:00,4.0,216.58499145507812,215.0,201.39999389648438
2026-09-17 13:00:00+00:00,5.0,208.99069213867188,209.0,205.1666717529297
2026-09-17 14:00:00+00:00,6.0,235.35015869140625,226.0,202.0
2026-09-17 15:00:00+00:00,7.0,222.36569213867188,218.0,203.7142791748047
2026-09-17 16:00:00+00:00,8.0,217.2916259765625,212.0,201.6666717529297
2026-09-17 17:00:00+00:00,9.0,273.96490478515625,265.0,207.0
2026-09-17 18:00:00+00:00,10.0,275.7353820800781,265.0,218.0
2026-09-17 19:00:00+00:00,11.0,273.7810974121094,267.0,273.0
2026-09-17 20:00:00+00:00,12.0,315.3775634765625,310.0,273.0
2026-09-17 21:00:00+00:00,13.0,291.3501281738281,282.0,273.0
2026-09-17 22:00:00+00:00,14.0,296.37994384765625,288.0,273.0
2026-09-17 23:00:00+00:00,15.0,286.5989074707031,279.0,272.6000061035156
2026-09-18 00:00:00+00:00,16.0,302.0234375,289.0,276.1666564941406
2026-09-18 01:00:00+00:00,17.0,296.818359375,285.0,272.6666564941406
2026-09-18 02:00:00+00:00,18.0,293.6352844238281,286.0,269.0
2026-09-18 03:00:00+00:00,19.0,293.5220031738281,283.0,267.6000061035156
2026-09-18 04:00:00+00:00,20.0,291.34521484375,281.0,271.3333435058594
2026-09-18 05:00:00+00:00,21.0,290.5218200683594,281.0,274.5
2026-09-18 06:00:00+00:00,22.0,292.959228515625,284.0,269.0
2026-09-18 07:00:00+00:00,23.0,285.0693054199219,277.0,265.0
2026-09-18 08:00:00+00:00,24.0,280.9852294921875,272.0,270.0
2026-09-17 10:00:00+00:00,1.0,215.83229064941406,211.0,206.0
2026-09-17 11:00:00+00:00,2.0,209.09056091308594,207.0,207.5
2026-09-17 12:00:00+00:00,3.0,214.9461669921875,213.0,201.39999389648438
2026-09-17 13:00:00+00:00,4.0,205.64939880371094,205.0,205.1666717529297
2026-09-17 14:00:00+00:00,5.0,222.05247497558594,223.0,202.0
2026-09-17 15:00:00+00:00,6.0,220.4576416015625,212.0,203.7142791748047
2026-09-17 16:00:00+00:00,7.0,211.512939453125,208.0,201.6666717529297
2026-09-17 17:00:00+00:00,8.0,245.54312133789062,241.0,207.0
2026-09-17 18:00:00+00:00,9.0,226.06552124023438,218.0,218.0
2026-09-17 19:00:00+00:00,10.0,301.692138671875,292.0,273.0
2026-09-17 20:00:00+00:00,11.0,300.890869140625,295.0,273.0
2026-09-17 21:00:00+00:00,12.0,281.7857360839844,277.0,273.0
2026-09-17 22:00:00+00:00,13.0,299.35198974609375,291.0,273.0
2026-09-17 23:00:00+00:00,14.0,292.504150390625,285.0,272.6000061035156
2026-09-18 00:00:00+00:00,15.0,290.7471008300781,284.0,276.1666564941406
2026-09-18 01:00:00+00:00,16.0,296.74127197265625,285.0,272.6666564941406
2026-09-18 02:00:00+00:00,17.0,295.8598937988281,285.0,269.0
2026-09-18 03:00:00+00:00,18.0,290.42730712890625,284.0,267.6000061035156
2026-09-18 04:00:00+00:00,19.0,291.34930419921875,282.0,271.3333435058594
2026-09-18 05:00:00+00:00,20.0,288.70025634765625,279.0,274.5
2026-09-18 06:00:00+00:00,21.0,292.0371398925781,283.0,269.0
2026-09-18 07:00:00+00:00,22.0,290.33544921875,282.0,265.0
2026-09-18 08:00:00+00:00,23.0,284.51641845703125,277.0,270.0
2026-09-18 09:00:00+00:00,24.0,273.58056640625,265.0,251.0
2026-09-17 11:00:00+00:00,1.0,208.2364959716797,204.0,207.5
2026-09-17 12:00:00+00:00,2.0,207.49554443359375,206.0,201.39999389648438
2026-09-17 13:00:00+00:00,3.0,206.4969940185547,205.0,205.1666717529297
2026-09-17 14:00:00+00:00,4.0,204.11647033691406,204.0,202.0
2026-09-17 15:00:00+00:00,5.0,206.49081420898438,208.0,203.7142791748047
2026-09-17 16:00:00+00:00,6.0,252.92955017089844,245.0,201.6666717529297
2026-09-17 17:00:00+00:00,7.0,260.9763488769531,258.0,207.0
2026-09-17 18:00:00+00:00,8.0,262.0730285644531,258.0,218.0
2026-09-17 19:00:00+00:00,9.0,253.5072479248047,246.0,273.0
2026-09-17 20:00:00+00:00,10.0,313.01666259765625,304.0,273.0
2026-09-17 21:00:00+00:00,11.0,292.3791809082031,287.0,273.0
2026-09-17 22:00:00+00:00,12.0,298.47271728515625,294.0,273.0
2026-09-17 23:00:00+00:00,13.0,299.7336730957031,292.0,272.6000061035156
2026-09-18 00:00:00+00:00,14.0,293.91815185546875,287.0,276.1666564941406
2026-09-18 01:00:00+00:00,15.0,288.19708251953125,282.0,272.6666564941406
2026-09-18 02:00:00+00:00,16.0,296.96551513671875,286.0,269.0
2026-09-18 03:00:00+00:00,17.0,292.2561340332031,282.0,267.6000061035156
2026-09-18 04:00:00+00:00,18.0,291.6946105957031,286.0,271.3333435058594
2026-09-18 05:00:00+00:00,19.0,292.6219787597656,284.0,274.5
2026-09-18 06:00:00+00:00,20.0,293.2220764160156,284.0,269.0
2026-09-18 07:00:00+00:00,21.0,290.7080078125,282.0,265.0
2026-09-18 08:00:00+00:00,22.0,283.94329833984375,276.0,270.0
2026-09-18 09:00:00+00:00,23.0,276.1499328613281,269.0,251.0
2026-09-18 10:00:00+00:00,24.0,269.3177795410156,261.0,240.5
2026-09-17 12:00:00+00:00,1.0,208.54815673828125,205.0,201.39999389648438
2026-09-17 13:00:00+00:00,2.0,203.83616638183594,203.0,205.1666717529297
2026-09-17 14:00:00+00:00,3.0,210.03274536132812,209.0,202.0
2026-09-17 15:00:00+00:00,4.0,215.50271606445312,216.0,203.7142791748047
2026-09-17 16:00:00+00:00,5.0,263.9391174316406,266.0,201.6666717529297
2026-09-17 17:00:00+00:00,6.0,258.3401794433594,251.0,207.0
2026-09-17 18:00:00+00:00,7.0,252.37757873535156,250.0,218.0
2026-09-17 19:00:00+00:00,8.0,275.55853271484375,272.0,273.0
2026-09-17 20:00:00+00:00,9.0,334.9026184082031,328.0,273.0
2026-09-17 21:00:00+00:00,10.0,308.2492980957031,300.0,273.0
2026-09-17 22:00:00+00:00,11.0,287.7969970703125,283.0,273.0
2026-09-17 23:00:00+00:00,12.0,285.1625671386719,281.0,272.6000061035156
2026-09-18 00:00:00+00:00,13.0,269.07952880859375,262.0,276.1666564941406
2026-09-18 01:00:00+00:00,14.0,295.215576171875,289.0,272.6666564941406
2026-09-18 02:00:00+00:00,15.0,288.5794982910156,283.0,269.0
2026-09-18 03:00:00+00:00,16.0,293.133544921875,283.0,267.6000061035156
2026-09-18 04:00:00+00:00,17.0,295.6309509277344,286.0,271.3333435058594
2026-09-18 05:00:00+00:00,18.0,282.8726806640625,278.0,274.5
2026-09-18 06:00:00+00:00,19.0,289.7994384765625,282.0,269.0
2026-09-18 07:00:00+00:00,20.0,289.6425476074219,281.0,265.0
2026-09-18 08:00:00+00:00,21.0,287.3337707519531,279.0,270.0
2026-09-18 09:00:00+00:00,22.0,271.5231018066406,264.0,251.0
2026-09-18 10:00:00+00:00,23.0,267.7243347167969,261.0,240.5
2026-09-18 11:00:00+00:00,24.0,266.976806640625,259.0,231.8333282470703
2026-09-17 13:00:00+00:00,1.0,208.87896728515625,206.0,205.1666717529297
2026-09-17 14:00:00+00:00,2.0,213.18540954589844,213.0,202.0
2026-09-17 15:00:00+00:00,3.0,222.5704345703125,222.0,203.7142791748047
2026-09-17 16:00:00+00:00,4.0,207.9067840576172,209.0,201.6666717529297
2026-09-17 17:00:00+00:00,5.0,229.45098876953125,232.0,207.0
2026-09-17 18:00:00+00:00,6.0,260.8107604980469,254.0,218.0
2026-09-17 19:00:00+00:00,7.0,260.8048400878906,259.0,273.0
2026-09-17 20:00:00+00:00,8.0,242.10433959960938,239.0,273.0
2026-09-17 21:00:00+00:00,9.0,289.3638000488281,283.0,273.0
2026-09-17 22:00:00+00:00,10.0,296.5184326171875,289.0,273.0
2026-09-17 23:00:00+00:00,11.0,292.2149658203125,288.0,272.6000061035156
2026-09-18 00:00:00+00:00,12.0,296.9150085449219,293.0,276.1666564941406
2026-09-18 01:00:00+00:00,13.0,292.4761047363281,286.0,272.6666564941406
2026-09-18 02:00:00+00:00,14.0,293.5246276855469,288.0,269.0
2026-09-18 03:00:00+00:00,15.0,294.9596252441406,290.0,267.6000061035156
2026-09-18 04:00:00+00:00,16.0,292.3616027832031,283.0,271.3333435058594
2026-09-18 05:00:00+00:00,17.0,290.0739440917969,281.0,274.5
2026-09-18 06:00:00+00:00,18.0,286.0659484863281,282.0,269.0
2026-09-18 07:00:00+00:00,19.0,288.9890441894531,282.0,265.0
2026-09-18 08:00:00+00:00,20.0,286.0825500488281,278.0,270.0
2026-09-18 09:00:00+00:00,21.0,273.9943542480469,266.0,251.0
2026-09-18 10:00:00+00:00,22.0,268.13238525390625,261.0,240.5
2026-09-18 11:00:00+00:00,23.0,267.3069763183594,261.0,231.8333282470703
2026-09-18 12:00:00+00:00,24.0,267.6275939941406,260.0,232.25
2026-09-17 14:00:00+00:00,1.0,200.47561645507812,199.0,202.0
2026-09-17 15:00:00+00:00,2.0,211.85174560546875,213.0,203.7142791748047
2026-09-17 16:00:00+00:00,3.0,229.6562042236328,230.0,201.6666717529297
2026-09-17 17:00:00+00:00,4.0,255.7937469482422,258.0,207.0
2026-09-17 18:00:00+00:00,5.0,226.29612731933594,230.0,218.0
2026-09-17 19:00:00+00:00,6.0,236.49362182617188,231.0,273.0
2026-09-17 20:00:00+00:00,7.0,295.5296936035156,295.0,273.0
2026-09-17 21:00:00+00:00,8.0,283.88800048828125,282.0,273.0
2026-09-17 22:00:00+00:00,9.0,296.8978271484375,292.0,273.0
2026-09-17 23:00:00+00:00,10.0,285.8725891113281,280.0,272.6000061035156
2026-09-18 00:00:00+00:00,11.0,287.06134033203125,284.0,276.1666564941406
2026-09-18 01:00:00+00:00,12.0,286.0677490234375,283.0,272.6666564941406
2026-09-18 02:00:00+00:00,13.0,286.00335693359375,281.0,269.0
2026-09-18 03:00:00+00:00,14.0,285.0094299316406,281.0,267.6000061035156
2026-09-18 04:00:00+00:00,15.0,287.59246826171875,284.0,271.3333435058594
2026-09-18 05:00:00+00:00,16.0,290.48602294921875,283.0,274.5
2026-09-18 06:00:00+00:00,17.0,290.63470458984375,283.0,269.0
2026-09-18 07:00:00+00:00,18.0,282.4381103515625,280.0,265.0
2026-09-18 08:00:00+00:00,19.0,283.26251220703125,278.0,270.0
2026-09-18 09:00:00+00:00,20.0,273.72808837890625,267.0,251.0
2026-09-18 10:00:00+00:00,21.0,267.98779296875,261.0,240.5
2026-09-18 11:00:00+00:00,22.0,265.04266357421875,259.0,231.8333282470703
2026-09-18 12:00:00+00:00,23.0,263.19927978515625,258.0,232.25
2026-09-18 13:00:00+00:00,24.0,259.7886962890625,253.0,230.8333282470703
2026-09-17 15:00:00+00:00,1.0,215.455322265625,215.0,203.7142791748047
2026-09-17 16:00:00+00:00,2.0,218.89529418945312,221.0,201.6666717529297
2026-09-17 17:00:00+00:00,3.0,268.9771728515625,270.0,207.0
2026-09-17 18:00:00+00:00,4.0,252.0215301513672,255.0,218.0
2026-09-17 19:00:00+00:00,5.0,255.49462890625,260.0,273.0
2026-09-17 20:00:00+00:00,6.0,304.5603942871094,300.0,273.0
2026-09-17 21:00:00+00:00,7.0,298.6023254394531,299.0,273.0
2026-09-17 22:00:00+00:00,8.0,295.0090637207031,294.0,273.0
2026-09-17 23:00:00+00:00,9.0,286.81842041015625,283.0,272.6000061035156
2026-09-18 00:00:00+00:00,10.0,287.6698913574219,283.0,276.1666564941406
2026-09-18 01:00:00+00:00,11.0,287.24346923828125,285.0,272.6666564941406
2026-09-18 02:00:00+00:00,12.0,285.4608459472656,283.0,269.0
2026-09-18 03:00:00+00:00,13.0,286.93603515625,283.0,267.6000061035156
2026-09-18 04:00:00+00:00,14.0,283.8778381347656,281.0,271.3333435058594
2026-09-18 05:00:00+00:00,15.0,279.6000671386719,277.0,274.5
2026-09-18 06:00:00+00:00,16.0,287.1542663574219,281.0,269.0
2026-09-18 07:00:00+00:00,17.0,283.5877990722656,277.0,265.0
2026-09-18 08:00:00+00:00,18.0,275.2785339355469,274.0,270.0
2026-09-18 09:00:00+00:00,19.0,267.0152282714844,263.0,251.0
2026-09-18 10:00:00+00:00,20.0,267.73126220703125,262.0,240.5
2026-09-18 11:00:00+00:00,21.0,264.2338562011719,258.0,231.8333282470703
2026-09-18 12:00:00+00:00,22.0,261.23175048828125,256.0,232.25
2026-09-18 13:00:00+00:00,23.0,255.3516082763672,251.0,230.8333282470703
2026-09-18 14:00:00+00:00,24.0,250.15701293945312,244.0,230.6666717529297
2026-09-17 16:00:00+00:00,1.0,208.16796875,208.0,201.6666717529297
2026-09-17 17:00:00+00:00,2.0,213.6448516845703,216.0,207.0
2026-09-17 18:00:00+00:00,3.0,245.73890686035156,247.0,218.0
2026-09-17 19:00:00+00:00,4.0,250.79330444335938,254.0,273.0
2026-09-17 20:00:00+00:00,5.0,295.3043518066406,300.0,273.0
2026-09-17 21:00:00+00:00,6.0,271.350341796875,267.0,273.0
2026-09-17 22:00:00+00:00,7.0,288.3201904296875,289.0,273.0
2026-09-17 23:00:00+00:00,8.0,281.76837158203125,281.0,272.6000061035156
2026-09-18 00:00:00+00:00,9.0,291.5340576171875,288.0,276.1666564941406
2026-09-18 01:00:00+00:00,10.0,286.26654052734375,282.0,272.6666564941406
2026-09-18 02:00:00+00:00,11.0,282.9892883300781,281.0,269.0
2026-09-18 03:00:00+00:00,12.0,283.3023681640625,281.0,267.6000061035156
2026-09-18 04:00:00+00:00,13.0,285.6767578125,282.0,271.3333435058594
2026-09-18 05:00:00+00:00,14.0,286.53717041015625,284.0,274.5
2026-09-18 06:00:00+00:00,15.0,286.35089111328125,284.0,269.0
2026-09-18 07:00:00+00:00,16.0,283.82891845703125,278.0,265.0
2026-09-18 08:00:00+00:00,17.0,281.2711486816406,275.0,270.0
2026-09-18 09:00:00+00:00,18.0,272.96337890625,272.0,251.0
2026-09-18 10:00:00+00:00,19.0,269.7072448730469,266.0,240.5
2026-09-18 11:00:00+00:00,20.0,264.4431457519531,259.0,231.8333282470703
2026-09-18 12:00:00+00:00,21.0,256.97418212890625,251.0,232.25
2026-09-18 13:00:00+00:00,22.0,247.9913330078125,243.0,230.8333282470703
2026-09-18 14:00:00+00:00,23.0,253.09963989257812,249.0,230.6666717529297
2026-09-18 15:00:00+00:00,24.0,251.8946533203125,246.0,225.0
2026-09-17 17:00:00+00:00,1.0,217.12840270996094,218.0,207.0
2026-09-17 18:00:00+00:00,2.0,211.69415283203125,215.0,218.0
2026-09-17 19:00:00+00:00,3.0,204.8656005859375,207.0,273.0
2026-09-17 20:00:00+00:00,4.0,292.9197998046875,297.0,273.0
2026-09-17 21:00:00+00:00,5.0,287.56085205078125,293.0,273.0
2026-09-17 22:00:00+00:00,6.0,295.3587646484375,292.0,273.0
2026-09-17 23:00:00+00:00,7.0,294.2633972167969,296.0,272.6000061035156
2026-09-18 00:00:00+00:00,8.0,287.76300048828125,288.0,276.1666564941406
2026-09-18 01:00:00+00:00,9.0,286.2890625,284.0,272.6666564941406
2026-09-18 02:00:00+00:00,10.0,281.85894775390625,279.0,269.0
2026-09-18 03:00:00+00:00,11.0,276.95098876953125,276.0,267.6000061035156
2026-09-18 04:00:00+00:00,12.0,282.41607666015625,281.0,271.3333435058594
2026-09-18 05:00:00+00:00,13.0,287.58392333984375,285.0,274.5
2026-09-18 06:00:00+00:00,14.0,283.3300476074219,282.0,269.0
2026-09-18 07:00:00+00:00,15.0,279.3355407714844,278.0,265.0
2026-09-18 08:00:00+00:00,16.0,278.39312744140625,274.0,270.0
2026-09-18 09:00:00+00:00,17.0,274.0381164550781,269.0,251.0
2026-09-18 10:00:00+00:00,18.0,261.7649230957031,262.0,240.5
2026-09-18 11:00:00+00:00,19.0,256.460693359375,254.0,231.8333282470703
2026-09-18 12:00:00+00:00,20.0,258.429931640625,254.0,232.25
2026-09-18 13:00:00+00:00,21.0,262.9639587402344,258.0,230.8333282470703
2026-09-18 14:00:00+00:00,22.0,252.9550018310547,249.0,230.6666717529297
2026-09-18 15:00:00+00:00,23.0,251.10081481933594,248.0,225.0
2026-09-18 16:00:00+00:00,24.0,258.883056640625,254.0,226.5
2026-09-17 18:00:00+00:00,1.0,206.04150390625,207.0,218.0
2026-09-17 19:00:00+00:00,2.0,268.61285400390625,272.0,273.0
2026-09-17 20:00:00+00:00,3.0,297.73126220703125,300.0,273.0
2026-09-17 21:00:00+00:00,4.0,287.8606872558594,292.0,273.0
2026-09-17 22:00:00+00:00,5.0,286.5578918457031,292.0,273.0
2026-09-17 23:00:00+00:00,6.0,294.3053283691406,291.0,272.6000061035156
2026-09-18 00:00:00+00:00,7.0,289.1916198730469,291.0,276.1666564941406
2026-09-18 01:00:00+00:00,8.0,287.72259521484375,288.0,272.6666564941406
2026-09-18 02:00:00+00:00,9.0,285.22930908203125,283.0,269.0
2026-09-18 03:00:00+00:00,10.0,283.81878662109375,281.0,267.6000061035156
2026-09-18 04:00:00+00:00,11.0,284.83447265625,284.0,271.3333435058594
2026-09-18 05:00:00+00:00,12.0,284.4051513671875,283.0,274.5
2026-09-18 06:00:00+00:00,13.0,280.50274658203125,278.0,269.0
2026-09-18 07:00:00+00:00,14.0,280.2147521972656,279.0,265.0
2026-09-18 08:00:00+00:00,15.0,277.27410888671875,276.0,270.0
2026-09-18 09:00:00+00:00,16.0,277.3472595214844,273.0,251.0
2026-09-18 10:00:00+00:00,17.0,271.98651123046875,267.0,240.5
2026-09-18 11:00:00+00:00,18.0,261.6120300292969,262.0,231.8333282470703
2026-09-18 12:00:00+00:00,19.0,261.3348693847656,259.0,232.25
2026-09-18 13:00:00+00:00,20.0,255.38198852539062,251.0,230.8333282470703
2026-09-18 14:00:00+00:00,21.0,253.96170043945312,249.0,230.6666717529297
2026-09-18 15:00:00+00:00,22.0,251.88645935058594,248.0,225.0
2026-09-18 16:00:00+00:00,23.0,253.0415802001953,250.0,226.5
2026-09-18 17:00:00+00:00,24.0,254.84329223632812,250.0,225.0
2026-09-17 19:00:00+00:00,1.0,205.60733032226562,207.0,273.0
2026-09-17 20:00:00+00:00,2.0,307.2344665527344,311.0,273.0
2026-09-17 21:00:00+00:00,3.0,281.3540954589844,284.0,273.0
2026-09-17 22:00:00+00:00,4.0,285.5331726074219,290.0,273.0
2026-09-17 23:00:00+00:00,5.0,273.2840881347656,279.0,272.6000061035156
2026-09-18 00:00:00+00:00,6.0,286.89520263671875,284.0,276.1666564941406
2026-09-18 01:00:00+00:00,7.0,278.7650451660156,281.0,272.6666564941406
2026-09-18 02:00:00+00:00,8.0,276.3171691894531,277.0,269.0
2026-09-18 03:00:00+00:00,9.0,278.7064208984375,277.0,267.6000061035156
2026-09-18 04:00:00+00:00,10.0,285.29583740234375,283.0,271.3333435058594
2026-09-18 05:00:00+00:00,11.0,289.42852783203125,289.0,274.5
2026-09-18 06:00:00+00:00,12.0,285.0490417480469,284.0,269.0
2026-09-18 07:00:00+00:00,13.0,280.0460510253906,278.0,265.0
2026-09-18 08:00:00+00:00,14.0,273.7199401855469,273.0,270.0
2026-09-18 09:00:00+00:00,15.0,274.89520263671875,274.0,251.0
2026-09-18 10:00:00+00:00,16.0,267.8052673339844,264.0,240.5
2026-09-18 11:00:00+00:00,17.0,266.4762878417969,262.0,231.8333282470703
2026-09-18 12:00:00+00:00,18.0,252.12660217285156,253.0,232.25
2026-09-18 13:00:00+00:00,19.0,234.82791137695312,233.0,230.8333282470703
2026-09-18 14:00:00+00:00,20.0,251.97409057617188,248.0,230.6666717529297
2026-09-18 15:00:00+00:00,21.0,250.56777954101562,246.0,225.0
2026-09-18 16:00:00+00:00,22.0,253.4709930419922,250.0,226.5
2026-09-18 17:00:00+00:00,23.0,254.63812255859375,252.0,225.0
2026-09-18 18:00:00+00:00,24.0,243.4707489013672,239.0,228.0
2026-09-17 20:00:00+00:00,1.0,295.79266357421875,297.0,273.0
2026-09-17 21:00:00+00:00,2.0,289.4683837890625,293.0,273.0
2026-09-17 22:00:00+00:00,3.0,289.50909423828125,292.0,273.0
2026-09-17 23:00:00+00:00,4.0,281.6966552734375,286.0,272.6000061035156
2026-09-18 00:00:00+00:00,5.0,281.5151062011719,287.0,276.1666564941406
2026-09-18 01:00:00+00:00,6.0,286.12225341796875,283.0,272.6666564941406
2026-09-18 02:00:00+00:00,7.0,280.0090637207031,282.0,269.0
2026-09-18 03:00:00+00:00,8.0,275.5551452636719,276.0,267.6000061035156
2026-09-18 04:00:00+00:00,9.0,284.9728698730469,283.0,271.3333435058594
2026-09-18 05:00:00+00:00,10.0,285.673095703125,283.0,274.5
2026-09-18 06:00:00+00:00,11.0,283.6162109375,283.0,269.0
2026-09-18 07:00:00+00:00,12.0,279.2759094238281,278.0,265.0
2026-09-18 08:00:00+00:00,13.0,278.2475891113281,276.0,270.0
2026-09-18 09:00:00+00:00,14.0,272.95855712890625,272.0,251.0
2026-09-18 10:00:00+00:00,15.0,267.1153869628906,266.0,240.5
2026-09-18 11:00:00+00:00,16.0,263.1344909667969,259.0,231.8333282470703
2026-09-18 12:00:00+00:00,17.0,261.7392272949219,257.0,232.25
2026-09-18 13:00:00+00:00,18.0,251.32806396484375,252.0,230.8333282470703
2026-09-18 14:00:00+00:00,19.0,252.02777099609375,250.0,230.6666717529297
2026-09-18 15:00:00+00:00,20.0,253.21864318847656,249.0,225.0
2026-09-18 16:00:00+00:00,21.0,253.87191772460938,249.0,226.5
2026-09-18 17:00:00+00:00,22.0,252.74549865722656,249.0,225.0
2026-09-18 18:00:00+00:00,23.0,236.851318359375,234.0,228.0
2026-09-18 19:00:00+00:00,24.0,236.72879028320312,232.0,229.8000030517578
2026-09-17 21:00:00+00:00,1.0,297.1356201171875,298.0,273.0
2026-09-17 22:00:00+00:00,2.0,299.65765380859375,303.0,273.0
2026-09-17 23:00:00+00:00,3.0,285.9231872558594,288.0,272.6000061035156
2026-09-18 00:00:00+00:00,4.0,288.13043212890625,292.0,276.1666564941406
2026-09-18 01:00:00+00:00,5.0,283.85028076171875,289.0,272.6666564941406
2026-09-18 02:00:00+00:00,6.0,288.5861511230469,285.0,269.0
2026-09-18 03:00:00+00:00,7.0,279.3841857910156,281.0,267.6000061035156
2026-09-18 04:00:00+00:00,8.0,282.98724365234375,283.0,271.3333435058594
2026-09-18 05:00:00+00:00,9.0,286.4732666015625,284.0,274.5
2026-09-18 06:00:00+00:00,10.0,280.0106506347656,277.0,269.0
2026-09-18 07:00:00+00:00,11.0,279.1018371582031,278.0,265.0
2026-09-18 08:00:00+00:00,12.0,274.76983642578125,273.0,270.0
2026-09-18 09:00:00+00:00,13.0,275.8380432128906,273.0,251.0
2026-09-18 10:00:00+00:00,14.0,265.3051452636719,264.0,240.5
2026-09-18 11:00:00+00:00,15.0,264.4891052246094,263.0,231.8333282470703
2026-09-18 12:00:00+00:00,16.0,263.6308288574219,259.0,232.25
2026-09-18 13:00:00+00:00,17.0,258.27435302734375,253.0,230.8333282470703
2026-09-18 14:00:00+00:00,18.0,248.80609130859375,249.0,230.6666717529297
2026-09-18 15:00:00+00:00,19.0,251.52906799316406,249.0,225.0
2026-09-18 16:00:00+00:00,20.0,254.47769165039062,250.0,226.5
2026-09-18 17:00:00+00:00,21.0,254.01995849609375,249.0,225.0
2026-09-18 18:00:00+00:00,22.0,244.08053588867188,240.0,228.0
2026-09-18 19:00:00+00:00,23.0,231.0107421875,228.0,229.8000030517578
2026-09-18 20:00:00+00:00,24.0,242.87327575683594,238.0,231.57142639160156
2026-09-17 22:00:00+00:00,1.0,292.1981506347656,292.0,273.0
2026-09-17 23:00:00+00:00,2.0,282.6459045410156,285.0,272.6000061035156
2026-09-18 00:00:00+00:00,3.0,284.97735595703125,286.0,276.1666564941406
2026-09-18 01:00:00+00:00,4.0,277.1303405761719,280.0,272.6666564941406
2026-09-18 02:00:00+00:00,5.0,266.8446960449219,271.0,269.0
2026-09-18 03:00:00+00:00,6.0,281.7318420410156,277.0,267.6000061035156
2026-09-18 04:00:00+00:00,7.0,280.6329345703125,281.0,271.3333435058594
2026-09-18 05:00:00+00:00,8.0,281.1290283203125,280.0,274.5
2026-09-18 06:00:00+00:00,9.0,287.8991394042969,284.0,269.0
2026-09-18 07:00:00+00:00,10.0,283.46246337890625,279.0,265.0
2026-09-18 08:00:00+00:00,11.0,279.40875244140625,277.0,270.0
2026-09-18 09:00:00+00:00,12.0,274.87506103515625,272.0,251.0
2026-09-18 10:00:00+00:00,13.0,267.2331848144531,263.0,240.5
2026-09-18 11:00:00+00:00,14.0,264.5404968261719,262.0,231.8333282470703
2026-09-18 12:00:00+00:00,15.0,261.5975341796875,259.0,232.25
2026-09-18 13:00:00+00:00,16.0,257.2135314941406,251.0,230.8333282470703
2026-09-18 14:00:00+00:00,17.0,252.6201934814453,246.0,230.6666717529297
2026-09-18 15:00:00+00:00,18.0,249.2020263671875,248.0,225.0
2026-09-18 16:00:00+00:00,19.0,250.93368530273438,247.0,226.5
2026-09-18 17:00:00+00:00,20.0,256.5175476074219,251.0,225.0
2026-09-18 18:00:00+00:00,21.0,239.93603515625,234.0,228.0
2026-09-18 19:00:00+00:00,22.0,236.26303100585938,231.0,229.8000030517578
2026-09-18 20:00:00+00:00,23.0,244.9398193359375,241.0,231.57142639160156
2026-09-18 21:00:00+00:00,24.0,246.78970336914062,241.0,240.0
2026-09-17 23:00:00+00:00,2.0,285.2950744628906,285.0,272.6000061035156
2026-09-18 00:00:00+00:00,3.0,283.6640930175781,286.0,276.1666564941406
2026-09-18 01:00:00+00:00,4.0,279.161865234375,280.0,272.6666564941406
2026-09-18 02:00:00+00:00,5.0,268.2959289550781,271.0,269.0
2026-09-18 03:00:00+00:00,6.0,272.9410705566406,277.0,267.6000061035156
2026-09-18 04:00:00+00:00,7.0,285.8721618652344,281.0,271.3333435058594
2026-09-18 05:00:00+00:00,8.0,279.7817077636719,280.0,274.5
2026-09-18 06:00:00+00:00,9.0,285.2480773925781,284.0,269.0
2026-09-18 07:00:00+00:00,10.0,283.0509948730469,279.0,265.0
2026-09-18 08:00:00+00:00,11.0,281.491455078125,277.0,270.0
2026-09-18 09:00:00+00:00,12.0,274.6524353027344,272.0,251.0
2026-09-18 10:00:00+00:00,13.0,266.03399658203125,263.0,240.5
2026-09-18 11:00:00+00:00,14.0,266.4806823730469,262.0,231.8333282470703
2026-09-18 12:00:00+00:00,15.0,261.60589599609375,259.0,232.25
2026-09-18 13:00:00+00:00,16.0,253.70068359375,251.0,230.8333282470703
2026-09-18 14:00:00+00:00,17.0,252.33741760253906,246.0,230.6666717529297
2026-09-18 15:00:00+00:00,18.0,254.7801513671875,248.0,225.0
2026-09-18 16:00:00+00:00,19.0,248.39407348632812,247.0,226.5
2026-09-18 17:00:00+00:00,20.0,255.13766479492188,251.0,225.0
2026-09-18 18:00:00+00:00,21.0,239.565673828125,234.0,228.0
2026-09-18 19:00:00+00:00,22.0,236.8798065185547,231.0,229.8000030517578
2026-09-18 20:00:00+00:00,23.0,246.3588104248047,241.0,231.57142639160156
2026-09-18 21:00:00+00:00,24.0,244.93055725097656,241.0,240.0
2026-09-18 22:00:00+00:00,25.0,246.78207397460938,241.0,238.5
2026-09-18 00:00:00+00:00,3.0,286.6396179199219,286.0,276.1666564941406
2026-09-18 01:00:00+00:00,4.0,277.9444580078125,280.0,272.6666564941406
2026-09-18 02:00:00+00:00,5.0,270.4977722167969,271.0,269.0
2026-09-18 03:00:00+00:00,6.0,274.6108093261719,277.0,267.6000061035156
2026-09-18 04:00:00+00:00,7.0,277.34820556640625,281.0,271.3333435058594
2026-09-18 05:00:00+00:00,8.0,285.238037109375,280.0,274.5
2026-09-18 06:00:00+00:00,9.0,284.1971130371094,284.0,269.0
2026-09-18 07:00:00+00:00,10.0,280.6290283203125,279.0,265.0
2026-09-18 08:00:00+00:00,11.0,281.5417785644531,277.0,270.0
2026-09-18 09:00:00+00:00,12.0,276.9376220703125,272.0,251.0
2026-09-18 10:00:00+00:00,13.0,266.02630615234375,263.0,240.5
2026-09-18 11:00:00+00:00,14.0,265.3809509277344,262.0,231.8333282470703
2026-09-18 12:00:00+00:00,15.0,264.0009765625,259.0,232.25
2026-09-18 13:00:00+00:00,16.0,253.9796142578125,251.0,230.8333282470703
2026-09-18 14:00:00+00:00,17.0,249.0399627685547,246.0,230.6666717529297
2026-09-18 15:00:00+00:00,18.0,254.82278442382812,248.0,225.0
2026-09-18 16:00:00+00:00,19.0,254.2367401123047,247.0,226.5
2026-09-18 17:00:00+00:00,20.0,252.82754516601562,251.0,225.0
2026-09-18 18:00:00+00:00,21.0,238.59999084472656,234.0,228.0
2026-09-18 19:00:00+00:00,22.0,236.89108276367188,231.0,229.8000030517578
2026-09-18 20:00:00+00:00,23.0,247.08956909179688,241.0,231.57142639160156
2026-09-18 21:00:00+00:00,24.0,246.73883056640625,241.0,240.0
2026-09-18 22:00:00+00:00,25.0,245.2045440673828,241.0,238.5
2026-09-18 23:00:00+00:00,26.0,246.9476776123047,241.0,233.3333282470703
2026-09-18 01:00:00+00:00,4.0,281.06695556640625,280.0,272.6666564941406
2026-09-18 02:00:00+00:00,5.0,269.3188171386719,271.0,269.0
2026-09-18 03:00:00+00:00,6.0,276.8775634765625,277.0,267.6000061035156
2026-09-18 04:00:00+00:00,7.0,279.0089111328125,281.0,271.3333435058594
2026-09-18 05:00:00+00:00,8.0,276.7892761230469,280.0,274.5
2026-09-18 06:00:00+00:00,9.0,289.6494140625,284.0,269.0
2026-09-18 07:00:00+00:00,10.0,279.6601867675781,279.0,265.0
2026-09-18 08:00:00+00:00,11.0,279.0409240722656,277.0,270.0
2026-09-18 09:00:00+00:00,12.0,277.0784606933594,272.0,251.0
2026-09-18 10:00:00+00:00,13.0,268.47015380859375,263.0,240.5
2026-09-18 11:00:00+00:00,14.0,265.44366455078125,262.0,231.8333282470703
2026-09-18 12:00:00+00:00,15.0,262.7509460449219,259.0,232.25
2026-09-18 13:00:00+00:00,16.0,256.54693603515625,251.0,230.8333282470703
2026-09-18 14:00:00+00:00,17.0,249.42359924316406,246.0,230.6666717529297
2026-09-18 15:00:00+00:00,18.0,251.45196533203125,248.0,225.0
2026-09-18 16:00:00+00:00,19.0,254.39002990722656,247.0,226.5
2026-09-18 17:00:00+00:00,20.0,258.7297668457031,251.0,225.0
2026-09-18 18:00:00+00:00,21.0,236.33535766601562,234.0,228.0
2026-09-18 19:00:00+00:00,22.0,236.1529541015625,231.0,229.8000030517578
2026-09-18 20:00:00+00:00,23.0,247.2461700439453,241.0,231.57142639160156
2026-09-18 21:00:00+00:00,24.0,247.3466796875,241.0,240.0
2026-09-18 22:00:00+00:00,25.0,247.11961364746094,241.0,238.5
2026-09-18 23:00:00+00:00,26.0,245.53041076660156,241.0,233.3333282470703
2026-09-19 00:00:00+00:00,27.0,238.16912841796875,232.0,229.0
2026-09-18 02:00:00+00:00,5.0,272.5857849121094,271.0,269.0
2026-09-18 03:00:00+00:00,6.0,275.7917785644531,277.0,267.6000061035156
2026-09-18 04:00:00+00:00,7.0,281.2862548828125,281.0,271.3333435058594
2026-09-18 05:00:00+00:00,8.0,278.4674072265625,280.0,274.5
2026-09-18 06:00:00+00:00,9.0,281.3016052246094,284.0,269.0
2026-09-18 07:00:00+00:00,10.0,285.1189270019531,279.0,265.0
2026-09-18 08:00:00+00:00,11.0,278.18511962890625,277.0,270.0
2026-09-18 09:00:00+00:00,12.0,274.5226745605469,272.0,251.0
2026-09-18 10:00:00+00:00,13.0,268.6990966796875,263.0,240.5
2026-09-18 11:00:00+00:00,14.0,268.1455993652344,262.0,231.8333282470703
2026-09-18 12:00:00+00:00,15.0,262.88946533203125,259.0,232.25
2026-09-18 13:00:00+00:00,16.0,255.15591430664062,251.0,230.8333282470703
2026-09-18 14:00:00+00:00,17.0,252.1506805419922,246.0,230.6666717529297
2026-09-18 15:00:00+00:00,18.0,251.9755401611328,248.0,225.0
2026-09-18 16:00:00+00:00,19.0,250.94912719726562,247.0,226.5
2026-09-18 17:00:00+00:00,20.0,259.0850830078125,251.0,225.0
2026-09-18 18:00:00+00:00,21.0,242.3251495361328,234.0,228.0
2026-09-18 19:00:00+00:00,22.0,233.91891479492188,231.0,229.8000030517578
2026-09-18 20:00:00+00:00,23.0,246.7909393310547,241.0,231.57142639160156
2026-09-18 21:00:00+00:00,24.0,247.6892852783203,241.0,240.0
2026-09-18 22:00:00+00:00,25.0,247.7111053466797,241.0,238.5
2026-09-18 23:00:00+00:00,26.0,247.56871032714844,241.0,233.3333282470703
2026-09-19 00:00:00+00:00,27.0,236.96498107910156,232.0,229.0
2026-09-19 01:00:00+00:00,28.0,239.47882080078125,233.0,227.25
2026-09-18 03:00:00+00:00,6.0,279.17034912109375,277.0,267.6000061035156
2026-09-18 04:00:00+00:00,7.0,280.3741760253906,281.0,271.3333435058594
2026-09-18 05:00:00+00:00,8.0,280.697021484375,280.0,274.5
2026-09-18 06:00:00+00:00,9.0,282.94439697265625,284.0,269.0
2026-09-18 07:00:00+00:00,10.0,276.8614196777344,279.0,265.0
2026-09-18 08:00:00+00:00,11.0,283.6558532714844,277.0,270.0
2026-09-18 09:00:00+00:00,12.0,273.7484436035156,272.0,251.0
2026-09-18 10:00:00+00:00,13.0,266.0462951660156,263.0,240.5
2026-09-18 11:00:00+00:00,14.0,268.3414001464844,262.0,231.8333282470703
2026-09-18 12:00:00+00:00,15.0,265.8724365234375,259.0,232.25
2026-09-18 13:00:00+00:00,16.0,255.35015869140625,251.0,230.8333282470703
2026-09-18 14:00:00+00:00,17.0,250.5548553466797,246.0,230.6666717529297
2026-09-18 15:00:00+00:00,18.0,254.76889038085938,248.0,225.0
2026-09-18 16:00:00+00:00,19.0,251.5834197998047,247.0,226.5
2026-09-18 17:00:00+00:00,20.0,255.49844360351562,251.0,225.0
2026-09-18 18:00:00+00:00,21.0,242.86952209472656,234.0,228.0
2026-09-18 19:00:00+00:00,22.0,239.9368896484375,231.0,229.8000030517578
2026-09-18 20:00:00+00:00,23.0,244.5762481689453,241.0,231.57142639160156
2026-09-18 21:00:00+00:00,24.0,247.5038299560547,241.0,240.0
2026-09-18 22:00:00+00:00,25.0,248.2018280029297,241.0,238.5
2026-09-18 23:00:00+00:00,26.0,248.14022827148438,241.0,233.3333282470703
2026-09-19 00:00:00+00:00,27.0,239.03372192382812,232.0,229.0
2026-09-19 01:00:00+00:00,28.0,238.44573974609375,233.0,227.25
2026-09-19 02:00:00+00:00,29.0,238.82049560546875,232.0,229.0
2026-09-18 04:00:00+00:00,7.0,283.6414489746094,281.0,271.3333435058594
2026-09-18 05:00:00+00:00,8.0,279.85345458984375,280.0,274.5
2026-09-18 06:00:00+00:00,9.0,285.0480041503906,284.0,269.0
2026-09-18 07:00:00+00:00,10.0,278.3481750488281,279.0,265.0
2026-09-18 08:00:00+00:00,11.0,275.2804870605469,277.0,270.0
2026-09-18 09:00:00+00:00,12.0,279.08624267578125,272.0,251.0
2026-09-18 10:00:00+00:00,13.0,265.18988037109375,263.0,240.5
2026-09-18 11:00:00+00:00,14.0,265.4532470703125,262.0,231.8333282470703
2026-09-18 12:00:00+00:00,15.0,265.8396301269531,259.0,232.25
2026-09-18 13:00:00+00:00,16.0,258.4437255859375,251.0,230.8333282470703
2026-09-18 14:00:00+00:00,17.0,250.7472686767578,246.0,230.6666717529297
2026-09-18 15:00:00+00:00,18.0,252.8631134033203,248.0,225.0
2026-09-18 16:00:00+00:00,19.0,254.26608276367188,247.0,226.5
2026-09-18 17:00:00+00:00,20.0,256.08197021484375,251.0,225.0
2026-09-18 18:00:00+00:00,21.0,238.95787048339844,234.0,228.0
2026-09-18 19:00:00+00:00,22.0,240.50323486328125,231.0,229.8000030517578
2026-09-18 20:00:00+00:00,23.0,250.41915893554688,241.0,231.57142639160156
2026-09-18 21:00:00+00:00,24.0,245.13636779785156,241.0,240.0
2026-09-18 22:00:00+00:00,25.0,248.0956573486328,241.0,238.5
2026-09-18 23:00:00+00:00,26.0,248.5940399169922,241.0,233.3333282470703
2026-09-19 00:00:00+00:00,27.0,239.46730041503906,232.0,229.0
2026-09-19 01:00:00+00:00,28.0,240.3834991455078,233.0,227.25
2026-09-19 02:00:00+00:00,29.0,237.81675720214844,232.0,229.0
2026-09-19 03:00:00+00:00,30.0,227.09747314453125,220.0,229.25
2026-09-18 05:00:00+00:00,8.0,283.1053466796875,280.0,274.5
2026-09-18 06:00:00+00:00,9.0,284.29608154296875,284.0,269.0
2026-09-18 07:00:00+00:00,10.0,280.4019775390625,279.0,265.0
2026-09-18 08:00:00+00:00,11.0,276.7510070800781,277.0,270.0
2026-09-18 09:00:00+00:00,12.0,270.7037353515625,272.0,251.0
2026-09-18 10:00:00+00:00,13.0,270.5096740722656,263.0,240.5
2026-09-18 11:00:00+00:00,14.0,264.63116455078125,262.0,231.8333282470703
2026-09-18 12:00:00+00:00,15.0,262.8663330078125,259.0,232.25
2026-09-18 13:00:00+00:00,16.0,258.3370056152344,251.0,230.8333282470703
2026-09-18 14:00:00+00:00,17.0,253.9932861328125,246.0,230.6666717529297
2026-09-18 15:00:00+00:00,18.0,253.1427459716797,248.0,225.0
2026-09-18 16:00:00+00:00,19.0,252.17857360839844,247.0,226.5
2026-09-18 17:00:00+00:00,20.0,258.7696533203125,251.0,225.0
2026-09-18 18:00:00+00:00,21.0,239.5634765625,234.0,228.0
2026-09-18 19:00:00+00:00,22.0,236.38766479492188,231.0,229.8000030517578
2026-09-18 20:00:00+00:00,23.0,251.1123809814453,241.0,231.57142639160156
2026-09-18 21:00:00+00:00,24.0,250.919189453125,241.0,240.0
2026-09-18 22:00:00+00:00,25.0,245.68472290039062,241.0,238.5
2026-09-18 23:00:00+00:00,26.0,248.6708984375,241.0,233.3333282470703
2026-09-19 00:00:00+00:00,27.0,239.98448181152344,232.0,229.0
2026-09-19 01:00:00+00:00,28.0,240.7723846435547,233.0,227.25
2026-09-19 02:00:00+00:00,29.0,239.72308349609375,232.0,229.0
2026-09-19 03:00:00+00:00,30.0,226.15882873535156,220.0,229.25
2026-09-19 04:00:00+00:00,31.0,230.34898376464844,223.0,229.0
2026-09-18 06:00:00+00:00,9.0,287.66693115234375,284.0,269.0
2026-09-18 07:00:00+00:00,10.0,279.8188171386719,279.0,265.0
2026-09-18 08:00:00+00:00,11.0,278.82122802734375,277.0,270.0
2026-09-18 09:00:00+00:00,12.0,272.2411804199219,272.0,251.0
2026-09-18 10:00:00+00:00,13.0,262.2373962402344,263.0,240.5
2026-09-18 11:00:00+00:00,14.0,270.0179748535156,262.0,231.8333282470703
2026-09-18 12:00:00+00:00,15.0,262.16815185546875,259.0,232.25
2026-09-18 13:00:00+00:00,16.0,255.3611602783203,251.0,230.8333282470703
2026-09-18 14:00:00+00:00,17.0,253.9278106689453,246.0,230.6666717529297
2026-09-18 15:00:00+00:00,18.0,256.64337158203125,248.0,225.0
2026-09-18 16:00:00+00:00,19.0,252.60231018066406,247.0,226.5
2026-09-18 17:00:00+00:00,20.0,256.5622863769531,251.0,225.0
2026-09-18 18:00:00+00:00,21.0,242.35604858398438,234.0,228.0
2026-09-18 19:00:00+00:00,22.0,237.12353515625,231.0,229.8000030517578
2026-09-18 20:00:00+00:00,23.0,246.87123107910156,241.0,231.57142639160156
2026-09-18 21:00:00+00:00,24.0,251.8187713623047,241.0,240.0
2026-09-18 22:00:00+00:00,25.0,251.51199340820312,241.0,238.5
2026-09-18 23:00:00+00:00,26.0,246.32626342773438,241.0,233.3333282470703
2026-09-19 00:00:00+00:00,27.0,240.3454132080078,232.0,229.0
2026-09-19 01:00:00+00:00,28.0,241.44715881347656,233.0,227.25
2026-09-19 02:00:00+00:00,29.0,240.12728881835938,232.0,229.0
2026-09-19 03:00:00+00:00,30.0,228.11366271972656,220.0,229.25
2026-09-19 04:00:00+00:00,31.0,229.5501251220703,223.0,229.0
2026-09-19 05:00:00+00:00,32.0,235.62606811523438,228.0,225.42857360839844
2026-09-18 07:00:00+00:00,1.0,278.302001953125,274.0,265.0
2026-09-18 08:00:00+00:00,2.0,280.48046875,279.0,270.0
2026-09-18 09:00:00+00:00,3.0,276.3309020996094,274.0,251.0
2026-09-18 10:00:00+00:00,4.0,265.7635498046875,265.0,240.5
2026-09-18 11:00:00+00:00,5.0,261.7031555175781,262.0,231.8333282470703
2026-09-18 12:00:00+00:00,6.0,263.5633239746094,255.0,232.25
2026-09-18 13:00:00+00:00,7.0,254.71737670898438,251.0,230.8333282470703
2026-09-18 14:00:00+00:00,8.0,255.872802734375,251.0,230.6666717529297
2026-09-18 15:00:00+00:00,9.0,258.57269287109375,250.0,225.0
2026-09-18 16:00:00+00:00,10.0,252.4225311279297,243.0,226.5
2026-09-18 17:00:00+00:00,11.0,241.10536193847656,235.0,225.0
2026-09-18 18:00:00+00:00,12.0,237.88327026367188,232.0,228.0
2026-09-18 19:00:00+00:00,13.0,243.96249389648438,235.0,229.8000030517578
2026-09-18 20:00:00+00:00,14.0,245.8702392578125,239.0,231.57142639160156
2026-09-18 21:00:00+00:00,15.0,253.46749877929688,247.0,240.0
2026-09-18 22:00:00+00:00,16.0,260.61297607421875,249.0,238.5
2026-09-18 23:00:00+00:00,17.0,261.13134765625,250.0,233.3333282470703
2026-09-19 00:00:00+00:00,18.0,245.12399291992188,239.0,229.0
2026-09-19 01:00:00+00:00,19.0,224.12892150878906,215.0,227.25
2026-09-19 02:00:00+00:00,20.0,248.97564697265625,240.0,229.0
2026-09-19 03:00:00+00:00,21.0,241.57337951660156,233.0,229.25
2026-09-19 04:00:00+00:00,22.0,231.52816772460938,223.0,229.0
2026-09-19 05:00:00+00:00,23.0,234.02622985839844,227.0,225.42857360839844
2026-09-19 06:00:00+00:00,24.0,233.00840759277344,225.0,211.75
2026-09-18 08:00:00+00:00,1.0,275.96893310546875,271.0,270.0
2026-09-18 09:00:00+00:00,2.0,274.1953125,272.0,251.0
2026-09-18 10:00:00+00:00,3.0,270.8144226074219,268.0,240.5
2026-09-18 11:00:00+00:00,4.0,267.36553955078125,266.0,231.8333282470703
2026-09-18 12:00:00+00:00,5.0,257.3747253417969,257.0,232.25
2026-09-18 13:00:00+00:00,6.0,260.1700134277344,251.0,230.8333282470703
2026-09-18 14:00:00+00:00,7.0,252.33843994140625,248.0,230.6666717529297
2026-09-18 15:00:00+00:00,8.0,252.44178771972656,247.0,225.0
2026-09-18 16:00:00+00:00,9.0,251.22804260253906,242.0,226.5
2026-09-18 17:00:00+00:00,10.0,246.24346923828125,236.0,225.0
2026-09-18 18:00:00+00:00,11.0,244.64613342285156,238.0,228.0
2026-09-18 19:00:00+00:00,12.0,244.2906951904297,238.0,229.8000030517578
2026-09-18 20:00:00+00:00,13.0,243.626220703125,234.0,231.57142639160156
2026-09-18 21:00:00+00:00,14.0,249.53883361816406,242.0,240.0
2026-09-18 22:00:00+00:00,15.0,255.07473754882812,248.0,238.5
2026-09-18 23:00:00+00:00,16.0,257.501220703125,245.0,233.3333282470703
2026-09-19 00:00:00+00:00,17.0,223.79078674316406,212.0,229.0
2026-09-19 01:00:00+00:00,18.0,230.92994689941406,224.0,227.25
2026-09-19 02:00:00+00:00,19.0,249.9418487548828,240.0,229.0
2026-09-19 03:00:00+00:00,20.0,234.49278259277344,225.0,229.25
2026-09-19 04:00:00+00:00,21.0,231.01165771484375,222.0,229.0
2026-09-19 05:00:00+00:00,22.0,232.98143005371094,224.0,225.42857360839844
2026-09-19 06:00:00+00:00,23.0,233.50405883789062,226.0,211.75
2026-09-19 07:00:00+00:00,24.0,232.35317993164062,224.0,208.6666717529297
2026-09-18 09:00:00+00:00,1.0,270.2362976074219,265.0,251.0
2026-09-18 10:00:00+00:00,2.0,266.4574890136719,264.0,240.5
2026-09-18 11:00:00+00:00,3.0,265.0296630859375,262.0,231.8333282470703
2026-09-18 12:00:00+00:00,4.0,258.6115417480469,257.0,232.25
2026-09-18 13:00:00+00:00,5.0,253.63818359375,253.0,230.8333282470703
2026-09-18 14:00:00+00:00,6.0,260.4089050292969,251.0,230.6666717529297
2026-09-18 15:00:00+00:00,7.0,249.5972442626953,245.0,225.0
2026-09-18 16:00:00+00:00,8.0,242.67874145507812,237.0,226.5
2026-09-18 17:00:00+00:00,9.0,249.51031494140625,240.0,225.0
2026-09-18 18:00:00+00:00,10.0,245.5687713623047,235.0,228.0
2026-09-18 19:00:00+00:00,11.0,242.87030029296875,236.0,229.8000030517578
2026-09-18 20:00:00+00:00,12.0,242.46292114257812,236.0,231.57142639160156
2026-09-18 21:00:00+00:00,13.0,256.9075012207031,247.0,240.0
2026-09-18 22:00:00+00:00,14.0,254.8090362548828,247.0,238.5
2026-09-18 23:00:00+00:00,15.0,246.30201721191406,239.0,233.3333282470703
2026-09-19 00:00:00+00:00,16.0,217.8416290283203,205.0,229.0
2026-09-19 01:00:00+00:00,17.0,232.07025146484375,220.0,227.25
2026-09-19 02:00:00+00:00,18.0,250.2538299560547,243.0,229.0
2026-09-19 03:00:00+00:00,19.0,238.264892578125,228.0,229.25
2026-09-19 04:00:00+00:00,20.0,227.69686889648438,218.0,229.0
2026-09-19 05:00:00+00:00,21.0,231.16592407226562,222.0,225.42857360839844
2026-09-19 06:00:00+00:00,22.0,230.15719604492188,221.0,211.75
2026-09-19 07:00:00+00:00,23.0,247.67477416992188,240.0,208.6666717529297
2026-09-19 08:00:00+00:00,24.0,233.47557067871094,225.0,206.5
2026-09-18 10:00:00+00:00,1.0,268.37982177734375,263.0,240.5
2026-09-18 11:00:00+00:00,2.0,260.61669921875,258.0,231.8333282470703
2026-09-18 12:00:00+00:00,3.0,258.11273193359375,255.0,232.25
2026-09-18 13:00:00+00:00,4.0,252.72634887695312,251.0,230.8333282470703
2026-09-18 14:00:00+00:00,5.0,251.7356719970703,251.0,230.6666717529297
2026-09-18 15:00:00+00:00,6.0,258.5295104980469,249.0,225.0
2026-09-18 16:00:00+00:00,7.0,246.70960998535156,242.0,226.5
2026-09-18 17:00:00+00:00,8.0,240.78073120117188,235.0,225.0
2026-09-18 18:00:00+00:00,9.0,242.61582946777344,233.0,228.0
2026-09-18 19:00:00+00:00,10.0,244.73577880859375,234.0,229.8000030517578
2026-09-18 20:00:00+00:00,11.0,245.97222900390625,239.0,231.57142639160156
2026-09-18 21:00:00+00:00,12.0,253.50979614257812,247.0,240.0
2026-09-18 22:00:00+00:00,13.0,255.01731872558594,245.0,238.5
2026-09-18 23:00:00+00:00,14.0,252.9694061279297,245.0,233.3333282470703
2026-09-19 00:00:00+00:00,15.0,213.44065856933594,206.0,229.0
2026-09-19 01:00:00+00:00,16.0,256.0281066894531,243.0,227.25
2026-09-19 02:00:00+00:00,17.0,256.1962585449219,244.0,229.0
2026-09-19 03:00:00+00:00,18.0,247.42507934570312,240.0,229.25
2026-09-19 04:00:00+00:00,19.0,238.43580627441406,228.0,229.0
2026-09-19 05:00:00+00:00,20.0,233.82386779785156,224.0,225.42857360839844
2026-09-19 06:00:00+00:00,21.0,231.2765655517578,222.0,211.75
2026-09-19 07:00:00+00:00,22.0,228.23876953125,219.0,208.6666717529297
2026-09-19 08:00:00+00:00,23.0,232.7946014404297,225.0,206.5
2026-09-19 09:00:00+00:00,24.0,249.56947326660156,241.0,206.57142639160156
2026-09-18 11:00:00+00:00,1.0,265.1680908203125,260.0,231.8333282470703
2026-09-18 12:00:00+00:00,2.0,257.4297180175781,255.0,232.25
2026-09-18 13:00:00+00:00,3.0,256.8769226074219,254.0,230.8333282470703
2026-09-18 14:00:00+00:00,4.0,255.4700927734375,254.0,230.6666717529297
2026-09-18 15:00:00+00:00,5.0,250.43580627441406,250.0,225.0
2026-09-18 16:00:00+00:00,6.0,247.3256378173828,238.0,226.5
2026-09-18 17:00:00+00:00,7.0,235.45692443847656,231.0,225.0
2026-09-18 18:00:00+00:00,8.0,236.56016540527344,231.0,228.0
2026-09-18 19:00:00+00:00,9.0,240.33245849609375,231.0,229.8000030517578
2026-09-18 20:00:00+00:00,10.0,245.469482421875,235.0,231.57142639160156
2026-09-18 21:00:00+00:00,11.0,248.74171447753906,242.0,240.0
2026-09-18 22:00:00+00:00,12.0,254.2909393310547,248.0,238.5
2026-09-18 23:00:00+00:00,13.0,249.72076416015625,240.0,233.3333282470703
2026-09-19 00:00:00+00:00,14.0,246.7937469482422,239.0,229.0
2026-09-19 01:00:00+00:00,15.0,251.279541015625,244.0,227.25
2026-09-19 02:00:00+00:00,16.0,254.7603759765625,242.0,229.0
2026-09-19 03:00:00+00:00,17.0,249.943603515625,238.0,229.25
2026-09-19 04:00:00+00:00,18.0,242.15199279785156,235.0,229.0
2026-09-19 05:00:00+00:00,19.0,237.16683959960938,227.0,225.42857360839844
2026-09-19 06:00:00+00:00,20.0,229.7208709716797,220.0,211.75
2026-09-19 07:00:00+00:00,21.0,237.22532653808594,228.0,208.6666717529297
2026-09-19 08:00:00+00:00,22.0,252.0933837890625,243.0,206.5
2026-09-19 09:00:00+00:00,23.0,250.72731018066406,243.0,206.57142639160156
2026-09-19 10:00:00+00:00,24.0,244.53334045410156,236.0,212.1999969482422
2026-09-18 12:00:00+00:00,1.0,257.5816345214844,252.0,232.25
2026-09-18 13:00:00+00:00,2.0,251.88241577148438,249.0,230.8333282470703
2026-09-18 14:00:00+00:00,3.0,256.1576232910156,253.0,230.6666717529297
2026-09-18 15:00:00+00:00,4.0,249.83982849121094,248.0,225.0
2026-09-18 16:00:00+00:00,5.0,242.818359375,242.0,226.5
2026-09-18 17:00:00+00:00,6.0,243.6913604736328,234.0,225.0
2026-09-18 18:00:00+00:00,7.0,231.81744384765625,227.0,228.0
2026-09-18 19:00:00+00:00,8.0,234.89031982421875,229.0,229.8000030517578
2026-09-18 20:00:00+00:00,9.0,248.69410705566406,239.0,231.57142639160156
2026-09-18 21:00:00+00:00,10.0,256.9642028808594,246.0,240.0
2026-09-18 22:00:00+00:00,11.0,250.0634002685547,243.0,238.5
2026-09-18 23:00:00+00:00,12.0,243.49752807617188,237.0,233.3333282470703
2026-09-19 00:00:00+00:00,13.0,247.0931854248047,237.0,229.0
2026-09-19 01:00:00+00:00,14.0,250.21173095703125,242.0,227.25
2026-09-19 02:00:00+00:00,15.0,250.64797973632812,243.0,229.0
2026-09-19 03:00:00+00:00,16.0,255.29940795898438,242.0,229.25
2026-09-19 04:00:00+00:00,17.0,246.33013916015625,234.0,229.0
2026-09-19 05:00:00+00:00,18.0,230.65402221679688,223.0,225.42857360839844
2026-09-19 06:00:00+00:00,19.0,238.66268920898438,228.0,211.75
2026-09-19 07:00:00+00:00,20.0,252.0379180908203,242.0,208.6666717529297
2026-09-19 08:00:00+00:00,21.0,243.497314453125,234.0,206.5
2026-09-19 09:00:00+00:00,22.0,247.3477783203125,238.0,206.57142639160156
2026-09-19 10:00:00+00:00,23.0,244.0255584716797,236.0,212.1999969482422
2026-09-19 11:00:00+00:00,24.0,246.7540283203125,238.0,216.0
2026-09-18 13:00:00+00:00,1.0,248.77590942382812,243.0,230.8333282470703
2026-09-18 14:00:00+00:00,2.0,251.10986328125,248.0,230.6666717529297
2026-09-18 15:00:00+00:00,3.0,254.2576141357422,251.0,225.0
2026-09-18 16:00:00+00:00,4.0,242.98158264160156,241.0,226.5
2026-09-18 17:00:00+00:00,5.0,235.9799041748047,235.0,225.0
2026-09-18 18:00:00+00:00,6.0,240.86166381835938,231.0,228.0
2026-09-18 19:00:00+00:00,7.0,236.9686279296875,232.0,229.8000030517578
2026-09-18 20:00:00+00:00,8.0,244.0422821044922,238.0,231.57142639160156
2026-09-18 21:00:00+00:00,9.0,253.83877563476562,244.0,240.0
2026-09-18 22:00:00+00:00,10.0,255.19769287109375,244.0,238.5
2026-09-18 23:00:00+00:00,11.0,244.1871795654297,237.0,233.3333282470703
2026-09-19 00:00:00+00:00,12.0,231.5618133544922,225.0,229.0
2026-09-19 01:00:00+00:00,13.0,253.2394561767578,243.0,227.25
2026-09-19 02:00:00+00:00,14.0,252.41958618164062,244.0,229.0
2026-09-19 03:00:00+00:00,15.0,252.82493591308594,245.0,229.25
2026-09-19 04:00:00+00:00,16.0,255.5627899169922,242.0,229.0
2026-09-19 05:00:00+00:00,17.0,244.50747680664062,232.0,225.42857360839844
2026-09-19 06:00:00+00:00,18.0,232.8872833251953,225.0,211.75
2026-09-19 07:00:00+00:00,19.0,241.88636779785156,231.0,208.6666717529297
2026-09-19 08:00:00+00:00,20.0,253.21673583984375,243.0,206.5
2026-09-19 09:00:00+00:00,21.0,252.6622772216797,243.0,206.57142639160156
2026-09-19 10:00:00+00:00,22.0,234.4761962890625,225.0,212.1999969482422
2026-09-19 11:00:00+00:00,23.0,245.20143127441406,237.0,216.0
2026-09-19 12:00:00+00:00,24.0,229.8831024169922,221.0,217.3333282470703
2026-09-18 14:00:00+00:00,1.0,246.33114624023438,241.0,230.6666717529297
2026-09-18 15:00:00+00:00,2.0,247.66000366210938,245.0,225.0
2026-09-18 16:00:00+00:00,3.0,242.81353759765625,240.0,226.5
2026-09-18 17:00:00+00:00,4.0,239.4734344482422,238.0,225.0
2026-09-18 18:00:00+00:00,5.0,234.3957977294922,234.0,228.0
2026-09-18 19:00:00+00:00,6.0,242.42572021484375,233.0,229.8000030517578
2026-09-18 20:00:00+00:00,7.0,242.47198486328125,238.0,231.57142639160156
2026-09-18 21:00:00+00:00,8.0,249.61004638671875,244.0,240.0
2026-09-18 22:00:00+00:00,9.0,253.3157958984375,244.0,238.5
2026-09-18 23:00:00+00:00,10.0,251.63247680664062,241.0,233.3333282470703
2026-09-19 00:00:00+00:00,11.0,224.72933959960938,218.0,229.0
2026-09-19 01:00:00+00:00,12.0,239.16134643554688,233.0,227.25
2026-09-19 02:00:00+00:00,13.0,248.6767578125,239.0,229.0
2026-09-19 03:00:00+00:00,14.0,249.01300048828125,241.0,229.25
2026-09-19 04:00:00+00:00,15.0,240.4315643310547,233.0,229.0
2026-09-19 05:00:00+00:00,16.0,238.96542358398438,226.0,225.42857360839844
2026-09-19 06:00:00+00:00,17.0,240.01260375976562,228.0,211.75
2026-09-19 07:00:00+00:00,18.0,237.30291748046875,230.0,208.6666717529297
2026-09-19 08:00:00+00:00,19.0,254.31198120117188,244.0,206.5
2026-09-19 09:00:00+00:00,20.0,251.9593963623047,242.0,206.57142639160156
2026-09-19 10:00:00+00:00,21.0,224.4782257080078,215.0,212.1999969482422
2026-09-19 11:00:00+00:00,22.0,226.16461181640625,217.0,216.0
2026-09-19 12:00:00+00:00,23.0,243.98394775390625,236.0,217.3333282470703
2026-09-19 13:00:00+00:00,24.0,246.74642944335938,238.0,217.1666717529297
2026-09-18 15:00:00+00:00,1.0,246.16615295410156,241.0,225.0
2026-09-18 16:00:00+00:00,2.0,238.48976135253906,236.0,226.5
2026-09-18 17:00:00+00:00,3.0,243.6300048828125,241.0,225.0
2026-09-18 18:00:00+00:00,4.0,234.27725219726562,233.0,228.0
2026-09-18 19:00:00+00:00,5.0,230.1393280029297,230.0,229.8000030517578
2026-09-18 20:00:00+00:00,6.0,247.25833129882812,238.0,231.57142639160156
2026-09-18 21:00:00+00:00,7.0,246.27105712890625,242.0,240.0
2026-09-18 22:00:00+00:00,8.0,252.4324493408203,247.0,238.5
2026-09-18 23:00:00+00:00,9.0,251.10745239257812,242.0,233.3333282470703
2026-09-19 00:00:00+00:00,10.0,249.40896606445312,239.0,229.0
2026-09-19 01:00:00+00:00,11.0,249.55438232421875,243.0,227.25
2026-09-19 02:00:00+00:00,12.0,247.99253845214844,242.0,229.0
2026-09-19 03:00:00+00:00,13.0,249.4420928955078,240.0,229.25
2026-09-19 04:00:00+00:00,14.0,230.864990234375,223.0,229.0
2026-09-19 05:00:00+00:00,15.0,230.2818603515625,223.0,225.42857360839844
2026-09-19 06:00:00+00:00,16.0,248.73709106445312,236.0,211.75
2026-09-19 07:00:00+00:00,17.0,254.8081512451172,243.0,208.6666717529297
2026-09-19 08:00:00+00:00,18.0,241.0799560546875,234.0,206.5
2026-09-19 09:00:00+00:00,19.0,251.09353637695312,241.0,206.57142639160156
2026-09-19 10:00:00+00:00,20.0,247.86734008789062,238.0,212.1999969482422
2026-09-19 11:00:00+00:00,21.0,230.41159057617188,221.0,216.0
2026-09-19 12:00:00+00:00,22.0,232.0367431640625,223.0,217.3333282470703
2026-09-19 13:00:00+00:00,23.0,237.90802001953125,230.0,217.1666717529297
2026-09-19 14:00:00+00:00,24.0,242.7085418701172,234.0,217.7142791748047
2026-09-18 16:00:00+00:00,1.0,242.275390625,238.0,226.5
2026-09-18 17:00:00+00:00,2.0,237.6015167236328,236.0,225.0
2026-09-18 18:00:00+00:00,3.0,234.9002227783203,233.0,228.0
2026-09-18 19:00:00+00:00,4.0,231.3893280029297,231.0,229.8000030517578
2026-09-18 20:00:00+00:00,5.0,238.20176696777344,239.0,231.57142639160156
2026-09-18 21:00:00+00:00,6.0,255.41615295410156,247.0,240.0
2026-09-18 22:00:00+00:00,7.0,247.39495849609375,244.0,238.5
2026-09-18 23:00:00+00:00,8.0,247.6435089111328,243.0,233.3333282470703
2026-09-19 00:00:00+00:00,9.0,238.16085815429688,230.0,229.0
2026-09-19 01:00:00+00:00,10.0,250.33636474609375,241.0,227.25
2026-09-19 02:00:00+00:00,11.0,246.7423095703125,241.0,229.0
2026-09-19 03:00:00+00:00,12.0,248.35464477539062,243.0,229.25
2026-09-19 04:00:00+00:00,13.0,233.45474243164062,225.0,229.0
2026-09-19 05:00:00+00:00,14.0,232.99375915527344,226.0,225.42857360839844
2026-09-19 06:00:00+00:00,15.0,229.48362731933594,223.0,211.75
2026-09-19 07:00:00+00:00,16.0,249.56268310546875,238.0,208.6666717529297
2026-09-19 08:00:00+00:00,17.0,254.8770294189453,244.0,206.5
2026-09-19 09:00:00+00:00,18.0,237.9729461669922,232.0,206.57142639160156
2026-09-19 10:00:00+00:00,19.0,235.9825439453125,227.0,212.1999969482422
2026-09-19 11:00:00+00:00,20.0,245.22706604003906,236.0,216.0
2026-09-19 12:00:00+00:00,21.0,244.9264678955078,236.0,217.3333282470703
2026-09-19 13:00:00+00:00,22.0,240.43714904785156,232.0,217.1666717529297
2026-09-19 14:00:00+00:00,23.0,238.36900329589844,231.0,217.7142791748047
2026-09-19 15:00:00+00:00,24.0,244.3202362060547,236.0,220.7142791748047
2026-09-18 17:00:00+00:00,1.0,240.6451416015625,237.0,225.0
2026-09-18 18:00:00+00:00,2.0,237.98214721679688,237.0,228.0
2026-09-18 19:00:00+00:00,3.0,234.40830993652344,233.0,229.8000030517578
2026-09-18 20:00:00+00:00,4.0,240.79258728027344,241.0,231.57142639160156
2026-09-18 21:00:00+00:00,5.0,238.56651306152344,240.0,240.0
2026-09-18 22:00:00+00:00,6.0,255.81378173828125,248.0,238.5
2026-09-18 23:00:00+00:00,7.0,247.78269958496094,245.0,233.3333282470703
2026-09-19 00:00:00+00:00,8.0,242.08200073242188,238.0,229.0
2026-09-19 01:00:00+00:00,9.0,242.488525390625,235.0,227.25
2026-09-19 02:00:00+00:00,10.0,250.57798767089844,242.0,229.0
2026-09-19 03:00:00+00:00,11.0,243.1800537109375,238.0,229.25
2026-09-19 04:00:00+00:00,12.0,232.9139862060547,228.0,229.0
2026-09-19 05:00:00+00:00,13.0,232.7548828125,225.0,225.42857360839844
2026-09-19 06:00:00+00:00,14.0,226.35597229003906,220.0,211.75
2026-09-19 07:00:00+00:00,15.0,235.90037536621094,230.0,208.6666717529297
2026-09-19 08:00:00+00:00,16.0,242.72181701660156,232.0,206.5
2026-09-19 09:00:00+00:00,17.0,235.209716796875,225.0,206.57142639160156
2026-09-19 10:00:00+00:00,18.0,219.19854736328125,214.0,212.1999969482422
2026-09-19 11:00:00+00:00,19.0,225.1973114013672,217.0,216.0
2026-09-19 12:00:00+00:00,20.0,227.72596740722656,219.0,217.3333282470703
2026-09-19 13:00:00+00:00,21.0,238.5498809814453,230.0,217.1666717529297
2026-09-19 14:00:00+00:00,22.0,240.99154663085938,233.0,217.7142791748047
2026-09-19 15:00:00+00:00,23.0,241.95956420898438,235.0,220.7142791748047
2026-09-19 16:00:00+00:00,24.0,243.02310180664062,235.0,219.2857208251953
2026-09-18 18:00:00+00:00,1.0,235.59112548828125,232.0,228.0
2026-09-18 19:00:00+00:00,2.0,231.9304962158203,231.0,229.8000030517578
2026-09-18 20:00:00+00:00,3.0,241.30792236328125,240.0,231.57142639160156
2026-09-18 21:00:00+00:00,4.0,244.70791625976562,245.0,240.0
2026-09-18 22:00:00+00:00,5.0,243.47926330566406,245.0,238.5
2026-09-18 23:00:00+00:00,6.0,250.7689666748047,243.0,233.3333282470703
2026-09-19 00:00:00+00:00,7.0,240.69918823242188,238.0,229.0
2026-09-19 01:00:00+00:00,8.0,247.03468322753906,243.0,227.25
2026-09-19 02:00:00+00:00,9.0,250.42886352539062,243.0,229.0
2026-09-19 03:00:00+00:00,10.0,245.50396728515625,237.0,229.25
2026-09-19 04:00:00+00:00,11.0,242.09750366210938,237.0,229.0
2026-09-19 05:00:00+00:00,12.0,245.86431884765625,241.0,225.42857360839844
2026-09-19 06:00:00+00:00,13.0,253.66542053222656,246.0,211.75
2026-09-19 07:00:00+00:00,14.0,251.2956085205078,245.0,208.6666717529297
2026-09-19 08:00:00+00:00,15.0,242.84268188476562,237.0,206.5
2026-09-19 09:00:00+00:00,16.0,248.6737060546875,238.0,206.57142639160156
2026-09-19 10:00:00+00:00,17.0,253.1558837890625,243.0,212.1999969482422
2026-09-19 11:00:00+00:00,18.0,242.108154296875,237.0,216.0
2026-09-19 12:00:00+00:00,19.0,242.1161651611328,234.0,217.3333282470703
2026-09-19 13:00:00+00:00,20.0,240.7082977294922,232.0,217.1666717529297
2026-09-19 14:00:00+00:00,21.0,241.5626678466797,233.0,217.7142791748047
2026-09-19 15:00:00+00:00,22.0,239.96058654785156,232.0,220.7142791748047
2026-09-19 16:00:00+00:00,23.0,242.95977783203125,236.0,219.2857208251953
2026-09-19 17:00:00+00:00,24.0,245.0338897705078,237.0,219.0
2026-09-18 19:00:00+00:00,1.0,232.9269561767578,230.0,229.8000030517578
2026-09-18 20:00:00+00:00,2.0,239.29002380371094,239.0,231.57142639160156
2026-09-18 21:00:00+00:00,3.0,245.83009338378906,245.0,240.0
2026-09-18 22:00:00+00:00,4.0,240.1425018310547,241.0,238.5
2026-09-18 23:00:00+00:00,5.0,242.8223876953125,245.0,233.3333282470703
2026-09-19 00:00:00+00:00,6.0,239.11119079589844,232.0,229.0
2026-09-19 01:00:00+00:00,7.0,243.0556640625,241.0,227.25
2026-09-19 02:00:00+00:00,8.0,248.4028778076172,245.0,229.0
2026-09-19 03:00:00+00:00,9.0,251.68038940429688,245.0,229.25
2026-09-19 04:00:00+00:00,10.0,247.68600463867188,240.0,229.0
2026-09-19 05:00:00+00:00,11.0,235.5354461669922,231.0,225.42857360839844
2026-09-19 06:00:00+00:00,12.0,248.38943481445312,244.0,211.75
2026-09-19 07:00:00+00:00,13.0,249.90524291992188,243.0,208.6666717529297
2026-09-19 08:00:00+00:00,14.0,243.59292602539062,238.0,206.5
2026-09-19 09:00:00+00:00,15.0,250.21434020996094,245.0,206.57142639160156
2026-09-19 10:00:00+00:00,16.0,249.7476348876953,240.0,212.1999969482422
2026-09-19 11:00:00+00:00,17.0,246.4042205810547,237.0,216.0
2026-09-19 12:00:00+00:00,18.0,239.31121826171875,235.0,217.3333282470703
2026-09-19 13:00:00+00:00,19.0,241.29100036621094,234.0,217.1666717529297
2026-09-19 14:00:00+00:00,20.0,239.09716796875,231.0,217.7142791748047
2026-09-19 15:00:00+00:00,21.0,243.08958435058594,235.0,220.7142791748047
2026-09-19 16:00:00+00:00,22.0,240.42930603027344,233.0,219.2857208251953
2026-09-19 17:00:00+00:00,23.0,244.4625701904297,238.0,219.0
2026-09-19 18:00:00+00:00,24.0,247.6806182861328,240.0,222.125
2026-09-18 20:00:00+00:00,1.0,243.5645751953125,242.0,231.57142639160156
2026-09-18 21:00:00+00:00,2.0,238.9827880859375,240.0,240.0
2026-09-18 22:00:00+00:00,3.0,249.88565063476562,250.0,238.5
2026-09-18 23:00:00+00:00,4.0,239.9808807373047,242.0,233.3333282470703
2026-09-19 00:00:00+00:00,5.0,233.63351440429688,237.0,229.0
2026-09-19 01:00:00+00:00,6.0,245.79824829101562,240.0,227.25
2026-09-19 02:00:00+00:00,7.0,244.79957580566406,244.0,229.0
2026-09-19 03:00:00+00:00,8.0,242.20028686523438,240.0,229.25
2026-09-19 04:00:00+00:00,9.0,245.2103729248047,240.0,229.0
2026-09-19 05:00:00+00:00,10.0,239.0809783935547,233.0,225.42857360839844
2026-09-19 06:00:00+00:00,11.0,234.37289428710938,231.0,211.75
2026-09-19 07:00:00+00:00,12.0,245.4744873046875,242.0,208.6666717529297
2026-09-19 08:00:00+00:00,13.0,250.42820739746094,245.0,206.5
2026-09-19 09:00:00+00:00,14.0,245.14866638183594,241.0,206.57142639160156
2026-09-19 10:00:00+00:00,15.0,238.90130615234375,235.0,212.1999969482422
2026-09-19 11:00:00+00:00,16.0,229.8968963623047,222.0,216.0
2026-09-19 12:00:00+00:00,17.0,237.96348571777344,230.0,217.3333282470703
2026-09-19 13:00:00+00:00,18.0,233.7022705078125,231.0,217.1666717529297
2026-09-19 14:00:00+00:00,19.0,239.59091186523438,234.0,217.7142791748047
2026-09-19 15:00:00+00:00,20.0,242.87313842773438,236.0,220.7142791748047
2026-09-19 16:00:00+00:00,21.0,243.13931274414062,236.0,219.2857208251953
2026-09-19 17:00:00+00:00,22.0,243.39781188964844,237.0,219.0
2026-09-19 18:00:00+00:00,23.0,239.43402099609375,234.0,222.125
2026-09-19 19:00:00+00:00,24.0,244.90359497070312,238.0,224.5
2026-09-18 21:00:00+00:00,1.0,240.6239013671875,240.0,240.0
2026-09-18 22:00:00+00:00,2.0,245.115478515625,247.0,238.5
2026-09-18 23:00:00+00:00,3.0,242.24061584472656,243.0,233.3333282470703
2026-09-19 00:00:00+00:00,4.0,231.20941162109375,234.0,229.0
2026-09-19 01:00:00+00:00,5.0,234.86578369140625,239.0,227.25
2026-09-19 02:00:00+00:00,6.0,247.91526794433594,243.0,229.0
2026-09-19 03:00:00+00:00,7.0,237.94229125976562,238.0,229.25
2026-09-19 04:00:00+00:00,8.0,238.36314392089844,237.0,229.0
2026-09-19 05:00:00+00:00,9.0,246.17181396484375,242.0,225.42857360839844
2026-09-19 06:00:00+00:00,10.0,249.94845581054688,245.0,211.75
2026-09-19 07:00:00+00:00,11.0,248.5890350341797,246.0,208.6666717529297
2026-09-19 08:00:00+00:00,12.0,240.8424835205078,238.0,206.5
2026-09-19 09:00:00+00:00,13.0,243.3998565673828,239.0,206.57142639160156
2026-09-19 10:00:00+00:00,14.0,245.11135864257812,242.0,212.1999969482422
2026-09-19 11:00:00+00:00,15.0,241.98240661621094,239.0,216.0
2026-09-19 12:00:00+00:00,16.0,242.62039184570312,236.0,217.3333282470703
2026-09-19 13:00:00+00:00,17.0,240.91909790039062,234.0,217.1666717529297
2026-09-19 14:00:00+00:00,18.0,233.6247100830078,232.0,217.7142791748047
2026-09-19 15:00:00+00:00,19.0,236.4228973388672,232.0,220.7142791748047
2026-09-19 16:00:00+00:00,20.0,240.99118041992188,235.0,219.2857208251953
2026-09-19 17:00:00+00:00,21.0,242.42901611328125,236.0,219.0
2026-09-19 18:00:00+00:00,22.0,243.64303588867188,238.0,222.125
2026-09-19 19:00:00+00:00,23.0,245.64874267578125,241.0,224.5
2026-09-19 20:00:00+00:00,24.0,245.3075408935547,239.0,227.0
2026-09-18 22:00:00+00:00,1.0,240.71710205078125,241.0,238.5
2026-09-18 23:00:00+00:00,2.0,240.2978057861328,243.0,233.3333282470703
2026-09-19 00:00:00+00:00,3.0,229.52781677246094,231.0,229.0
2026-09-19 01:00:00+00:00,4.0,235.42481994628906,239.0,227.25
2026-09-19 02:00:00+00:00,5.0,239.17715454101562,244.0,229.0
2026-09-19 03:00:00+00:00,6.0,249.0804443359375,245.0,229.25
2026-09-19 04:00:00+00:00,7.0,242.05471801757812,243.0,229.0
2026-09-19 05:00:00+00:00,8.0,240.51730346679688,240.0,225.42857360839844
2026-09-19 06:00:00+00:00,9.0,242.12374877929688,239.0,211.75
2026-09-19 07:00:00+00:00,10.0,246.7224884033203,243.0,208.6666717529297
2026-09-19 08:00:00+00:00,11.0,247.73667907714844,246.0,206.5
2026-09-19 09:00:00+00:00,12.0,248.1248779296875,246.0,206.57142639160156
2026-09-19 10:00:00+00:00,13.0,245.4348602294922,242.0,212.1999969482422
2026-09-19 11:00:00+00:00,14.0,235.05654907226562,233.0,216.0
2026-09-19 12:00:00+00:00,15.0,244.0790252685547,242.0,217.3333282470703
2026-09-19 13:00:00+00:00,16.0,240.368896484375,235.0,217.1666717529297
2026-09-19 14:00:00+00:00,17.0,239.82687377929688,234.0,217.7142791748047
2026-09-19 15:00:00+00:00,18.0,232.58822631835938,232.0,220.7142791748047
2026-09-19 16:00:00+00:00,19.0,237.33375549316406,234.0,219.2857208251953
2026-09-19 17:00:00+00:00,20.0,242.11671447753906,237.0,219.0
2026-09-19 18:00:00+00:00,21.0,242.58761596679688,237.0,222.125
2026-09-19 19:00:00+00:00,22.0,242.80606079101562,238.0,224.5
2026-09-19 20:00:00+00:00,23.0,240.7917938232422,237.0,227.0
2026-09-19 21:00:00+00:00,24.0,244.49957275390625,239.0,227.3333282470703
2026-09-18 23:00:00+00:00,2.0,241.98631286621094,243.0,233.3333282470703
2026-09-19 00:00:00+00:00,3.0,227.58746337890625,231.0,229.0
2026-09-19 01:00:00+00:00,4.0,236.9029998779297,239.0,227.25
2026-09-19 02:00:00+00:00,5.0,239.83824157714844,244.0,229.0
2026-09-19 03:00:00+00:00,6.0,239.63465881347656,245.0,229.25
2026-09-19 04:00:00+00:00,7.0,246.35311889648438,243.0,229.0
2026-09-19 05:00:00+00:00,8.0,238.28968811035156,240.0,225.42857360839844
2026-09-19 06:00:00+00:00,9.0,238.82760620117188,239.0,211.75
2026-09-19 07:00:00+00:00,10.0,245.24884033203125,243.0,208.6666717529297
2026-09-19 08:00:00+00:00,11.0,248.73033142089844,246.0,206.5
2026-09-19 09:00:00+00:00,12.0,247.02630615234375,246.0,206.57142639160156
2026-09-19 10:00:00+00:00,13.0,243.4931640625,242.0,212.1999969482422
2026-09-19 11:00:00+00:00,14.0,235.67405700683594,233.0,216.0
2026-09-19 12:00:00+00:00,15.0,243.18772888183594,242.0,217.3333282470703
2026-09-19 13:00:00+00:00,16.0,236.37234497070312,235.0,217.1666717529297
2026-09-19 14:00:00+00:00,17.0,238.39659118652344,234.0,217.7142791748047
2026-09-19 15:00:00+00:00,18.0,236.94647216796875,232.0,220.7142791748047
2026-09-19 16:00:00+00:00,19.0,233.7620849609375,234.0,219.2857208251953
2026-09-19 17:00:00+00:00,20.0,239.50025939941406,237.0,219.0
2026-09-19 18:00:00+00:00,21.0,241.36019897460938,237.0,222.125
2026-09-19 19:00:00+00:00,22.0,242.81483459472656,238.0,224.5
2026-09-19 20:00:00+00:00,23.0,241.0421142578125,237.0,227.0
2026-09-19 21:00:00+00:00,24.0,242.08595275878906,239.0,227.3333282470703
2026-09-19 22:00:00+00:00,25.0,253.79937744140625,249.0,225.7142791748047
2026-09-19 00:00:00+00:00,3.0,229.3348388671875,231.0,229.0
2026-09-19 01:00:00+00:00,4.0,234.94073486328125,239.0,227.25
2026-09-19 02:00:00+00:00,5.0,241.34974670410156,244.0,229.0
2026-09-19 03:00:00+00:00,6.0,240.3641357421875,245.0,229.25
2026-09-19 04:00:00+00:00,7.0,237.15518188476562,243.0,229.0
2026-09-19 05:00:00+00:00,8.0,242.67051696777344,240.0,225.42857360839844
2026-09-19 06:00:00+00:00,9.0,236.60169982910156,239.0,211.75
2026-09-19 07:00:00+00:00,10.0,242.2007293701172,243.0,208.6666717529297
2026-09-19 08:00:00+00:00,11.0,247.4354705810547,246.0,206.5
2026-09-19 09:00:00+00:00,12.0,247.8555145263672,246.0,206.57142639160156
2026-09-19 10:00:00+00:00,13.0,242.42404174804688,242.0,212.1999969482422
2026-09-19 11:00:00+00:00,14.0,233.90931701660156,233.0,216.0
2026-09-19 12:00:00+00:00,15.0,243.9851837158203,242.0,217.3333282470703
2026-09-19 13:00:00+00:00,16.0,235.40321350097656,235.0,217.1666717529297
2026-09-19 14:00:00+00:00,17.0,234.75950622558594,234.0,217.7142791748047
2026-09-19 15:00:00+00:00,18.0,235.5438232421875,232.0,220.7142791748047
2026-09-19 16:00:00+00:00,19.0,238.13192749023438,234.0,219.2857208251953
2026-09-19 17:00:00+00:00,20.0,236.0562286376953,237.0,219.0
2026-09-19 18:00:00+00:00,21.0,238.77781677246094,237.0,222.125
2026-09-19 19:00:00+00:00,22.0,241.6438446044922,238.0,224.5
2026-09-19 20:00:00+00:00,23.0,241.0701904296875,237.0,227.0
2026-09-19 21:00:00+00:00,24.0,242.2989959716797,239.0,227.3333282470703
2026-09-19 22:00:00+00:00,25.0,251.42543029785156,249.0,225.7142791748047
2026-09-19 23:00:00+00:00,26.0,258.1766052246094,254.0,227.0
2026-09-19 01:00:00+00:00,4.0,236.7812957763672,239.0,227.25
2026-09-19 02:00:00+00:00,5.0,239.4123992919922,244.0,229.0
2026-09-19 03:00:00+00:00,6.0,241.85313415527344,245.0,229.25
2026-09-19 04:00:00+00:00,7.0,237.96266174316406,243.0,229.0
2026-09-19 05:00:00+00:00,8.0,233.75112915039062,240.0,225.42857360839844
2026-09-19 06:00:00+00:00,9.0,241.07037353515625,239.0,211.75
2026-09-19 07:00:00+00:00,10.0,240.01243591308594,243.0,208.6666717529297
2026-09-19 08:00:00+00:00,11.0,244.6459197998047,246.0,206.5
2026-09-19 09:00:00+00:00,12.0,246.7187042236328,246.0,206.57142639160156
2026-09-19 10:00:00+00:00,13.0,243.15054321289062,242.0,212.1999969482422
2026-09-19 11:00:00+00:00,14.0,232.89447021484375,233.0,216.0
2026-09-19 12:00:00+00:00,15.0,242.37742614746094,242.0,217.3333282470703
2026-09-19 13:00:00+00:00,16.0,236.3624725341797,235.0,217.1666717529297
2026-09-19 14:00:00+00:00,17.0,233.7393035888672,234.0,217.7142791748047
2026-09-19 15:00:00+00:00,18.0,232.2275848388672,232.0,220.7142791748047
2026-09-19 16:00:00+00:00,19.0,236.81069946289062,234.0,219.2857208251953
2026-09-19 17:00:00+00:00,20.0,240.44122314453125,237.0,219.0
2026-09-19 18:00:00+00:00,21.0,235.43722534179688,237.0,222.125
2026-09-19 19:00:00+00:00,22.0,239.13287353515625,238.0,224.5
2026-09-19 20:00:00+00:00,23.0,240.05792236328125,237.0,227.0
2026-09-19 21:00:00+00:00,24.0,242.47610473632812,239.0,227.3333282470703
2026-09-19 22:00:00+00:00,25.0,251.66647338867188,249.0,225.7142791748047
2026-09-19 23:00:00+00:00,26.0,255.86463928222656,254.0,227.0
2026-09-20 00:00:00+00:00,27.0,256.67724609375,253.0,239.1999969482422
2026-09-19 02:00:00+00:00,5.0,241.3692169189453,244.0,229.0
2026-09-19 03:00:00+00:00,6.0,240.0294647216797,245.0,229.25
2026-09-19 04:00:00+00:00,7.0,239.48959350585938,243.0,229.0
2026-09-19 05:00:00+00:00,8.0,234.68800354003906,240.0,225.42857360839844
2026-09-19 06:00:00+00:00,9.0,232.46786499023438,239.0,211.75
2026-09-19 07:00:00+00:00,10.0,244.63055419921875,243.0,208.6666717529297
2026-09-19 08:00:00+00:00,11.0,242.57582092285156,246.0,206.5
2026-09-19 09:00:00+00:00,12.0,244.23712158203125,246.0,206.57142639160156
2026-09-19 10:00:00+00:00,13.0,242.17532348632812,242.0,212.1999969482422
2026-09-19 11:00:00+00:00,14.0,233.64886474609375,233.0,216.0
2026-09-19 12:00:00+00:00,15.0,241.50411987304688,242.0,217.3333282470703
2026-09-19 13:00:00+00:00,16.0,234.99046325683594,235.0,217.1666717529297
2026-09-19 14:00:00+00:00,17.0,234.89321899414062,234.0,217.7142791748047
2026-09-19 15:00:00+00:00,18.0,231.2510528564453,232.0,220.7142791748047
2026-09-19 16:00:00+00:00,19.0,233.85458374023438,234.0,219.2857208251953
2026-09-19 17:00:00+00:00,20.0,239.2757568359375,237.0,219.0
2026-09-19 18:00:00+00:00,21.0,239.92413330078125,237.0,222.125
2026-09-19 19:00:00+00:00,22.0,235.98062133789062,238.0,224.5
2026-09-19 20:00:00+00:00,23.0,237.6532440185547,237.0,227.0
2026-09-19 21:00:00+00:00,24.0,241.61753845214844,239.0,227.3333282470703
2026-09-19 22:00:00+00:00,25.0,252.0391387939453,249.0,225.7142791748047
2026-09-19 23:00:00+00:00,26.0,256.19317626953125,254.0,227.0
2026-09-20 00:00:00+00:00,27.0,254.4388427734375,253.0,239.1999969482422
2026-09-20 01:00:00+00:00,28.0,254.31288146972656,251.0,248.39999389648438
2026-09-19 03:00:00+00:00,6.0,242.0066375732422,245.0,229.25
2026-09-19 04:00:00+00:00,7.0,237.72669982910156,243.0,229.0
2026-09-19 05:00:00+00:00,8.0,236.1822967529297,240.0,225.42857360839844
2026-09-19 06:00:00+00:00,9.0,233.45465087890625,239.0,211.75
2026-09-19 07:00:00+00:00,10.0,236.219482421875,243.0,208.6666717529297
2026-09-19 08:00:00+00:00,11.0,247.22731018066406,246.0,206.5
2026-09-19 09:00:00+00:00,12.0,242.1737823486328,246.0,206.57142639160156
2026-09-19 10:00:00+00:00,13.0,239.87008666992188,242.0,212.1999969482422
2026-09-19 11:00:00+00:00,14.0,232.68812561035156,233.0,216.0
2026-09-19 12:00:00+00:00,15.0,242.22023010253906,242.0,217.3333282470703
2026-09-19 13:00:00+00:00,16.0,234.16110229492188,235.0,217.1666717529297
2026-09-19 14:00:00+00:00,17.0,233.68148803710938,234.0,217.7142791748047
2026-09-19 15:00:00+00:00,18.0,232.53594970703125,232.0,220.7142791748047
2026-09-19 16:00:00+00:00,19.0,232.84213256835938,234.0,219.2857208251953
2026-09-19 17:00:00+00:00,20.0,236.52699279785156,237.0,219.0
2026-09-19 18:00:00+00:00,21.0,238.8448028564453,237.0,222.125
2026-09-19 19:00:00+00:00,22.0,240.48727416992188,238.0,224.5
2026-09-19 20:00:00+00:00,23.0,234.6237335205078,237.0,227.0
2026-09-19 21:00:00+00:00,24.0,239.26373291015625,239.0,227.3333282470703
2026-09-19 22:00:00+00:00,25.0,251.2414093017578,249.0,225.7142791748047
2026-09-19 23:00:00+00:00,26.0,256.66552734375,254.0,227.0
2026-09-20 00:00:00+00:00,27.0,254.83970642089844,253.0,239.1999969482422
2026-09-20 01:00:00+00:00,28.0,252.0601043701172,251.0,248.39999389648438
2026-09-20 02:00:00+00:00,29.0,255.01637268066406,252.0,265.3333435058594
2026-09-20 04:00:00+00:00,7.0,270.0122375488281,274.0,263.4285583496094
2026-09-20 05:00:00+00:00,8.0,270.9831848144531,277.0,268.0
2026-09-20 06:00:00+00:00,9.0,276.1536865234375,281.0,268.1428527832031
2026-09-20 07:00:00+00:00,10.0,270.8263244628906,277.0,272.79998779296875
2026-09-20 08:00:00+00:00,11.0,276.59051513671875,284.0,285.0
2026-09-20 09:00:00+00:00,12.0,294.0675048828125,294.0,281.20001220703125
2026-09-20 10:00:00+00:00,13.0,284.9200744628906,290.0,275.8333435058594
2026-09-20 11:00:00+00:00,14.0,297.719482421875,301.0,283.75
2026-09-20 12:00:00+00:00,15.0,307.1002197265625,309.0,292.0
2026-09-20 13:00:00+00:00,16.0,307.1509704589844,308.0,291.5714416503906
2026-09-20 14:00:00+00:00,17.0,299.08038330078125,301.0,290.6666564941406
2026-09-20 15:00:00+00:00,18.0,302.8039245605469,304.0,299.4285583496094
2026-09-20 16:00:00+00:00,19.0,303.57269287109375,304.0,296.6666564941406
2026-09-20 17:00:00+00:00,20.0,301.77880859375,304.0,301.8333435058594
2026-09-20 18:00:00+00:00,21.0,307.6231994628906,309.0,285.0
2026-09-20 19:00:00+00:00,22.0,308.7107238769531,308.0,283.3333435058594
2026-09-20 20:00:00+00:00,23.0,316.2134094238281,315.0,283.5
2026-09-20 21:00:00+00:00,24.0,304.6826477050781,308.0,283.0
2026-09-20 22:00:00+00:00,25.0,299.103271484375,300.0,283.0
2026-09-20 23:00:00+00:00,26.0,296.29937744140625,295.0,283.0
2026-09-21 00:00:00+00:00,27.0,286.7592468261719,285.0,283.0
2026-09-21 01:00:00+00:00,28.0,309.96484375,309.0,283.0
2026-09-21 02:00:00+00:00,29.0,301.9187927246094,302.0,282.5
2026-09-21 03:00:00+00:00,30.0,308.1961975097656,306.0,281.6000061035156
2026-09-20 05:00:00+00:00,8.0,273.3975524902344,277.0,268.0
2026-09-20 06:00:00+00:00,9.0,275.2137451171875,281.0,268.1428527832031
2026-09-20 07:00:00+00:00,10.0,272.57952880859375,277.0,272.79998779296875
2026-09-20 08:00:00+00:00,11.0,278.13006591796875,284.0,285.0
2026-09-20 09:00:00+00:00,12.0,286.9527893066406,294.0,281.20001220703125
2026-09-20 10:00:00+00:00,13.0,290.5971984863281,290.0,275.8333435058594
2026-09-20 11:00:00+00:00,14.0,296.52447509765625,301.0,283.75
2026-09-20 12:00:00+00:00,15.0,306.3027648925781,309.0,292.0
2026-09-20 13:00:00+00:00,16.0,306.85565185546875,308.0,291.5714416503906
2026-09-20 14:00:00+00:00,17.0,300.6761169433594,301.0,290.6666564941406
2026-09-20 15:00:00+00:00,18.0,302.6407775878906,304.0,299.4285583496094
2026-09-20 16:00:00+00:00,19.0,303.2924499511719,304.0,296.6666564941406
2026-09-20 17:00:00+00:00,20.0,304.1336669921875,304.0,301.8333435058594
2026-09-20 18:00:00+00:00,21.0,307.1977844238281,309.0,285.0
2026-09-20 19:00:00+00:00,22.0,307.0653076171875,308.0,283.3333435058594
2026-09-20 20:00:00+00:00,23.0,316.2872314453125,315.0,283.5
2026-09-20 21:00:00+00:00,24.0,309.8788757324219,308.0,283.0
2026-09-20 22:00:00+00:00,25.0,297.0235900878906,300.0,283.0
2026-09-20 23:00:00+00:00,26.0,294.60418701171875,295.0,283.0
2026-09-21 00:00:00+00:00,27.0,286.7509460449219,285.0,283.0
2026-09-21 01:00:00+00:00,28.0,311.1445617675781,309.0,283.0
2026-09-21 02:00:00+00:00,29.0,303.4627990722656,302.0,282.5
2026-09-21 03:00:00+00:00,30.0,306.41082763671875,306.0,281.6000061035156
2026-09-21 04:00:00+00:00,31.0,296.5615539550781,294.0,281.0
2026-09-20 06:00:00+00:00,9.0,277.95220947265625,281.0,268.1428527832031
2026-09-20 07:00:00+00:00,10.0,271.5788879394531,277.0,272.79998779296875
2026-09-20 08:00:00+00:00,11.0,280.11236572265625,284.0,285.0
2026-09-20 09:00:00+00:00,12.0,288.5672912597656,294.0,281.20001220703125
2026-09-20 10:00:00+00:00,13.0,283.41802978515625,290.0,275.8333435058594
2026-09-20 11:00:00+00:00,14.0,302.3016357421875,301.0,283.75
2026-09-20 12:00:00+00:00,15.0,305.2757263183594,309.0,292.0
2026-09-20 13:00:00+00:00,16.0,305.96881103515625,308.0,291.5714416503906
2026-09-20 14:00:00+00:00,17.0,300.7392272949219,301.0,290.6666564941406
2026-09-20 15:00:00+00:00,18.0,304.3343200683594,304.0,299.4285583496094
2026-09-20 16:00:00+00:00,19.0,303.34246826171875,304.0,296.6666564941406
2026-09-20 17:00:00+00:00,20.0,303.8441467285156,304.0,301.8333435058594
2026-09-20 18:00:00+00:00,21.0,309.7510681152344,309.0,285.0
2026-09-20 19:00:00+00:00,22.0,306.7655029296875,308.0,283.3333435058594
2026-09-20 20:00:00+00:00,23.0,314.6397399902344,315.0,283.5
2026-09-20 21:00:00+00:00,24.0,309.96832275390625,308.0,283.0
2026-09-20 22:00:00+00:00,25.0,302.61328125,300.0,283.0
2026-09-20 23:00:00+00:00,26.0,292.52520751953125,295.0,283.0
2026-09-21 00:00:00+00:00,27.0,285.2302551269531,285.0,283.0
2026-09-21 01:00:00+00:00,28.0,311.3110046386719,309.0,283.0
2026-09-21 02:00:00+00:00,29.0,304.6222839355469,302.0,282.5
2026-09-21 03:00:00+00:00,30.0,307.9833984375,306.0,281.6000061035156
2026-09-21 04:00:00+00:00,31.0,294.9783020019531,294.0,281.0
2026-09-21 05:00:00+00:00,32.0,294.9761962890625,292.0,281.0
2026-09-20 07:00:00+00:00,1.0,281.2767028808594,284.0,272.79998779296875
2026-09-20 08:00:00+00:00,2.0,281.8751220703125,287.0,285.0
2026-09-20 09:00:00+00:00,3.0,289.447509765625,293.0,281.20001220703125
2026-09-20 10:00:00+00:00,4.0,287.8287658691406,293.0,275.8333435058594
2026-09-20 11:00:00+00:00,5.0,286.65576171875,293.0,283.75
2026-09-20 12:00:00+00:00,6.0,301.6853332519531,300.0,292.0
2026-09-20 13:00:00+00:00,7.0,304.6455078125,308.0,291.5714416503906
2026-09-20 14:00:00+00:00,8.0,305.3231201171875,307.0,290.6666564941406
2026-09-20 15:00:00+00:00,9.0,305.19183349609375,305.0,299.4285583496094
2026-09-20 16:00:00+00:00,10.0,307.72198486328125,307.0,296.6666564941406
2026-09-20 17:00:00+00:00,11.0,310.7254333496094,311.0,301.8333435058594
2026-09-20 18:00:00+00:00,12.0,316.171630859375,316.0,285.0
2026-09-20 19:00:00+00:00,13.0,318.1392517089844,317.0,283.3333435058594
2026-09-20 20:00:00+00:00,14.0,312.1546936035156,313.0,283.5
2026-09-20 21:00:00+00:00,15.0,314.97711181640625,315.0,283.0
2026-09-20 22:00:00+00:00,16.0,324.4158630371094,322.0,283.0
2026-09-20 23:00:00+00:00,17.0,323.0279846191406,320.0,283.0
2026-09-21 00:00:00+00:00,18.0,308.93603515625,311.0,283.0
2026-09-21 01:00:00+00:00,19.0,315.6578063964844,315.0,283.0
2026-09-21 02:00:00+00:00,20.0,316.64105224609375,314.0,282.5
2026-09-21 03:00:00+00:00,21.0,327.9384765625,325.0,281.6000061035156
2026-09-21 04:00:00+00:00,22.0,308.34375,306.0,281.0
2026-09-21 05:00:00+00:00,23.0,310.30938720703125,309.0,281.0
2026-09-21 06:00:00+00:00,24.0,299.27642822265625,296.0,281.0
2026-09-20 08:00:00+00:00,1.0,282.4071350097656,285.0,285.0
2026-09-20 09:00:00+00:00,2.0,286.9578857421875,292.0,281.20001220703125
2026-09-20 10:00:00+00:00,3.0,291.595947265625,295.0,275.8333435058594
2026-09-20 11:00:00+00:00,4.0,290.9531555175781,296.0,283.75
2026-09-20 12:00:00+00:00,5.0,294.75018310546875,301.0,292.0
2026-09-20 13:00:00+00:00,6.0,311.83697509765625,310.0,291.5714416503906
2026-09-20 14:00:00+00:00,7.0,306.78814697265625,310.0,290.6666564941406
2026-09-20 15:00:00+00:00,8.0,303.45843505859375,305.0,299.4285583496094
2026-09-20 16:00:00+00:00,9.0,310.3710021972656,310.0,296.6666564941406
2026-09-20 17:00:00+00:00,10.0,309.83123779296875,309.0,301.8333435058594
2026-09-20 18:00:00+00:00,11.0,312.9033508300781,313.0,285.0
2026-09-20 19:00:00+00:00,12.0,315.3189697265625,315.0,283.3333435058594
2026-09-20 20:00:00+00:00,13.0,311.3416748046875,310.0,283.5
2026-09-20 21:00:00+00:00,14.0,306.2923278808594,307.0,283.0
2026-09-20 22:00:00+00:00,15.0,313.1032409667969,313.0,283.0
2026-09-20 23:00:00+00:00,16.0,313.5840148925781,311.0,283.0
2026-09-21 00:00:00+00:00,17.0,318.1986083984375,315.0,283.0
2026-09-21 01:00:00+00:00,18.0,302.12054443359375,304.0,283.0
2026-09-21 02:00:00+00:00,19.0,299.8487854003906,299.0,282.5
2026-09-21 03:00:00+00:00,20.0,307.74859619140625,305.0,281.6000061035156
2026-09-21 04:00:00+00:00,21.0,304.0002746582031,301.0,281.0
2026-09-21 05:00:00+00:00,22.0,314.4720153808594,312.0,281.0
2026-09-21 06:00:00+00:00,23.0,297.4007263183594,296.0,281.0
2026-09-21 07:00:00+00:00,24.0,293.3434143066406,290.0,279.3333435058594
2026-09-20 09:00:00+00:00,1.0,289.8721923828125,291.0,281.20001220703125
2026-09-20 10:00:00+00:00,2.0,286.42364501953125,290.0,275.8333435058594
2026-09-20 11:00:00+00:00,3.0,295.955322265625,298.0,283.75
2026-09-20 12:00:00+00:00,4.0,302.1307067871094,306.0,292.0
2026-09-20 13:00:00+00:00,5.0,306.039306640625,311.0,291.5714416503906
2026-09-20 14:00:00+00:00,6.0,310.4756164550781,307.0,290.6666564941406
2026-09-20 15:00:00+00:00,7.0,308.4951171875,310.0,299.4285583496094
2026-09-20 16:00:00+00:00,8.0,307.9720153808594,308.0,296.6666564941406
2026-09-20 17:00:00+00:00,9.0,310.3345642089844,308.0,301.8333435058594
2026-09-20 18:00:00+00:00,10.0,319.8141174316406,317.0,285.0
2026-09-20 19:00:00+00:00,11.0,318.4351806640625,317.0,283.3333435058594
2026-09-20 20:00:00+00:00,12.0,311.8375549316406,310.0,283.5
2026-09-20 21:00:00+00:00,13.0,312.0504455566406,309.0,283.0
2026-09-20 22:00:00+00:00,14.0,318.9665832519531,318.0,283.0
2026-09-20 23:00:00+00:00,15.0,317.49810791015625,316.0,283.0
2026-09-21 00:00:00+00:00,16.0,319.5887756347656,315.0,283.0
2026-09-21 01:00:00+00:00,17.0,316.0349426269531,311.0,283.0
2026-09-21 02:00:00+00:00,18.0,303.79052734375,304.0,282.5
2026-09-21 03:00:00+00:00,19.0,310.5424499511719,308.0,281.6000061035156
2026-09-21 04:00:00+00:00,20.0,305.2997741699219,301.0,281.0
2026-09-21 05:00:00+00:00,21.0,317.5599365234375,313.0,281.0
2026-09-21 06:00:00+00:00,22.0,306.1804504394531,302.0,281.0
2026-09-21 07:00:00+00:00,23.0,292.7563171386719,290.0,279.3333435058594
2026-09-21 08:00:00+00:00,24.0,303.66839599609375,299.0,283.6000061035156
2026-09-20 10:00:00+00:00,1.0,292.7760925292969,294.0,275.8333435058594
2026-09-20 11:00:00+00:00,2.0,288.2475891113281,292.0,283.75
2026-09-20 12:00:00+00:00,3.0,296.9336853027344,299.0,292.0
2026-09-20 13:00:00+00:00,4.0,308.100830078125,312.0,291.5714416503906
2026-09-20 14:00:00+00:00,5.0,303.87567138671875,309.0,290.6666564941406
2026-09-20 15:00:00+00:00,6.0,312.35577392578125,309.0,299.4285583496094
2026-09-20 16:00:00+00:00,7.0,312.33990478515625,314.0,296.6666564941406
2026-09-20 17:00:00+00:00,8.0,311.8435974121094,312.0,301.8333435058594
2026-09-20 18:00:00+00:00,9.0,314.1777038574219,312.0,285.0
2026-09-20 19:00:00+00:00,10.0,321.53424072265625,319.0,283.3333435058594
2026-09-20 20:00:00+00:00,11.0,314.406494140625,313.0,283.5
2026-09-20 21:00:00+00:00,12.0,322.7211608886719,321.0,283.0
2026-09-20 22:00:00+00:00,13.0,316.996826171875,314.0,283.0
2026-09-20 23:00:00+00:00,14.0,301.8420104980469,301.0,283.0
2026-09-21 00:00:00+00:00,15.0,301.40728759765625,300.0,283.0
2026-09-21 01:00:00+00:00,16.0,293.4072265625,289.0,283.0
2026-09-21 02:00:00+00:00,17.0,284.90277099609375,280.0,282.5
2026-09-21 03:00:00+00:00,18.0,323.7606201171875,324.0,281.6000061035156
2026-09-21 04:00:00+00:00,19.0,311.51104736328125,309.0,281.0
2026-09-21 05:00:00+00:00,20.0,310.11065673828125,306.0,281.0
2026-09-21 06:00:00+00:00,21.0,307.2923889160156,303.0,281.0
2026-09-21 07:00:00+00:00,22.0,307.9842834472656,304.0,279.3333435058594
2026-09-21 08:00:00+00:00,23.0,312.59869384765625,310.0,283.6000061035156
2026-09-21 09:00:00+00:00,24.0,318.48992919921875,314.0,300.25
2026-09-20 11:00:00+00:00,1.0,297.1165466308594,298.0,283.75
2026-09-20 12:00:00+00:00,2.0,293.5352783203125,297.0,292.0
2026-09-20 13:00:00+00:00,3.0,306.26739501953125,308.0,291.5714416503906
2026-09-20 14:00:00+00:00,4.0,306.39886474609375,310.0,290.6666564941406
2026-09-20 15:00:00+00:00,5.0,307.12213134765625,312.0,299.4285583496094
2026-09-20 16:00:00+00:00,6.0,319.7076110839844,316.0,296.6666564941406
2026-09-20 17:00:00+00:00,7.0,316.69830322265625,318.0,301.8333435058594
2026-09-20 18:00:00+00:00,8.0,318.15130615234375,318.0,285.0
2026-09-20 19:00:00+00:00,9.0,323.5944519042969,321.0,283.3333435058594
2026-09-20 20:00:00+00:00,10.0,317.8992919921875,315.0,283.5
2026-09-20 21:00:00+00:00,11.0,314.7713317871094,313.0,283.0
2026-09-20 22:00:00+00:00,12.0,322.0374755859375,320.0,283.0
2026-09-20 23:00:00+00:00,13.0,323.39691162109375,320.0,283.0
2026-09-21 00:00:00+00:00,14.0,321.20135498046875,320.0,283.0
2026-09-21 01:00:00+00:00,15.0,307.7030029296875,306.0,283.0
2026-09-21 02:00:00+00:00,16.0,296.8097839355469,292.0,282.5
2026-09-21 03:00:00+00:00,17.0,308.30511474609375,303.0,281.6000061035156
2026-09-21 04:00:00+00:00,18.0,302.16448974609375,302.0,281.0
2026-09-21 05:00:00+00:00,19.0,308.9192810058594,306.0,281.0
2026-09-21 06:00:00+00:00,20.0,306.40655517578125,302.0,281.0
2026-09-21 07:00:00+00:00,21.0,303.5459899902344,299.0,279.3333435058594
2026-09-21 08:00:00+00:00,22.0,308.29644775390625,304.0,283.6000061035156
2026-09-21 09:00:00+00:00,23.0,312.844482421875,310.0,300.25
2026-09-21 10:00:00+00:00,24.0,321.71820068359375,317.0,298.3999938964844
2026-09-20 12:00:00+00:00,1.0,298.9292297363281,300.0,292.0
2026-09-20 13:00:00+00:00,2.0,306.3313903808594,310.0,291.5714416503906
2026-09-20 14:00:00+00:00,3.0,305.1305847167969,307.0,290.6666564941406
2026-09-20 15:00:00+00:00,4.0,310.24493408203125,314.0,299.4285583496094
2026-09-20 16:00:00+00:00,5.0,311.9361877441406,317.0,296.6666564941406
2026-09-20 17:00:00+00:00,6.0,318.49591064453125,315.0,301.8333435058594
2026-09-20 18:00:00+00:00,7.0,317.4779357910156,319.0,285.0
2026-09-20 19:00:00+00:00,8.0,316.9619445800781,317.0,283.3333435058594
2026-09-20 20:00:00+00:00,9.0,324.35028076171875,322.0,283.5
2026-09-20 21:00:00+00:00,10.0,325.6164855957031,323.0,283.0
2026-09-20 22:00:00+00:00,11.0,326.5917053222656,325.0,283.0
2026-09-20 23:00:00+00:00,12.0,324.8371276855469,323.0,283.0
2026-09-21 00:00:00+00:00,13.0,322.1954650878906,319.0,283.0
2026-09-21 01:00:00+00:00,14.0,304.0031433105469,303.0,283.0
2026-09-21 02:00:00+00:00,15.0,294.52587890625,293.0,282.5
2026-09-21 03:00:00+00:00,16.0,308.5417785644531,304.0,281.6000061035156
2026-09-21 04:00:00+00:00,17.0,297.06378173828125,292.0,281.0
2026-09-21 05:00:00+00:00,18.0,295.98785400390625,296.0,281.0
2026-09-21 06:00:00+00:00,19.0,299.7342529296875,297.0,281.0
2026-09-21 07:00:00+00:00,20.0,300.1905212402344,296.0,279.3333435058594
2026-09-21 08:00:00+00:00,21.0,308.3114013671875,304.0,283.6000061035156
2026-09-21 09:00:00+00:00,22.0,318.0687561035156,314.0,300.25
2026-09-21 10:00:00+00:00,23.0,317.6708984375,315.0,298.3999938964844
2026-09-21 11:00:00+00:00,24.0,331.5327453613281,327.0,295.3333435058594
2026-09-20 13:00:00+00:00,1.0,309.6351318359375,311.0,291.5714416503906
2026-09-20 14:00:00+00:00,2.0,302.96990966796875,307.0,290.6666564941406
2026-09-20 15:00:00+00:00,3.0,307.9394226074219,310.0,299.4285583496094
2026-09-20 16:00:00+00:00,4.0,313.0592956542969,317.0,296.6666564941406
2026-09-20 17:00:00+00:00,5.0,309.6871337890625,315.0,301.8333435058594
2026-09-20 18:00:00+00:00,6.0,323.18353271484375,320.0,285.0
2026-09-20 19:00:00+00:00,7.0,313.14813232421875,315.0,283.3333435058594
2026-09-20 20:00:00+00:00,8.0,318.67669677734375,319.0,283.5
2026-09-20 21:00:00+00:00,9.0,323.9692077636719,322.0,283.0
2026-09-20 22:00:00+00:00,10.0,328.1369934082031,326.0,283.0
2026-09-20 23:00:00+00:00,11.0,320.3742980957031,319.0,283.0
2026-09-21 00:00:00+00:00,12.0,316.5630187988281,315.0,283.0
2026-09-21 01:00:00+00:00,13.0,304.9487609863281,302.0,283.0
2026-09-21 02:00:00+00:00,14.0,311.6522521972656,311.0,282.5
2026-09-21 03:00:00+00:00,15.0,320.2428894042969,319.0,281.6000061035156
2026-09-21 04:00:00+00:00,16.0,303.1166076660156,299.0,281.0
2026-09-21 05:00:00+00:00,17.0,314.7144775390625,310.0,281.0
2026-09-21 06:00:00+00:00,18.0,305.7324523925781,306.0,281.0
2026-09-21 07:00:00+00:00,19.0,307.4574279785156,305.0,279.3333435058594
2026-09-21 08:00:00+00:00,20.0,316.8285827636719,313.0,283.6000061035156
2026-09-21 09:00:00+00:00,21.0,319.8666076660156,316.0,300.25
2026-09-21 10:00:00+00:00,22.0,322.69476318359375,319.0,298.3999938964844
2026-09-21 11:00:00+00:00,23.0,340.3180236816406,338.0,295.3333435058594
2026-09-21 12:00:00+00:00,24.0,348.1750793457031,344.0,293.0
2026-09-20 14:00:00+00:00,1.0,306.26953125,308.0,290.6666564941406
2026-09-20 15:00:00+00:00,2.0,305.5321044921875,310.0,299.4285583496094
2026-09-20 16:00:00+00:00,3.0,311.6773681640625,314.0,296.6666564941406
2026-09-20 17:00:00+00:00,4.0,311.8299255371094,316.0,301.8333435058594
2026-09-20 18:00:00+00:00,5.0,306.3755187988281,312.0,285.0
2026-09-20 19:00:00+00:00,6.0,318.79241943359375,316.0,283.3333435058594
2026-09-20 20:00:00+00:00,7.0,306.72906494140625,309.0,283.5
2026-09-20 21:00:00+00:00,8.0,315.3095703125,316.0,283.0
2026-09-20 22:00:00+00:00,9.0,313.4786376953125,312.0,283.0
2026-09-20 23:00:00+00:00,10.0,311.548583984375,310.0,283.0
2026-09-21 00:00:00+00:00,11.0,313.0955810546875,312.0,283.0
2026-09-21 01:00:00+00:00,12.0,308.2109375,307.0,283.0
2026-09-21 02:00:00+00:00,13.0,290.6223449707031,288.0,282.5
2026-09-21 03:00:00+00:00,14.0,309.2109375,309.0,281.6000061035156
2026-09-21 04:00:00+00:00,15.0,302.89080810546875,302.0,281.0
2026-09-21 05:00:00+00:00,16.0,300.59222412109375,297.0,281.0
2026-09-21 06:00:00+00:00,17.0,308.2727966308594,304.0,281.0
2026-09-21 07:00:00+00:00,18.0,300.40179443359375,301.0,279.3333435058594
2026-09-21 08:00:00+00:00,19.0,307.0986328125,305.0,283.6000061035156
2026-09-21 09:00:00+00:00,20.0,315.3834533691406,312.0,300.25
2026-09-21 10:00:00+00:00,21.0,317.3285217285156,314.0,298.3999938964844
2026-09-21 11:00:00+00:00,22.0,330.2277526855469,327.0,295.3333435058594
2026-09-21 12:00:00+00:00,23.0,333.8822937011719,332.0,293.0
2026-09-21 13:00:00+00:00,24.0,339.741943359375,336.0,287.0
2026-09-20 15:00:00+00:00,1.0,313.7822570800781,316.0,299.4285583496094
2026-09-20 16:00:00+00:00,2.0,312.0041198730469,317.0,296.6666564941406
2026-09-20 17:00:00+00:00,3.0,309.2680358886719,312.0,301.8333435058594
2026-09-20 18:00:00+00:00,4.0,308.486083984375,313.0,285.0
2026-09-20 19:00:00+00:00,5.0,312.9571228027344,319.0,283.3333435058594
2026-09-20 20:00:00+00:00,6.0,320.2555236816406,318.0,283.5
2026-09-20 21:00:00+00:00,7.0,308.1610107421875,311.0,283.0
2026-09-20 22:00:00+00:00,8.0,319.80780029296875,321.0,283.0
2026-09-20 23:00:00+00:00,9.0,320.80609130859375,320.0,283.0
2026-09-21 00:00:00+00:00,10.0,314.8322448730469,314.0,283.0
2026-09-21 01:00:00+00:00,11.0,292.6572570800781,292.0,283.0
2026-09-21 02:00:00+00:00,12.0,296.7125244140625,296.0,282.5
2026-09-21 03:00:00+00:00,13.0,297.11083984375,295.0,281.6000061035156
2026-09-21 04:00:00+00:00,14.0,292.63568115234375,293.0,281.0
2026-09-21 05:00:00+00:00,15.0,292.4264831542969,292.0,281.0
2026-09-21 06:00:00+00:00,16.0,301.91290283203125,299.0,281.0
2026-09-21 07:00:00+00:00,17.0,303.67083740234375,300.0,279.3333435058594
2026-09-21 08:00:00+00:00,18.0,306.9070129394531,308.0,283.6000061035156
2026-09-21 09:00:00+00:00,19.0,317.5738220214844,316.0,300.25
2026-09-21 10:00:00+00:00,20.0,315.8311462402344,313.0,298.3999938964844
2026-09-21 11:00:00+00:00,21.0,322.7165222167969,320.0,295.3333435058594
2026-09-21 12:00:00+00:00,22.0,324.6297607421875,322.0,293.0
2026-09-21 13:00:00+00:00,23.0,325.3665466308594,324.0,287.0
2026-09-21 14:00:00+00:00,24.0,317.2403564453125,314.0,284.6666564941406
2026-09-20 16:00:00+00:00,1.0,313.72198486328125,316.0,296.6666564941406
2026-09-20 17:00:00+00:00,2.0,311.8766784667969,317.0,301.8333435058594
2026-09-20 18:00:00+00:00,3.0,311.2402648925781,314.0,285.0
2026-09-20 19:00:00+00:00,4.0,304.4947509765625,309.0,283.3333435058594
2026-09-20 20:00:00+00:00,5.0,309.92095947265625,316.0,283.5
2026-09-20 21:00:00+00:00,6.0,313.2073669433594,311.0,283.0
2026-09-20 22:00:00+00:00,7.0,308.095458984375,311.0,283.0
2026-09-20 23:00:00+00:00,8.0,315.74810791015625,317.0,283.0
2026-09-21 00:00:00+00:00,9.0,314.7202453613281,314.0,283.0
2026-09-21 01:00:00+00:00,10.0,315.68438720703125,315.0,283.0
2026-09-21 02:00:00+00:00,11.0,311.6740417480469,311.0,282.5
2026-09-21 03:00:00+00:00,12.0,304.675537109375,304.0,281.6000061035156
2026-09-21 04:00:00+00:00,13.0,297.1219482421875,295.0,281.0
2026-09-21 05:00:00+00:00,14.0,295.5312805175781,296.0,281.0
2026-09-21 06:00:00+00:00,15.0,298.36053466796875,298.0,281.0
2026-09-21 07:00:00+00:00,16.0,305.8172912597656,303.0,279.3333435058594
2026-09-21 08:00:00+00:00,17.0,316.623291015625,313.0,283.6000061035156
2026-09-21 09:00:00+00:00,18.0,316.88055419921875,318.0,300.25
2026-09-21 10:00:00+00:00,19.0,319.5327453613281,318.0,298.3999938964844
2026-09-21 11:00:00+00:00,20.0,328.7391357421875,326.0,295.3333435058594
2026-09-21 12:00:00+00:00,21.0,338.5473327636719,336.0,293.0
2026-09-21 13:00:00+00:00,22.0,342.5350646972656,340.0,287.0
2026-09-21 14:00:00+00:00,23.0,348.2210998535156,347.0,284.6666564941406
2026-09-21 15:00:00+00:00,24.0,323.1043395996094,320.0,280.0
2026-09-20 17:00:00+00:00,1.0,315.21624755859375,317.0,301.8333435058594
2026-09-20 18:00:00+00:00,2.0,312.3572082519531,317.0,285.0
2026-09-20 19:00:00+00:00,3.0,314.747314453125,317.0,283.3333435058594
2026-09-20 20:00:00+00:00,4.0,306.9340515136719,311.0,283.5
2026-09-20 21:00:00+00:00,5.0,312.4065856933594,318.0,283.0
2026-09-20 22:00:00+00:00,6.0,316.7842712402344,314.0,283.0
2026-09-20 23:00:00+00:00,7.0,309.71490478515625,312.0,283.0
2026-09-21 00:00:00+00:00,8.0,309.27105712890625,310.0,283.0
2026-09-21 01:00:00+00:00,9.0,304.4098205566406,303.0,283.0
2026-09-21 02:00:00+00:00,10.0,294.3429260253906,293.0,282.5
2026-09-21 03:00:00+00:00,11.0,290.25421142578125,289.0,281.6000061035156
2026-09-21 04:00:00+00:00,12.0,302.2267761230469,301.0,281.0
2026-09-21 05:00:00+00:00,13.0,296.7530517578125,294.0,281.0
2026-09-21 06:00:00+00:00,14.0,295.0733337402344,295.0,281.0
2026-09-21 07:00:00+00:00,15.0,297.820556640625,297.0,279.3333435058594
2026-09-21 08:00:00+00:00,16.0,310.4801330566406,307.0,283.6000061035156
2026-09-21 09:00:00+00:00,17.0,321.23468017578125,317.0,300.25
2026-09-21 10:00:00+00:00,18.0,318.4704895019531,319.0,298.3999938964844
2026-09-21 11:00:00+00:00,19.0,332.1192932128906,330.0,295.3333435058594
2026-09-21 12:00:00+00:00,20.0,348.2388610839844,345.0,293.0
2026-09-21 13:00:00+00:00,21.0,343.0048522949219,340.0,287.0
2026-09-21 14:00:00+00:00,22.0,339.116943359375,336.0,284.6666564941406
2026-09-21 15:00:00+00:00,23.0,326.60638427734375,325.0,280.0
2026-09-21 16:00:00+00:00,24.0,313.4981384277344,310.0,280.79998779296875
2026-09-20 18:00:00+00:00,1.0,316.9171142578125,319.0,285.0
2026-09-20 19:00:00+00:00,2.0,315.9327087402344,321.0,283.3333435058594
2026-09-20 20:00:00+00:00,3.0,320.4923400878906,323.0,283.5
2026-09-20 21:00:00+00:00,4.0,316.7770080566406,321.0,283.0
2026-09-20 22:00:00+00:00,5.0,313.123046875,319.0,283.0
2026-09-20 23:00:00+00:00,6.0,318.4632568359375,316.0,283.0
2026-09-21 00:00:00+00:00,7.0,311.330810546875,314.0,283.0
2026-09-21 01:00:00+00:00,8.0,297.9445495605469,299.0,283.0
2026-09-21 02:00:00+00:00,9.0,305.95782470703125,305.0,282.5
2026-09-21 03:00:00+00:00,10.0,299.7835388183594,299.0,281.6000061035156
2026-09-21 04:00:00+00:00,11.0,293.0552673339844,292.0,281.0
2026-09-21 05:00:00+00:00,12.0,288.91778564453125,288.0,281.0
2026-09-21 06:00:00+00:00,13.0,295.51568603515625,293.0,281.0
2026-09-21 07:00:00+00:00,14.0,299.6650695800781,300.0,279.3333435058594
2026-09-21 08:00:00+00:00,15.0,304.51593017578125,304.0,283.6000061035156
2026-09-21 09:00:00+00:00,16.0,317.03216552734375,314.0,300.25
2026-09-21 10:00:00+00:00,17.0,320.90582275390625,317.0,298.3999938964844
2026-09-21 11:00:00+00:00,18.0,318.1983642578125,319.0,295.3333435058594
2026-09-21 12:00:00+00:00,19.0,325.8211364746094,324.0,293.0
2026-09-21 13:00:00+00:00,20.0,327.87139892578125,325.0,287.0
2026-09-21 14:00:00+00:00,21.0,334.5035400390625,332.0,284.6666564941406
2026-09-21 15:00:00+00:00,22.0,325.6982727050781,323.0,280.0
2026-09-21 16:00:00+00:00,23.0,308.18756103515625,307.0,280.79998779296875
2026-09-21 17:00:00+00:00,24.0,311.0930480957031,308.0,281.0
2026-09-20 19:00:00+00:00,1.0,315.3857421875,317.0,283.3333435058594
2026-09-20 20:00:00+00:00,2.0,314.3667907714844,319.0,283.5
2026-09-20 21:00:00+00:00,3.0,312.9610900878906,315.0,283.0
2026-09-20 22:00:00+00:00,4.0,312.19342041015625,316.0,283.0
2026-09-20 23:00:00+00:00,5.0,308.5773620605469,314.0,283.0
2026-09-21 00:00:00+00:00,6.0,309.99932861328125,307.0,283.0
2026-09-21 01:00:00+00:00,7.0,297.9127502441406,300.0,283.0
2026-09-21 02:00:00+00:00,8.0,286.41912841796875,287.0,282.5
2026-09-21 03:00:00+00:00,9.0,295.59185791015625,294.0,281.6000061035156
2026-09-21 04:00:00+00:00,10.0,306.3659362792969,305.0,281.0
2026-09-21 05:00:00+00:00,11.0,301.5982666015625,300.0,281.0
2026-09-21 06:00:00+00:00,12.0,296.4216003417969,295.0,281.0
2026-09-21 07:00:00+00:00,13.0,306.10498046875,303.0,279.3333435058594
2026-09-21 08:00:00+00:00,14.0,311.1383056640625,311.0,283.6000061035156
2026-09-21 09:00:00+00:00,15.0,315.9148254394531,315.0,300.25
2026-09-21 10:00:00+00:00,16.0,318.6210632324219,315.0,298.3999938964844
2026-09-21 11:00:00+00:00,17.0,327.4640197753906,323.0,295.3333435058594
2026-09-21 12:00:00+00:00,18.0,332.7393798828125,333.0,293.0
2026-09-21 13:00:00+00:00,19.0,340.3572998046875,338.0,287.0
2026-09-21 14:00:00+00:00,20.0,337.32598876953125,334.0,284.6666564941406
2026-09-21 15:00:00+00:00,21.0,326.88916015625,324.0,280.0
2026-09-21 16:00:00+00:00,22.0,320.2179260253906,317.0,280.79998779296875
2026-09-21 17:00:00+00:00,23.0,319.5040283203125,318.0,281.0
2026-09-21 18:00:00+00:00,24.0,324.41949462890625,321.0,281.0
2026-09-20 20:00:00+00:00,1.0,310.1495056152344,311.0,283.5
2026-09-20 21:00:00+00:00,2.0,311.11224365234375,315.0,283.0
2026-09-20 22:00:00+00:00,3.0,314.7229309082031,316.0,283.0
2026-09-20 23:00:00+00:00,4.0,310.8637390136719,314.0,283.0
2026-09-21 00:00:00+00:00,5.0,309.35986328125,314.0,283.0
2026-09-21 01:00:00+00:00,6.0,311.8583679199219,308.0,283.0
2026-09-21 02:00:00+00:00,7.0,281.8746337890625,283.0,282.5
2026-09-21 03:00:00+00:00,8.0,285.1820373535156,285.0,281.6000061035156
2026-09-21 04:00:00+00:00,9.0,299.6110534667969,297.0,281.0
2026-09-21 05:00:00+00:00,10.0,300.3462219238281,298.0,281.0
2026-09-21 06:00:00+00:00,11.0,303.4482421875,301.0,281.0
2026-09-21 07:00:00+00:00,12.0,300.2229309082031,298.0,279.3333435058594
2026-09-21 08:00:00+00:00,13.0,309.01898193359375,305.0,283.6000061035156
2026-09-21 09:00:00+00:00,14.0,313.8914489746094,313.0,300.25
2026-09-21 10:00:00+00:00,15.0,317.5332336425781,316.0,298.3999938964844
2026-09-21 11:00:00+00:00,16.0,335.5542297363281,331.0,295.3333435058594
2026-09-21 12:00:00+00:00,17.0,349.329833984375,344.0,293.0
2026-09-21 13:00:00+00:00,18.0,337.6042785644531,337.0,287.0
2026-09-21 14:00:00+00:00,19.0,330.1961669921875,327.0,284.6666564941406
2026-09-21 15:00:00+00:00,20.0,327.05133056640625,323.0,280.0
2026-09-21 16:00:00+00:00,21.0,323.52288818359375,320.0,280.79998779296875
2026-09-21 17:00:00+00:00,22.0,319.04534912109375,315.0,281.0
2026-09-21 18:00:00+00:00,23.0,317.99444580078125,316.0,281.0
2026-09-21 19:00:00+00:00,24.0,322.935791015625,319.0,281.0
2026-09-20 21:00:00+00:00,1.0,320.1923828125,320.0,283.0
2026-09-20 22:00:00+00:00,2.0,313.2470397949219,316.0,283.0
2026-09-20 23:00:00+00:00,3.0,317.80401611328125,318.0,283.0
2026-09-21 00:00:00+00:00,4.0,313.7901611328125,316.0,283.0
2026-09-21 01:00:00+00:00,5.0,296.45709228515625,300.0,283.0
2026-09-21 02:00:00+00:00,6.0,311.9993896484375,307.0,282.5
2026-09-21 03:00:00+00:00,7.0,308.17718505859375,308.0,281.6000061035156
2026-09-21 04:00:00+00:00,8.0,299.197021484375,298.0,281.0
2026-09-21 05:00:00+00:00,9.0,298.9836120605469,295.0,281.0
2026-09-21 06:00:00+00:00,10.0,297.7693176269531,294.0,281.0
2026-09-21 07:00:00+00:00,11.0,304.52105712890625,301.0,279.3333435058594
2026-09-21 08:00:00+00:00,12.0,306.2827453613281,303.0,283.6000061035156
2026-09-21 09:00:00+00:00,13.0,312.14501953125,307.0,300.25
2026-09-21 10:00:00+00:00,14.0,315.9707336425781,314.0,298.3999938964844
2026-09-21 11:00:00+00:00,15.0,320.3412170410156,318.0,295.3333435058594
2026-09-21 12:00:00+00:00,16.0,336.7618103027344,331.0,293.0
2026-09-21 13:00:00+00:00,17.0,341.4395751953125,335.0,287.0
2026-09-21 14:00:00+00:00,18.0,328.7544860839844,327.0,284.6666564941406
2026-09-21 15:00:00+00:00,19.0,325.3409118652344,321.0,280.0
2026-09-21 16:00:00+00:00,20.0,320.9850769042969,316.0,280.79998779296875
2026-09-21 17:00:00+00:00,21.0,318.4678649902344,314.0,281.0
2026-09-21 18:00:00+00:00,22.0,319.1156311035156,314.0,281.0
2026-09-21 19:00:00+00:00,23.0,312.69317626953125,310.0,281.0
2026-09-21 20:00:00+00:00,24.0,318.6666564941406,314.0,281.0
2026-09-20 22:00:00+00:00,1.0,318.15057373046875,317.0,283.0
2026-09-20 23:00:00+00:00,2.0,314.1307067871094,316.0,283.0
2026-09-21 00:00:00+00:00,3.0,305.62518310546875,305.0,283.0
2026-09-21 01:00:00+00:00,4.0,288.6720275878906,290.0,283.0
2026-09-21 02:00:00+00:00,5.0,281.4498596191406,284.0,282.5
2026-09-21 03:00:00+00:00,6.0,303.88201904296875,298.0,281.6000061035156
2026-09-21 04:00:00+00:00,7.0,305.1665344238281,304.0,281.0
2026-09-21 05:00:00+00:00,8.0,309.00689697265625,307.0,281.0
2026-09-21 06:00:00+00:00,9.0,304.0964660644531,299.0,281.0
2026-09-21 07:00:00+00:00,10.0,313.8849792480469,309.0,279.3333435058594
2026-09-21 08:00:00+00:00,11.0,312.2914123535156,308.0,283.6000061035156
2026-09-21 09:00:00+00:00,12.0,314.0290222167969,310.0,300.25
2026-09-21 10:00:00+00:00,13.0,316.15484619140625,310.0,298.3999938964844
2026-09-21 11:00:00+00:00,14.0,315.9092712402344,313.0,295.3333435058594
2026-09-21 12:00:00+00:00,15.0,326.06451416015625,323.0,293.0
2026-09-21 13:00:00+00:00,16.0,331.78729248046875,325.0,287.0
2026-09-21 14:00:00+00:00,17.0,331.3540954589844,324.0,284.6666564941406
2026-09-21 15:00:00+00:00,18.0,328.75244140625,326.0,280.0
2026-09-21 16:00:00+00:00,19.0,331.4657287597656,326.0,280.79998779296875
2026-09-21 17:00:00+00:00,20.0,322.6595458984375,317.0,281.0
2026-09-21 18:00:00+00:00,21.0,326.9974670410156,322.0,281.0
2026-09-21 19:00:00+00:00,22.0,326.7906494140625,321.0,281.0
2026-09-21 20:00:00+00:00,23.0,316.2868957519531,313.0,281.0
2026-09-21 21:00:00+00:00,24.0,330.02435302734375,325.0,281.0
2026-09-20 23:00:00+00:00,2.0,317.9658508300781,316.0,283.0
2026-09-21 00:00:00+00:00,3.0,303.8889465332031,305.0,283.0
2026-09-21 01:00:00+00:00,4.0,291.36322021484375,290.0,283.0
2026-09-21 02:00:00+00:00,5.0,283.47198486328125,284.0,282.5
2026-09-21 03:00:00+00:00,6.0,296.29498291015625,298.0,281.6000061035156
2026-09-21 04:00:00+00:00,7.0,310.60357666015625,304.0,281.0
2026-09-21 05:00:00+00:00,8.0,308.99188232421875,307.0,281.0
2026-09-21 06:00:00+00:00,9.0,301.7047424316406,299.0,281.0
2026-09-21 07:00:00+00:00,10.0,315.02618408203125,309.0,279.3333435058594
2026-09-21 08:00:00+00:00,11.0,313.8580322265625,308.0,283.6000061035156
2026-09-21 09:00:00+00:00,12.0,314.9706115722656,310.0,300.25
2026-09-21 10:00:00+00:00,13.0,314.6483459472656,310.0,298.3999938964844
2026-09-21 11:00:00+00:00,14.0,320.0166015625,313.0,295.3333435058594
2026-09-21 12:00:00+00:00,15.0,326.7132873535156,323.0,293.0
2026-09-21 13:00:00+00:00,16.0,328.69769287109375,325.0,287.0
2026-09-21 14:00:00+00:00,17.0,331.6819152832031,324.0,284.6666564941406
2026-09-21 15:00:00+00:00,18.0,334.1445617675781,326.0,280.0
2026-09-21 16:00:00+00:00,19.0,329.65423583984375,326.0,280.79998779296875
2026-09-21 17:00:00+00:00,20.0,323.45562744140625,317.0,281.0
2026-09-21 18:00:00+00:00,21.0,328.1815185546875,322.0,281.0
2026-09-21 19:00:00+00:00,22.0,326.41387939453125,321.0,281.0
2026-09-21 20:00:00+00:00,23.0,319.3086242675781,313.0,281.0
2026-09-21 21:00:00+00:00,24.0,328.7628173828125,325.0,281.0
2026-09-21 22:00:00+00:00,25.0,347.3379821777344,342.0,281.0
2026-09-21 00:00:00+00:00,3.0,307.8114013671875,305.0,283.0
2026-09-21 01:00:00+00:00,4.0,289.7097473144531,290.0,283.0
2026-09-21 02:00:00+00:00,5.0,286.1388244628906,284.0,282.5
2026-09-21 03:00:00+00:00,6.0,298.3161926269531,298.0,281.6000061035156
2026-09-21 04:00:00+00:00,7.0,303.1963195800781,304.0,281.0
2026-09-21 05:00:00+00:00,8.0,314.3315124511719,307.0,281.0
2026-09-21 06:00:00+00:00,9.0,301.84100341796875,299.0,281.0
2026-09-21 07:00:00+00:00,10.0,312.4114990234375,309.0,279.3333435058594
2026-09-21 08:00:00+00:00,11.0,314.9683837890625,308.0,283.6000061035156
2026-09-21 09:00:00+00:00,12.0,316.89208984375,310.0,300.25
2026-09-21 10:00:00+00:00,13.0,315.6652526855469,310.0,298.3999938964844
2026-09-21 11:00:00+00:00,14.0,318.25860595703125,313.0,295.3333435058594
2026-09-21 12:00:00+00:00,15.0,330.8888854980469,323.0,293.0
2026-09-21 13:00:00+00:00,16.0,329.54473876953125,325.0,287.0
2026-09-21 14:00:00+00:00,17.0,328.3478088378906,324.0,284.6666564941406
2026-09-21 15:00:00+00:00,18.0,334.6028747558594,326.0,280.0
2026-09-21 16:00:00+00:00,19.0,334.940185546875,326.0,280.79998779296875
2026-09-21 17:00:00+00:00,20.0,321.6089172363281,317.0,281.0
2026-09-21 18:00:00+00:00,21.0,329.4703674316406,322.0,281.0
2026-09-21 19:00:00+00:00,22.0,327.69183349609375,321.0,281.0
2026-09-21 20:00:00+00:00,23.0,318.82781982421875,313.0,281.0
2026-09-21 21:00:00+00:00,24.0,331.8175048828125,325.0,281.0
2026-09-21 22:00:00+00:00,25.0,346.22332763671875,342.0,281.0
2026-09-21 23:00:00+00:00,26.0,355.6458435058594,350.0,281.0
2026-09-21 01:00:00+00:00,4.0,293.812255859375,290.0,283.0
2026-09-21 02:00:00+00:00,5.0,284.7035827636719,284.0,282.5
2026-09-21 03:00:00+00:00,6.0,300.97479248046875,298.0,281.6000061035156
2026-09-21 04:00:00+00:00,7.0,305.2806701660156,304.0,281.0
2026-09-21 05:00:00+00:00,8.0,307.2763366699219,307.0,281.0
2026-09-21 06:00:00+00:00,9.0,307.1598205566406,299.0,281.0
2026-09-21 07:00:00+00:00,10.0,312.82403564453125,309.0,279.3333435058594
2026-09-21 08:00:00+00:00,11.0,312.2334899902344,308.0,283.6000061035156
2026-09-21 09:00:00+00:00,12.0,318.0496520996094,310.0,300.25
2026-09-21 10:00:00+00:00,13.0,318.15631103515625,310.0,298.3999938964844
2026-09-21 11:00:00+00:00,14.0,319.41259765625,313.0,295.3333435058594
2026-09-21 12:00:00+00:00,15.0,328.94354248046875,323.0,293.0
2026-09-21 13:00:00+00:00,16.0,333.8484191894531,325.0,287.0
2026-09-21 14:00:00+00:00,17.0,329.5138854980469,324.0,284.6666564941406
2026-09-21 15:00:00+00:00,18.0,331.11407470703125,326.0,280.0
2026-09-21 16:00:00+00:00,19.0,335.7203063964844,326.0,280.79998779296875
2026-09-21 17:00:00+00:00,20.0,326.8717041015625,317.0,281.0
2026-09-21 18:00:00+00:00,21.0,327.6924743652344,322.0,281.0
2026-09-21 19:00:00+00:00,22.0,329.61761474609375,321.0,281.0
2026-09-21 20:00:00+00:00,23.0,320.3229675292969,313.0,281.0
2026-09-21 21:00:00+00:00,24.0,331.37493896484375,325.0,281.0
2026-09-21 22:00:00+00:00,25.0,349.41766357421875,342.0,281.0
2026-09-21 23:00:00+00:00,26.0,354.8127136230469,350.0,281.0
2026-09-22 00:00:00+00:00,27.0,5.050537109375,359.0,281.0
2026-09-21 02:00:00+00:00,5.0,289.0626220703125,284.0,282.5
2026-09-21 03:00:00+00:00,6.0,300.00238037109375,298.0,281.6000061035156
2026-09-21 04:00:00+00:00,7.0,307.94647216796875,304.0,281.0
2026-09-21 05:00:00+00:00,8.0,309.4588623046875,307.0,281.0
2026-09-21 06:00:00+00:00,9.0,300.648193359375,299.0,281.0
2026-09-21 07:00:00+00:00,10.0,318.1631774902344,309.0,279.3333435058594
2026-09-21 08:00:00+00:00,11.0,313.02020263671875,308.0,283.6000061035156
2026-09-21 09:00:00+00:00,12.0,315.2566833496094,310.0,300.25
2026-09-21 10:00:00+00:00,13.0,319.35693359375,310.0,298.3999938964844
2026-09-21 11:00:00+00:00,14.0,322.79583740234375,313.0,295.3333435058594
2026-09-21 12:00:00+00:00,15.0,330.2845458984375,323.0,293.0
2026-09-21 13:00:00+00:00,16.0,331.7628479003906,325.0,287.0
2026-09-21 14:00:00+00:00,17.0,333.9817810058594,324.0,284.6666564941406
2026-09-21 15:00:00+00:00,18.0,332.7236328125,326.0,280.0
2026-09-21 16:00:00+00:00,19.0,332.0989074707031,326.0,280.79998779296875
2026-09-21 17:00:00+00:00,20.0,328.18487548828125,317.0,281.0
2026-09-21 18:00:00+00:00,21.0,333.044921875,322.0,281.0
2026-09-21 19:00:00+00:00,22.0,328.0329895019531,321.0,281.0
2026-09-21 20:00:00+00:00,23.0,323.0146179199219,313.0,281.0
2026-09-21 21:00:00+00:00,24.0,333.1307373046875,325.0,281.0
2026-09-21 22:00:00+00:00,25.0,349.1380310058594,342.0,281.0
2026-09-21 23:00:00+00:00,26.0,358.17938232421875,350.0,281.0
2026-09-22 00:00:00+00:00,27.0,4.628814697265625,359.0,281.0
2026-09-22 01:00:00+00:00,28.0,7.626840591430664,1.0,281.0
2026-09-21 03:00:00+00:00,6.0,303.93048095703125,298.0,281.6000061035156
2026-09-21 04:00:00+00:00,7.0,307.08056640625,304.0,281.0
2026-09-21 05:00:00+00:00,8.0,311.6378173828125,307.0,281.0
2026-09-21 06:00:00+00:00,9.0,302.34442138671875,299.0,281.0
2026-09-21 07:00:00+00:00,10.0,311.545166015625,309.0,279.3333435058594
2026-09-21 08:00:00+00:00,11.0,317.8359680175781,308.0,283.6000061035156
2026-09-21 09:00:00+00:00,12.0,315.76202392578125,310.0,300.25
2026-09-21 10:00:00+00:00,13.0,316.0042419433594,310.0,298.3999938964844
2026-09-21 11:00:00+00:00,14.0,323.22760009765625,313.0,295.3333435058594
2026-09-21 12:00:00+00:00,15.0,334.04876708984375,323.0,293.0
2026-09-21 13:00:00+00:00,16.0,332.8707275390625,325.0,287.0
2026-09-21 14:00:00+00:00,17.0,331.28253173828125,324.0,284.6666564941406
2026-09-21 15:00:00+00:00,18.0,336.8275146484375,326.0,280.0
2026-09-21 16:00:00+00:00,19.0,333.7093200683594,326.0,280.79998779296875
2026-09-21 17:00:00+00:00,20.0,323.9591979980469,317.0,281.0
2026-09-21 18:00:00+00:00,21.0,334.3267822265625,322.0,281.0
2026-09-21 19:00:00+00:00,22.0,332.9183044433594,321.0,281.0
2026-09-21 20:00:00+00:00,23.0,321.0625,313.0,281.0
2026-09-21 21:00:00+00:00,24.0,335.9601135253906,325.0,281.0
2026-09-21 22:00:00+00:00,25.0,350.6666564941406,342.0,281.0
2026-09-21 23:00:00+00:00,26.0,357.7585144042969,350.0,281.0
2026-09-22 00:00:00+00:00,27.0,7.71435546875,359.0,281.0
2026-09-22 01:00:00+00:00,28.0,7.323758125305176,1.0,281.0
2026-09-22 02:00:00+00:00,29.0,351.19378662109375,344.0,281.0
2026-09-21 04:00:00+00:00,7.0,310.5057678222656,304.0,281.0
2026-09-21 05:00:00+00:00,8.0,310.933837890625,307.0,281.0
2026-09-21 06:00:00+00:00,9.0,304.2265930175781,299.0,281.0
2026-09-21 07:00:00+00:00,10.0,313.05926513671875,309.0,279.3333435058594
2026-09-21 08:00:00+00:00,11.0,311.16790771484375,308.0,283.6000061035156
2026-09-21 09:00:00+00:00,12.0,320.3089904785156,310.0,300.25
2026-09-21 10:00:00+00:00,13.0,316.2291259765625,310.0,298.3999938964844
2026-09-21 11:00:00+00:00,14.0,319.6071472167969,313.0,295.3333435058594
2026-09-21 12:00:00+00:00,15.0,333.8497314453125,323.0,293.0
2026-09-21 13:00:00+00:00,16.0,336.87493896484375,325.0,287.0
2026-09-21 14:00:00+00:00,17.0,332.2607727050781,324.0,284.6666564941406
2026-09-21 15:00:00+00:00,18.0,333.6661071777344,326.0,280.0
2026-09-21 16:00:00+00:00,19.0,337.52203369140625,326.0,280.79998779296875
2026-09-21 17:00:00+00:00,20.0,325.47802734375,317.0,281.0
2026-09-21 18:00:00+00:00,21.0,329.57757568359375,322.0,281.0
2026-09-21 19:00:00+00:00,22.0,334.0296936035156,321.0,281.0
2026-09-21 20:00:00+00:00,23.0,325.49749755859375,313.0,281.0
2026-09-21 21:00:00+00:00,24.0,333.8415832519531,325.0,281.0
2026-09-21 22:00:00+00:00,25.0,353.5289001464844,342.0,281.0
2026-09-21 23:00:00+00:00,26.0,358.955322265625,350.0,281.0
2026-09-22 00:00:00+00:00,27.0,7.08819580078125,359.0,281.0
2026-09-22 01:00:00+00:00,28.0,10.021109580993652,1.0,281.0
2026-09-22 02:00:00+00:00,29.0,350.7421569824219,344.0,281.0
2026-09-22 03:00:00+00:00,30.0,344.5779724121094,337.0,281.0
2026-09-21 05:00:00+00:00,8.0,314.0821533203125,307.0,281.0
2026-09-21 06:00:00+00:00,9.0,303.7814025878906,299.0,281.0
2026-09-21 07:00:00+00:00,10.0,314.8822326660156,309.0,279.3333435058594
2026-09-21 08:00:00+00:00,11.0,312.79522705078125,308.0,283.6000061035156
2026-09-21 09:00:00+00:00,12.0,313.87762451171875,310.0,300.25
2026-09-21 10:00:00+00:00,13.0,320.8272705078125,310.0,298.3999938964844
2026-09-21 11:00:00+00:00,14.0,319.74578857421875,313.0,295.3333435058594
2026-09-21 12:00:00+00:00,15.0,330.234619140625,323.0,293.0
2026-09-21 13:00:00+00:00,16.0,336.4967041015625,325.0,287.0
2026-09-21 14:00:00+00:00,17.0,336.6235046386719,324.0,284.6666564941406
2026-09-21 15:00:00+00:00,18.0,334.6772766113281,326.0,280.0
2026-09-21 16:00:00+00:00,19.0,334.081787109375,326.0,280.79998779296875
2026-09-21 17:00:00+00:00,20.0,329.2373962402344,317.0,281.0
2026-09-21 18:00:00+00:00,21.0,331.1947326660156,322.0,281.0
2026-09-21 19:00:00+00:00,22.0,329.0964660644531,321.0,281.0
2026-09-21 20:00:00+00:00,23.0,326.6365661621094,313.0,281.0
2026-09-21 21:00:00+00:00,24.0,338.0169677734375,325.0,281.0
2026-09-21 22:00:00+00:00,25.0,351.6448669433594,342.0,281.0
2026-09-21 23:00:00+00:00,26.0,2.10711669921875,350.0,281.0
2026-09-22 00:00:00+00:00,27.0,8.206298828125,359.0,281.0
2026-09-22 01:00:00+00:00,28.0,9.309432029724121,1.0,281.0
2026-09-22 02:00:00+00:00,29.0,353.29437255859375,344.0,281.0
2026-09-22 03:00:00+00:00,30.0,344.03997802734375,337.0,281.0
2026-09-22 04:00:00+00:00,31.0,319.83251953125,312.0,281.0
2026-09-21 06:00:00+00:00,9.0,306.6220703125,299.0,281.0
2026-09-21 07:00:00+00:00,10.0,314.642333984375,309.0,279.3333435058594
2026-09-21 08:00:00+00:00,11.0,314.58953857421875,308.0,283.6000061035156
2026-09-21 09:00:00+00:00,12.0,315.5453796386719,310.0,300.25
2026-09-21 10:00:00+00:00,13.0,314.60943603515625,310.0,298.3999938964844
2026-09-21 11:00:00+00:00,14.0,324.36456298828125,313.0,295.3333435058594
2026-09-21 12:00:00+00:00,15.0,330.2392272949219,323.0,293.0
2026-09-21 13:00:00+00:00,16.0,332.7957763671875,325.0,287.0
2026-09-21 14:00:00+00:00,17.0,336.1099853515625,324.0,284.6666564941406
2026-09-21 15:00:00+00:00,18.0,339.2845764160156,326.0,280.0
2026-09-21 16:00:00+00:00,19.0,335.0964660644531,326.0,280.79998779296875
2026-09-21 17:00:00+00:00,20.0,325.5066223144531,317.0,281.0
2026-09-21 18:00:00+00:00,21.0,334.89703369140625,322.0,281.0
2026-09-21 19:00:00+00:00,22.0,330.81878662109375,321.0,281.0
2026-09-21 20:00:00+00:00,23.0,321.5491943359375,313.0,281.0
2026-09-21 21:00:00+00:00,24.0,339.1364440917969,325.0,281.0
2026-09-21 22:00:00+00:00,25.0,355.43304443359375,342.0,281.0
2026-09-21 23:00:00+00:00,26.0,0.4202880859375,350.0,281.0
2026-09-22 00:00:00+00:00,27.0,11.65875244140625,359.0,281.0
2026-09-22 01:00:00+00:00,28.0,10.364396095275879,1.0,281.0
2026-09-22 02:00:00+00:00,29.0,352.4062194824219,344.0,281.0
2026-09-22 03:00:00+00:00,30.0,346.46746826171875,337.0,281.0
2026-09-22 04:00:00+00:00,31.0,319.1839904785156,312.0,281.0
2026-09-22 05:00:00+00:00,32.0,283.9388122558594,276.0,281.0
2026-09-21 07:00:00+00:00,1.0,303.32928466796875,295.0,279.3333435058594
2026-09-21 08:00:00+00:00,2.0,303.9697265625,297.0,283.6000061035156
2026-09-21 09:00:00+00:00,3.0,305.56658935546875,298.0,300.25
2026-09-21 10:00:00+00:00,4.0,301.5888366699219,295.0,298.3999938964844
2026-09-21 11:00:00+00:00,5.0,313.6687927246094,308.0,295.3333435058594
2026-09-21 12:00:00+00:00,6.0,318.13720703125,306.0,293.0
2026-09-21 13:00:00+00:00,7.0,322.8362731933594,315.0,287.0
2026-09-21 14:00:00+00:00,8.0,323.48828125,315.0,284.6666564941406
2026-09-21 15:00:00+00:00,9.0,330.8562316894531,318.0,280.0
2026-09-21 16:00:00+00:00,10.0,329.20733642578125,315.0,280.79998779296875
2026-09-21 17:00:00+00:00,11.0,328.61614990234375,319.0,281.0
2026-09-21 18:00:00+00:00,12.0,325.0863037109375,316.0,281.0
2026-09-21 19:00:00+00:00,13.0,336.7092590332031,323.0,281.0
2026-09-21 20:00:00+00:00,14.0,326.6216125488281,316.0,281.0
2026-09-21 21:00:00+00:00,15.0,327.2264099121094,318.0,281.0
2026-09-21 22:00:00+00:00,16.0,345.83367919921875,331.0,281.0
2026-09-21 23:00:00+00:00,17.0,358.9558410644531,345.0,281.0
2026-09-22 00:00:00+00:00,18.0,344.4478759765625,333.0,281.0
2026-09-22 01:00:00+00:00,19.0,355.37457275390625,342.0,281.0
2026-09-22 02:00:00+00:00,20.0,333.5108642578125,324.0,281.0
2026-09-22 03:00:00+00:00,21.0,322.5521240234375,314.0,281.0
2026-09-22 04:00:00+00:00,22.0,318.6313171386719,309.0,281.0
2026-09-22 05:00:00+00:00,23.0,297.355712890625,290.0,281.0
2026-09-22 06:00:00+00:00,24.0,279.0226745605469,271.0,281.0
2026-09-21 08:00:00+00:00,1.0,301.8406066894531,293.0,283.6000061035156
2026-09-21 09:00:00+00:00,2.0,301.8447570800781,294.0,300.25
2026-09-21 10:00:00+00:00,3.0,309.111328125,301.0,298.3999938964844
2026-09-21 11:00:00+00:00,4.0,319.1906433105469,312.0,295.3333435058594
2026-09-21 12:00:00+00:00,5.0,314.3384704589844,308.0,293.0
2026-09-21 13:00:00+00:00,6.0,325.7214050292969,313.0,287.0
2026-09-21 14:00:00+00:00,7.0,318.2545471191406,310.0,284.6666564941406
2026-09-21 15:00:00+00:00,8.0,326.0338134765625,317.0,280.0
2026-09-21 16:00:00+00:00,9.0,331.399169921875,318.0,280.79998779296875
2026-09-21 17:00:00+00:00,10.0,326.8385925292969,312.0,281.0
2026-09-21 18:00:00+00:00,11.0,326.9623107910156,317.0,281.0
2026-09-21 19:00:00+00:00,12.0,328.52606201171875,319.0,281.0
2026-09-21 20:00:00+00:00,13.0,332.2546691894531,318.0,281.0
2026-09-21 21:00:00+00:00,14.0,333.1968994140625,322.0,281.0
2026-09-21 22:00:00+00:00,15.0,336.7528381347656,327.0,281.0
2026-09-21 23:00:00+00:00,16.0,2.505126953125,347.0,281.0
2026-09-22 00:00:00+00:00,17.0,351.45147705078125,337.0,281.0
2026-09-22 01:00:00+00:00,18.0,350.1388854980469,338.0,281.0
2026-09-22 02:00:00+00:00,19.0,347.9354553222656,334.0,281.0
2026-09-22 03:00:00+00:00,20.0,322.7870788574219,313.0,281.0
2026-09-22 04:00:00+00:00,21.0,309.8597412109375,301.0,281.0
2026-09-22 05:00:00+00:00,22.0,266.8873291015625,257.0,281.0
2026-09-22 06:00:00+00:00,23.0,257.70916748046875,250.0,281.0
2026-09-22 07:00:00+00:00,24.0,271.2518310546875,263.0,280.6666564941406
2026-09-21 09:00:00+00:00,1.0,307.0274353027344,298.0,300.25
2026-09-21 10:00:00+00:00,2.0,311.16497802734375,303.0,298.3999938964844
2026-09-21 11:00:00+00:00,3.0,325.314697265625,317.0,295.3333435058594
2026-09-21 12:00:00+00:00,4.0,314.3848876953125,307.0,293.0
2026-09-21 13:00:00+00:00,5.0,317.5419616699219,311.0,287.0
2026-09-21 14:00:00+00:00,6.0,321.9176940917969,309.0,284.6666564941406
2026-09-21 15:00:00+00:00,7.0,320.4003601074219,312.0,280.0
2026-09-21 16:00:00+00:00,8.0,327.2382507324219,318.0,280.79998779296875
2026-09-21 17:00:00+00:00,9.0,338.59014892578125,325.0,281.0
2026-09-21 18:00:00+00:00,10.0,337.06207275390625,322.0,281.0
2026-09-21 19:00:00+00:00,11.0,329.0858459472656,319.0,281.0
2026-09-21 20:00:00+00:00,12.0,328.64617919921875,319.0,281.0
2026-09-21 21:00:00+00:00,13.0,336.4732971191406,322.0,281.0
2026-09-21 22:00:00+00:00,14.0,330.4298095703125,319.0,281.0
2026-09-21 23:00:00+00:00,15.0,342.96771240234375,333.0,281.0
2026-09-22 00:00:00+00:00,16.0,356.7850646972656,341.0,281.0
2026-09-22 01:00:00+00:00,17.0,1.65814208984375,347.0,281.0
2026-09-22 02:00:00+00:00,18.0,350.40478515625,338.0,281.0
2026-09-22 03:00:00+00:00,19.0,330.1502990722656,316.0,281.0
2026-09-22 04:00:00+00:00,20.0,306.8977966308594,297.0,281.0
2026-09-22 05:00:00+00:00,21.0,252.97735595703125,244.0,281.0
2026-09-22 06:00:00+00:00,22.0,242.98971557617188,233.0,281.0
2026-09-22 07:00:00+00:00,23.0,272.867431640625,265.0,280.6666564941406
2026-09-22 08:00:00+00:00,24.0,265.35699462890625,257.0,251.0
2026-09-21 10:00:00+00:00,1.0,304.1036682128906,295.0,298.3999938964844
2026-09-21 11:00:00+00:00,2.0,316.2568359375,308.0,295.3333435058594
2026-09-21 12:00:00+00:00,3.0,320.385986328125,312.0,293.0
2026-09-21 13:00:00+00:00,4.0,314.4474182128906,307.0,287.0
2026-09-21 14:00:00+00:00,5.0,313.5957946777344,307.0,284.6666564941406
2026-09-21 15:00:00+00:00,6.0,327.97735595703125,315.0,280.0
2026-09-21 16:00:00+00:00,7.0,321.4662170410156,313.0,280.79998779296875
2026-09-21 17:00:00+00:00,8.0,330.3092346191406,321.0,281.0
2026-09-21 18:00:00+00:00,9.0,340.656494140625,327.0,281.0
2026-09-21 19:00:00+00:00,10.0,338.133056640625,323.0,281.0
2026-09-21 20:00:00+00:00,11.0,328.1260986328125,318.0,281.0
2026-09-21 21:00:00+00:00,12.0,324.65869140625,315.0,281.0
2026-09-21 22:00:00+00:00,13.0,338.5567626953125,324.0,281.0
2026-09-21 23:00:00+00:00,14.0,349.53033447265625,338.0,281.0
2026-09-22 00:00:00+00:00,15.0,359.029296875,349.0,281.0
2026-09-22 01:00:00+00:00,16.0,23.86450958251953,8.0,281.0
2026-09-22 02:00:00+00:00,17.0,3.72271728515625,349.0,281.0
2026-09-22 03:00:00+00:00,18.0,227.50218200683594,215.0,281.0
2026-09-22 04:00:00+00:00,19.0,237.22239685058594,223.0,281.0
2026-09-22 05:00:00+00:00,20.0,229.95132446289062,220.0,281.0
2026-09-22 06:00:00+00:00,21.0,261.00616455078125,252.0,281.0
2026-09-22 07:00:00+00:00,22.0,320.0249328613281,310.0,280.6666564941406
2026-09-22 08:00:00+00:00,23.0,287.91888427734375,280.0,251.0
2026-09-22 09:00:00+00:00,24.0,271.38909912109375,263.0,250.39999389648438
2026-09-21 11:00:00+00:00,1.0,324.128173828125,315.0,295.3333435058594
2026-09-21 12:00:00+00:00,2.0,314.2505798339844,306.0,293.0
2026-09-21 13:00:00+00:00,3.0,308.5273132324219,300.0,287.0
2026-09-21 14:00:00+00:00,4.0,306.5573425292969,299.0,284.6666564941406
2026-09-21 15:00:00+00:00,5.0,315.6142272949219,309.0,280.0
2026-09-21 16:00:00+00:00,6.0,326.95501708984375,314.0,280.79998779296875
2026-09-21 17:00:00+00:00,7.0,324.5119934082031,316.0,281.0
2026-09-21 18:00:00+00:00,8.0,325.2957763671875,316.0,281.0
2026-09-21 19:00:00+00:00,9.0,337.6862487792969,324.0,281.0
2026-09-21 20:00:00+00:00,10.0,330.1158752441406,315.0,281.0
2026-09-21 21:00:00+00:00,11.0,329.16900634765625,319.0,281.0
2026-09-21 22:00:00+00:00,12.0,335.64886474609375,326.0,281.0
2026-09-21 23:00:00+00:00,13.0,351.6145324707031,337.0,281.0
2026-09-22 00:00:00+00:00,14.0,354.5532531738281,343.0,281.0
2026-09-22 01:00:00+00:00,15.0,9.9768705368042,0.0,281.0
2026-09-22 02:00:00+00:00,16.0,6.730224609375,351.0,281.0
2026-09-22 03:00:00+00:00,17.0,329.6729736328125,315.0,281.0
2026-09-22 04:00:00+00:00,18.0,317.5290222167969,305.0,281.0
2026-09-22 05:00:00+00:00,19.0,197.21200561523438,183.0,281.0
2026-09-22 06:00:00+00:00,20.0,220.8533477783203,211.0,281.0
2026-09-22 07:00:00+00:00,21.0,306.8263244628906,298.0,280.6666564941406
2026-09-22 08:00:00+00:00,22.0,293.9184875488281,284.0,251.0
2026-09-22 09:00:00+00:00,23.0,284.76025390625,277.0,250.39999389648438
2026-09-22 10:00:00+00:00,24.0,265.258544921875,257.0,250.0
2026-09-21 12:00:00+00:00,1.0,325.06829833984375,316.0,293.0
2026-09-21 13:00:00+00:00,2.0,319.071533203125,311.0,287.0
2026-09-21 14:00:00+00:00,3.0,314.6309814453125,306.0,284.6666564941406
2026-09-21 15:00:00+00:00,4.0,313.6112365722656,306.0,280.0
2026-09-21 16:00:00+00:00,5.0,323.5455322265625,317.0,280.79998779296875
2026-09-21 17:00:00+00:00,6.0,339.8009338378906,327.0,281.0
2026-09-21 18:00:00+00:00,7.0,336.5048828125,328.0,281.0
2026-09-21 19:00:00+00:00,8.0,334.1665954589844,325.0,281.0
2026-09-21 20:00:00+00:00,9.0,332.62109375,319.0,281.0
2026-09-21 21:00:00+00:00,10.0,336.9774475097656,322.0,281.0
2026-09-21 22:00:00+00:00,11.0,348.156494140625,338.0,281.0
2026-09-21 23:00:00+00:00,12.0,352.5503234863281,343.0,281.0
2026-09-22 00:00:00+00:00,13.0,0.58349609375,346.0,281.0
2026-09-22 01:00:00+00:00,14.0,8.46807861328125,357.0,281.0
2026-09-22 02:00:00+00:00,15.0,6.778778076171875,357.0,281.0
2026-09-22 03:00:00+00:00,16.0,342.3611145019531,327.0,281.0
2026-09-22 04:00:00+00:00,17.0,208.4728546142578,194.0,281.0
2026-09-22 05:00:00+00:00,18.0,213.44366455078125,201.0,281.0
2026-09-22 06:00:00+00:00,19.0,216.0693817138672,202.0,281.0
2026-09-22 07:00:00+00:00,20.0,219.64915466308594,210.0,280.6666564941406
2026-09-22 08:00:00+00:00,21.0,237.49349975585938,229.0,251.0
2026-09-22 09:00:00+00:00,22.0,240.70681762695312,231.0,250.39999389648438
2026-09-22 10:00:00+00:00,23.0,264.43023681640625,257.0,250.0
2026-09-22 11:00:00+00:00,24.0,274.00848388671875,266.0,249.5
2026-09-21 13:00:00+00:00,1.0,324.17138671875,315.0,287.0
2026-09-21 14:00:00+00:00,2.0,322.19305419921875,314.0,284.6666564941406
2026-09-21 15:00:00+00:00,3.0,318.72235107421875,310.0,280.0
2026-09-21 16:00:00+00:00,4.0,318.69622802734375,311.0,280.79998779296875
2026-09-21 17:00:00+00:00,5.0,330.6383361816406,324.0,281.0
2026-09-21 18:00:00+00:00,6.0,343.8991394042969,331.0,281.0
2026-09-21 19:00:00+00:00,7.0,342.5989074707031,334.0,281.0
2026-09-21 20:00:00+00:00,8.0,339.27685546875,330.0,281.0
2026-09-21 21:00:00+00:00,9.0,328.75213623046875,315.0,281.0
2026-09-21 22:00:00+00:00,10.0,340.08984375,325.0,281.0
2026-09-21 23:00:00+00:00,11.0,347.223876953125,337.0,281.0
2026-09-22 00:00:00+00:00,12.0,351.61712646484375,342.0,281.0
2026-09-22 01:00:00+00:00,13.0,4.698211669921875,350.0,281.0
2026-09-22 02:00:00+00:00,14.0,1.585357666015625,350.0,281.0
2026-09-22 03:00:00+00:00,15.0,6.861846923828125,357.0,281.0
2026-09-22 04:00:00+00:00,16.0,185.49375915527344,170.0,281.0
2026-09-22 05:00:00+00:00,17.0,270.57659912109375,256.0,281.0
2026-09-22 06:00:00+00:00,18.0,322.5697021484375,310.0,281.0
2026-09-22 07:00:00+00:00,19.0,338.17962646484375,324.0,280.6666564941406
2026-09-22 08:00:00+00:00,20.0,211.72857666015625,202.0,251.0
2026-09-22 09:00:00+00:00,21.0,238.54867553710938,230.0,250.39999389648438
2026-09-22 10:00:00+00:00,22.0,251.7769012451172,242.0,250.0
2026-09-22 11:00:00+00:00,23.0,274.5074768066406,267.0,249.5
2026-09-22 12:00:00+00:00,24.0,289.06365966796875,281.0,248.3333282470703
2026-09-21 14:00:00+00:00,1.0,304.4809875488281,295.0,284.6666564941406
2026-09-21 15:00:00+00:00,2.0,308.7650146484375,300.0,280.0
2026-09-21 16:00:00+00:00,3.0,315.1466979980469,306.0,280.79998779296875
2026-09-21 17:00:00+00:00,4.0,322.0971984863281,314.0,281.0
2026-09-21 18:00:00+00:00,5.0,331.0887145996094,324.0,281.0
2026-09-21 19:00:00+00:00,6.0,347.2564392089844,334.0,281.0
2026-09-21 20:00:00+00:00,7.0,335.8800964355469,327.0,281.0
2026-09-21 21:00:00+00:00,8.0,331.6124267578125,322.0,281.0
2026-09-21 22:00:00+00:00,9.0,334.12799072265625,320.0,281.0
2026-09-21 23:00:00+00:00,10.0,343.4427490234375,328.0,281.0
2026-09-22 00:00:00+00:00,11.0,351.43359375,341.0,281.0
2026-09-22 01:00:00+00:00,12.0,359.9508056640625,350.0,281.0
2026-09-22 02:00:00+00:00,13.0,18.034801483154297,3.0,281.0
2026-09-22 03:00:00+00:00,14.0,172.90313720703125,161.0,281.0
2026-09-22 04:00:00+00:00,15.0,185.13583374023438,175.0,281.0
2026-09-22 05:00:00+00:00,16.0,194.8605499267578,179.0,281.0
2026-09-22 06:00:00+00:00,17.0,205.8618927001953,191.0,281.0
2026-09-22 07:00:00+00:00,18.0,223.9454345703125,211.0,280.6666564941406
2026-09-22 08:00:00+00:00,19.0,233.52664184570312,219.0,251.0
2026-09-22 09:00:00+00:00,20.0,238.79620361328125,229.0,250.39999389648438
2026-09-22 10:00:00+00:00,21.0,247.67005920410156,239.0,250.0
2026-09-22 11:00:00+00:00,22.0,287.8667297363281,278.0,249.5
2026-09-22 12:00:00+00:00,23.0,307.6047058105469,300.0,248.3333282470703
2026-09-22 13:00:00+00:00,24.0,327.10223388671875,319.0,248.3333282470703
2026-09-21 15:00:00+00:00,1.0,305.8882751464844,296.0,280.0
2026-09-21 16:00:00+00:00,2.0,315.5355224609375,306.0,280.79998779296875
2026-09-21 17:00:00+00:00,3.0,327.9230041503906,318.0,281.0
2026-09-21 18:00:00+00:00,4.0,336.7774658203125,328.0,281.0
2026-09-21 19:00:00+00:00,5.0,338.7177429199219,331.0,281.0
2026-09-21 20:00:00+00:00,6.0,341.6642150878906,328.0,281.0
2026-09-21 21:00:00+00:00,7.0,327.31561279296875,318.0,281.0
2026-09-21 22:00:00+00:00,8.0,336.0437927246094,326.0,281.0
2026-09-21 23:00:00+00:00,9.0,352.6177673339844,338.0,281.0
2026-09-22 00:00:00+00:00,10.0,9.823822021484375,354.0,281.0
2026-09-22 01:00:00+00:00,11.0,4.73846435546875,354.0,281.0
2026-09-22 02:00:00+00:00,12.0,20.432132720947266,10.0,281.0
2026-09-22 03:00:00+00:00,13.0,317.50103759765625,302.0,281.0
2026-09-22 04:00:00+00:00,14.0,252.30072021484375,240.0,281.0
2026-09-22 05:00:00+00:00,15.0,228.37728881835938,218.0,281.0
2026-09-22 06:00:00+00:00,16.0,222.10287475585938,206.0,281.0
2026-09-22 07:00:00+00:00,17.0,241.1203155517578,226.0,280.6666564941406
2026-09-22 08:00:00+00:00,18.0,266.40557861328125,253.0,251.0
2026-09-22 09:00:00+00:00,19.0,221.942626953125,207.0,250.39999389648438
2026-09-22 10:00:00+00:00,20.0,228.65597534179688,219.0,250.0
2026-09-22 11:00:00+00:00,21.0,258.5627746582031,250.0,249.5
2026-09-22 12:00:00+00:00,22.0,274.75054931640625,265.0,248.3333282470703
2026-09-22 13:00:00+00:00,23.0,295.4198913574219,288.0,248.3333282470703
2026-09-22 14:00:00+00:00,24.0,299.9121398925781,292.0,251.60000610351562
2026-09-21 16:00:00+00:00,1.0,314.8126525878906,305.0,280.79998779296875
2026-09-21 17:00:00+00:00,2.0,322.40771484375,313.0,281.0
2026-09-21 18:00:00+00:00,3.0,333.7831115722656,324.0,281.0
2026-09-21 19:00:00+00:00,4.0,334.6503601074219,326.0,281.0
2026-09-21 20:00:00+00:00,5.0,334.59869384765625,327.0,281.0
2026-09-21 21:00:00+00:00,6.0,333.57720947265625,320.0,281.0
2026-09-21 22:00:00+00:00,7.0,343.23980712890625,334.0,281.0
2026-09-21 23:00:00+00:00,8.0,345.9483947753906,336.0,281.0
2026-09-22 00:00:00+00:00,9.0,352.4957275390625,338.0,281.0
2026-09-22 01:00:00+00:00,10.0,2.7421875,347.0,281.0
2026-09-22 02:00:00+00:00,11.0,0.662445068359375,350.0,281.0
2026-09-22 03:00:00+00:00,12.0,345.3178405761719,335.0,281.0
2026-09-22 04:00:00+00:00,13.0,354.39703369140625,339.0,281.0
2026-09-22 05:00:00+00:00,14.0,257.23284912109375,245.0,281.0
2026-09-22 06:00:00+00:00,15.0,283.3258056640625,273.0,281.0
2026-09-22 07:00:00+00:00,16.0,298.02899169921875,282.0,280.6666564941406
2026-09-22 08:00:00+00:00,17.0,312.0373840332031,297.0,251.0
2026-09-22 09:00:00+00:00,18.0,289.3077087402344,276.0,250.39999389648438
2026-09-22 10:00:00+00:00,19.0,287.8436584472656,273.0,250.0
2026-09-22 11:00:00+00:00,20.0,286.6664733886719,277.0,249.5
2026-09-22 12:00:00+00:00,21.0,301.56640625,293.0,248.3333282470703
2026-09-22 13:00:00+00:00,22.0,321.7427978515625,312.0,248.3333282470703
2026-09-22 14:00:00+00:00,23.0,302.4322204589844,295.0,251.60000610351562
2026-09-22 15:00:00+00:00,24.0,317.9204406738281,310.0,262.0
2026-09-21 17:00:00+00:00,1.0,312.9415283203125,303.0,281.0
2026-09-21 18:00:00+00:00,2.0,320.6825866699219,311.0,281.0
2026-09-21 19:00:00+00:00,3.0,336.7054138183594,327.0,281.0
2026-09-21 20:00:00+00:00,4.0,322.6316833496094,314.0,281.0
2026-09-21 21:00:00+00:00,5.0,308.7271423339844,301.0,281.0
2026-09-21 22:00:00+00:00,6.0,331.8167419433594,318.0,281.0
2026-09-21 23:00:00+00:00,7.0,334.28826904296875,325.0,281.0
2026-09-22 00:00:00+00:00,8.0,347.1738586425781,337.0,281.0
2026-09-22 01:00:00+00:00,9.0,341.6380310058594,327.0,281.0
2026-09-22 02:00:00+00:00,10.0,351.9801330566406,336.0,281.0
2026-09-22 03:00:00+00:00,11.0,267.7082824707031,257.0,281.0
2026-09-22 04:00:00+00:00,12.0,203.46141052246094,193.0,281.0
2026-09-22 05:00:00+00:00,13.0,222.5029296875,207.0,281.0
2026-09-22 06:00:00+00:00,14.0,231.4132080078125,219.0,281.0
2026-09-22 07:00:00+00:00,15.0,231.63235473632812,221.0,280.6666564941406
2026-09-22 08:00:00+00:00,16.0,220.5568389892578,204.0,251.0
2026-09-22 09:00:00+00:00,17.0,213.35704040527344,198.0,250.39999389648438
2026-09-22 10:00:00+00:00,18.0,242.50244140625,229.0,250.0
2026-09-22 11:00:00+00:00,19.0,263.0727844238281,248.0,249.5
2026-09-22 12:00:00+00:00,20.0,273.973388671875,264.0,248.3333282470703
2026-09-22 13:00:00+00:00,21.0,294.00775146484375,285.0,248.3333282470703
2026-09-22 14:00:00+00:00,22.0,308.048583984375,298.0,251.60000610351562
2026-09-22 15:00:00+00:00,23.0,329.9139099121094,322.0,262.0
2026-09-22 16:00:00+00:00,24.0,346.2840270996094,338.0,262.0
2026-09-21 18:00:00+00:00,1.0,336.0773010253906,326.0,281.0
2026-09-21 19:00:00+00:00,2.0,333.9320373535156,324.0,281.0
2026-09-21 20:00:00+00:00,3.0,337.1410827636719,327.0,281.0
2026-09-21 21:00:00+00:00,4.0,324.9808044433594,316.0,281.0
2026-09-21 22:00:00+00:00,5.0,333.9662780761719,326.0,281.0
2026-09-21 23:00:00+00:00,6.0,342.9159240722656,329.0,281.0
2026-09-22 00:00:00+00:00,7.0,355.4936218261719,346.0,281.0
2026-09-22 01:00:00+00:00,8.0,1.30523681640625,351.0,281.0
2026-09-22 02:00:00+00:00,9.0,15.82013988494873,1.0,281.0
2026-09-22 03:00:00+00:00,10.0,137.05606079101562,121.0,281.0
2026-09-22 04:00:00+00:00,11.0,198.86123657226562,188.0,281.0
2026-09-22 05:00:00+00:00,12.0,216.64735412597656,206.0,281.0
2026-09-22 06:00:00+00:00,13.0,234.70632934570312,219.0,281.0
2026-09-22 07:00:00+00:00,14.0,281.5361022949219,269.0,280.6666564941406
2026-09-22 08:00:00+00:00,15.0,273.6191711425781,263.0,251.0
2026-09-22 09:00:00+00:00,16.0,209.45758056640625,193.0,250.39999389648438
2026-09-22 10:00:00+00:00,17.0,220.36521911621094,205.0,250.0
2026-09-22 11:00:00+00:00,18.0,250.65078735351562,237.0,249.5
2026-09-22 12:00:00+00:00,19.0,282.18878173828125,267.0,248.3333282470703
2026-09-22 13:00:00+00:00,20.0,289.7682189941406,280.0,248.3333282470703
2026-09-22 14:00:00+00:00,21.0,281.7494812011719,273.0,251.60000610351562
2026-09-22 15:00:00+00:00,22.0,293.86041259765625,284.0,262.0
2026-09-22 16:00:00+00:00,23.0,288.6241149902344,281.0,262.0
2026-09-22 17:00:00+00:00,24.0,261.0309143066406,253.0,262.0
2026-09-21 19:00:00+00:00,1.0,339.20166015625,329.0,281.0
2026-09-21 20:00:00+00:00,2.0,343.18878173828125,333.0,281.0
2026-09-21 21:00:00+00:00,3.0,337.4198913574219,327.0,281.0
2026-09-21 22:00:00+00:00,4.0,335.2191162109375,326.0,281.0
2026-09-21 23:00:00+00:00,5.0,339.1724548339844,331.0,281.0
2026-09-22 00:00:00+00:00,6.0,349.0455322265625,335.0,281.0
2026-09-22 01:00:00+00:00,7.0,341.6376037597656,332.0,281.0
2026-09-22 02:00:00+00:00,8.0,333.4386291503906,323.0,281.0
2026-09-22 03:00:00+00:00,9.0,333.9575500488281,319.0,281.0
2026-09-22 04:00:00+00:00,10.0,330.1635437011719,314.0,281.0
2026-09-22 05:00:00+00:00,11.0,237.96629333496094,227.0,281.0
2026-09-22 06:00:00+00:00,12.0,245.8083953857422,235.0,281.0
2026-09-22 07:00:00+00:00,13.0,257.85784912109375,242.0,280.6666564941406
2026-09-22 08:00:00+00:00,14.0,241.66087341308594,229.0,251.0
2026-09-22 09:00:00+00:00,15.0,230.68983459472656,220.0,250.39999389648438
2026-09-22 10:00:00+00:00,16.0,263.5085144042969,247.0,250.0
2026-09-22 11:00:00+00:00,17.0,283.43780517578125,268.0,249.5
2026-09-22 12:00:00+00:00,18.0,279.7952880859375,266.0,248.3333282470703
2026-09-22 13:00:00+00:00,19.0,308.3158264160156,293.0,248.3333282470703
2026-09-22 14:00:00+00:00,20.0,300.69378662109375,291.0,251.60000610351562
2026-09-22 15:00:00+00:00,21.0,308.68719482421875,300.0,262.0
2026-09-22 16:00:00+00:00,22.0,311.791259765625,302.0,262.0
2026-09-22 17:00:00+00:00,23.0,323.5353698730469,316.0,262.0
2026-09-22 18:00:00+00:00,24.0,277.9347229003906,270.0,262.0
2026-09-21 20:00:00+00:00,1.0,335.37628173828125,325.0,281.0
2026-09-21 21:00:00+00:00,2.0,322.5290832519531,312.0,281.0
2026-09-21 22:00:00+00:00,3.0,330.62493896484375,320.0,281.0
2026-09-21 23:00:00+00:00,4.0,329.4196472167969,320.0,281.0
2026-09-22 00:00:00+00:00,5.0,342.42425537109375,334.0,281.0
2026-09-22 01:00:00+00:00,6.0,338.28106689453125,324.0,281.0
2026-09-22 02:00:00+00:00,7.0,345.79608154296875,336.0,281.0
2026-09-22 03:00:00+00:00,8.0,295.6872863769531,285.0,281.0
2026-09-22 04:00:00+00:00,9.0,201.171630859375,186.0,281.0
2026-09-22 05:00:00+00:00,10.0,225.3760986328125,209.0,281.0
2026-09-22 06:00:00+00:00,11.0,232.09054565429688,221.0,281.0
2026-09-22 07:00:00+00:00,12.0,234.0447998046875,223.0,280.6666564941406
2026-09-22 08:00:00+00:00,13.0,226.058349609375,210.0,251.0
2026-09-22 09:00:00+00:00,14.0,239.85386657714844,227.0,250.39999389648438
2026-09-22 10:00:00+00:00,15.0,250.8967742919922,240.0,250.0
2026-09-22 11:00:00+00:00,16.0,273.8243408203125,257.0,249.5
2026-09-22 12:00:00+00:00,17.0,284.69110107421875,269.0,248.3333282470703
2026-09-22 13:00:00+00:00,18.0,304.0155029296875,290.0,248.3333282470703
2026-09-22 14:00:00+00:00,19.0,322.55029296875,307.0,251.60000610351562
2026-09-22 15:00:00+00:00,20.0,329.7962951660156,320.0,262.0
2026-09-22 16:00:00+00:00,21.0,346.8581848144531,338.0,262.0
2026-09-22 17:00:00+00:00,22.0,14.90151309967041,5.0,262.0
2026-09-22 18:00:00+00:00,23.0,37.71214294433594,30.0,262.0
2026-09-22 19:00:00+00:00,24.0,45.044795989990234,37.0,262.0
2026-09-21 21:00:00+00:00,1.0,337.5791320800781,327.0,281.0
2026-09-21 22:00:00+00:00,2.0,339.8722839355469,329.0,281.0
2026-09-21 23:00:00+00:00,3.0,342.23974609375,331.0,281.0
2026-09-22 00:00:00+00:00,4.0,349.9309997558594,340.0,281.0
2026-09-22 01:00:00+00:00,5.0,349.7481994628906,341.0,281.0
2026-09-22 02:00:00+00:00,6.0,16.38593292236328,2.0,281.0
2026-09-22 03:00:00+00:00,7.0,6.058502197265625,356.0,281.0
2026-09-22 04:00:00+00:00,8.0,187.79067993164062,177.0,281.0
2026-09-22 05:00:00+00:00,9.0,214.36920166015625,199.0,281.0
2026-09-22 06:00:00+00:00,10.0,221.44186401367188,205.0,281.0
2026-09-22 07:00:00+00:00,11.0,223.26162719726562,212.0,280.6666564941406
2026-09-22 08:00:00+00:00,12.0,220.2522735595703,209.0,251.0
2026-09-22 09:00:00+00:00,13.0,213.28643798828125,197.0,250.39999389648438
2026-09-22 10:00:00+00:00,14.0,229.0117645263672,216.0,250.0
2026-09-22 11:00:00+00:00,15.0,252.82765197753906,242.0,249.5
2026-09-22 12:00:00+00:00,16.0,266.54083251953125,250.0,248.3333282470703
2026-09-22 13:00:00+00:00,17.0,280.58538818359375,265.0,248.3333282470703
2026-09-22 14:00:00+00:00,18.0,311.1895751953125,297.0,251.60000610351562
2026-09-22 15:00:00+00:00,19.0,353.6447448730469,338.0,262.0
2026-09-22 16:00:00+00:00,20.0,351.4484558105469,342.0,262.0
2026-09-22 17:00:00+00:00,21.0,14.418272972106934,6.0,262.0
2026-09-22 18:00:00+00:00,22.0,28.526103973388672,19.0,262.0
2026-09-22 19:00:00+00:00,23.0,199.16812133789062,192.0,262.0
2026-09-22 20:00:00+00:00,24.0,14.588995933532715,7.0,262.0
2026-09-21 22:00:00+00:00,1.0,336.9392395019531,326.0,281.0
2026-09-21 23:00:00+00:00,2.0,335.4981994628906,324.0,281.0
2026-09-22 00:00:00+00:00,3.0,330.9821472167969,319.0,281.0
2026-09-22 01:00:00+00:00,4.0,330.5575866699219,320.0,281.0
2026-09-22 02:00:00+00:00,5.0,332.2840881347656,323.0,281.0
2026-09-22 03:00:00+00:00,6.0,315.7284240722656,301.0,281.0
2026-09-22 04:00:00+00:00,7.0,223.47105407714844,213.0,281.0
2026-09-22 05:00:00+00:00,8.0,219.05081176757812,208.0,281.0
2026-09-22 06:00:00+00:00,9.0,237.7013702392578,222.0,281.0
2026-09-22 07:00:00+00:00,10.0,261.53515625,245.0,280.6666564941406
2026-09-22 08:00:00+00:00,11.0,264.5364990234375,253.0,251.0
2026-09-22 09:00:00+00:00,12.0,281.59100341796875,270.0,250.39999389648438
2026-09-22 10:00:00+00:00,13.0,277.63909912109375,261.0,250.0
2026-09-22 11:00:00+00:00,14.0,282.25469970703125,269.0,249.5
2026-09-22 12:00:00+00:00,15.0,280.83941650390625,270.0,248.3333282470703
2026-09-22 13:00:00+00:00,16.0,313.4118347167969,297.0,248.3333282470703
2026-09-22 14:00:00+00:00,17.0,305.5028991699219,290.0,251.60000610351562
2026-09-22 15:00:00+00:00,18.0,313.55078125,299.0,262.0
2026-09-22 16:00:00+00:00,19.0,320.9312438964844,305.0,262.0
2026-09-22 17:00:00+00:00,20.0,325.1929016113281,316.0,262.0
2026-09-22 18:00:00+00:00,21.0,243.99639892578125,236.0,262.0
2026-09-22 19:00:00+00:00,22.0,266.15655517578125,257.0,262.0
2026-09-22 20:00:00+00:00,23.0,282.5933837890625,276.0,262.0
2026-09-22 21:00:00+00:00,24.0,330.07220458984375,323.0,262.0
2026-09-21 23:00:00+00:00,2.0,335.1979064941406,324.0,281.0
2026-09-22 00:00:00+00:00,3.0,330.9725036621094,319.0,281.0
2026-09-22 01:00:00+00:00,4.0,332.5340270996094,320.0,281.0
2026-09-22 02:00:00+00:00,5.0,334.01531982421875,323.0,281.0
2026-09-22 03:00:00+00:00,6.0,310.6805419921875,301.0,281.0
2026-09-22 04:00:00+00:00,7.0,227.97715759277344,213.0,281.0
2026-09-22 05:00:00+00:00,8.0,218.7743377685547,208.0,281.0
2026-09-22 06:00:00+00:00,9.0,233.20021057128906,222.0,281.0
2026-09-22 07:00:00+00:00,10.0,260.91302490234375,245.0,280.6666564941406
2026-09-22 08:00:00+00:00,11.0,269.5613708496094,253.0,251.0
2026-09-22 09:00:00+00:00,12.0,281.7307434082031,270.0,250.39999389648438
2026-09-22 10:00:00+00:00,13.0,272.8097839355469,261.0,250.0
2026-09-22 11:00:00+00:00,14.0,285.8728332519531,269.0,249.5
2026-09-22 12:00:00+00:00,15.0,283.4110107421875,270.0,248.3333282470703
2026-09-22 13:00:00+00:00,16.0,307.8142395019531,297.0,248.3333282470703
2026-09-22 14:00:00+00:00,17.0,306.2501220703125,290.0,251.60000610351562
2026-09-22 15:00:00+00:00,18.0,314.352783203125,299.0,262.0
2026-09-22 16:00:00+00:00,19.0,319.803466796875,305.0,262.0
2026-09-22 17:00:00+00:00,20.0,332.1178283691406,316.0,262.0
2026-09-22 18:00:00+00:00,21.0,244.96763610839844,236.0,262.0
2026-09-22 19:00:00+00:00,22.0,264.62408447265625,257.0,262.0
2026-09-22 20:00:00+00:00,23.0,284.8288269042969,276.0,262.0
2026-09-22 21:00:00+00:00,24.0,329.0751953125,323.0,262.0
2026-09-22 22:00:00+00:00,25.0,13.610787391662598,7.0,262.0
2026-09-22 00:00:00+00:00,3.0,330.4568786621094,319.0,281.0
2026-09-22 01:00:00+00:00,4.0,332.4677429199219,320.0,281.0
2026-09-22 02:00:00+00:00,5.0,336.0840759277344,323.0,281.0
2026-09-22 03:00:00+00:00,6.0,312.47503662109375,301.0,281.0
2026-09-22 04:00:00+00:00,7.0,223.07925415039062,213.0,281.0
2026-09-22 05:00:00+00:00,8.0,223.22103881835938,208.0,281.0
2026-09-22 06:00:00+00:00,9.0,233.07432556152344,222.0,281.0
2026-09-22 07:00:00+00:00,10.0,256.3326110839844,245.0,280.6666564941406
2026-09-22 08:00:00+00:00,11.0,269.11163330078125,253.0,251.0
2026-09-22 09:00:00+00:00,12.0,286.58575439453125,270.0,250.39999389648438
2026-09-22 10:00:00+00:00,13.0,272.912109375,261.0,250.0
2026-09-22 11:00:00+00:00,14.0,281.01824951171875,269.0,249.5
2026-09-22 12:00:00+00:00,15.0,287.0850830078125,270.0,248.3333282470703
2026-09-22 13:00:00+00:00,16.0,310.56182861328125,297.0,248.3333282470703
2026-09-22 14:00:00+00:00,17.0,300.78851318359375,290.0,251.60000610351562
2026-09-22 15:00:00+00:00,18.0,315.0759582519531,299.0,262.0
2026-09-22 16:00:00+00:00,19.0,320.1683044433594,305.0,262.0
2026-09-22 17:00:00+00:00,20.0,331.0490417480469,316.0,262.0
2026-09-22 18:00:00+00:00,21.0,252.29005432128906,236.0,262.0
2026-09-22 19:00:00+00:00,22.0,265.7255554199219,257.0,262.0
2026-09-22 20:00:00+00:00,23.0,283.2411193847656,276.0,262.0
2026-09-22 21:00:00+00:00,24.0,331.48150634765625,323.0,262.0
2026-09-22 22:00:00+00:00,25.0,12.538363456726074,7.0,262.0
2026-09-22 23:00:00+00:00,26.0,61.13652801513672,55.0,262.0
2026-09-22 01:00:00+00:00,4.0,331.6690673828125,320.0,281.0
2026-09-22 02:00:00+00:00,5.0,335.90936279296875,323.0,281.0
2026-09-22 03:00:00+00:00,6.0,314.5570983886719,301.0,281.0
2026-09-22 04:00:00+00:00,7.0,224.8663330078125,213.0,281.0
2026-09-22 05:00:00+00:00,8.0,218.41796875,208.0,281.0
2026-09-22 06:00:00+00:00,9.0,237.41531372070312,222.0,281.0
2026-09-22 07:00:00+00:00,10.0,256.318359375,245.0,280.6666564941406
2026-09-22 08:00:00+00:00,11.0,264.4169006347656,253.0,251.0
2026-09-22 09:00:00+00:00,12.0,286.2525329589844,270.0,250.39999389648438
2026-09-22 10:00:00+00:00,13.0,277.590087890625,261.0,250.0
2026-09-22 11:00:00+00:00,14.0,281.0430908203125,269.0,249.5
2026-09-22 12:00:00+00:00,15.0,282.1773681640625,270.0,248.3333282470703
2026-09-22 13:00:00+00:00,16.0,314.2333984375,297.0,248.3333282470703
2026-09-22 14:00:00+00:00,17.0,303.673828125,290.0,251.60000610351562
2026-09-22 15:00:00+00:00,18.0,309.7535705566406,299.0,262.0
2026-09-22 16:00:00+00:00,19.0,320.8932800292969,305.0,262.0
2026-09-22 17:00:00+00:00,20.0,330.96478271484375,316.0,262.0
2026-09-22 18:00:00+00:00,21.0,251.23629760742188,236.0,262.0
2026-09-22 19:00:00+00:00,22.0,273.4092712402344,257.0,262.0
2026-09-22 20:00:00+00:00,23.0,284.48291015625,276.0,262.0
2026-09-22 21:00:00+00:00,24.0,329.88629150390625,323.0,262.0
2026-09-22 22:00:00+00:00,25.0,15.143719673156738,7.0,262.0
2026-09-22 23:00:00+00:00,26.0,60.036258697509766,55.0,262.0
2026-09-23 00:00:00+00:00,27.0,125.69503784179688,120.0,262.0
2026-09-22 02:00:00+00:00,5.0,334.837646484375,323.0,281.0
2026-09-22 03:00:00+00:00,6.0,314.3124084472656,301.0,281.0
2026-09-22 04:00:00+00:00,7.0,227.02291870117188,213.0,281.0
2026-09-22 05:00:00+00:00,8.0,220.24974060058594,208.0,281.0
2026-09-22 06:00:00+00:00,9.0,232.74349975585938,222.0,281.0
2026-09-22 07:00:00+00:00,10.0,260.5415954589844,245.0,280.6666564941406
2026-09-22 08:00:00+00:00,11.0,264.52154541015625,253.0,251.0
2026-09-22 09:00:00+00:00,12.0,281.4954528808594,270.0,250.39999389648438
2026-09-22 10:00:00+00:00,13.0,277.3803405761719,261.0,250.0
2026-09-22 11:00:00+00:00,14.0,285.5437316894531,269.0,249.5
2026-09-22 12:00:00+00:00,15.0,282.1641845703125,270.0,248.3333282470703
2026-09-22 13:00:00+00:00,16.0,309.2939758300781,297.0,248.3333282470703
2026-09-22 14:00:00+00:00,17.0,307.3327331542969,290.0,251.60000610351562
2026-09-22 15:00:00+00:00,18.0,312.7756042480469,299.0,262.0
2026-09-22 16:00:00+00:00,19.0,315.6720886230469,305.0,262.0
2026-09-22 17:00:00+00:00,20.0,331.6678466796875,316.0,262.0
2026-09-22 18:00:00+00:00,21.0,250.72927856445312,236.0,262.0
2026-09-22 19:00:00+00:00,22.0,272.3831787109375,257.0,262.0
2026-09-22 20:00:00+00:00,23.0,292.5032043457031,276.0,262.0
2026-09-22 21:00:00+00:00,24.0,331.19500732421875,323.0,262.0
2026-09-22 22:00:00+00:00,25.0,13.486549377441406,7.0,262.0
2026-09-22 23:00:00+00:00,26.0,62.78587341308594,55.0,262.0
2026-09-23 00:00:00+00:00,27.0,124.51472473144531,120.0,262.0
2026-09-23 01:00:00+00:00,28.0,142.23460388183594,137.0,262.0
2026-09-22 03:00:00+00:00,6.0,313.0356140136719,301.0,281.0
2026-09-22 04:00:00+00:00,7.0,226.7655792236328,213.0,281.0
2026-09-22 05:00:00+00:00,8.0,222.5508270263672,208.0,281.0
2026-09-22 06:00:00+00:00,9.0,234.68824768066406,222.0,281.0
2026-09-22 07:00:00+00:00,10.0,256.11236572265625,245.0,280.6666564941406
2026-09-22 08:00:00+00:00,11.0,268.6839599609375,253.0,251.0
2026-09-22 09:00:00+00:00,12.0,281.756591796875,270.0,250.39999389648438
2026-09-22 10:00:00+00:00,13.0,272.59918212890625,261.0,250.0
2026-09-22 11:00:00+00:00,14.0,285.5367431640625,269.0,249.5
2026-09-22 12:00:00+00:00,15.0,286.48553466796875,270.0,248.3333282470703
2026-09-22 13:00:00+00:00,16.0,309.29345703125,297.0,248.3333282470703
2026-09-22 14:00:00+00:00,17.0,302.4289855957031,290.0,251.60000610351562
2026-09-22 15:00:00+00:00,18.0,316.441650390625,299.0,262.0
2026-09-22 16:00:00+00:00,19.0,318.8887634277344,305.0,262.0
2026-09-22 17:00:00+00:00,20.0,326.5751037597656,316.0,262.0
2026-09-22 18:00:00+00:00,21.0,251.41249084472656,236.0,262.0
2026-09-22 19:00:00+00:00,22.0,271.4649963378906,257.0,262.0
2026-09-22 20:00:00+00:00,23.0,291.55059814453125,276.0,262.0
2026-09-22 21:00:00+00:00,24.0,339.6118469238281,323.0,262.0
2026-09-22 22:00:00+00:00,25.0,14.873871803283691,7.0,262.0
2026-09-22 23:00:00+00:00,26.0,61.03047561645508,55.0,262.0
2026-09-23 00:00:00+00:00,27.0,127.37741088867188,120.0,262.0
2026-09-23 01:00:00+00:00,28.0,140.9285125732422,137.0,262.0
2026-09-23 02:00:00+00:00,29.0,156.72520446777344,152.0,262.0
2026-09-22 04:00:00+00:00,7.0,225.31588745117188,213.0,281.0
2026-09-22 05:00:00+00:00,8.0,222.27163696289062,208.0,281.0
2026-09-22 06:00:00+00:00,9.0,236.99769592285156,222.0,281.0
2026-09-22 07:00:00+00:00,10.0,258.1200866699219,245.0,280.6666564941406
2026-09-22 08:00:00+00:00,11.0,264.5117492675781,253.0,251.0
2026-09-22 09:00:00+00:00,12.0,285.8884582519531,270.0,250.39999389648438
2026-09-22 10:00:00+00:00,13.0,272.99908447265625,261.0,250.0
2026-09-22 11:00:00+00:00,14.0,280.7830810546875,269.0,249.5
2026-09-22 12:00:00+00:00,15.0,286.7559814453125,270.0,248.3333282470703
2026-09-22 13:00:00+00:00,16.0,313.4992370605469,297.0,248.3333282470703
2026-09-22 14:00:00+00:00,17.0,302.3995666503906,290.0,251.60000610351562
2026-09-22 15:00:00+00:00,18.0,311.603515625,299.0,262.0
2026-09-22 16:00:00+00:00,19.0,322.5397644042969,305.0,262.0
2026-09-22 17:00:00+00:00,20.0,330.05145263671875,316.0,262.0
2026-09-22 18:00:00+00:00,21.0,246.55320739746094,236.0,262.0
2026-09-22 19:00:00+00:00,22.0,272.3307800292969,257.0,262.0
2026-09-22 20:00:00+00:00,23.0,290.3392028808594,276.0,262.0
2026-09-22 21:00:00+00:00,24.0,338.75164794921875,323.0,262.0
2026-09-22 22:00:00+00:00,25.0,23.795413970947266,7.0,262.0
2026-09-22 23:00:00+00:00,26.0,62.70460510253906,55.0,262.0
2026-09-23 00:00:00+00:00,27.0,125.76344299316406,120.0,262.0
2026-09-23 01:00:00+00:00,28.0,144.083740234375,137.0,262.0
2026-09-23 02:00:00+00:00,29.0,155.55242919921875,152.0,262.0
2026-09-23 03:00:00+00:00,30.0,179.40576171875,175.0,262.0
2026-09-22 05:00:00+00:00,8.0,220.96002197265625,208.0,281.0
2026-09-22 06:00:00+00:00,9.0,237.0503692626953,222.0,281.0
2026-09-22 07:00:00+00:00,10.0,260.30108642578125,245.0,280.6666564941406
2026-09-22 08:00:00+00:00,11.0,266.7494201660156,253.0,251.0
2026-09-22 09:00:00+00:00,12.0,282.03985595703125,270.0,250.39999389648438
2026-09-22 10:00:00+00:00,13.0,277.1945495605469,261.0,250.0
2026-09-22 11:00:00+00:00,14.0,281.2569274902344,269.0,249.5
2026-09-22 12:00:00+00:00,15.0,282.07379150390625,270.0,248.3333282470703
2026-09-22 13:00:00+00:00,16.0,314.1120910644531,297.0,248.3333282470703
2026-09-22 14:00:00+00:00,17.0,306.6807861328125,290.0,251.60000610351562
2026-09-22 15:00:00+00:00,18.0,311.3855285644531,299.0,262.0
2026-09-22 16:00:00+00:00,19.0,317.8067626953125,305.0,262.0
2026-09-22 17:00:00+00:00,20.0,333.4582214355469,316.0,262.0
2026-09-22 18:00:00+00:00,21.0,250.42330932617188,236.0,262.0
2026-09-22 19:00:00+00:00,22.0,267.712890625,257.0,262.0
2026-09-22 20:00:00+00:00,23.0,291.4532775878906,276.0,262.0
2026-09-22 21:00:00+00:00,24.0,337.29669189453125,323.0,262.0
2026-09-22 22:00:00+00:00,25.0,22.997501373291016,7.0,262.0
2026-09-22 23:00:00+00:00,26.0,72.07928466796875,55.0,262.0
2026-09-23 00:00:00+00:00,27.0,127.8071517944336,120.0,262.0
2026-09-23 01:00:00+00:00,28.0,142.75692749023438,137.0,262.0
2026-09-23 02:00:00+00:00,29.0,158.7646026611328,152.0,262.0
2026-09-23 03:00:00+00:00,30.0,178.52647399902344,175.0,262.0
2026-09-23 04:00:00+00:00,31.0,189.40475463867188,185.0,262.0
2026-09-22 06:00:00+00:00,9.0,235.10678100585938,222.0,281.0
2026-09-22 07:00:00+00:00,10.0,260.29302978515625,245.0,280.6666564941406
2026-09-22 08:00:00+00:00,11.0,268.1642150878906,253.0,251.0
2026-09-22 09:00:00+00:00,12.0,283.88763427734375,270.0,250.39999389648438
2026-09-22 10:00:00+00:00,13.0,273.0941467285156,261.0,250.0
2026-09-22 11:00:00+00:00,14.0,285.13067626953125,269.0,249.5
2026-09-22 12:00:00+00:00,15.0,282.08489990234375,270.0,248.3333282470703
2026-09-22 13:00:00+00:00,16.0,309.0662536621094,297.0,248.3333282470703
2026-09-22 14:00:00+00:00,17.0,307.08795166015625,290.0,251.60000610351562
2026-09-22 15:00:00+00:00,18.0,315.712158203125,299.0,262.0
2026-09-22 16:00:00+00:00,19.0,317.22552490234375,305.0,262.0
2026-09-22 17:00:00+00:00,20.0,328.67633056640625,316.0,262.0
2026-09-22 18:00:00+00:00,21.0,253.107177734375,236.0,262.0
2026-09-22 19:00:00+00:00,22.0,271.5936279296875,257.0,262.0
2026-09-22 20:00:00+00:00,23.0,286.7756652832031,276.0,262.0
2026-09-22 21:00:00+00:00,24.0,338.5030212402344,323.0,262.0
2026-09-22 22:00:00+00:00,25.0,21.21953582763672,7.0,262.0
2026-09-22 23:00:00+00:00,26.0,70.91287994384766,55.0,262.0
2026-09-23 00:00:00+00:00,27.0,137.04978942871094,120.0,262.0
2026-09-23 01:00:00+00:00,28.0,144.85226440429688,137.0,262.0
2026-09-23 02:00:00+00:00,29.0,157.86032104492188,152.0,262.0
2026-09-23 03:00:00+00:00,30.0,181.6310577392578,175.0,262.0
2026-09-23 04:00:00+00:00,31.0,188.69903564453125,185.0,262.0
2026-09-23 05:00:00+00:00,32.0,207.55911254882812,203.0,262.0
2026-09-22 07:00:00+00:00,1.0,218.45103454589844,207.0,280.6666564941406
2026-09-22 08:00:00+00:00,2.0,236.38461303710938,224.0,251.0
2026-09-22 09:00:00+00:00,3.0,243.292724609375,232.0,250.39999389648438
2026-09-22 10:00:00+00:00,4.0,251.482666015625,241.0,250.0
2026-09-22 11:00:00+00:00,5.0,246.6837158203125,237.0,249.5
2026-09-22 12:00:00+00:00,6.0,259.1575622558594,244.0,248.3333282470703
2026-09-22 13:00:00+00:00,7.0,260.3505859375,250.0,248.3333282470703
2026-09-22 14:00:00+00:00,8.0,266.4403991699219,255.0,251.60000610351562
2026-09-22 15:00:00+00:00,9.0,284.4493408203125,269.0,262.0
2026-09-22 16:00:00+00:00,10.0,296.0636291503906,279.0,262.0
2026-09-22 17:00:00+00:00,11.0,304.1279296875,293.0,262.0
2026-09-22 18:00:00+00:00,12.0,223.75057983398438,212.0,262.0
2026-09-22 19:00:00+00:00,13.0,244.0714111328125,228.0,262.0
2026-09-22 20:00:00+00:00,14.0,269.7264709472656,256.0,262.0
2026-09-22 21:00:00+00:00,15.0,299.6449890136719,288.0,262.0
2026-09-22 22:00:00+00:00,16.0,311.5000305175781,294.0,262.0
2026-09-22 23:00:00+00:00,17.0,43.09175109863281,27.0,262.0
2026-09-23 00:00:00+00:00,18.0,131.72952270507812,117.0,262.0
2026-09-23 01:00:00+00:00,19.0,171.06666564941406,155.0,262.0
2026-09-23 02:00:00+00:00,20.0,191.2366943359375,181.0,262.0
2026-09-23 03:00:00+00:00,21.0,197.49200439453125,188.0,262.0
2026-09-23 04:00:00+00:00,22.0,211.65545654296875,202.0,262.0
2026-09-23 05:00:00+00:00,23.0,221.28604125976562,213.0,262.0
2026-09-23 06:00:00+00:00,24.0,213.2528533935547,205.0,262.0
2026-09-22 08:00:00+00:00,1.0,236.96034240722656,226.0,251.0
2026-09-22 09:00:00+00:00,2.0,257.5752258300781,246.0,250.39999389648438
2026-09-22 10:00:00+00:00,3.0,260.3127136230469,250.0,250.0
2026-09-22 11:00:00+00:00,4.0,256.5174865722656,247.0,249.5
2026-09-22 12:00:00+00:00,5.0,261.905029296875,253.0,248.3333282470703
2026-09-22 13:00:00+00:00,6.0,285.758056640625,271.0,248.3333282470703
2026-09-22 14:00:00+00:00,7.0,296.8191833496094,287.0,251.60000610351562
2026-09-22 15:00:00+00:00,8.0,325.0314025878906,314.0,262.0
2026-09-22 16:00:00+00:00,9.0,356.83660888671875,342.0,262.0
2026-09-22 17:00:00+00:00,10.0,25.677318572998047,9.0,262.0
2026-09-22 18:00:00+00:00,11.0,48.77203369140625,38.0,262.0
2026-09-22 19:00:00+00:00,12.0,22.167224884033203,11.0,262.0
2026-09-22 20:00:00+00:00,13.0,42.54954528808594,27.0,262.0
2026-09-22 21:00:00+00:00,14.0,43.35243225097656,30.0,262.0
2026-09-22 22:00:00+00:00,15.0,72.4774169921875,61.0,262.0
2026-09-22 23:00:00+00:00,16.0,89.46924591064453,72.0,262.0
2026-09-23 00:00:00+00:00,17.0,114.93557739257812,99.0,262.0
2026-09-23 01:00:00+00:00,18.0,143.31954956054688,129.0,262.0
2026-09-23 02:00:00+00:00,19.0,166.63519287109375,151.0,262.0
2026-09-23 03:00:00+00:00,20.0,169.57595825195312,159.0,262.0
2026-09-23 04:00:00+00:00,21.0,160.8876953125,151.0,262.0
2026-09-23 05:00:00+00:00,22.0,196.98858642578125,187.0,262.0
2026-09-23 06:00:00+00:00,23.0,203.744140625,195.0,262.0
2026-09-23 07:00:00+00:00,24.0,225.65464782714844,217.0,262.0
2026-09-22 09:00:00+00:00,1.0,259.587646484375,249.0,250.39999389648438
2026-09-22 10:00:00+00:00,2.0,261.91986083984375,251.0,250.0
2026-09-22 11:00:00+00:00,3.0,262.5492858886719,253.0,249.5
2026-09-22 12:00:00+00:00,4.0,261.76751708984375,253.0,248.3333282470703
2026-09-22 13:00:00+00:00,5.0,261.2601013183594,253.0,248.3333282470703
2026-09-22 14:00:00+00:00,6.0,274.44207763671875,260.0,251.60000610351562
2026-09-22 15:00:00+00:00,7.0,294.3982849121094,285.0,262.0
2026-09-22 16:00:00+00:00,8.0,335.69989013671875,325.0,262.0
2026-09-22 17:00:00+00:00,9.0,345.3765563964844,331.0,262.0
2026-09-22 18:00:00+00:00,10.0,68.37461853027344,52.0,262.0
2026-09-22 19:00:00+00:00,11.0,63.52764892578125,53.0,262.0
2026-09-22 20:00:00+00:00,12.0,13.7164888381958,3.0,262.0
2026-09-22 21:00:00+00:00,13.0,346.1605529785156,331.0,262.0
2026-09-22 22:00:00+00:00,14.0,3.034515380859375,350.0,262.0
2026-09-22 23:00:00+00:00,15.0,76.35942840576172,65.0,262.0
2026-09-23 00:00:00+00:00,16.0,136.4796600341797,119.0,262.0
2026-09-23 01:00:00+00:00,17.0,123.84725189208984,108.0,262.0
2026-09-23 02:00:00+00:00,18.0,143.99913024902344,130.0,262.0
2026-09-23 03:00:00+00:00,19.0,172.33584594726562,157.0,262.0
2026-09-23 04:00:00+00:00,20.0,177.83709716796875,167.0,262.0
2026-09-23 05:00:00+00:00,21.0,213.1859588623047,203.0,262.0
2026-09-23 06:00:00+00:00,22.0,232.2595672607422,222.0,262.0
2026-09-23 07:00:00+00:00,23.0,239.11709594726562,230.0,262.0
2026-09-23 08:00:00+00:00,24.0,256.9914855957031,248.0,255.14285278320312
2026-09-22 10:00:00+00:00,1.0,259.2375793457031,249.0,250.0
2026-09-22 11:00:00+00:00,2.0,260.17718505859375,250.0,249.5
2026-09-22 12:00:00+00:00,3.0,271.7212829589844,263.0,248.3333282470703
2026-09-22 13:00:00+00:00,4.0,269.9577331542969,262.0,248.3333282470703
2026-09-22 14:00:00+00:00,5.0,263.5230712890625,256.0,251.60000610351562
2026-09-22 15:00:00+00:00,6.0,285.1077575683594,271.0,262.0
2026-09-22 16:00:00+00:00,7.0,297.9741516113281,289.0,262.0
2026-09-22 17:00:00+00:00,8.0,329.33917236328125,319.0,262.0
2026-09-22 18:00:00+00:00,9.0,27.948558807373047,14.0,262.0
2026-09-22 19:00:00+00:00,10.0,259.0562744140625,243.0,262.0
2026-09-22 20:00:00+00:00,11.0,248.26634216308594,238.0,262.0
2026-09-22 21:00:00+00:00,12.0,295.21923828125,285.0,262.0
2026-09-22 22:00:00+00:00,13.0,64.78691864013672,50.0,262.0
2026-09-22 23:00:00+00:00,14.0,145.7107696533203,133.0,262.0
2026-09-23 00:00:00+00:00,15.0,174.21595764160156,163.0,262.0
2026-09-23 01:00:00+00:00,16.0,188.4954071044922,171.0,262.0
2026-09-23 02:00:00+00:00,17.0,202.767333984375,187.0,262.0
2026-09-23 03:00:00+00:00,18.0,218.65953063964844,205.0,262.0
2026-09-23 04:00:00+00:00,19.0,221.03451538085938,206.0,262.0
2026-09-23 05:00:00+00:00,20.0,225.1465606689453,214.0,262.0
2026-09-23 06:00:00+00:00,21.0,224.50013732910156,214.0,262.0
2026-09-23 07:00:00+00:00,22.0,210.55299377441406,200.0,262.0
2026-09-23 08:00:00+00:00,23.0,210.4936981201172,201.0,255.14285278320312
2026-09-23 09:00:00+00:00,24.0,213.3614044189453,204.0,218.6666717529297
2026-09-22 11:00:00+00:00,1.0,259.80145263671875,250.0,249.5
2026-09-22 12:00:00+00:00,2.0,272.35443115234375,263.0,248.3333282470703
2026-09-22 13:00:00+00:00,3.0,269.93084716796875,262.0,248.3333282470703
2026-09-22 14:00:00+00:00,4.0,263.142578125,256.0,251.60000610351562
2026-09-22 15:00:00+00:00,5.0,277.7499084472656,271.0,262.0
2026-09-22 16:00:00+00:00,6.0,302.74615478515625,289.0,262.0
2026-09-22 17:00:00+00:00,7.0,327.56658935546875,319.0,262.0
2026-09-22 18:00:00+00:00,8.0,23.986705780029297,14.0,262.0
2026-09-22 19:00:00+00:00,9.0,256.56072998046875,243.0,262.0
2026-09-22 20:00:00+00:00,10.0,253.72117614746094,238.0,262.0
2026-09-22 21:00:00+00:00,11.0,295.05206298828125,285.0,262.0
2026-09-22 22:00:00+00:00,12.0,59.74343490600586,50.0,262.0
2026-09-22 23:00:00+00:00,13.0,147.47882080078125,133.0,262.0
2026-09-23 00:00:00+00:00,14.0,175.35577392578125,163.0,262.0
2026-09-23 01:00:00+00:00,15.0,182.05941772460938,171.0,262.0
2026-09-23 02:00:00+00:00,16.0,204.52102661132812,187.0,262.0
2026-09-23 03:00:00+00:00,17.0,220.6920928955078,205.0,262.0
2026-09-23 04:00:00+00:00,18.0,219.28253173828125,206.0,262.0
2026-09-23 05:00:00+00:00,19.0,228.7738037109375,214.0,262.0
2026-09-23 06:00:00+00:00,20.0,225.3701171875,214.0,262.0
2026-09-23 07:00:00+00:00,21.0,210.75379943847656,200.0,262.0
2026-09-23 08:00:00+00:00,22.0,211.86915588378906,201.0,255.14285278320312
2026-09-23 09:00:00+00:00,23.0,213.8248748779297,204.0,218.6666717529297
2026-09-23 10:00:00+00:00,24.0,243.70570373535156,234.0,218.0
2026-09-22 12:00:00+00:00,1.0,269.4459228515625,260.0,248.3333282470703
2026-09-22 13:00:00+00:00,2.0,275.7752380371094,267.0,248.3333282470703
2026-09-22 14:00:00+00:00,3.0,279.4705505371094,272.0,251.60000610351562
2026-09-22 15:00:00+00:00,4.0,297.6017150878906,291.0,262.0
2026-09-22 16:00:00+00:00,5.0,308.2630615234375,302.0,262.0
2026-09-22 17:00:00+00:00,6.0,337.4834289550781,324.0,262.0
2026-09-22 18:00:00+00:00,7.0,15.381876945495605,7.0,262.0
2026-09-22 19:00:00+00:00,8.0,23.861797332763672,14.0,262.0
2026-09-22 20:00:00+00:00,9.0,4.356201171875,351.0,262.0
2026-09-22 21:00:00+00:00,10.0,337.4814453125,322.0,262.0
2026-09-22 22:00:00+00:00,11.0,79.95240783691406,70.0,262.0
2026-09-22 23:00:00+00:00,12.0,126.47417449951172,117.0,262.0
2026-09-23 00:00:00+00:00,13.0,141.36636352539062,127.0,262.0
2026-09-23 01:00:00+00:00,14.0,137.16778564453125,125.0,262.0
2026-09-23 02:00:00+00:00,15.0,160.93722534179688,150.0,262.0
2026-09-23 03:00:00+00:00,16.0,166.56626892089844,149.0,262.0
2026-09-23 04:00:00+00:00,17.0,159.67543029785156,144.0,262.0
2026-09-23 05:00:00+00:00,18.0,190.00006103515625,177.0,262.0
2026-09-23 06:00:00+00:00,19.0,234.6594696044922,220.0,262.0
2026-09-23 07:00:00+00:00,20.0,220.47610473632812,209.0,262.0
2026-09-23 08:00:00+00:00,21.0,220.9067840576172,210.0,255.14285278320312
2026-09-23 09:00:00+00:00,22.0,218.1178436279297,207.0,218.6666717529297
2026-09-23 10:00:00+00:00,23.0,249.02932739257812,239.0,218.0
2026-09-23 11:00:00+00:00,24.0,247.9055938720703,238.0,218.0
2026-09-22 13:00:00+00:00,1.0,275.3377990722656,266.0,248.3333282470703
2026-09-22 14:00:00+00:00,2.0,277.5401611328125,269.0,251.60000610351562
2026-09-22 15:00:00+00:00,3.0,289.322265625,282.0,262.0
2026-09-22 16:00:00+00:00,4.0,313.404052734375,307.0,262.0
2026-09-22 17:00:00+00:00,5.0,342.07183837890625,336.0,262.0
2026-09-22 18:00:00+00:00,6.0,17.41656494140625,4.0,262.0
2026-09-22 19:00:00+00:00,7.0,9.358153343200684,1.0,262.0
2026-09-22 20:00:00+00:00,8.0,234.8785858154297,225.0,262.0
2026-09-22 21:00:00+00:00,9.0,323.3646545410156,310.0,262.0
2026-09-22 22:00:00+00:00,10.0,350.4132995605469,335.0,262.0
2026-09-22 23:00:00+00:00,11.0,87.96031951904297,78.0,262.0
2026-09-23 00:00:00+00:00,12.0,104.41295623779297,95.0,262.0
2026-09-23 01:00:00+00:00,13.0,149.39901733398438,135.0,262.0
2026-09-23 02:00:00+00:00,14.0,191.14915466308594,179.0,262.0
2026-09-23 03:00:00+00:00,15.0,207.90260314941406,197.0,262.0
2026-09-23 04:00:00+00:00,16.0,210.6495361328125,193.0,262.0
2026-09-23 05:00:00+00:00,17.0,216.74835205078125,201.0,262.0
2026-09-23 06:00:00+00:00,18.0,213.92312622070312,201.0,262.0
2026-09-23 07:00:00+00:00,19.0,215.6669921875,201.0,262.0
2026-09-23 08:00:00+00:00,20.0,219.56944274902344,208.0,255.14285278320312
2026-09-23 09:00:00+00:00,21.0,191.98373413085938,181.0,218.6666717529297
2026-09-23 10:00:00+00:00,22.0,239.27012634277344,228.0,218.0
2026-09-23 11:00:00+00:00,23.0,230.15130615234375,220.0,218.0
2026-09-23 12:00:00+00:00,24.0,261.0145568847656,251.0,218.0
2026-09-22 14:00:00+00:00,1.0,268.3027648925781,259.0,251.60000610351562
2026-09-22 15:00:00+00:00,2.0,281.4986877441406,273.0,262.0
2026-09-22 16:00:00+00:00,3.0,290.2156982421875,283.0,262.0
2026-09-22 17:00:00+00:00,4.0,304.2741394042969,298.0,262.0
2026-09-22 18:00:00+00:00,5.0,344.0154724121094,338.0,262.0
2026-09-22 19:00:00+00:00,6.0,29.42007827758789,16.0,262.0
2026-09-22 20:00:00+00:00,7.0,77.32998657226562,69.0,262.0
2026-09-22 21:00:00+00:00,8.0,202.9130859375,193.0,262.0
2026-09-22 22:00:00+00:00,9.0,232.3424072265625,219.0,262.0
2026-09-22 23:00:00+00:00,10.0,250.4130401611328,235.0,262.0
2026-09-23 00:00:00+00:00,11.0,285.9440612792969,276.0,262.0
2026-09-23 01:00:00+00:00,12.0,170.40016174316406,161.0,262.0
2026-09-23 02:00:00+00:00,13.0,157.403076171875,143.0,262.0
2026-09-23 03:00:00+00:00,14.0,178.153076171875,166.0,262.0
2026-09-23 04:00:00+00:00,15.0,177.95643615722656,167.0,262.0
2026-09-23 05:00:00+00:00,16.0,192.79730224609375,175.0,262.0
2026-09-23 06:00:00+00:00,17.0,215.85362243652344,200.0,262.0
2026-09-23 07:00:00+00:00,18.0,216.90293884277344,204.0,262.0
2026-09-23 08:00:00+00:00,19.0,204.70242309570312,190.0,255.14285278320312
2026-09-23 09:00:00+00:00,20.0,198.67001342773438,187.0,218.6666717529297
2026-09-23 10:00:00+00:00,21.0,245.14328002929688,234.0,218.0
2026-09-23 11:00:00+00:00,22.0,253.40255737304688,242.0,218.0
2026-09-23 12:00:00+00:00,23.0,276.3290100097656,266.0,218.0
2026-09-23 13:00:00+00:00,24.0,256.1413879394531,246.0,228.75
2026-09-22 15:00:00+00:00,1.0,284.30267333984375,275.0,262.0
2026-09-22 16:00:00+00:00,2.0,288.5699157714844,280.0,262.0
2026-09-22 17:00:00+00:00,3.0,297.2644348144531,290.0,262.0
2026-09-22 18:00:00+00:00,4.0,323.2928771972656,317.0,262.0
2026-09-22 19:00:00+00:00,5.0,323.0902404785156,317.0,262.0
2026-09-22 20:00:00+00:00,6.0,102.48433685302734,89.0,262.0
2026-09-22 21:00:00+00:00,7.0,187.36573791503906,179.0,262.0
2026-09-22 22:00:00+00:00,8.0,208.9907989501953,199.0,262.0
2026-09-22 23:00:00+00:00,9.0,204.3926239013672,191.0,262.0
2026-09-23 00:00:00+00:00,10.0,198.47422790527344,183.0,262.0
2026-09-23 01:00:00+00:00,11.0,154.99221801757812,145.0,262.0
2026-09-23 02:00:00+00:00,12.0,167.4832763671875,158.0,262.0
2026-09-23 03:00:00+00:00,13.0,186.47793579101562,172.0,262.0
2026-09-23 04:00:00+00:00,14.0,180.1885986328125,168.0,262.0
2026-09-23 05:00:00+00:00,15.0,165.02960205078125,154.0,262.0
2026-09-23 06:00:00+00:00,16.0,182.92308044433594,165.0,262.0
2026-09-23 07:00:00+00:00,17.0,173.95736694335938,158.0,262.0
2026-09-23 08:00:00+00:00,18.0,193.95257568359375,181.0,255.14285278320312
2026-09-23 09:00:00+00:00,19.0,185.77227783203125,171.0,218.6666717529297
2026-09-23 10:00:00+00:00,20.0,237.69691467285156,226.0,218.0
2026-09-23 11:00:00+00:00,21.0,238.21475219726562,227.0,218.0
2026-09-23 12:00:00+00:00,22.0,260.4881896972656,249.0,218.0
2026-09-23 13:00:00+00:00,23.0,253.4241943359375,243.0,228.75
2026-09-23 14:00:00+00:00,24.0,257.1869201660156,247.0,254.5
2026-09-22 16:00:00+00:00,1.0,277.37322998046875,268.0,262.0
2026-09-22 17:00:00+00:00,2.0,290.7523498535156,282.0,262.0
2026-09-22 18:00:00+00:00,3.0,316.49755859375,309.0,262.0
2026-09-22 19:00:00+00:00,4.0,281.49609375,275.0,262.0
2026-09-22 20:00:00+00:00,5.0,297.3214111328125,291.0,262.0
2026-09-22 21:00:00+00:00,6.0,349.6251220703125,336.0,262.0
2026-09-22 22:00:00+00:00,7.0,304.50750732421875,296.0,262.0
2026-09-22 23:00:00+00:00,8.0,156.14810180664062,146.0,262.0
2026-09-23 00:00:00+00:00,9.0,205.58827209472656,192.0,262.0
2026-09-23 01:00:00+00:00,10.0,200.6261749267578,185.0,262.0
2026-09-23 02:00:00+00:00,11.0,203.1154327392578,193.0,262.0
2026-09-23 03:00:00+00:00,12.0,196.6839141845703,187.0,262.0
2026-09-23 04:00:00+00:00,13.0,206.67625427246094,192.0,262.0
2026-09-23 05:00:00+00:00,14.0,220.28683471679688,208.0,262.0
2026-09-23 06:00:00+00:00,15.0,225.12521362304688,214.0,262.0
2026-09-23 07:00:00+00:00,16.0,229.03762817382812,211.0,262.0
2026-09-23 08:00:00+00:00,17.0,229.08773803710938,213.0,255.14285278320312
2026-09-23 09:00:00+00:00,18.0,205.0861053466797,192.0,218.6666717529297
2026-09-23 10:00:00+00:00,19.0,223.91441345214844,209.0,218.0
2026-09-23 11:00:00+00:00,20.0,263.6634216308594,252.0,218.0
2026-09-23 12:00:00+00:00,21.0,241.19058227539062,230.0,218.0
2026-09-23 13:00:00+00:00,22.0,244.53433227539062,233.0,228.75
2026-09-23 14:00:00+00:00,23.0,273.42486572265625,263.0,254.5
2026-09-23 15:00:00+00:00,24.0,252.1561279296875,242.0,244.0
2026-09-22 17:00:00+00:00,1.0,301.4241638183594,292.0,262.0
2026-09-22 18:00:00+00:00,2.0,331.90667724609375,323.0,262.0
2026-09-22 19:00:00+00:00,3.0,338.6957702636719,331.0,262.0
2026-09-22 20:00:00+00:00,4.0,5.660552978515625,359.0,262.0
2026-09-22 21:00:00+00:00,5.0,25.525684356689453,19.0,262.0
2026-09-22 22:00:00+00:00,6.0,75.74214172363281,62.0,262.0
2026-09-22 23:00:00+00:00,7.0,104.62650299072266,96.0,262.0
2026-09-23 00:00:00+00:00,8.0,135.286376953125,125.0,262.0
2026-09-23 01:00:00+00:00,9.0,180.7480010986328,167.0,262.0
2026-09-23 02:00:00+00:00,10.0,174.75254821777344,159.0,262.0
2026-09-23 03:00:00+00:00,11.0,178.22044372558594,168.0,262.0
2026-09-23 04:00:00+00:00,12.0,178.85838317871094,169.0,262.0
2026-09-23 05:00:00+00:00,13.0,200.8480987548828,186.0,262.0
2026-09-23 06:00:00+00:00,14.0,217.36685180664062,205.0,262.0
2026-09-23 07:00:00+00:00,15.0,221.200439453125,210.0,262.0
2026-09-23 08:00:00+00:00,16.0,240.13047790527344,222.0,255.14285278320312
2026-09-23 09:00:00+00:00,17.0,218.2030487060547,202.0,218.6666717529297
2026-09-23 10:00:00+00:00,18.0,250.20010375976562,237.0,218.0
2026-09-23 11:00:00+00:00,19.0,279.0225524902344,264.0,218.0
2026-09-23 12:00:00+00:00,20.0,247.63905334472656,236.0,218.0
2026-09-23 13:00:00+00:00,21.0,256.17108154296875,245.0,228.75
2026-09-23 14:00:00+00:00,22.0,264.5808410644531,253.0,254.5
2026-09-23 15:00:00+00:00,23.0,258.4280090332031,248.0,244.0
2026-09-23 16:00:00+00:00,24.0,260.12493896484375,250.0,239.625
2026-09-22 18:00:00+00:00,1.0,305.5905456542969,296.0,262.0
2026-09-22 19:00:00+00:00,2.0,327.3160705566406,318.0,262.0
2026-09-22 20:00:00+00:00,3.0,316.1446533203125,308.0,262.0
2026-09-22 21:00:00+00:00,4.0,320.0866394042969,313.0,262.0
2026-09-22 22:00:00+00:00,5.0,255.9899139404297,249.0,262.0
2026-09-22 23:00:00+00:00,6.0,176.9944305419922,163.0,262.0
2026-09-23 00:00:00+00:00,7.0,185.85804748535156,177.0,262.0
2026-09-23 01:00:00+00:00,8.0,156.52664184570312,146.0,262.0
2026-09-23 02:00:00+00:00,9.0,177.04879760742188,163.0,262.0
2026-09-23 03:00:00+00:00,10.0,190.01768493652344,174.0,262.0
2026-09-23 04:00:00+00:00,11.0,170.42247009277344,160.0,262.0
2026-09-23 05:00:00+00:00,12.0,185.21998596191406,175.0,262.0
2026-09-23 06:00:00+00:00,13.0,212.14620971679688,197.0,262.0
2026-09-23 07:00:00+00:00,14.0,211.51344299316406,199.0,262.0
2026-09-23 08:00:00+00:00,15.0,218.3644256591797,207.0,255.14285278320312
2026-09-23 09:00:00+00:00,16.0,215.2779998779297,197.0,218.6666717529297
2026-09-23 10:00:00+00:00,17.0,242.39462280273438,226.0,218.0
2026-09-23 11:00:00+00:00,18.0,257.4465637207031,244.0,218.0
2026-09-23 12:00:00+00:00,19.0,247.24703979492188,232.0,218.0
2026-09-23 13:00:00+00:00,20.0,261.5344543457031,250.0,228.75
2026-09-23 14:00:00+00:00,21.0,254.09332275390625,243.0,254.5
2026-09-23 15:00:00+00:00,22.0,262.5753479003906,251.0,244.0
2026-09-23 16:00:00+00:00,23.0,260.3748474121094,250.0,239.625
2026-09-23 17:00:00+00:00,24.0,271.022705078125,261.0,238.57142639160156
2026-09-22 19:00:00+00:00,1.0,319.8311767578125,310.0,262.0
2026-09-22 20:00:00+00:00,2.0,349.7460021972656,340.0,262.0
2026-09-22 21:00:00+00:00,3.0,356.70513916015625,348.0,262.0
2026-09-22 22:00:00+00:00,4.0,74.61199951171875,67.0,262.0
2026-09-22 23:00:00+00:00,5.0,143.4909210205078,136.0,262.0
2026-09-23 00:00:00+00:00,6.0,195.26588439941406,181.0,262.0
2026-09-23 01:00:00+00:00,7.0,170.15628051757812,161.0,262.0
2026-09-23 02:00:00+00:00,8.0,203.82102966308594,193.0,262.0
2026-09-23 03:00:00+00:00,9.0,210.4835205078125,196.0,262.0
2026-09-23 04:00:00+00:00,10.0,222.31887817382812,206.0,262.0
2026-09-23 05:00:00+00:00,11.0,206.675537109375,196.0,262.0
2026-09-23 06:00:00+00:00,12.0,221.6219024658203,211.0,262.0
2026-09-23 07:00:00+00:00,13.0,223.53680419921875,208.0,262.0
2026-09-23 08:00:00+00:00,14.0,223.70806884765625,211.0,255.14285278320312
2026-09-23 09:00:00+00:00,15.0,208.50230407714844,197.0,218.6666717529297
2026-09-23 10:00:00+00:00,16.0,231.4033660888672,213.0,218.0
2026-09-23 11:00:00+00:00,17.0,275.618896484375,259.0,218.0
2026-09-23 12:00:00+00:00,18.0,242.748779296875,229.0,218.0
2026-09-23 13:00:00+00:00,19.0,203.5118865966797,188.0,228.75
2026-09-23 14:00:00+00:00,20.0,273.4156494140625,262.0,254.5
2026-09-23 15:00:00+00:00,21.0,240.9194793701172,230.0,244.0
2026-09-23 16:00:00+00:00,22.0,268.53472900390625,257.0,239.625
2026-09-23 17:00:00+00:00,23.0,270.2392578125,260.0,238.57142639160156
2026-09-23 18:00:00+00:00,24.0,291.8770751953125,282.0,249.7142791748047
2026-09-22 20:00:00+00:00,1.0,47.084434509277344,37.0,262.0
2026-09-22 21:00:00+00:00,2.0,183.18736267089844,173.0,262.0
2026-09-22 22:00:00+00:00,3.0,199.2537078857422,190.0,262.0
2026-09-22 23:00:00+00:00,4.0,184.13636779785156,176.0,262.0
2026-09-23 00:00:00+00:00,5.0,190.95947265625,183.0,262.0
2026-09-23 01:00:00+00:00,6.0,170.49806213378906,156.0,262.0
2026-09-23 02:00:00+00:00,7.0,153.42811584472656,144.0,262.0
2026-09-23 03:00:00+00:00,8.0,188.0615692138672,177.0,262.0
2026-09-23 04:00:00+00:00,9.0,196.8393096923828,182.0,262.0
2026-09-23 05:00:00+00:00,10.0,220.57444763183594,204.0,262.0
2026-09-23 06:00:00+00:00,11.0,214.89393615722656,204.0,262.0
2026-09-23 07:00:00+00:00,12.0,208.9710235595703,198.0,262.0
2026-09-23 08:00:00+00:00,13.0,228.8494873046875,213.0,255.14285278320312
2026-09-23 09:00:00+00:00,14.0,214.86912536621094,202.0,218.6666717529297
2026-09-23 10:00:00+00:00,15.0,254.61376953125,243.0,218.0
2026-09-23 11:00:00+00:00,16.0,256.4617919921875,238.0,218.0
2026-09-23 12:00:00+00:00,17.0,212.7754364013672,196.0,218.0
2026-09-23 13:00:00+00:00,18.0,272.0262451171875,258.0,228.75
2026-09-23 14:00:00+00:00,19.0,247.7425994873047,232.0,254.5
2026-09-23 15:00:00+00:00,20.0,253.25961303710938,242.0,244.0
2026-09-23 16:00:00+00:00,21.0,257.7128601074219,247.0,239.625
2026-09-23 17:00:00+00:00,22.0,268.41156005859375,257.0,238.57142639160156
2026-09-23 18:00:00+00:00,23.0,288.0541076660156,278.0,249.7142791748047
2026-09-23 19:00:00+00:00,24.0,3.69915771484375,354.0,286.0
2026-09-22 21:00:00+00:00,1.0,278.15423583984375,268.0,262.0
2026-09-22 22:00:00+00:00,2.0,224.37789916992188,214.0,262.0
2026-09-22 23:00:00+00:00,3.0,190.44691467285156,181.0,262.0
2026-09-23 00:00:00+00:00,4.0,211.31703186035156,203.0,262.0
2026-09-23 01:00:00+00:00,5.0,190.15818786621094,182.0,262.0
2026-09-23 02:00:00+00:00,6.0,182.60281372070312,168.0,262.0
2026-09-23 03:00:00+00:00,7.0,174.5390167236328,165.0,262.0
2026-09-23 04:00:00+00:00,8.0,199.17352294921875,188.0,262.0
2026-09-23 05:00:00+00:00,9.0,228.9563751220703,214.0,262.0
2026-09-23 06:00:00+00:00,10.0,219.68109130859375,203.0,262.0
2026-09-23 07:00:00+00:00,11.0,201.9738311767578,191.0,262.0
2026-09-23 08:00:00+00:00,12.0,221.13621520996094,210.0,255.14285278320312
2026-09-23 09:00:00+00:00,13.0,226.98062133789062,211.0,218.6666717529297
2026-09-23 10:00:00+00:00,14.0,236.93341064453125,224.0,218.0
2026-09-23 11:00:00+00:00,15.0,257.6868591308594,246.0,218.0
2026-09-23 12:00:00+00:00,16.0,255.53636169433594,237.0,218.0
2026-09-23 13:00:00+00:00,17.0,258.8684387207031,242.0,228.75
2026-09-23 14:00:00+00:00,18.0,253.10511779785156,239.0,254.5
2026-09-23 15:00:00+00:00,19.0,249.84768676757812,234.0,244.0
2026-09-23 16:00:00+00:00,20.0,257.2071838378906,246.0,239.625
2026-09-23 17:00:00+00:00,21.0,270.697021484375,260.0,238.57142639160156
2026-09-23 18:00:00+00:00,22.0,282.3945617675781,271.0,249.7142791748047
2026-09-23 19:00:00+00:00,23.0,359.020263671875,349.0,286.0
2026-09-23 20:00:00+00:00,24.0,357.6449890136719,348.0,340.4285583496094
2026-09-22 22:00:00+00:00,1.0,145.68893432617188,135.0,262.0
2026-09-22 23:00:00+00:00,2.0,160.1866455078125,149.0,262.0
2026-09-23 00:00:00+00:00,3.0,175.4077911376953,165.0,262.0
2026-09-23 01:00:00+00:00,4.0,177.2090301513672,168.0,262.0
2026-09-23 02:00:00+00:00,5.0,165.8140411376953,157.0,262.0
2026-09-23 03:00:00+00:00,6.0,166.8466796875,152.0,262.0
2026-09-23 04:00:00+00:00,7.0,200.02601623535156,190.0,262.0
2026-09-23 05:00:00+00:00,8.0,218.5021209716797,207.0,262.0
2026-09-23 06:00:00+00:00,9.0,222.3680419921875,207.0,262.0
2026-09-23 07:00:00+00:00,10.0,210.94937133789062,194.0,262.0
2026-09-23 08:00:00+00:00,11.0,184.16744995117188,173.0,255.14285278320312
2026-09-23 09:00:00+00:00,12.0,171.51593017578125,160.0,218.6666717529297
2026-09-23 10:00:00+00:00,13.0,231.32005310058594,215.0,218.0
2026-09-23 11:00:00+00:00,14.0,251.23768615722656,238.0,218.0
2026-09-23 12:00:00+00:00,15.0,223.75198364257812,212.0,218.0
2026-09-23 13:00:00+00:00,16.0,259.3421936035156,241.0,228.75
2026-09-23 14:00:00+00:00,17.0,271.8462829589844,255.0,254.5
2026-09-23 15:00:00+00:00,18.0,266.4894714355469,252.0,244.0
2026-09-23 16:00:00+00:00,19.0,275.0949401855469,259.0,239.625
2026-09-23 17:00:00+00:00,20.0,281.819580078125,271.0,238.57142639160156
2026-09-23 18:00:00+00:00,21.0,283.16558837890625,273.0,249.7142791748047
2026-09-23 19:00:00+00:00,22.0,352.8326416015625,342.0,286.0
2026-09-23 20:00:00+00:00,23.0,349.45111083984375,340.0,340.4285583496094
2026-09-23 21:00:00+00:00,24.0,346.1747741699219,337.0,250.2857208251953
2026-09-22 23:00:00+00:00,2.0,160.12620544433594,149.0,262.0
2026-09-23 00:00:00+00:00,3.0,176.7592315673828,165.0,262.0
2026-09-23 01:00:00+00:00,4.0,178.85223388671875,168.0,262.0
2026-09-23 02:00:00+00:00,5.0,166.7759246826172,157.0,262.0
2026-09-23 03:00:00+00:00,6.0,161.2109832763672,152.0,262.0
2026-09-23 04:00:00+00:00,7.0,205.0675811767578,190.0,262.0
2026-09-23 05:00:00+00:00,8.0,217.2385711669922,207.0,262.0
2026-09-23 06:00:00+00:00,9.0,218.5672607421875,207.0,262.0
2026-09-23 07:00:00+00:00,10.0,209.44883728027344,194.0,262.0
2026-09-23 08:00:00+00:00,11.0,190.07476806640625,173.0,255.14285278320312
2026-09-23 09:00:00+00:00,12.0,171.12733459472656,160.0,218.6666717529297
2026-09-23 10:00:00+00:00,13.0,226.61497497558594,215.0,218.0
2026-09-23 11:00:00+00:00,14.0,254.3468017578125,238.0,218.0
2026-09-23 12:00:00+00:00,15.0,225.5044708251953,212.0,218.0
2026-09-23 13:00:00+00:00,16.0,252.79489135742188,241.0,228.75
2026-09-23 14:00:00+00:00,17.0,273.05810546875,255.0,254.5
2026-09-23 15:00:00+00:00,18.0,268.64703369140625,252.0,244.0
2026-09-23 16:00:00+00:00,19.0,273.70977783203125,259.0,239.625
2026-09-23 17:00:00+00:00,20.0,287.12921142578125,271.0,238.57142639160156
2026-09-23 18:00:00+00:00,21.0,283.66680908203125,273.0,249.7142791748047
2026-09-23 19:00:00+00:00,22.0,351.9148864746094,342.0,286.0
2026-09-23 20:00:00+00:00,23.0,350.35382080078125,340.0,340.4285583496094
2026-09-23 21:00:00+00:00,24.0,346.0721435546875,337.0,250.2857208251953
2026-09-23 22:00:00+00:00,25.0,347.8431091308594,339.0,337.0
2026-09-23 00:00:00+00:00,3.0,176.43487548828125,165.0,262.0
2026-09-23 01:00:00+00:00,4.0,180.18106079101562,168.0,262.0
2026-09-23 02:00:00+00:00,5.0,168.0317840576172,157.0,262.0
2026-09-23 03:00:00+00:00,6.0,162.1002655029297,152.0,262.0
2026-09-23 04:00:00+00:00,7.0,199.38914489746094,190.0,262.0
2026-09-23 05:00:00+00:00,8.0,222.18324279785156,207.0,262.0
2026-09-23 06:00:00+00:00,9.0,217.31295776367188,207.0,262.0
2026-09-23 07:00:00+00:00,10.0,205.5106964111328,194.0,262.0
2026-09-23 08:00:00+00:00,11.0,188.37359619140625,173.0,255.14285278320312
2026-09-23 09:00:00+00:00,12.0,177.1126708984375,160.0,218.6666717529297
2026-09-23 10:00:00+00:00,13.0,226.03326416015625,215.0,218.0
2026-09-23 11:00:00+00:00,14.0,249.57591247558594,238.0,218.0
2026-09-23 12:00:00+00:00,15.0,228.2368927001953,212.0,218.0
2026-09-23 13:00:00+00:00,16.0,254.7154083251953,241.0,228.75
2026-09-23 14:00:00+00:00,17.0,266.8057861328125,255.0,254.5
2026-09-23 15:00:00+00:00,18.0,269.7763671875,252.0,244.0
2026-09-23 16:00:00+00:00,19.0,275.3502197265625,259.0,239.625
2026-09-23 17:00:00+00:00,20.0,285.81805419921875,271.0,238.57142639160156
2026-09-23 18:00:00+00:00,21.0,289.02886962890625,273.0,249.7142791748047
2026-09-23 19:00:00+00:00,22.0,352.6016540527344,342.0,286.0
2026-09-23 20:00:00+00:00,23.0,349.74822998046875,340.0,340.4285583496094
2026-09-23 21:00:00+00:00,24.0,346.9476013183594,337.0,250.2857208251953
2026-09-23 22:00:00+00:00,25.0,347.7579650878906,339.0,337.0
2026-09-23 23:00:00+00:00,26.0,347.58575439453125,339.0,314.6666564941406
2026-09-23 01:00:00+00:00,4.0,179.67430114746094,168.0,262.0
2026-09-23 02:00:00+00:00,5.0,169.46121215820312,157.0,262.0
2026-09-23 03:00:00+00:00,6.0,163.08009338378906,152.0,262.0
2026-09-23 04:00:00+00:00,7.0,200.3104705810547,190.0,262.0
2026-09-23 05:00:00+00:00,8.0,216.4791259765625,207.0,262.0
2026-09-23 06:00:00+00:00,9.0,222.1984405517578,207.0,262.0
2026-09-23 07:00:00+00:00,10.0,204.31878662109375,194.0,262.0
2026-09-23 08:00:00+00:00,11.0,184.4856719970703,173.0,255.14285278320312
2026-09-23 09:00:00+00:00,12.0,175.30938720703125,160.0,218.6666717529297
2026-09-23 10:00:00+00:00,13.0,232.06927490234375,215.0,218.0
2026-09-23 11:00:00+00:00,14.0,248.9560546875,238.0,218.0
2026-09-23 12:00:00+00:00,15.0,223.4777374267578,212.0,218.0
2026-09-23 13:00:00+00:00,16.0,257.06005859375,241.0,228.75
2026-09-23 14:00:00+00:00,17.0,268.92718505859375,255.0,254.5
2026-09-23 15:00:00+00:00,18.0,263.7505187988281,252.0,244.0
2026-09-23 16:00:00+00:00,19.0,276.5422668457031,259.0,239.625
2026-09-23 17:00:00+00:00,20.0,287.09716796875,271.0,238.57142639160156
2026-09-23 18:00:00+00:00,21.0,287.8488464355469,273.0,249.7142791748047
2026-09-23 19:00:00+00:00,22.0,357.9352111816406,342.0,286.0
2026-09-23 20:00:00+00:00,23.0,350.6123046875,340.0,340.4285583496094
2026-09-23 21:00:00+00:00,24.0,346.6382751464844,337.0,250.2857208251953
2026-09-23 22:00:00+00:00,25.0,348.6470031738281,339.0,337.0
2026-09-23 23:00:00+00:00,26.0,347.54022216796875,339.0,314.6666564941406
2026-09-24 00:00:00+00:00,27.0,351.4190368652344,343.0,314.1666564941406
2026-09-23 02:00:00+00:00,5.0,168.7983856201172,157.0,262.0
2026-09-23 03:00:00+00:00,6.0,164.50599670410156,152.0,262.0
2026-09-23 04:00:00+00:00,7.0,200.96047973632812,190.0,262.0
2026-09-23 05:00:00+00:00,8.0,217.35897827148438,207.0,262.0
2026-09-23 06:00:00+00:00,9.0,216.3757781982422,207.0,262.0
2026-09-23 07:00:00+00:00,10.0,209.03456115722656,194.0,262.0
2026-09-23 08:00:00+00:00,11.0,183.19509887695312,173.0,255.14285278320312
2026-09-23 09:00:00+00:00,12.0,171.38604736328125,160.0,218.6666717529297
2026-09-23 10:00:00+00:00,13.0,230.20013427734375,215.0,218.0
2026-09-23 11:00:00+00:00,14.0,254.8814239501953,238.0,218.0
2026-09-23 12:00:00+00:00,15.0,222.87115478515625,212.0,218.0
2026-09-23 13:00:00+00:00,16.0,252.23338317871094,241.0,228.75
2026-09-23 14:00:00+00:00,17.0,270.7531433105469,255.0,254.5
2026-09-23 15:00:00+00:00,18.0,266.0458679199219,252.0,244.0
2026-09-23 16:00:00+00:00,19.0,270.57928466796875,259.0,239.625
2026-09-23 17:00:00+00:00,20.0,288.28424072265625,271.0,238.57142639160156
2026-09-23 18:00:00+00:00,21.0,288.8161926269531,273.0,249.7142791748047
2026-09-23 19:00:00+00:00,22.0,356.7509765625,342.0,286.0
2026-09-23 20:00:00+00:00,23.0,355.8139953613281,340.0,340.4285583496094
2026-09-23 21:00:00+00:00,24.0,347.62371826171875,337.0,250.2857208251953
2026-09-23 22:00:00+00:00,25.0,348.51373291015625,339.0,337.0
2026-09-23 23:00:00+00:00,26.0,348.3991394042969,339.0,314.6666564941406
2026-09-24 00:00:00+00:00,27.0,351.3523254394531,343.0,314.1666564941406
2026-09-24 01:00:00+00:00,28.0,356.3194274902344,348.0,321.6000061035156
2026-09-23 03:00:00+00:00,6.0,163.87313842773438,152.0,262.0
2026-09-23 04:00:00+00:00,7.0,202.352783203125,190.0,262.0
2026-09-23 05:00:00+00:00,8.0,217.69091796875,207.0,262.0
2026-09-23 06:00:00+00:00,9.0,217.2620086669922,207.0,262.0
2026-09-23 07:00:00+00:00,10.0,203.04408264160156,194.0,262.0
2026-09-23 08:00:00+00:00,11.0,187.75357055664062,173.0,255.14285278320312
2026-09-23 09:00:00+00:00,12.0,169.99160766601562,160.0,218.6666717529297
2026-09-23 10:00:00+00:00,13.0,226.15602111816406,215.0,218.0
2026-09-23 11:00:00+00:00,14.0,253.02908325195312,238.0,218.0
2026-09-23 12:00:00+00:00,15.0,228.58987426757812,212.0,218.0
2026-09-23 13:00:00+00:00,16.0,251.72140502929688,241.0,228.75
2026-09-23 14:00:00+00:00,17.0,265.86163330078125,255.0,254.5
2026-09-23 15:00:00+00:00,18.0,267.3431396484375,252.0,244.0
2026-09-23 16:00:00+00:00,19.0,273.0584716796875,259.0,239.625
2026-09-23 17:00:00+00:00,20.0,282.31866455078125,271.0,238.57142639160156
2026-09-23 18:00:00+00:00,21.0,289.9491271972656,273.0,249.7142791748047
2026-09-23 19:00:00+00:00,22.0,357.45538330078125,342.0,286.0
2026-09-23 20:00:00+00:00,23.0,354.52960205078125,340.0,340.4285583496094
2026-09-23 21:00:00+00:00,24.0,352.61376953125,337.0,250.2857208251953
2026-09-23 22:00:00+00:00,25.0,349.6336669921875,339.0,337.0
2026-09-23 23:00:00+00:00,26.0,348.3511657714844,339.0,314.6666564941406
2026-09-24 00:00:00+00:00,27.0,352.1130065917969,343.0,314.1666564941406
2026-09-24 01:00:00+00:00,28.0,356.111083984375,348.0,321.6000061035156
2026-09-24 02:00:00+00:00,29.0,353.237548828125,345.0,340.375
2026-09-23 04:00:00+00:00,7.0,201.9053497314453,190.0,262.0
2026-09-23 05:00:00+00:00,8.0,219.01222229003906,207.0,262.0
2026-09-23 06:00:00+00:00,9.0,217.31863403320312,207.0,262.0
2026-09-23 07:00:00+00:00,10.0,204.06394958496094,194.0,262.0
2026-09-23 08:00:00+00:00,11.0,181.5531005859375,173.0,255.14285278320312
2026-09-23 09:00:00+00:00,12.0,174.40902709960938,160.0,218.6666717529297
2026-09-23 10:00:00+00:00,13.0,224.74838256835938,215.0,218.0
2026-09-23 11:00:00+00:00,14.0,248.84527587890625,238.0,218.0
2026-09-23 12:00:00+00:00,15.0,226.84341430664062,212.0,218.0
2026-09-23 13:00:00+00:00,16.0,257.22998046875,241.0,228.75
2026-09-23 14:00:00+00:00,17.0,265.5302734375,255.0,254.5
2026-09-23 15:00:00+00:00,18.0,262.4215393066406,252.0,244.0
2026-09-23 16:00:00+00:00,19.0,273.88104248046875,259.0,239.625
2026-09-23 17:00:00+00:00,20.0,285.0038757324219,271.0,238.57142639160156
2026-09-23 18:00:00+00:00,21.0,283.9824523925781,273.0,249.7142791748047
2026-09-23 19:00:00+00:00,22.0,358.5498352050781,342.0,286.0
2026-09-23 20:00:00+00:00,23.0,355.0503845214844,340.0,340.4285583496094
2026-09-23 21:00:00+00:00,24.0,351.2264099121094,337.0,250.2857208251953
2026-09-23 22:00:00+00:00,25.0,354.3609619140625,339.0,337.0
2026-09-23 23:00:00+00:00,26.0,349.6501770019531,339.0,314.6666564941406
2026-09-24 00:00:00+00:00,27.0,352.16552734375,343.0,314.1666564941406
2026-09-24 01:00:00+00:00,28.0,356.8206481933594,348.0,321.6000061035156
2026-09-24 02:00:00+00:00,29.0,352.840087890625,345.0,340.375
2026-09-24 03:00:00+00:00,30.0,345.1684875488281,337.0,353.79998779296875
2026-09-23 05:00:00+00:00,8.0,218.835205078125,207.0,262.0
2026-09-23 06:00:00+00:00,9.0,218.52540588378906,207.0,262.0
2026-09-23 07:00:00+00:00,10.0,203.83248901367188,194.0,262.0
2026-09-23 08:00:00+00:00,11.0,182.68955993652344,173.0,255.14285278320312
2026-09-23 09:00:00+00:00,12.0,168.03953552246094,160.0,218.6666717529297
2026-09-23 10:00:00+00:00,13.0,229.12744140625,215.0,218.0
2026-09-23 11:00:00+00:00,14.0,247.50038146972656,238.0,218.0
2026-09-23 12:00:00+00:00,15.0,222.6077117919922,212.0,218.0
2026-09-23 13:00:00+00:00,16.0,255.67037963867188,241.0,228.75
2026-09-23 14:00:00+00:00,17.0,270.9136047363281,255.0,254.5
2026-09-23 15:00:00+00:00,18.0,262.3554382324219,252.0,244.0
2026-09-23 16:00:00+00:00,19.0,269.05126953125,259.0,239.625
2026-09-23 17:00:00+00:00,20.0,285.50421142578125,271.0,238.57142639160156
2026-09-23 18:00:00+00:00,21.0,286.9142761230469,273.0,249.7142791748047
2026-09-23 19:00:00+00:00,22.0,352.7021789550781,342.0,286.0
2026-09-23 20:00:00+00:00,23.0,356.35577392578125,340.0,340.4285583496094
2026-09-23 21:00:00+00:00,24.0,351.85931396484375,337.0,250.2857208251953
2026-09-23 22:00:00+00:00,25.0,352.9725341796875,339.0,337.0
2026-09-23 23:00:00+00:00,26.0,354.1633605957031,339.0,314.6666564941406
2026-09-24 00:00:00+00:00,27.0,353.80926513671875,343.0,314.1666564941406
2026-09-24 01:00:00+00:00,28.0,357.23199462890625,348.0,321.6000061035156
2026-09-24 02:00:00+00:00,29.0,353.8102111816406,345.0,340.375
2026-09-24 03:00:00+00:00,30.0,344.851806640625,337.0,353.79998779296875
2026-09-24 04:00:00+00:00,31.0,347.3041076660156,339.0,6.333333492279053
2026-09-23 06:00:00+00:00,9.0,218.613037109375,207.0,262.0
2026-09-23 07:00:00+00:00,10.0,204.88133239746094,194.0,262.0
2026-09-23 08:00:00+00:00,11.0,182.2523651123047,173.0,255.14285278320312
2026-09-23 09:00:00+00:00,12.0,169.1210479736328,160.0,218.6666717529297
2026-09-23 10:00:00+00:00,13.0,222.41748046875,215.0,218.0
2026-09-23 11:00:00+00:00,14.0,251.8135528564453,238.0,218.0
2026-09-23 12:00:00+00:00,15.0,221.203857421875,212.0,218.0
2026-09-23 13:00:00+00:00,16.0,251.3203582763672,241.0,228.75
2026-09-23 14:00:00+00:00,17.0,269.4441223144531,255.0,254.5
2026-09-23 15:00:00+00:00,18.0,267.6144714355469,252.0,244.0
2026-09-23 16:00:00+00:00,19.0,269.1861267089844,259.0,239.625
2026-09-23 17:00:00+00:00,20.0,280.6507263183594,271.0,238.57142639160156
2026-09-23 18:00:00+00:00,21.0,287.1636657714844,273.0,249.7142791748047
2026-09-23 19:00:00+00:00,22.0,355.709716796875,342.0,286.0
2026-09-23 20:00:00+00:00,23.0,350.45635986328125,340.0,340.4285583496094
2026-09-23 21:00:00+00:00,24.0,353.26580810546875,337.0,250.2857208251953
2026-09-23 22:00:00+00:00,25.0,353.7431335449219,339.0,337.0
2026-09-23 23:00:00+00:00,26.0,352.71258544921875,339.0,314.6666564941406
2026-09-24 00:00:00+00:00,27.0,357.9585876464844,343.0,314.1666564941406
2026-09-24 01:00:00+00:00,28.0,358.9935302734375,348.0,321.6000061035156
2026-09-24 02:00:00+00:00,29.0,354.39208984375,345.0,340.375
2026-09-24 03:00:00+00:00,30.0,345.9744567871094,337.0,353.79998779296875
2026-09-24 04:00:00+00:00,31.0,347.0169677734375,339.0,6.333333492279053
2026-09-24 05:00:00+00:00,32.0,345.5514831542969,337.0,225.6666717529297
2026-09-23 07:00:00+00:00,1.0,217.37559509277344,206.0,262.0
2026-09-23 08:00:00+00:00,2.0,203.3072967529297,193.0,255.14285278320312
2026-09-23 09:00:00+00:00,3.0,166.6167449951172,158.0,218.6666717529297
2026-09-23 10:00:00+00:00,4.0,213.4576873779297,205.0,218.0
2026-09-23 11:00:00+00:00,5.0,200.88693237304688,194.0,218.0
2026-09-23 12:00:00+00:00,6.0,222.66966247558594,209.0,218.0
2026-09-23 13:00:00+00:00,7.0,237.975830078125,229.0,228.75
2026-09-23 14:00:00+00:00,8.0,262.1545104980469,252.0,254.5
2026-09-23 15:00:00+00:00,9.0,264.1799011230469,250.0,244.0
2026-09-23 16:00:00+00:00,10.0,271.4690246582031,256.0,239.625
2026-09-23 17:00:00+00:00,11.0,279.0677490234375,269.0,238.57142639160156
2026-09-23 18:00:00+00:00,12.0,318.439453125,309.0,249.7142791748047
2026-09-23 19:00:00+00:00,13.0,356.99774169921875,343.0,286.0
2026-09-23 20:00:00+00:00,14.0,0.45635986328125,347.0,340.4285583496094
2026-09-23 21:00:00+00:00,15.0,0.4613037109375,350.0,250.2857208251953
2026-09-23 22:00:00+00:00,16.0,1.52130126953125,345.0,337.0
2026-09-23 23:00:00+00:00,17.0,354.9256286621094,340.0,314.6666564941406
2026-09-24 00:00:00+00:00,18.0,352.55572509765625,339.0,314.1666564941406
2026-09-24 01:00:00+00:00,19.0,2.8359375,348.0,321.6000061035156
2026-09-24 02:00:00+00:00,20.0,356.38232421875,345.0,340.375
2026-09-24 03:00:00+00:00,21.0,350.8403015136719,341.0,353.79998779296875
2026-09-24 04:00:00+00:00,22.0,356.394287109375,347.0,6.333333492279053
2026-09-24 05:00:00+00:00,23.0,351.5589904785156,343.0,225.6666717529297
2026-09-24 06:00:00+00:00,24.0,352.01605224609375,343.0,352.0
2026-09-23 08:00:00+00:00,1.0,199.47589111328125,189.0,255.14285278320312
2026-09-23 09:00:00+00:00,2.0,170.4883575439453,162.0,218.6666717529297
2026-09-23 10:00:00+00:00,3.0,208.9406280517578,202.0,218.0
2026-09-23 11:00:00+00:00,4.0,199.7269744873047,193.0,218.0
2026-09-23 12:00:00+00:00,5.0,215.250244140625,210.0,218.0
2026-09-23 13:00:00+00:00,6.0,248.9122772216797,236.0,228.75
2026-09-23 14:00:00+00:00,7.0,258.08428955078125,250.0,254.5
2026-09-23 15:00:00+00:00,8.0,254.23094177246094,245.0,244.0
2026-09-23 16:00:00+00:00,9.0,265.3985290527344,252.0,239.625
2026-09-23 17:00:00+00:00,10.0,275.8354187011719,261.0,238.57142639160156
2026-09-23 18:00:00+00:00,11.0,290.5499267578125,281.0,249.7142791748047
2026-09-23 19:00:00+00:00,12.0,345.3959655761719,337.0,286.0
2026-09-23 20:00:00+00:00,13.0,348.3127136230469,335.0,340.4285583496094
2026-09-23 21:00:00+00:00,14.0,355.5919189453125,343.0,250.2857208251953
2026-09-23 22:00:00+00:00,15.0,352.0744934082031,342.0,337.0
2026-09-23 23:00:00+00:00,16.0,355.449462890625,339.0,314.6666564941406
2026-09-24 00:00:00+00:00,17.0,352.6925354003906,338.0,314.1666564941406
2026-09-24 01:00:00+00:00,18.0,358.7974853515625,346.0,321.6000061035156
2026-09-24 02:00:00+00:00,19.0,348.2012023925781,334.0,340.375
2026-09-24 03:00:00+00:00,20.0,345.8173828125,334.0,353.79998779296875
2026-09-24 04:00:00+00:00,21.0,349.3246154785156,339.0,6.333333492279053
2026-09-24 05:00:00+00:00,22.0,351.0262756347656,341.0,225.6666717529297
2026-09-24 06:00:00+00:00,23.0,349.1830749511719,340.0,352.0
2026-09-24 07:00:00+00:00,24.0,356.70654296875,347.0,354.0
2026-09-23 09:00:00+00:00,1.0,180.39356994628906,170.0,218.6666717529297
2026-09-23 10:00:00+00:00,2.0,233.10494995117188,225.0,218.0
2026-09-23 11:00:00+00:00,3.0,214.66693115234375,208.0,218.0
2026-09-23 12:00:00+00:00,4.0,240.46224975585938,234.0,218.0
2026-09-23 13:00:00+00:00,5.0,248.8275604248047,244.0,228.75
2026-09-23 14:00:00+00:00,6.0,259.73541259765625,247.0,254.5
2026-09-23 15:00:00+00:00,7.0,260.88671875,253.0,244.0
2026-09-23 16:00:00+00:00,8.0,260.9248046875,252.0,239.625
2026-09-23 17:00:00+00:00,9.0,288.3224182128906,275.0,238.57142639160156
2026-09-23 18:00:00+00:00,10.0,304.66302490234375,290.0,249.7142791748047
2026-09-23 19:00:00+00:00,11.0,351.4205017089844,342.0,286.0
2026-09-23 20:00:00+00:00,12.0,347.1495666503906,339.0,340.4285583496094
2026-09-23 21:00:00+00:00,13.0,357.0296630859375,344.0,250.2857208251953
2026-09-23 22:00:00+00:00,14.0,350.4276428222656,338.0,337.0
2026-09-23 23:00:00+00:00,15.0,349.89385986328125,340.0,314.6666564941406
2026-09-24 00:00:00+00:00,16.0,0.252471923828125,344.0,314.1666564941406
2026-09-24 01:00:00+00:00,17.0,355.51763916015625,341.0,321.6000061035156
2026-09-24 02:00:00+00:00,18.0,349.58087158203125,337.0,340.375
2026-09-24 03:00:00+00:00,19.0,353.0348815917969,339.0,353.79998779296875
2026-09-24 04:00:00+00:00,20.0,353.873046875,342.0,6.333333492279053
2026-09-24 05:00:00+00:00,21.0,349.25152587890625,339.0,225.6666717529297
2026-09-24 06:00:00+00:00,22.0,351.9385681152344,342.0,352.0
2026-09-24 07:00:00+00:00,23.0,356.0751037597656,347.0,354.0
2026-09-24 08:00:00+00:00,24.0,4.702117919921875,355.0,354.6666564941406
2026-09-23 10:00:00+00:00,1.0,220.5059814453125,210.0,218.0
2026-09-23 11:00:00+00:00,2.0,196.12631225585938,188.0,218.0
2026-09-23 12:00:00+00:00,3.0,211.7410430908203,205.0,218.0
2026-09-23 13:00:00+00:00,4.0,242.5541229248047,236.0,228.75
2026-09-23 14:00:00+00:00,5.0,252.79103088378906,248.0,254.5
2026-09-23 15:00:00+00:00,6.0,261.7474670410156,249.0,244.0
2026-09-23 16:00:00+00:00,7.0,264.93328857421875,257.0,239.625
2026-09-23 17:00:00+00:00,8.0,271.9209899902344,263.0,238.57142639160156
2026-09-23 18:00:00+00:00,9.0,298.423828125,285.0,249.7142791748047
2026-09-23 19:00:00+00:00,10.0,341.666015625,327.0,286.0
2026-09-23 20:00:00+00:00,11.0,351.44793701171875,342.0,340.4285583496094
2026-09-23 21:00:00+00:00,12.0,353.16668701171875,345.0,250.2857208251953
2026-09-23 22:00:00+00:00,13.0,355.0220642089844,342.0,337.0
2026-09-23 23:00:00+00:00,14.0,357.45965576171875,345.0,314.6666564941406
2026-09-24 00:00:00+00:00,15.0,352.86846923828125,343.0,314.1666564941406
2026-09-24 01:00:00+00:00,16.0,0.224334716796875,344.0,321.6000061035156
2026-09-24 02:00:00+00:00,17.0,358.5052795410156,344.0,340.375
2026-09-24 03:00:00+00:00,18.0,359.6180725097656,347.0,353.79998779296875
2026-09-24 04:00:00+00:00,19.0,351.0788879394531,337.0,6.333333492279053
2026-09-24 05:00:00+00:00,20.0,350.86090087890625,339.0,225.6666717529297
2026-09-24 06:00:00+00:00,21.0,349.17144775390625,339.0,352.0
2026-09-24 07:00:00+00:00,22.0,351.8515319824219,342.0,354.0
2026-09-24 08:00:00+00:00,23.0,1.99310302734375,353.0,354.6666564941406
2026-09-24 09:00:00+00:00,24.0,6.6898193359375,357.0,348.0
2026-09-23 11:00:00+00:00,1.0,199.28317260742188,189.0,218.0
2026-09-23 12:00:00+00:00,2.0,200.77093505859375,193.0,218.0
2026-09-23 13:00:00+00:00,3.0,257.52532958984375,251.0,228.75
2026-09-23 14:00:00+00:00,4.0,246.29054260253906,240.0,254.5
2026-09-23 15:00:00+00:00,5.0,255.46336364746094,251.0,244.0
2026-09-23 16:00:00+00:00,6.0,266.5281066894531,254.0,239.625
2026-09-23 17:00:00+00:00,7.0,268.6920471191406,261.0,238.57142639160156
2026-09-23 18:00:00+00:00,8.0,278.62237548828125,270.0,249.7142791748047
2026-09-23 19:00:00+00:00,9.0,341.29534912109375,328.0,286.0
2026-09-23 20:00:00+00:00,10.0,345.4739685058594,331.0,340.4285583496094
2026-09-23 21:00:00+00:00,11.0,348.3192138671875,339.0,250.2857208251953
2026-09-23 22:00:00+00:00,12.0,345.93505859375,338.0,337.0
2026-09-23 23:00:00+00:00,13.0,348.7378845214844,336.0,314.6666564941406
2026-09-24 00:00:00+00:00,14.0,351.255859375,339.0,314.1666564941406
2026-09-24 01:00:00+00:00,15.0,349.6535949707031,340.0,321.6000061035156
2026-09-24 02:00:00+00:00,16.0,4.986297607421875,349.0,340.375
2026-09-24 03:00:00+00:00,17.0,7.29931640625,353.0,353.79998779296875
2026-09-24 04:00:00+00:00,18.0,352.35302734375,340.0,6.333333492279053
2026-09-24 05:00:00+00:00,19.0,352.89788818359375,339.0,225.6666717529297
2026-09-24 06:00:00+00:00,20.0,349.76580810546875,338.0,352.0
2026-09-24 07:00:00+00:00,21.0,357.06072998046875,347.0,354.0
2026-09-24 08:00:00+00:00,22.0,7.772674560546875,358.0,354.6666564941406
2026-09-24 09:00:00+00:00,23.0,13.840386390686035,5.0,348.0
2026-09-24 10:00:00+00:00,24.0,8.6063232421875,359.0,285.0
2026-09-23 12:00:00+00:00,1.0,222.14320373535156,212.0,218.0
2026-09-23 13:00:00+00:00,2.0,239.67982482910156,232.0,228.75
2026-09-23 14:00:00+00:00,3.0,263.5450744628906,257.0,254.5
2026-09-23 15:00:00+00:00,4.0,255.20494079589844,249.0,244.0
2026-09-23 16:00:00+00:00,5.0,263.42156982421875,259.0,239.625
2026-09-23 17:00:00+00:00,6.0,272.4841003417969,260.0,238.57142639160156
2026-09-23 18:00:00+00:00,7.0,285.63409423828125,278.0,249.7142791748047
2026-09-23 19:00:00+00:00,8.0,308.5763854980469,300.0,286.0
2026-09-23 20:00:00+00:00,9.0,357.2716064453125,344.0,340.4285583496094
2026-09-23 21:00:00+00:00,10.0,357.42987060546875,343.0,250.2857208251953
2026-09-23 22:00:00+00:00,11.0,349.31915283203125,340.0,337.0
2026-09-23 23:00:00+00:00,12.0,342.94818115234375,335.0,314.6666564941406
2026-09-24 00:00:00+00:00,13.0,352.75335693359375,340.0,314.1666564941406
2026-09-24 01:00:00+00:00,14.0,344.1375427246094,332.0,321.6000061035156
2026-09-24 02:00:00+00:00,15.0,344.6182556152344,335.0,340.375
2026-09-24 03:00:00+00:00,16.0,2.9915771484375,347.0,353.79998779296875
2026-09-24 04:00:00+00:00,17.0,355.3348388671875,341.0,6.333333492279053
2026-09-24 05:00:00+00:00,18.0,357.3124694824219,345.0,225.6666717529297
2026-09-24 06:00:00+00:00,19.0,1.888519287109375,348.0,352.0
2026-09-24 07:00:00+00:00,20.0,5.649505615234375,354.0,354.0
2026-09-24 08:00:00+00:00,21.0,10.033526420593262,0.0,354.6666564941406
2026-09-24 09:00:00+00:00,22.0,10.811348915100098,1.0,348.0
2026-09-24 10:00:00+00:00,23.0,0.79998779296875,352.0,285.0
2026-09-24 11:00:00+00:00,24.0,356.58746337890625,347.0,5.0
2026-09-23 13:00:00+00:00,1.0,239.81112670898438,230.0,228.75
2026-09-23 14:00:00+00:00,2.0,260.25262451171875,253.0,254.5
2026-09-23 15:00:00+00:00,3.0,254.36021423339844,248.0,244.0
2026-09-23 16:00:00+00:00,4.0,268.9256896972656,263.0,239.625
2026-09-23 17:00:00+00:00,5.0,264.9273681640625,261.0,238.57142639160156
2026-09-23 18:00:00+00:00,6.0,282.9419250488281,271.0,249.7142791748047
2026-09-23 19:00:00+00:00,7.0,343.26641845703125,336.0,286.0
2026-09-23 20:00:00+00:00,8.0,1.031280517578125,353.0,340.4285583496094
2026-09-23 21:00:00+00:00,9.0,5.972564697265625,353.0,250.2857208251953
2026-09-23 22:00:00+00:00,10.0,8.059783935546875,354.0,337.0
2026-09-23 23:00:00+00:00,11.0,359.99749755859375,351.0,314.6666564941406
2026-09-24 00:00:00+00:00,12.0,355.4259033203125,348.0,314.1666564941406
2026-09-24 01:00:00+00:00,13.0,356.23602294921875,344.0,321.6000061035156
2026-09-24 02:00:00+00:00,14.0,354.81378173828125,343.0,340.375
2026-09-24 03:00:00+00:00,15.0,355.1629943847656,346.0,353.79998779296875
2026-09-24 04:00:00+00:00,16.0,356.288818359375,341.0,6.333333492279053
2026-09-24 05:00:00+00:00,17.0,352.70611572265625,339.0,225.6666717529297
2026-09-24 06:00:00+00:00,18.0,354.7924499511719,343.0,352.0
2026-09-24 07:00:00+00:00,19.0,5.4443359375,352.0,354.0
2026-09-24 08:00:00+00:00,20.0,6.18743896484375,355.0,354.6666564941406
2026-09-24 09:00:00+00:00,21.0,5.5184326171875,356.0,348.0
2026-09-24 10:00:00+00:00,22.0,354.32891845703125,345.0,285.0
2026-09-24 11:00:00+00:00,23.0,352.219482421875,344.0,5.0
2026-09-24 12:00:00+00:00,24.0,359.1977844238281,350.0,151.5
2026-09-23 14:00:00+00:00,1.0,260.83636474609375,251.0,254.5
2026-09-23 15:00:00+00:00,2.0,256.5077209472656,249.0,244.0
2026-09-23 16:00:00+00:00,3.0,267.7509765625,261.0,239.625
2026-09-23 17:00:00+00:00,4.0,273.28436279296875,267.0,238.57142639160156
2026-09-23 18:00:00+00:00,5.0,275.296875,271.0,249.7142791748047
2026-09-23 19:00:00+00:00,6.0,337.9837951660156,326.0,286.0
2026-09-23 20:00:00+00:00,7.0,340.3420715332031,333.0,340.4285583496094
2026-09-23 21:00:00+00:00,8.0,355.1876220703125,347.0,250.2857208251953
2026-09-23 22:00:00+00:00,9.0,347.1551818847656,334.0,337.0
2026-09-23 23:00:00+00:00,10.0,351.12298583984375,337.0,314.6666564941406
2026-09-24 00:00:00+00:00,11.0,347.09161376953125,338.0,314.1666564941406
2026-09-24 01:00:00+00:00,12.0,339.568359375,332.0,321.6000061035156
2026-09-24 02:00:00+00:00,13.0,356.4180908203125,344.0,340.375
2026-09-24 03:00:00+00:00,14.0,337.9064636230469,326.0,353.79998779296875
2026-09-24 04:00:00+00:00,15.0,356.09423828125,347.0,6.333333492279053
2026-09-24 05:00:00+00:00,16.0,354.1835021972656,339.0,225.6666717529297
2026-09-24 06:00:00+00:00,17.0,352.69580078125,339.0,352.0
2026-09-24 07:00:00+00:00,18.0,0.956390380859375,349.0,354.0
2026-09-24 08:00:00+00:00,19.0,13.513197898864746,0.0,354.6666564941406
2026-09-24 09:00:00+00:00,20.0,16.835758209228516,6.0,348.0
2026-09-24 10:00:00+00:00,21.0,3.2596435546875,354.0,285.0
2026-09-24 11:00:00+00:00,22.0,355.2251892089844,346.0,5.0
2026-09-24 12:00:00+00:00,23.0,355.9850158691406,348.0,151.5
2026-09-24 13:00:00+00:00,24.0,340.0081787109375,331.0,306.0
2026-09-23 15:00:00+00:00,1.0,246.7057647705078,237.0,244.0
2026-09-23 16:00:00+00:00,2.0,264.5537109375,257.0,239.625
2026-09-23 17:00:00+00:00,3.0,271.887939453125,265.0,238.57142639160156
2026-09-23 18:00:00+00:00,4.0,270.39019775390625,264.0,249.7142791748047
2026-09-23 19:00:00+00:00,5.0,336.4306640625,332.0,286.0
2026-09-23 20:00:00+00:00,6.0,343.8876037597656,332.0,340.4285583496094
2026-09-23 21:00:00+00:00,7.0,351.27398681640625,344.0,250.2857208251953
2026-09-23 22:00:00+00:00,8.0,337.1436462402344,329.0,337.0
2026-09-23 23:00:00+00:00,9.0,350.078125,337.0,314.6666564941406
2026-09-24 00:00:00+00:00,10.0,353.0363464355469,339.0,314.1666564941406
2026-09-24 01:00:00+00:00,11.0,347.03973388671875,338.0,321.6000061035156
2026-09-24 02:00:00+00:00,12.0,346.5669860839844,339.0,340.375
2026-09-24 03:00:00+00:00,13.0,353.4193115234375,341.0,353.79998779296875
2026-09-24 04:00:00+00:00,14.0,351.7691955566406,340.0,6.333333492279053
2026-09-24 05:00:00+00:00,15.0,346.9872741699219,338.0,225.6666717529297
2026-09-24 06:00:00+00:00,16.0,356.015625,341.0,352.0
2026-09-24 07:00:00+00:00,17.0,2.6043701171875,349.0,354.0
2026-09-24 08:00:00+00:00,18.0,7.8856201171875,356.0,354.6666564941406
2026-09-24 09:00:00+00:00,19.0,6.4403076171875,353.0,348.0
2026-09-24 10:00:00+00:00,20.0,359.48065185546875,349.0,285.0
2026-09-24 11:00:00+00:00,21.0,351.0456848144531,342.0,5.0
2026-09-24 12:00:00+00:00,22.0,343.0762939453125,334.0,151.5
2026-09-24 13:00:00+00:00,23.0,336.77288818359375,329.0,306.0
2026-09-24 14:00:00+00:00,24.0,334.83642578125,326.0,356.0
2026-09-23 16:00:00+00:00,1.0,266.55438232421875,258.0,239.625
2026-09-23 17:00:00+00:00,2.0,263.1614685058594,257.0,238.57142639160156
2026-09-23 18:00:00+00:00,3.0,272.898193359375,267.0,249.7142791748047
2026-09-23 19:00:00+00:00,4.0,329.14300537109375,324.0,286.0
2026-09-23 20:00:00+00:00,5.0,356.23455810546875,353.0,340.4285583496094
2026-09-23 21:00:00+00:00,6.0,4.956207275390625,354.0,250.2857208251953
2026-09-23 22:00:00+00:00,7.0,358.452880859375,352.0,337.0
2026-09-23 23:00:00+00:00,8.0,354.04547119140625,347.0,314.6666564941406
2026-09-24 00:00:00+00:00,9.0,356.8451843261719,345.0,314.1666564941406
2026-09-24 01:00:00+00:00,10.0,353.0432434082031,340.0,321.6000061035156
2026-09-24 02:00:00+00:00,11.0,353.3305969238281,345.0,340.375
2026-09-24 03:00:00+00:00,12.0,344.76019287109375,338.0,353.79998779296875
2026-09-24 04:00:00+00:00,13.0,351.3918151855469,340.0,6.333333492279053
2026-09-24 05:00:00+00:00,14.0,351.66552734375,341.0,225.6666717529297
2026-09-24 06:00:00+00:00,15.0,352.22100830078125,344.0,352.0
2026-09-24 07:00:00+00:00,16.0,0.961639404296875,347.0,354.0
2026-09-24 08:00:00+00:00,17.0,11.78997802734375,359.0,354.6666564941406
2026-09-24 09:00:00+00:00,18.0,16.585617065429688,6.0,348.0
2026-09-24 10:00:00+00:00,19.0,14.395220756530762,2.0,285.0
2026-09-24 11:00:00+00:00,20.0,14.010985374450684,4.0,5.0
2026-09-24 12:00:00+00:00,21.0,12.685053825378418,4.0,151.5
2026-09-24 13:00:00+00:00,22.0,337.67706298828125,329.0,306.0
2026-09-24 14:00:00+00:00,23.0,319.2498779296875,312.0,356.0
2026-09-24 15:00:00+00:00,24.0,323.3951721191406,315.0,356.0
2026-09-23 17:00:00+00:00,1.0,255.40237426757812,247.0,238.57142639160156
2026-09-23 18:00:00+00:00,2.0,273.1851806640625,267.0,249.7142791748047
2026-09-23 19:00:00+00:00,3.0,314.9445495605469,309.0,286.0
2026-09-23 20:00:00+00:00,4.0,341.1282043457031,336.0,340.4285583496094
2026-09-23 21:00:00+00:00,5.0,350.4770812988281,347.0,250.2857208251953
2026-09-23 22:00:00+00:00,6.0,352.185791015625,341.0,337.0
2026-09-23 23:00:00+00:00,7.0,341.5975036621094,335.0,314.6666564941406
2026-09-24 00:00:00+00:00,8.0,346.2744140625,339.0,314.1666564941406
2026-09-24 01:00:00+00:00,9.0,352.8197326660156,341.0,321.6000061035156
2026-09-24 02:00:00+00:00,10.0,354.17791748046875,341.0,340.375
2026-09-24 03:00:00+00:00,11.0,347.51043701171875,339.0,353.79998779296875
2026-09-24 04:00:00+00:00,12.0,356.1083984375,349.0,6.333333492279053
2026-09-24 05:00:00+00:00,13.0,355.7729797363281,344.0,225.6666717529297
2026-09-24 06:00:00+00:00,14.0,352.5608215332031,342.0,352.0
2026-09-24 07:00:00+00:00,15.0,359.4900207519531,351.0,354.0
2026-09-24 08:00:00+00:00,16.0,11.342803955078125,357.0,354.6666564941406
2026-09-24 09:00:00+00:00,17.0,22.144527435302734,9.0,348.0
2026-09-24 10:00:00+00:00,18.0,15.737488746643066,5.0,285.0
2026-09-24 11:00:00+00:00,19.0,15.54151439666748,3.0,5.0
2026-09-24 12:00:00+00:00,20.0,9.08050537109375,359.0,151.5
2026-09-24 13:00:00+00:00,21.0,346.9097900390625,338.0,306.0
2026-09-24 14:00:00+00:00,22.0,322.02801513671875,313.0,356.0
2026-09-24 15:00:00+00:00,23.0,322.5140686035156,315.0,356.0
2026-09-24 16:00:00+00:00,24.0,321.5411376953125,313.0,356.0
2026-09-23 18:00:00+00:00,1.0,269.4959411621094,261.0,249.7142791748047
2026-09-23 19:00:00+00:00,2.0,304.4237976074219,298.0,286.0
2026-09-23 20:00:00+00:00,3.0,346.03265380859375,340.0,340.4285583496094
2026-09-23 21:00:00+00:00,4.0,349.21759033203125,344.0,250.2857208251953
2026-09-23 22:00:00+00:00,5.0,343.7658996582031,340.0,337.0
2026-09-23 23:00:00+00:00,6.0,351.50677490234375,340.0,314.6666564941406
2026-09-24 00:00:00+00:00,7.0,348.8034362792969,342.0,314.1666564941406
2026-09-24 01:00:00+00:00,8.0,345.6066589355469,338.0,321.6000061035156
2026-09-24 02:00:00+00:00,9.0,352.9940185546875,341.0,340.375
2026-09-24 03:00:00+00:00,10.0,350.4580993652344,337.0,353.79998779296875
2026-09-24 04:00:00+00:00,11.0,353.6968078613281,345.0,6.333333492279053
2026-09-24 05:00:00+00:00,12.0,350.4393615722656,343.0,225.6666717529297
2026-09-24 06:00:00+00:00,13.0,354.15472412109375,342.0,352.0
2026-09-24 07:00:00+00:00,14.0,356.686767578125,346.0,354.0
2026-09-24 08:00:00+00:00,15.0,2.844970703125,354.0,354.6666564941406
2026-09-24 09:00:00+00:00,16.0,13.871673583984375,359.0,348.0
2026-09-24 10:00:00+00:00,17.0,8.563079833984375,355.0,285.0
2026-09-24 11:00:00+00:00,18.0,8.022064208984375,357.0,5.0
2026-09-24 12:00:00+00:00,19.0,7.827484130859375,355.0,151.5
2026-09-24 13:00:00+00:00,20.0,359.32244873046875,349.0,306.0
2026-09-24 14:00:00+00:00,21.0,337.25909423828125,328.0,356.0
2026-09-24 15:00:00+00:00,22.0,334.3917236328125,325.0,356.0
2026-09-24 16:00:00+00:00,23.0,333.9001770019531,326.0,356.0
2026-09-24 17:00:00+00:00,24.0,354.8092041015625,346.0,356.0
2026-09-23 19:00:00+00:00,1.0,290.51690673828125,282.0,286.0
2026-09-23 20:00:00+00:00,2.0,350.6454772949219,344.0,340.4285583496094
2026-09-23 21:00:00+00:00,3.0,356.39013671875,350.0,250.2857208251953
2026-09-23 22:00:00+00:00,4.0,355.52362060546875,350.0,337.0
2026-09-23 23:00:00+00:00,5.0,351.2500915527344,347.0,314.6666564941406
2026-09-24 00:00:00+00:00,6.0,1.808807373046875,350.0,314.1666564941406
2026-09-24 01:00:00+00:00,7.0,346.1520690917969,339.0,321.6000061035156
2026-09-24 02:00:00+00:00,8.0,350.9990234375,343.0,340.375
2026-09-24 03:00:00+00:00,9.0,350.23675537109375,338.0,353.79998779296875
2026-09-24 04:00:00+00:00,10.0,352.7514953613281,339.0,6.333333492279053
2026-09-24 05:00:00+00:00,11.0,353.0018005371094,344.0,225.6666717529297
2026-09-24 06:00:00+00:00,12.0,349.89501953125,342.0,352.0
2026-09-24 07:00:00+00:00,13.0,357.7039489746094,345.0,354.0
2026-09-24 08:00:00+00:00,14.0,4.805145263671875,354.0,354.6666564941406
2026-09-24 09:00:00+00:00,15.0,12.119954109191895,3.0,348.0
2026-09-24 10:00:00+00:00,16.0,20.176612854003906,5.0,285.0
2026-09-24 11:00:00+00:00,17.0,19.877777099609375,6.0,5.0
2026-09-24 12:00:00+00:00,18.0,15.32653522491455,4.0,151.5
2026-09-24 13:00:00+00:00,19.0,2.097259521484375,349.0,306.0
2026-09-24 14:00:00+00:00,20.0,334.3221435546875,324.0,356.0
2026-09-24 15:00:00+00:00,21.0,327.3012390136719,318.0,356.0
2026-09-24 16:00:00+00:00,22.0,321.66851806640625,312.0,356.0
2026-09-24 17:00:00+00:00,23.0,337.048828125,329.0,356.0
2026-09-24 18:00:00+00:00,24.0,81.8385009765625,73.0,356.0
2026-09-23 20:00:00+00:00,1.0,343.41387939453125,336.0,340.4285583496094
2026-09-23 21:00:00+00:00,2.0,353.09344482421875,348.0,250.2857208251953
2026-09-23 22:00:00+00:00,3.0,346.24993896484375,341.0,337.0
2026-09-23 23:00:00+00:00,4.0,340.33013916015625,336.0,314.6666564941406
2026-09-24 00:00:00+00:00,5.0,340.7958068847656,338.0,314.1666564941406
2026-09-24 01:00:00+00:00,6.0,346.7451171875,336.0,321.6000061035156
2026-09-24 02:00:00+00:00,7.0,342.2425842285156,336.0,340.375
2026-09-24 03:00:00+00:00,8.0,343.8165283203125,337.0,353.79998779296875
2026-09-24 04:00:00+00:00,9.0,352.9343566894531,342.0,6.333333492279053
2026-09-24 05:00:00+00:00,10.0,356.6025390625,344.0,225.6666717529297
2026-09-24 06:00:00+00:00,11.0,344.3148498535156,336.0,352.0
2026-09-24 07:00:00+00:00,12.0,352.970458984375,346.0,354.0
2026-09-24 08:00:00+00:00,13.0,3.447509765625,352.0,354.6666564941406
2026-09-24 09:00:00+00:00,14.0,15.756060600280762,6.0,348.0
2026-09-24 10:00:00+00:00,15.0,14.317933082580566,6.0,285.0
2026-09-24 11:00:00+00:00,16.0,18.971717834472656,5.0,5.0
2026-09-24 12:00:00+00:00,17.0,17.8818359375,5.0,151.5
2026-09-24 13:00:00+00:00,18.0,353.90887451171875,344.0,306.0
2026-09-24 14:00:00+00:00,19.0,333.0264892578125,321.0,356.0
2026-09-24 15:00:00+00:00,20.0,325.91864013671875,316.0,356.0
2026-09-24 16:00:00+00:00,21.0,313.86053466796875,305.0,356.0
2026-09-24 17:00:00+00:00,22.0,304.09539794921875,295.0,356.0
2026-09-24 18:00:00+00:00,23.0,91.48603820800781,84.0,356.0
2026-09-24 19:00:00+00:00,24.0,90.44075775146484,82.0,356.0
2026-09-23 21:00:00+00:00,1.0,353.2604675292969,346.0,250.2857208251953
2026-09-23 22:00:00+00:00,2.0,347.78668212890625,343.0,337.0
2026-09-23 23:00:00+00:00,3.0,352.1964111328125,347.0,314.6666564941406
2026-09-24 00:00:00+00:00,4.0,351.25811767578125,347.0,314.1666564941406
2026-09-24 01:00:00+00:00,5.0,340.51031494140625,338.0,321.6000061035156
2026-09-24 02:00:00+00:00,6.0,351.55511474609375,341.0,340.375
2026-09-24 03:00:00+00:00,7.0,344.1348876953125,338.0,353.79998779296875
2026-09-24 04:00:00+00:00,8.0,350.6551818847656,344.0,6.333333492279053
2026-09-24 05:00:00+00:00,9.0,358.766357421875,348.0,225.6666717529297
2026-09-24 06:00:00+00:00,10.0,357.3822937011719,345.0,352.0
2026-09-24 07:00:00+00:00,11.0,355.3052673339844,347.0,354.0
2026-09-24 08:00:00+00:00,12.0,356.87225341796875,350.0,354.6666564941406
2026-09-24 09:00:00+00:00,13.0,9.321014404296875,358.0,348.0
2026-09-24 10:00:00+00:00,14.0,6.58648681640625,357.0,285.0
2026-09-24 11:00:00+00:00,15.0,6.211029052734375,358.0,5.0
2026-09-24 12:00:00+00:00,16.0,11.749359130859375,358.0,151.5
2026-09-24 13:00:00+00:00,17.0,355.7738037109375,343.0,306.0
2026-09-24 14:00:00+00:00,18.0,334.7175598144531,325.0,356.0
2026-09-24 15:00:00+00:00,19.0,328.9383544921875,317.0,356.0
2026-09-24 16:00:00+00:00,20.0,312.785400390625,303.0,356.0
2026-09-24 17:00:00+00:00,21.0,299.6602783203125,291.0,356.0
2026-09-24 18:00:00+00:00,22.0,87.92276763916016,79.0,356.0
2026-09-24 19:00:00+00:00,23.0,90.32460021972656,83.0,356.0
2026-09-24 20:00:00+00:00,24.0,110.35692596435547,102.0,356.0
2026-09-23 22:00:00+00:00,1.0,358.0628662109375,351.0,337.0
2026-09-23 23:00:00+00:00,2.0,352.44189453125,348.0,314.6666564941406
2026-09-24 00:00:00+00:00,3.0,351.4900207519531,346.0,314.1666564941406
2026-09-24 01:00:00+00:00,4.0,348.4100036621094,344.0,321.6000061035156
2026-09-24 02:00:00+00:00,5.0,347.5541687011719,345.0,340.375
2026-09-24 03:00:00+00:00,6.0,352.38836669921875,342.0,353.79998779296875
2026-09-24 04:00:00+00:00,7.0,348.1658630371094,342.0,6.333333492279053
2026-09-24 05:00:00+00:00,8.0,355.58135986328125,349.0,225.6666717529297
2026-09-24 06:00:00+00:00,9.0,355.69781494140625,345.0,352.0
2026-09-24 07:00:00+00:00,10.0,357.1783447265625,345.0,354.0
2026-09-24 08:00:00+00:00,11.0,2.425140380859375,354.0,354.6666564941406
2026-09-24 09:00:00+00:00,12.0,7.937909126281738,1.0,348.0
2026-09-24 10:00:00+00:00,13.0,13.420987129211426,2.0,285.0
2026-09-24 11:00:00+00:00,14.0,12.404994010925293,3.0,5.0
2026-09-24 12:00:00+00:00,15.0,13.969407081604004,6.0,151.5
2026-09-24 13:00:00+00:00,16.0,6.2469482421875,353.0,306.0
2026-09-24 14:00:00+00:00,17.0,337.6550598144531,325.0,356.0
2026-09-24 15:00:00+00:00,18.0,323.66143798828125,314.0,356.0
2026-09-24 16:00:00+00:00,19.0,320.8106689453125,309.0,356.0
2026-09-24 17:00:00+00:00,20.0,320.438232421875,311.0,356.0
2026-09-24 18:00:00+00:00,21.0,56.15327453613281,48.0,356.0
2026-09-24 19:00:00+00:00,22.0,93.6916732788086,85.0,356.0
2026-09-24 20:00:00+00:00,23.0,103.81587219238281,97.0,356.0
2026-09-24 21:00:00+00:00,24.0,115.95244598388672,108.0,356.0
2026-09-23 23:00:00+00:00,2.0,354.2420654296875,348.0,314.6666564941406
2026-09-24 00:00:00+00:00,3.0,349.22320556640625,346.0,314.1666564941406
2026-09-24 01:00:00+00:00,4.0,349.1318054199219,344.0,321.6000061035156
2026-09-24 02:00:00+00:00,5.0,348.7546691894531,345.0,340.375
2026-09-24 03:00:00+00:00,6.0,343.61065673828125,342.0,353.79998779296875
2026-09-24 04:00:00+00:00,7.0,351.4660949707031,342.0,6.333333492279053
2026-09-24 05:00:00+00:00,8.0,354.4898986816406,349.0,225.6666717529297
2026-09-24 06:00:00+00:00,9.0,350.6531066894531,345.0,352.0
2026-09-24 07:00:00+00:00,10.0,354.86956787109375,345.0,354.0
2026-09-24 08:00:00+00:00,11.0,5.225830078125,354.0,354.6666564941406
2026-09-24 09:00:00+00:00,12.0,9.018977165222168,1.0,348.0
2026-09-24 10:00:00+00:00,13.0,8.328890800476074,2.0,285.0
2026-09-24 11:00:00+00:00,14.0,13.607110023498535,3.0,5.0
2026-09-24 12:00:00+00:00,15.0,14.555558204650879,6.0,151.5
2026-09-24 13:00:00+00:00,16.0,0.1834716796875,353.0,306.0
2026-09-24 14:00:00+00:00,17.0,336.99468994140625,325.0,356.0
2026-09-24 15:00:00+00:00,18.0,325.9191589355469,314.0,356.0
2026-09-24 16:00:00+00:00,19.0,317.73480224609375,309.0,356.0
2026-09-24 17:00:00+00:00,20.0,322.02716064453125,311.0,356.0
2026-09-24 18:00:00+00:00,21.0,56.739723205566406,48.0,356.0
2026-09-24 19:00:00+00:00,22.0,92.3928451538086,85.0,356.0
2026-09-24 20:00:00+00:00,23.0,105.01844024658203,97.0,356.0
2026-09-24 21:00:00+00:00,24.0,113.8974838256836,108.0,356.0
2026-09-24 22:00:00+00:00,25.0,139.32470703125,132.0,356.0
2026-09-24 00:00:00+00:00,3.0,351.3829650878906,346.0,314.1666564941406
2026-09-24 01:00:00+00:00,4.0,346.0854797363281,344.0,321.6000061035156
2026-09-24 02:00:00+00:00,5.0,349.7335510253906,345.0,340.375
2026-09-24 03:00:00+00:00,6.0,345.0878601074219,342.0,353.79998779296875
2026-09-24 04:00:00+00:00,7.0,342.6978759765625,342.0,6.333333492279053
2026-09-24 05:00:00+00:00,8.0,357.5748291015625,349.0,225.6666717529297
2026-09-24 06:00:00+00:00,9.0,349.7434997558594,345.0,352.0
2026-09-24 07:00:00+00:00,10.0,349.7866516113281,345.0,354.0
2026-09-24 08:00:00+00:00,11.0,3.0137939453125,354.0,354.6666564941406
2026-09-24 09:00:00+00:00,12.0,11.177905082702637,1.0,348.0
2026-09-24 10:00:00+00:00,13.0,9.545323371887207,2.0,285.0
2026-09-24 11:00:00+00:00,14.0,8.760248184204102,3.0,5.0
2026-09-24 12:00:00+00:00,15.0,15.797629356384277,6.0,151.5
2026-09-24 13:00:00+00:00,16.0,0.67498779296875,353.0,306.0
2026-09-24 14:00:00+00:00,17.0,331.37237548828125,325.0,356.0
2026-09-24 15:00:00+00:00,18.0,324.72393798828125,314.0,356.0
2026-09-24 16:00:00+00:00,19.0,320.14111328125,309.0,356.0
2026-09-24 17:00:00+00:00,20.0,318.8073425292969,311.0,356.0
2026-09-24 18:00:00+00:00,21.0,58.13774108886719,48.0,356.0
2026-09-24 19:00:00+00:00,22.0,92.99787139892578,85.0,356.0
2026-09-24 20:00:00+00:00,23.0,103.62882232666016,97.0,356.0
2026-09-24 21:00:00+00:00,24.0,115.33544921875,108.0,356.0
2026-09-24 22:00:00+00:00,25.0,136.98052978515625,132.0,356.0
2026-09-24 23:00:00+00:00,26.0,132.711181640625,126.0,31.0
2026-09-24 01:00:00+00:00,4.0,348.3771057128906,344.0,321.6000061035156
2026-09-24 02:00:00+00:00,5.0,346.0291748046875,345.0,340.375
2026-09-24 03:00:00+00:00,6.0,346.1336364746094,342.0,353.79998779296875
2026-09-24 04:00:00+00:00,7.0,344.2401428222656,342.0,6.333333492279053
2026-09-24 05:00:00+00:00,8.0,348.7191162109375,349.0,225.6666717529297
2026-09-24 06:00:00+00:00,9.0,352.7007141113281,345.0,352.0
2026-09-24 07:00:00+00:00,10.0,348.7567138671875,345.0,354.0
2026-09-24 08:00:00+00:00,11.0,357.8813781738281,354.0,354.6666564941406
2026-09-24 09:00:00+00:00,12.0,8.846709251403809,1.0,348.0
2026-09-24 10:00:00+00:00,13.0,10.629748344421387,2.0,285.0
2026-09-24 11:00:00+00:00,14.0,9.896424293518066,3.0,5.0
2026-09-24 12:00:00+00:00,15.0,11.092280387878418,6.0,151.5
2026-09-24 13:00:00+00:00,16.0,1.8060302734375,353.0,306.0
2026-09-24 14:00:00+00:00,17.0,331.5589904785156,325.0,356.0
2026-09-24 15:00:00+00:00,18.0,319.3409729003906,314.0,356.0
2026-09-24 16:00:00+00:00,19.0,318.23541259765625,309.0,356.0
2026-09-24 17:00:00+00:00,20.0,321.0143737792969,311.0,356.0
2026-09-24 18:00:00+00:00,21.0,54.83331298828125,48.0,356.0
2026-09-24 19:00:00+00:00,22.0,93.99122619628906,85.0,356.0
2026-09-24 20:00:00+00:00,23.0,104.1055679321289,97.0,356.0
2026-09-24 21:00:00+00:00,24.0,113.63524627685547,108.0,356.0
2026-09-24 22:00:00+00:00,25.0,138.42755126953125,132.0,356.0
2026-09-24 23:00:00+00:00,26.0,129.8311767578125,126.0,31.0
2026-09-25 00:00:00+00:00,27.0,133.86627197265625,128.0,34.33333206176758
2026-09-24 02:00:00+00:00,5.0,348.4010925292969,345.0,340.375
2026-09-24 03:00:00+00:00,6.0,342.01666259765625,342.0,353.79998779296875
2026-09-24 04:00:00+00:00,7.0,345.4903259277344,342.0,6.333333492279053
2026-09-24 05:00:00+00:00,8.0,350.4153747558594,349.0,225.6666717529297
2026-09-24 06:00:00+00:00,9.0,343.8271789550781,345.0,352.0
2026-09-24 07:00:00+00:00,10.0,351.9556579589844,345.0,354.0
2026-09-24 08:00:00+00:00,11.0,356.79693603515625,354.0,354.6666564941406
2026-09-24 09:00:00+00:00,12.0,4.065899848937988,1.0,348.0
2026-09-24 10:00:00+00:00,13.0,8.726546287536621,2.0,285.0
2026-09-24 11:00:00+00:00,14.0,10.079007148742676,3.0,5.0
2026-09-24 12:00:00+00:00,15.0,12.276932716369629,6.0,151.5
2026-09-24 13:00:00+00:00,16.0,357.5120849609375,353.0,306.0
2026-09-24 14:00:00+00:00,17.0,332.878173828125,325.0,356.0
2026-09-24 15:00:00+00:00,18.0,319.40234375,314.0,356.0
2026-09-24 16:00:00+00:00,19.0,313.32110595703125,309.0,356.0
2026-09-24 17:00:00+00:00,20.0,318.8921203613281,311.0,356.0
2026-09-24 18:00:00+00:00,21.0,56.96806335449219,48.0,356.0
2026-09-24 19:00:00+00:00,22.0,90.90167999267578,85.0,356.0
2026-09-24 20:00:00+00:00,23.0,104.88618469238281,97.0,356.0
2026-09-24 21:00:00+00:00,24.0,114.23250579833984,108.0,356.0
2026-09-24 22:00:00+00:00,25.0,136.7122802734375,132.0,356.0
2026-09-24 23:00:00+00:00,26.0,131.59022521972656,126.0,31.0
2026-09-25 00:00:00+00:00,27.0,130.760009765625,128.0,34.33333206176758
2026-09-25 01:00:00+00:00,28.0,138.0524444580078,133.0,48.400001525878906
2026-09-24 03:00:00+00:00,6.0,344.2789611816406,342.0,353.79998779296875
2026-09-24 04:00:00+00:00,7.0,341.06878662109375,342.0,6.333333492279053
2026-09-24 05:00:00+00:00,8.0,351.8291015625,349.0,225.6666717529297
2026-09-24 06:00:00+00:00,9.0,345.5099792480469,345.0,352.0
2026-09-24 07:00:00+00:00,10.0,342.95660400390625,345.0,354.0
2026-09-24 08:00:00+00:00,11.0,0.24102783203125,354.0,354.6666564941406
2026-09-24 09:00:00+00:00,12.0,2.8008384704589844,1.0,348.0
2026-09-24 10:00:00+00:00,13.0,4.194592475891113,2.0,285.0
2026-09-24 11:00:00+00:00,14.0,8.56445598602295,3.0,5.0
2026-09-24 12:00:00+00:00,15.0,11.453861236572266,6.0,151.5
2026-09-24 13:00:00+00:00,16.0,358.5609436035156,353.0,306.0
2026-09-24 14:00:00+00:00,17.0,328.8853454589844,325.0,356.0
2026-09-24 15:00:00+00:00,18.0,320.8865966796875,314.0,356.0
2026-09-24 16:00:00+00:00,19.0,313.1026611328125,309.0,356.0
2026-09-24 17:00:00+00:00,20.0,314.2038269042969,311.0,356.0
2026-09-24 18:00:00+00:00,21.0,54.455692291259766,48.0,356.0
2026-09-24 19:00:00+00:00,22.0,92.69920349121094,85.0,356.0
2026-09-24 20:00:00+00:00,23.0,101.85549926757812,97.0,356.0
2026-09-24 21:00:00+00:00,24.0,114.7183837890625,108.0,356.0
2026-09-24 22:00:00+00:00,25.0,137.15133666992188,132.0,356.0
2026-09-24 23:00:00+00:00,26.0,129.78192138671875,126.0,31.0
2026-09-25 00:00:00+00:00,27.0,132.70208740234375,128.0,34.33333206176758
2026-09-25 01:00:00+00:00,28.0,134.62741088867188,133.0,48.400001525878906
2026-09-25 02:00:00+00:00,29.0,143.15704345703125,139.0,56.5
2026-09-24 04:00:00+00:00,7.0,343.13287353515625,342.0,6.333333492279053
2026-09-24 05:00:00+00:00,8.0,347.1426086425781,349.0,225.6666717529297
2026-09-24 06:00:00+00:00,9.0,347.070556640625,345.0,352.0
2026-09-24 07:00:00+00:00,10.0,344.5817565917969,345.0,354.0
2026-09-24 08:00:00+00:00,11.0,351.0791931152344,354.0,354.6666564941406
2026-09-24 09:00:00+00:00,12.0,6.516200065612793,1.0,348.0
2026-09-24 10:00:00+00:00,13.0,2.7665538787841797,2.0,285.0
2026-09-24 11:00:00+00:00,14.0,4.269040107727051,3.0,5.0
2026-09-24 12:00:00+00:00,15.0,10.343775749206543,6.0,151.5
2026-09-24 13:00:00+00:00,16.0,356.8116455078125,353.0,306.0
2026-09-24 14:00:00+00:00,17.0,329.7443542480469,325.0,356.0
2026-09-24 15:00:00+00:00,18.0,317.1689758300781,314.0,356.0
2026-09-24 16:00:00+00:00,19.0,314.86883544921875,309.0,356.0
2026-09-24 17:00:00+00:00,20.0,313.7560119628906,311.0,356.0
2026-09-24 18:00:00+00:00,21.0,50.11495590209961,48.0,356.0
2026-09-24 19:00:00+00:00,22.0,90.02745819091797,85.0,356.0
2026-09-24 20:00:00+00:00,23.0,103.36454010009766,97.0,356.0
2026-09-24 21:00:00+00:00,24.0,111.72089385986328,108.0,356.0
2026-09-24 22:00:00+00:00,25.0,137.537109375,132.0,356.0
2026-09-24 23:00:00+00:00,26.0,130.02301025390625,126.0,31.0
2026-09-25 00:00:00+00:00,27.0,130.85911560058594,128.0,34.33333206176758
2026-09-25 01:00:00+00:00,28.0,136.7887725830078,133.0,48.400001525878906
2026-09-25 02:00:00+00:00,29.0,139.56695556640625,139.0,56.5
2026-09-25 03:00:00+00:00,30.0,147.24229431152344,144.0,57.0
2026-09-24 05:00:00+00:00,8.0,349.0595397949219,349.0,225.6666717529297
2026-09-24 06:00:00+00:00,9.0,342.1361083984375,345.0,352.0
2026-09-24 07:00:00+00:00,10.0,346.1634826660156,345.0,354.0
2026-09-24 08:00:00+00:00,11.0,352.72918701171875,354.0,354.6666564941406
2026-09-24 09:00:00+00:00,12.0,357.211181640625,1.0,348.0
2026-09-24 10:00:00+00:00,13.0,6.6746673583984375,2.0,285.0
2026-09-24 11:00:00+00:00,14.0,2.5733327865600586,3.0,5.0
2026-09-24 12:00:00+00:00,15.0,6.322861671447754,6.0,151.5
2026-09-24 13:00:00+00:00,16.0,356.05108642578125,353.0,306.0
2026-09-24 14:00:00+00:00,17.0,327.1788635253906,325.0,356.0
2026-09-24 15:00:00+00:00,18.0,317.8067626953125,314.0,356.0
2026-09-24 16:00:00+00:00,19.0,311.3024597167969,309.0,356.0
2026-09-24 17:00:00+00:00,20.0,315.89398193359375,311.0,356.0
2026-09-24 18:00:00+00:00,21.0,49.49772262573242,48.0,356.0
2026-09-24 19:00:00+00:00,22.0,86.14491271972656,85.0,356.0
2026-09-24 20:00:00+00:00,23.0,100.70909881591797,97.0,356.0
2026-09-24 21:00:00+00:00,24.0,113.11883544921875,108.0,356.0
2026-09-24 22:00:00+00:00,25.0,134.62814331054688,132.0,356.0
2026-09-24 23:00:00+00:00,26.0,130.50486755371094,126.0,31.0
2026-09-25 00:00:00+00:00,27.0,130.87376403808594,128.0,34.33333206176758
2026-09-25 01:00:00+00:00,28.0,134.7943115234375,133.0,48.400001525878906
2026-09-25 02:00:00+00:00,29.0,141.75457763671875,139.0,56.5
2026-09-25 03:00:00+00:00,30.0,143.67019653320312,144.0,57.0
2026-09-25 04:00:00+00:00,31.0,145.24087524414062,143.0,57.0
2026-09-24 06:00:00+00:00,9.0,343.9833068847656,345.0,352.0
2026-09-24 07:00:00+00:00,10.0,341.09710693359375,345.0,354.0
2026-09-24 08:00:00+00:00,11.0,354.228759765625,354.0,354.6666564941406
2026-09-24 09:00:00+00:00,12.0,358.9277038574219,1.0,348.0
2026-09-24 10:00:00+00:00,13.0,357.3041076660156,2.0,285.0
2026-09-24 11:00:00+00:00,14.0,6.711984634399414,3.0,5.0
2026-09-24 12:00:00+00:00,15.0,4.2658209800720215,6.0,151.5
2026-09-24 13:00:00+00:00,16.0,352.32818603515625,353.0,306.0
2026-09-24 14:00:00+00:00,17.0,326.6401672363281,325.0,356.0
2026-09-24 15:00:00+00:00,18.0,314.5555114746094,314.0,356.0
2026-09-24 16:00:00+00:00,19.0,311.89703369140625,309.0,356.0
2026-09-24 17:00:00+00:00,20.0,312.323974609375,311.0,356.0
2026-09-24 18:00:00+00:00,21.0,51.85475158691406,48.0,356.0
2026-09-24 19:00:00+00:00,22.0,85.23540496826172,85.0,356.0
2026-09-24 20:00:00+00:00,23.0,97.20255279541016,97.0,356.0
2026-09-24 21:00:00+00:00,24.0,110.43321990966797,108.0,356.0
2026-09-24 22:00:00+00:00,25.0,135.8749542236328,132.0,356.0
2026-09-24 23:00:00+00:00,26.0,127.6066665649414,126.0,31.0
2026-09-25 00:00:00+00:00,27.0,131.5205841064453,128.0,34.33333206176758
2026-09-25 01:00:00+00:00,28.0,134.6709747314453,133.0,48.400001525878906
2026-09-25 02:00:00+00:00,29.0,139.66561889648438,139.0,56.5
2026-09-25 03:00:00+00:00,30.0,145.63131713867188,144.0,57.0
2026-09-25 04:00:00+00:00,31.0,141.76617431640625,143.0,57.0
2026-09-25 05:00:00+00:00,32.0,140.29559326171875,139.0,57.0
2026-09-24 07:00:00+00:00,1.0,352.8249206542969,354.0,354.0
2026-09-24 08:00:00+00:00,2.0,351.0419921875,355.0,354.6666564941406
2026-09-24 09:00:00+00:00,3.0,354.194091796875,354.0,348.0
2026-09-24 10:00:00+00:00,4.0,1.8456406593322754,4.0,285.0
2026-09-24 11:00:00+00:00,5.0,350.2455749511719,355.0,5.0
2026-09-24 12:00:00+00:00,6.0,6.507364273071289,3.0,151.5
2026-09-24 13:00:00+00:00,7.0,345.0863342285156,347.0,306.0
2026-09-24 14:00:00+00:00,8.0,334.12286376953125,335.0,356.0
2026-09-24 15:00:00+00:00,9.0,315.37982177734375,314.0,356.0
2026-09-24 16:00:00+00:00,10.0,310.3046569824219,310.0,356.0
2026-09-24 17:00:00+00:00,11.0,319.76934814453125,317.0,356.0
2026-09-24 18:00:00+00:00,12.0,24.129688262939453,23.0,356.0
2026-09-24 19:00:00+00:00,13.0,94.61122131347656,91.0,356.0
2026-09-24 20:00:00+00:00,14.0,109.91889953613281,110.0,356.0
2026-09-24 21:00:00+00:00,15.0,105.99031066894531,106.0,356.0
2026-09-24 22:00:00+00:00,16.0,137.19444274902344,135.0,356.0
2026-09-24 23:00:00+00:00,17.0,130.6182861328125,127.0,31.0
2026-09-25 00:00:00+00:00,18.0,132.47076416015625,131.0,34.33333206176758
2026-09-25 01:00:00+00:00,19.0,135.3631591796875,132.0,48.400001525878906
2026-09-25 02:00:00+00:00,20.0,141.34640502929688,140.0,56.5
2026-09-25 03:00:00+00:00,21.0,152.4366455078125,152.0,57.0
2026-09-25 04:00:00+00:00,22.0,160.3936767578125,159.0,57.0
2026-09-25 05:00:00+00:00,23.0,136.50680541992188,138.0,57.0
2026-09-25 06:00:00+00:00,24.0,138.14474487304688,137.0,58.33333206176758
2026-09-24 08:00:00+00:00,1.0,357.14031982421875,0.0,354.6666564941406
2026-09-24 09:00:00+00:00,2.0,357.24786376953125,3.0,348.0
2026-09-24 10:00:00+00:00,3.0,6.3700127601623535,8.0,285.0
2026-09-24 11:00:00+00:00,4.0,0.4302406311035156,4.0,5.0
2026-09-24 12:00:00+00:00,5.0,350.4518737792969,357.0,151.5
2026-09-24 13:00:00+00:00,6.0,356.6437072753906,355.0,306.0
2026-09-24 14:00:00+00:00,7.0,336.6555480957031,341.0,356.0
2026-09-24 15:00:00+00:00,8.0,320.2583923339844,323.0,356.0
2026-09-24 16:00:00+00:00,9.0,311.989013671875,313.0,356.0
2026-09-24 17:00:00+00:00,10.0,317.7449035644531,320.0,356.0
2026-09-24 18:00:00+00:00,11.0,6.120222091674805,5.0,356.0
2026-09-24 19:00:00+00:00,12.0,87.180908203125,88.0,356.0
2026-09-24 20:00:00+00:00,13.0,110.92992401123047,109.0,356.0
2026-09-24 21:00:00+00:00,14.0,103.07733154296875,105.0,356.0
2026-09-24 22:00:00+00:00,15.0,134.70053100585938,136.0,356.0
2026-09-24 23:00:00+00:00,16.0,128.22132873535156,128.0,31.0
2026-09-25 00:00:00+00:00,17.0,133.8898162841797,132.0,34.33333206176758
2026-09-25 01:00:00+00:00,18.0,131.63963317871094,132.0,48.400001525878906
2026-09-25 02:00:00+00:00,19.0,140.72032165527344,139.0,56.5
2026-09-25 03:00:00+00:00,20.0,154.72750854492188,155.0,57.0
2026-09-25 04:00:00+00:00,21.0,158.7813720703125,160.0,57.0
2026-09-25 05:00:00+00:00,22.0,145.57769775390625,146.0,57.0
2026-09-25 06:00:00+00:00,23.0,133.24940490722656,136.0,58.33333206176758
2026-09-25 07:00:00+00:00,24.0,143.80908203125,144.0,58.33333206176758
2026-09-24 09:00:00+00:00,1.0,359.4886474609375,3.0,348.0
2026-09-24 10:00:00+00:00,2.0,359.78179931640625,6.0,285.0
2026-09-24 11:00:00+00:00,3.0,355.7486572265625,358.0,5.0
2026-09-24 12:00:00+00:00,4.0,352.89581298828125,357.0,151.5
2026-09-24 13:00:00+00:00,5.0,342.9556884765625,350.0,306.0
2026-09-24 14:00:00+00:00,6.0,342.9598693847656,342.0,356.0
2026-09-24 15:00:00+00:00,7.0,324.65972900390625,330.0,356.0
2026-09-24 16:00:00+00:00,8.0,335.3190002441406,339.0,356.0
2026-09-24 17:00:00+00:00,9.0,353.002685546875,355.0,356.0
2026-09-24 18:00:00+00:00,10.0,35.54930877685547,39.0,356.0
2026-09-24 19:00:00+00:00,11.0,79.43286895751953,79.0,356.0
2026-09-24 20:00:00+00:00,12.0,100.23047637939453,102.0,356.0
2026-09-24 21:00:00+00:00,13.0,106.21316528320312,105.0,356.0
2026-09-24 22:00:00+00:00,14.0,132.12461853027344,135.0,356.0
2026-09-24 23:00:00+00:00,15.0,125.0147705078125,127.0,31.0
2026-09-25 00:00:00+00:00,16.0,131.2464599609375,132.0,34.33333206176758
2026-09-25 01:00:00+00:00,17.0,132.83006286621094,132.0,48.400001525878906
2026-09-25 02:00:00+00:00,18.0,138.9044952392578,140.0,56.5
2026-09-25 03:00:00+00:00,19.0,156.08203125,155.0,57.0
2026-09-25 04:00:00+00:00,20.0,156.79000854492188,158.0,57.0
2026-09-25 05:00:00+00:00,21.0,139.792724609375,142.0,57.0
2026-09-25 06:00:00+00:00,22.0,137.6695098876953,139.0,58.33333206176758
2026-09-25 07:00:00+00:00,23.0,143.3147735595703,147.0,58.33333206176758
2026-09-25 08:00:00+00:00,24.0,164.88232421875,166.0,88.25
2026-09-24 10:00:00+00:00,1.0,344.8431701660156,349.0,285.0
2026-09-24 11:00:00+00:00,2.0,352.3462219238281,359.0,5.0
2026-09-24 12:00:00+00:00,3.0,350.0152587890625,353.0,151.5
2026-09-24 13:00:00+00:00,4.0,333.2818603515625,338.0,306.0
2026-09-24 14:00:00+00:00,5.0,310.4365234375,318.0,356.0
2026-09-24 15:00:00+00:00,6.0,318.232177734375,318.0,356.0
2026-09-24 16:00:00+00:00,7.0,325.554931640625,332.0,356.0
2026-09-24 17:00:00+00:00,8.0,305.1800537109375,310.0,356.0
2026-09-24 18:00:00+00:00,9.0,34.888423919677734,38.0,356.0
2026-09-24 19:00:00+00:00,10.0,84.2453384399414,89.0,356.0
2026-09-24 20:00:00+00:00,11.0,100.57167053222656,101.0,356.0
2026-09-24 21:00:00+00:00,12.0,101.08543395996094,104.0,356.0
2026-09-24 22:00:00+00:00,13.0,134.2878875732422,134.0,356.0
2026-09-24 23:00:00+00:00,14.0,123.0916976928711,127.0,31.0
2026-09-25 00:00:00+00:00,15.0,128.2025146484375,131.0,34.33333206176758
2026-09-25 01:00:00+00:00,16.0,135.18841552734375,137.0,48.400001525878906
2026-09-25 02:00:00+00:00,17.0,135.5904998779297,136.0,56.5
2026-09-25 03:00:00+00:00,18.0,148.06365966796875,150.0,57.0
2026-09-25 04:00:00+00:00,19.0,157.33384704589844,157.0,57.0
2026-09-25 05:00:00+00:00,20.0,144.83978271484375,147.0,57.0
2026-09-25 06:00:00+00:00,21.0,131.8590087890625,135.0,58.33333206176758
2026-09-25 07:00:00+00:00,22.0,139.61654663085938,142.0,58.33333206176758
2026-09-25 08:00:00+00:00,23.0,151.27255249023438,156.0,88.25
2026-09-25 09:00:00+00:00,24.0,174.7989501953125,177.0,121.5
2026-09-24 11:00:00+00:00,1.0,352.1339416503906,358.0,5.0
2026-09-24 12:00:00+00:00,2.0,348.993896484375,357.0,151.5
2026-09-24 13:00:00+00:00,3.0,352.5933837890625,357.0,306.0
2026-09-24 14:00:00+00:00,4.0,331.1038818359375,337.0,356.0
2026-09-24 15:00:00+00:00,5.0,328.6474914550781,338.0,356.0
2026-09-24 16:00:00+00:00,6.0,337.0491943359375,339.0,356.0
2026-09-24 17:00:00+00:00,7.0,354.8207092285156,4.0,356.0
2026-09-24 18:00:00+00:00,8.0,67.83487701416016,75.0,356.0
2026-09-24 19:00:00+00:00,9.0,77.30645751953125,83.0,356.0
2026-09-24 20:00:00+00:00,10.0,91.65300750732422,99.0,356.0
2026-09-24 21:00:00+00:00,11.0,96.74687957763672,99.0,356.0
2026-09-24 22:00:00+00:00,12.0,116.50112915039062,122.0,356.0
2026-09-24 23:00:00+00:00,13.0,124.63976287841797,126.0,31.0
2026-09-25 00:00:00+00:00,14.0,127.83968353271484,133.0,34.33333206176758
2026-09-25 01:00:00+00:00,15.0,129.8722381591797,134.0,48.400001525878906
2026-09-25 02:00:00+00:00,16.0,132.7340545654297,136.0,56.5
2026-09-25 03:00:00+00:00,17.0,148.86056518554688,151.0,57.0
2026-09-25 04:00:00+00:00,18.0,152.66867065429688,156.0,57.0
2026-09-25 05:00:00+00:00,19.0,147.52273559570312,148.0,57.0
2026-09-25 06:00:00+00:00,20.0,134.6246337890625,138.0,58.33333206176758
2026-09-25 07:00:00+00:00,21.0,140.97845458984375,145.0,58.33333206176758
2026-09-25 08:00:00+00:00,22.0,150.50393676757812,155.0,88.25
2026-09-25 09:00:00+00:00,23.0,169.01161193847656,175.0,121.5
2026-09-25 10:00:00+00:00,24.0,172.29335021972656,176.0,155.0
2026-09-24 12:00:00+00:00,1.0,347.86529541015625,355.0,151.5
2026-09-24 13:00:00+00:00,2.0,336.1047668457031,345.0,306.0
2026-09-24 14:00:00+00:00,3.0,336.4857482910156,342.0,356.0
2026-09-24 15:00:00+00:00,4.0,352.179443359375,359.0,356.0
2026-09-24 16:00:00+00:00,5.0,2.4991607666015625,13.0,356.0
2026-09-24 17:00:00+00:00,6.0,33.231101989746094,37.0,356.0
2026-09-24 18:00:00+00:00,7.0,56.79876708984375,68.0,356.0
2026-09-24 19:00:00+00:00,8.0,73.26061248779297,82.0,356.0
2026-09-24 20:00:00+00:00,9.0,91.21459197998047,99.0,356.0
2026-09-24 21:00:00+00:00,10.0,95.99408721923828,105.0,356.0
2026-09-24 22:00:00+00:00,11.0,124.12005615234375,128.0,356.0
2026-09-24 23:00:00+00:00,12.0,118.79434204101562,126.0,31.0
2026-09-25 00:00:00+00:00,13.0,127.45177459716797,130.0,34.33333206176758
2026-09-25 01:00:00+00:00,14.0,127.04322052001953,133.0,48.400001525878906
2026-09-25 02:00:00+00:00,15.0,130.71160888671875,136.0,56.5
2026-09-25 03:00:00+00:00,16.0,147.8599853515625,152.0,57.0
2026-09-25 04:00:00+00:00,17.0,153.6192626953125,157.0,57.0
2026-09-25 05:00:00+00:00,18.0,141.71556091308594,146.0,57.0
2026-09-25 06:00:00+00:00,19.0,139.7467803955078,141.0,58.33333206176758
2026-09-25 07:00:00+00:00,20.0,147.86134338378906,152.0,58.33333206176758
2026-09-25 08:00:00+00:00,21.0,160.4619598388672,165.0,88.25
2026-09-25 09:00:00+00:00,22.0,175.4032745361328,181.0,121.5
2026-09-25 10:00:00+00:00,23.0,170.21363830566406,177.0,155.0
2026-09-25 11:00:00+00:00,24.0,160.25074768066406,165.0,155.6666717529297
2026-09-24 13:00:00+00:00,1.0,325.15606689453125,333.0,306.0
2026-09-24 14:00:00+00:00,2.0,314.7243957519531,324.0,356.0
2026-09-24 15:00:00+00:00,3.0,325.8560791015625,332.0,356.0
2026-09-24 16:00:00+00:00,4.0,336.4004211425781,344.0,356.0
2026-09-24 17:00:00+00:00,5.0,304.07867431640625,315.0,356.0
2026-09-24 18:00:00+00:00,6.0,50.259151458740234,55.0,356.0
2026-09-24 19:00:00+00:00,7.0,77.9353256225586,90.0,356.0
2026-09-24 20:00:00+00:00,8.0,98.18385314941406,108.0,356.0
2026-09-24 21:00:00+00:00,9.0,98.3303451538086,107.0,356.0
2026-09-24 22:00:00+00:00,10.0,113.91096496582031,124.0,356.0
2026-09-24 23:00:00+00:00,11.0,120.7100830078125,126.0,31.0
2026-09-25 00:00:00+00:00,12.0,121.7286376953125,130.0,34.33333206176758
2026-09-25 01:00:00+00:00,13.0,134.55413818359375,138.0,48.400001525878906
2026-09-25 02:00:00+00:00,14.0,128.0098114013672,135.0,56.5
2026-09-25 03:00:00+00:00,15.0,142.7997283935547,149.0,57.0
2026-09-25 04:00:00+00:00,16.0,153.080810546875,158.0,57.0
2026-09-25 05:00:00+00:00,17.0,143.38327026367188,148.0,57.0
2026-09-25 06:00:00+00:00,18.0,127.76625061035156,133.0,58.33333206176758
2026-09-25 07:00:00+00:00,19.0,138.94850158691406,141.0,58.33333206176758
2026-09-25 08:00:00+00:00,20.0,147.73593139648438,153.0,88.25
2026-09-25 09:00:00+00:00,21.0,170.73568725585938,176.0,121.5
2026-09-25 10:00:00+00:00,22.0,175.52804565429688,182.0,155.0
2026-09-25 11:00:00+00:00,23.0,171.38182067871094,179.0,155.6666717529297
2026-09-25 12:00:00+00:00,24.0,173.00369262695312,179.0,158.3333282470703
2026-09-24 14:00:00+00:00,1.0,314.6014709472656,323.0,356.0
2026-09-24 15:00:00+00:00,2.0,319.1387634277344,329.0,356.0
2026-09-24 16:00:00+00:00,3.0,344.1274719238281,351.0,356.0
2026-09-24 17:00:00+00:00,4.0,5.665411949157715,14.0,356.0
2026-09-24 18:00:00+00:00,5.0,46.611358642578125,58.0,356.0
2026-09-24 19:00:00+00:00,6.0,78.72935485839844,85.0,356.0
2026-09-24 20:00:00+00:00,7.0,93.2524185180664,106.0,356.0
2026-09-24 21:00:00+00:00,8.0,100.11621856689453,111.0,356.0
2026-09-24 22:00:00+00:00,9.0,122.41095733642578,132.0,356.0
2026-09-24 23:00:00+00:00,10.0,114.19374084472656,125.0,31.0
2026-09-25 00:00:00+00:00,11.0,124.33802032470703,131.0,34.33333206176758
2026-09-25 01:00:00+00:00,12.0,124.05058288574219,133.0,48.400001525878906
2026-09-25 02:00:00+00:00,13.0,132.80117797851562,137.0,56.5
2026-09-25 03:00:00+00:00,14.0,143.1748046875,151.0,57.0
2026-09-25 04:00:00+00:00,15.0,148.05032348632812,155.0,57.0
2026-09-25 05:00:00+00:00,16.0,146.2999267578125,152.0,57.0
2026-09-25 06:00:00+00:00,17.0,128.30384826660156,134.0,58.33333206176758
2026-09-25 07:00:00+00:00,18.0,139.8194122314453,146.0,58.33333206176758
2026-09-25 08:00:00+00:00,19.0,155.9666290283203,159.0,88.25
2026-09-25 09:00:00+00:00,20.0,169.77418518066406,176.0,121.5
2026-09-25 10:00:00+00:00,21.0,168.19700622558594,174.0,155.0
2026-09-25 11:00:00+00:00,22.0,167.73831176757812,175.0,155.6666717529297
2026-09-25 12:00:00+00:00,23.0,166.65988159179688,175.0,158.3333282470703
2026-09-25 13:00:00+00:00,24.0,170.94967651367188,178.0,179.39999389648438
2026-09-24 15:00:00+00:00,1.0,335.10772705078125,344.0,356.0
2026-09-24 16:00:00+00:00,2.0,341.5484924316406,352.0,356.0
2026-09-24 17:00:00+00:00,3.0,16.450336456298828,24.0,356.0
2026-09-24 18:00:00+00:00,4.0,49.92954635620117,59.0,356.0
2026-09-24 19:00:00+00:00,5.0,71.97979736328125,84.0,356.0
2026-09-24 20:00:00+00:00,6.0,97.1216812133789,105.0,356.0
2026-09-24 21:00:00+00:00,7.0,95.51583099365234,109.0,356.0
2026-09-24 22:00:00+00:00,8.0,121.12705993652344,133.0,356.0
2026-09-24 23:00:00+00:00,9.0,112.50656127929688,123.0,31.0
2026-09-25 00:00:00+00:00,10.0,118.52759552001953,130.0,34.33333206176758
2026-09-25 01:00:00+00:00,11.0,124.08258819580078,132.0,48.400001525878906
2026-09-25 02:00:00+00:00,12.0,125.57037353515625,135.0,56.5
2026-09-25 03:00:00+00:00,13.0,141.18165588378906,146.0,57.0
2026-09-25 04:00:00+00:00,14.0,147.51071166992188,156.0,57.0
2026-09-25 05:00:00+00:00,15.0,142.44671630859375,150.0,57.0
2026-09-25 06:00:00+00:00,16.0,133.572265625,140.0,58.33333206176758
2026-09-25 07:00:00+00:00,17.0,148.6207733154297,155.0,58.33333206176758
2026-09-25 08:00:00+00:00,18.0,158.1659698486328,165.0,88.25
2026-09-25 09:00:00+00:00,19.0,175.17977905273438,179.0,121.5
2026-09-25 10:00:00+00:00,20.0,174.00930786132812,181.0,155.0
2026-09-25 11:00:00+00:00,21.0,170.6912078857422,177.0,155.6666717529297
2026-09-25 12:00:00+00:00,22.0,175.0532989501953,183.0,158.3333282470703
2026-09-25 13:00:00+00:00,23.0,178.01202392578125,187.0,179.39999389648438
2026-09-25 14:00:00+00:00,24.0,183.10494995117188,191.0,189.0
2026-09-24 16:00:00+00:00,1.0,297.27801513671875,306.0,356.0
2026-09-24 17:00:00+00:00,2.0,301.80780029296875,312.0,356.0
2026-09-24 18:00:00+00:00,3.0,23.351701736450195,31.0,356.0
2026-09-24 19:00:00+00:00,4.0,73.15550994873047,82.0,356.0
2026-09-24 20:00:00+00:00,5.0,94.68745422363281,106.0,356.0
2026-09-24 21:00:00+00:00,6.0,97.78455352783203,105.0,356.0
2026-09-24 22:00:00+00:00,7.0,118.70899200439453,131.0,356.0
2026-09-24 23:00:00+00:00,8.0,115.67960357666016,127.0,31.0
2026-09-25 00:00:00+00:00,9.0,119.09950256347656,129.0,34.33333206176758
2026-09-25 01:00:00+00:00,10.0,120.94979858398438,132.0,48.400001525878906
2026-09-25 02:00:00+00:00,11.0,130.17518615722656,138.0,56.5
2026-09-25 03:00:00+00:00,12.0,133.25877380371094,143.0,57.0
2026-09-25 04:00:00+00:00,13.0,150.44114685058594,156.0,57.0
2026-09-25 05:00:00+00:00,14.0,141.1407012939453,150.0,57.0
2026-09-25 06:00:00+00:00,15.0,122.44718170166016,131.0,58.33333206176758
2026-09-25 07:00:00+00:00,16.0,133.2205047607422,140.0,58.33333206176758
2026-09-25 08:00:00+00:00,17.0,153.2828369140625,161.0,88.25
2026-09-25 09:00:00+00:00,18.0,176.93515014648438,185.0,121.5
2026-09-25 10:00:00+00:00,19.0,179.75579833984375,185.0,155.0
2026-09-25 11:00:00+00:00,20.0,158.14588928222656,165.0,155.6666717529297
2026-09-25 12:00:00+00:00,21.0,179.3892822265625,186.0,158.3333282470703
2026-09-25 13:00:00+00:00,22.0,184.36541748046875,192.0,179.39999389648438
2026-09-25 14:00:00+00:00,23.0,180.98687744140625,190.0,189.0
2026-09-25 15:00:00+00:00,24.0,175.78399658203125,184.0,188.5
2026-09-24 17:00:00+00:00,1.0,328.80810546875,338.0,356.0
2026-09-24 18:00:00+00:00,2.0,52.45866394042969,63.0,356.0
2026-09-24 19:00:00+00:00,3.0,86.82061767578125,95.0,356.0
2026-09-24 20:00:00+00:00,4.0,104.68107604980469,114.0,356.0
2026-09-24 21:00:00+00:00,5.0,102.39258575439453,114.0,356.0
2026-09-24 22:00:00+00:00,6.0,121.75312042236328,130.0,356.0
2026-09-24 23:00:00+00:00,7.0,115.16015625,128.0,31.0
2026-09-25 00:00:00+00:00,8.0,120.88724517822266,133.0,34.33333206176758
2026-09-25 01:00:00+00:00,9.0,122.50946044921875,133.0,48.400001525878906
2026-09-25 02:00:00+00:00,10.0,129.00384521484375,141.0,56.5
2026-09-25 03:00:00+00:00,11.0,137.14697265625,146.0,57.0
2026-09-25 04:00:00+00:00,12.0,151.39242553710938,162.0,57.0
2026-09-25 05:00:00+00:00,13.0,150.66600036621094,157.0,57.0
2026-09-25 06:00:00+00:00,14.0,126.27002716064453,136.0,58.33333206176758
2026-09-25 07:00:00+00:00,15.0,136.44923400878906,146.0,58.33333206176758
2026-09-25 08:00:00+00:00,16.0,149.42787170410156,157.0,88.25
2026-09-25 09:00:00+00:00,17.0,173.9665069580078,183.0,121.5
2026-09-25 10:00:00+00:00,18.0,168.9284210205078,178.0,155.0
2026-09-25 11:00:00+00:00,19.0,158.73057556152344,165.0,155.6666717529297
2026-09-25 12:00:00+00:00,20.0,170.15283203125,178.0,158.3333282470703
2026-09-25 13:00:00+00:00,21.0,180.53700256347656,188.0,179.39999389648438
2026-09-25 14:00:00+00:00,22.0,173.49600219726562,182.0,189.0
2026-09-25 15:00:00+00:00,23.0,168.16143798828125,178.0,188.5
2026-09-25 16:00:00+00:00,24.0,156.6228485107422,166.0,188.39999389648438
2026-09-24 18:00:00+00:00,1.0,53.47496795654297,64.0,356.0
2026-09-24 19:00:00+00:00,2.0,68.51565551757812,80.0,356.0
2026-09-24 20:00:00+00:00,3.0,93.95750427246094,103.0,356.0
2026-09-24 21:00:00+00:00,4.0,98.00234985351562,109.0,356.0
2026-09-24 22:00:00+00:00,5.0,125.82609558105469,139.0,356.0
2026-09-24 23:00:00+00:00,6.0,117.95368194580078,129.0,31.0
2026-09-25 00:00:00+00:00,7.0,114.02131652832031,129.0,34.33333206176758
2026-09-25 01:00:00+00:00,8.0,118.65434265136719,133.0,48.400001525878906
2026-09-25 02:00:00+00:00,9.0,129.44802856445312,142.0,56.5
2026-09-25 03:00:00+00:00,10.0,132.0615692138672,146.0,57.0
2026-09-25 04:00:00+00:00,11.0,146.6781463623047,158.0,57.0
2026-09-25 05:00:00+00:00,12.0,141.2275848388672,154.0,57.0
2026-09-25 06:00:00+00:00,13.0,129.04281616210938,136.0,58.33333206176758
2026-09-25 07:00:00+00:00,14.0,137.17308044433594,148.0,58.33333206176758
2026-09-25 08:00:00+00:00,15.0,148.21507263183594,159.0,88.25
2026-09-25 09:00:00+00:00,16.0,164.4397430419922,173.0,121.5
2026-09-25 10:00:00+00:00,17.0,162.94305419921875,173.0,155.0
2026-09-25 11:00:00+00:00,18.0,167.6661834716797,177.0,155.6666717529297
2026-09-25 12:00:00+00:00,19.0,173.78245544433594,181.0,158.3333282470703
2026-09-25 13:00:00+00:00,20.0,189.35430908203125,199.0,179.39999389648438
2026-09-25 14:00:00+00:00,21.0,183.33778381347656,192.0,189.0
2026-09-25 15:00:00+00:00,22.0,234.52236938476562,245.0,188.5
2026-09-25 16:00:00+00:00,23.0,180.40306091308594,192.0,188.39999389648438
2026-09-25 17:00:00+00:00,24.0,124.3825912475586,136.0,188.5
2026-09-24 19:00:00+00:00,1.0,76.47505950927734,87.0,356.0
2026-09-24 20:00:00+00:00,2.0,95.46577453613281,107.0,356.0
2026-09-24 21:00:00+00:00,3.0,101.41996765136719,111.0,356.0
2026-09-24 22:00:00+00:00,4.0,129.11978149414062,140.0,356.0
2026-09-24 23:00:00+00:00,5.0,116.03421020507812,129.0,31.0
2026-09-25 00:00:00+00:00,6.0,120.22427368164062,131.0,34.33333206176758
2026-09-25 01:00:00+00:00,7.0,120.0895767211914,135.0,48.400001525878906
2026-09-25 02:00:00+00:00,8.0,124.64625549316406,139.0,56.5
2026-09-25 03:00:00+00:00,9.0,132.29090881347656,145.0,57.0
2026-09-25 04:00:00+00:00,10.0,143.4579620361328,158.0,57.0
2026-09-25 05:00:00+00:00,11.0,145.4055633544922,157.0,57.0
2026-09-25 06:00:00+00:00,12.0,120.16806030273438,134.0,58.33333206176758
2026-09-25 07:00:00+00:00,13.0,136.73480224609375,145.0,58.33333206176758
2026-09-25 08:00:00+00:00,14.0,151.19886779785156,163.0,88.25
2026-09-25 09:00:00+00:00,15.0,173.7386474609375,186.0,121.5
2026-09-25 10:00:00+00:00,16.0,159.4116668701172,169.0,155.0
2026-09-25 11:00:00+00:00,17.0,166.10096740722656,178.0,155.6666717529297
2026-09-25 12:00:00+00:00,18.0,169.15513610839844,180.0,158.3333282470703
2026-09-25 13:00:00+00:00,19.0,189.05482482910156,198.0,179.39999389648438
2026-09-25 14:00:00+00:00,20.0,177.41038513183594,188.0,189.0
2026-09-25 15:00:00+00:00,21.0,176.44410705566406,186.0,188.5
2026-09-25 16:00:00+00:00,22.0,162.79005432128906,174.0,188.39999389648438
2026-09-25 17:00:00+00:00,23.0,130.65435791015625,143.0,188.5
2026-09-25 18:00:00+00:00,24.0,103.62799835205078,116.0,188.1999969482422
2026-09-24 20:00:00+00:00,1.0,96.4327621459961,108.0,356.0
2026-09-24 21:00:00+00:00,2.0,118.52108764648438,131.0,356.0
2026-09-24 22:00:00+00:00,3.0,124.10971069335938,135.0,356.0
2026-09-24 23:00:00+00:00,4.0,117.59524536132812,130.0,31.0
2026-09-25 00:00:00+00:00,5.0,121.16700744628906,136.0,34.33333206176758
2026-09-25 01:00:00+00:00,6.0,124.83755493164062,138.0,48.400001525878906
2026-09-25 02:00:00+00:00,7.0,128.11639404296875,144.0,56.5
2026-09-25 03:00:00+00:00,8.0,136.05572509765625,152.0,57.0
2026-09-25 04:00:00+00:00,9.0,144.5396270751953,158.0,57.0
2026-09-25 05:00:00+00:00,10.0,141.00526428222656,156.0,57.0
2026-09-25 06:00:00+00:00,11.0,126.68819427490234,139.0,58.33333206176758
2026-09-25 07:00:00+00:00,12.0,130.1543731689453,144.0,58.33333206176758
2026-09-25 08:00:00+00:00,13.0,149.77687072753906,158.0,88.25
2026-09-25 09:00:00+00:00,14.0,170.44979858398438,183.0,121.5
2026-09-25 10:00:00+00:00,15.0,160.3690643310547,173.0,155.0
2026-09-25 11:00:00+00:00,16.0,161.9506378173828,172.0,155.6666717529297
2026-09-25 12:00:00+00:00,17.0,163.84178161621094,176.0,158.3333282470703
2026-09-25 13:00:00+00:00,18.0,179.61045837402344,190.0,179.39999389648438
2026-09-25 14:00:00+00:00,19.0,172.5146942138672,182.0,189.0
2026-09-25 15:00:00+00:00,20.0,168.21383666992188,180.0,188.5
2026-09-25 16:00:00+00:00,21.0,154.6424102783203,165.0,188.39999389648438
2026-09-25 17:00:00+00:00,22.0,116.72982788085938,129.0,188.5
2026-09-25 18:00:00+00:00,23.0,98.38521575927734,112.0,188.1999969482422
2026-09-25 19:00:00+00:00,24.0,101.18572235107422,114.0,188.5
2026-09-24 21:00:00+00:00,1.0,93.67823791503906,106.0,356.0
2026-09-24 22:00:00+00:00,2.0,130.73460388183594,144.0,356.0
2026-09-24 23:00:00+00:00,3.0,120.80258178710938,134.0,31.0
2026-09-25 00:00:00+00:00,4.0,118.28277587890625,132.0,34.33333206176758
2026-09-25 01:00:00+00:00,5.0,118.7401123046875,135.0,48.400001525878906
2026-09-25 02:00:00+00:00,6.0,129.67669677734375,144.0,56.5
2026-09-25 03:00:00+00:00,7.0,133.92752075195312,150.0,57.0
2026-09-25 04:00:00+00:00,8.0,136.89381408691406,154.0,57.0
2026-09-25 05:00:00+00:00,9.0,142.4370574951172,156.0,57.0
2026-09-25 06:00:00+00:00,10.0,122.61051177978516,138.0,58.33333206176758
2026-09-25 07:00:00+00:00,11.0,135.5511474609375,148.0,58.33333206176758
2026-09-25 08:00:00+00:00,12.0,145.13380432128906,159.0,88.25
2026-09-25 09:00:00+00:00,13.0,169.06060791015625,178.0,121.5
2026-09-25 10:00:00+00:00,14.0,150.90818786621094,165.0,155.0
2026-09-25 11:00:00+00:00,15.0,158.85513305664062,173.0,155.6666717529297
2026-09-25 12:00:00+00:00,16.0,167.8981170654297,179.0,158.3333282470703
2026-09-25 13:00:00+00:00,17.0,184.0401153564453,198.0,179.39999389648438
2026-09-25 14:00:00+00:00,18.0,181.07241821289062,193.0,189.0
2026-09-25 15:00:00+00:00,19.0,270.7693176269531,282.0,188.5
2026-09-25 16:00:00+00:00,20.0,243.98150634765625,258.0,188.39999389648438
2026-09-25 17:00:00+00:00,21.0,260.4527893066406,273.0,188.5
2026-09-25 18:00:00+00:00,22.0,341.8448791503906,356.0,188.1999969482422
2026-09-25 19:00:00+00:00,23.0,20.617916107177734,36.0,188.5
2026-09-25 20:00:00+00:00,24.0,37.932125091552734,52.0,188.375
2026-09-24 22:00:00+00:00,1.0,123.22453308105469,136.0,356.0
2026-09-24 23:00:00+00:00,2.0,119.08470153808594,133.0,31.0
2026-09-25 00:00:00+00:00,3.0,117.64405822753906,133.0,34.33333206176758
2026-09-25 01:00:00+00:00,4.0,122.09003448486328,137.0,48.400001525878906
2026-09-25 02:00:00+00:00,5.0,123.58723449707031,141.0,56.5
2026-09-25 03:00:00+00:00,6.0,134.0750274658203,149.0,57.0
2026-09-25 04:00:00+00:00,7.0,139.42202758789062,155.0,57.0
2026-09-25 05:00:00+00:00,8.0,134.56985473632812,152.0,57.0
2026-09-25 06:00:00+00:00,9.0,123.66536712646484,137.0,58.33333206176758
2026-09-25 07:00:00+00:00,10.0,129.83302307128906,145.0,58.33333206176758
2026-09-25 08:00:00+00:00,11.0,151.65826416015625,164.0,88.25
2026-09-25 09:00:00+00:00,12.0,176.80181884765625,190.0,121.5
2026-09-25 10:00:00+00:00,13.0,166.2277069091797,176.0,155.0
2026-09-25 11:00:00+00:00,14.0,150.5734405517578,166.0,155.6666717529297
2026-09-25 12:00:00+00:00,15.0,168.5814666748047,184.0,158.3333282470703
2026-09-25 13:00:00+00:00,16.0,187.353759765625,200.0,179.39999389648438
2026-09-25 14:00:00+00:00,17.0,180.20281982421875,196.0,189.0
2026-09-25 15:00:00+00:00,18.0,179.95187377929688,194.0,188.5
2026-09-25 16:00:00+00:00,19.0,171.37966918945312,185.0,188.39999389648438
2026-09-25 17:00:00+00:00,20.0,303.650634765625,320.0,188.5
2026-09-25 18:00:00+00:00,21.0,3.610921859741211,19.0,188.1999969482422
2026-09-25 19:00:00+00:00,22.0,23.543785095214844,40.0,188.5
2026-09-25 20:00:00+00:00,23.0,33.84619903564453,51.0,188.375
2026-09-25 21:00:00+00:00,24.0,20.61672019958496,36.0,188.6666717529297
2026-09-24 23:00:00+00:00,2.0,119.28309631347656,133.0,31.0
2026-09-25 00:00:00+00:00,3.0,117.94786834716797,133.0,34.33333206176758
2026-09-25 01:00:00+00:00,4.0,120.83992004394531,137.0,48.400001525878906
2026-09-25 02:00:00+00:00,5.0,124.86712646484375,141.0,56.5
2026-09-25 03:00:00+00:00,6.0,130.940185546875,149.0,57.0
2026-09-25 04:00:00+00:00,7.0,141.4368438720703,155.0,57.0
2026-09-25 05:00:00+00:00,8.0,137.39376831054688,152.0,57.0
2026-09-25 06:00:00+00:00,9.0,120.30230712890625,137.0,58.33333206176758
2026-09-25 07:00:00+00:00,10.0,133.2240447998047,145.0,58.33333206176758
2026-09-25 08:00:00+00:00,11.0,149.54745483398438,164.0,88.25
2026-09-25 09:00:00+00:00,12.0,178.248779296875,190.0,121.5
2026-09-25 10:00:00+00:00,13.0,163.82862854003906,176.0,155.0
2026-09-25 11:00:00+00:00,14.0,154.08416748046875,166.0,155.6666717529297
2026-09-25 12:00:00+00:00,15.0,165.8963623046875,184.0,158.3333282470703
2026-09-25 13:00:00+00:00,16.0,183.2498321533203,200.0,179.39999389648438
2026-09-25 14:00:00+00:00,17.0,180.80001831054688,196.0,189.0
2026-09-25 15:00:00+00:00,18.0,175.08987426757812,194.0,188.5
2026-09-25 16:00:00+00:00,19.0,167.04278564453125,185.0,188.39999389648438
2026-09-25 17:00:00+00:00,20.0,301.8504638671875,320.0,188.5
2026-09-25 18:00:00+00:00,21.0,359.0528259277344,19.0,188.1999969482422
2026-09-25 19:00:00+00:00,22.0,20.010173797607422,40.0,188.5
2026-09-25 20:00:00+00:00,23.0,29.371366500854492,51.0,188.375
2026-09-25 21:00:00+00:00,24.0,14.759252548217773,36.0,188.6666717529297
2026-09-25 22:00:00+00:00,25.0,19.369503021240234,38.0,188.1666717529297
2026-09-25 00:00:00+00:00,3.0,119.16563415527344,133.0,34.33333206176758
2026-09-25 01:00:00+00:00,4.0,121.95523071289062,137.0,48.400001525878906
2026-09-25 02:00:00+00:00,5.0,125.13719940185547,141.0,56.5
2026-09-25 03:00:00+00:00,6.0,133.15780639648438,149.0,57.0
2026-09-25 04:00:00+00:00,7.0,138.62095642089844,155.0,57.0
2026-09-25 05:00:00+00:00,8.0,139.7461700439453,152.0,57.0
2026-09-25 06:00:00+00:00,9.0,123.76033782958984,137.0,58.33333206176758
2026-09-25 07:00:00+00:00,10.0,130.01943969726562,145.0,58.33333206176758
2026-09-25 08:00:00+00:00,11.0,154.69439697265625,164.0,88.25
2026-09-25 09:00:00+00:00,12.0,177.6072998046875,190.0,121.5
2026-09-25 10:00:00+00:00,13.0,164.97781372070312,176.0,155.0
2026-09-25 11:00:00+00:00,14.0,154.5957489013672,166.0,155.6666717529297
2026-09-25 12:00:00+00:00,15.0,170.20870971679688,184.0,158.3333282470703
2026-09-25 13:00:00+00:00,16.0,179.72335815429688,200.0,179.39999389648438
2026-09-25 14:00:00+00:00,17.0,177.79774475097656,196.0,189.0
2026-09-25 15:00:00+00:00,18.0,175.89056396484375,194.0,188.5
2026-09-25 16:00:00+00:00,19.0,162.9835968017578,185.0,188.39999389648438
2026-09-25 17:00:00+00:00,20.0,296.989990234375,320.0,188.5
2026-09-25 18:00:00+00:00,21.0,355.59564208984375,19.0,188.1999969482422
2026-09-25 19:00:00+00:00,22.0,15.82546615600586,40.0,188.5
2026-09-25 20:00:00+00:00,23.0,26.04535675048828,51.0,188.375
2026-09-25 21:00:00+00:00,24.0,8.289356231689453,36.0,188.6666717529297
2026-09-25 22:00:00+00:00,25.0,11.912059783935547,38.0,188.1666717529297
2026-09-25 23:00:00+00:00,26.0,26.57602310180664,50.0,188.85714721679688
2026-09-25 01:00:00+00:00,4.0,122.86561584472656,137.0,48.400001525878906
2026-09-25 02:00:00+00:00,5.0,127.10161590576172,141.0,56.5
2026-09-25 03:00:00+00:00,6.0,134.65972900390625,149.0,57.0
2026-09-25 04:00:00+00:00,7.0,140.33016967773438,155.0,57.0
2026-09-25 05:00:00+00:00,8.0,138.75067138671875,152.0,57.0
2026-09-25 06:00:00+00:00,9.0,126.53793334960938,137.0,58.33333206176758
2026-09-25 07:00:00+00:00,10.0,133.09974670410156,145.0,58.33333206176758
2026-09-25 08:00:00+00:00,11.0,150.9023895263672,164.0,88.25
2026-09-25 09:00:00+00:00,12.0,182.32205200195312,190.0,121.5
2026-09-25 10:00:00+00:00,13.0,165.22891235351562,176.0,155.0
2026-09-25 11:00:00+00:00,14.0,155.84078979492188,166.0,155.6666717529297
2026-09-25 12:00:00+00:00,15.0,172.18045043945312,184.0,158.3333282470703
2026-09-25 13:00:00+00:00,16.0,184.933349609375,200.0,179.39999389648438
2026-09-25 14:00:00+00:00,17.0,174.1492462158203,196.0,189.0
2026-09-25 15:00:00+00:00,18.0,174.51339721679688,194.0,188.5
2026-09-25 16:00:00+00:00,19.0,163.85877990722656,185.0,188.39999389648438
2026-09-25 17:00:00+00:00,20.0,295.4130859375,320.0,188.5
2026-09-25 18:00:00+00:00,21.0,352.49932861328125,19.0,188.1999969482422
2026-09-25 19:00:00+00:00,22.0,13.191329956054688,40.0,188.5
2026-09-25 20:00:00+00:00,23.0,23.282962799072266,51.0,188.375
2026-09-25 21:00:00+00:00,24.0,6.5197296142578125,36.0,188.6666717529297
2026-09-25 22:00:00+00:00,25.0,5.744815826416016,38.0,188.1666717529297
2026-09-25 23:00:00+00:00,26.0,20.39800262451172,50.0,188.85714721679688
2026-09-26 00:00:00+00:00,27.0,26.731876373291016,54.0,189.0
2026-09-25 02:00:00+00:00,5.0,126.96047973632812,141.0,56.5
2026-09-25 03:00:00+00:00,6.0,136.46856689453125,149.0,57.0
2026-09-25 04:00:00+00:00,7.0,142.12376403808594,155.0,57.0
2026-09-25 05:00:00+00:00,8.0,138.5218963623047,152.0,57.0
2026-09-25 06:00:00+00:00,9.0,126.28388214111328,137.0,58.33333206176758
2026-09-25 07:00:00+00:00,10.0,136.08790588378906,145.0,58.33333206176758
2026-09-25 08:00:00+00:00,11.0,153.07943725585938,164.0,88.25
2026-09-25 09:00:00+00:00,12.0,178.43724060058594,190.0,121.5
2026-09-25 10:00:00+00:00,13.0,169.33897399902344,176.0,155.0
2026-09-25 11:00:00+00:00,14.0,156.0113067626953,166.0,155.6666717529297
2026-09-25 12:00:00+00:00,15.0,174.28065490722656,184.0,158.3333282470703
2026-09-25 13:00:00+00:00,16.0,187.72915649414062,200.0,179.39999389648438
2026-09-25 14:00:00+00:00,17.0,179.99200439453125,196.0,189.0
2026-09-25 15:00:00+00:00,18.0,171.38027954101562,194.0,188.5
2026-09-25 16:00:00+00:00,19.0,164.0778350830078,185.0,188.39999389648438
2026-09-25 17:00:00+00:00,20.0,296.0948791503906,320.0,188.5
2026-09-25 18:00:00+00:00,21.0,351.895751953125,19.0,188.1999969482422
2026-09-25 19:00:00+00:00,22.0,10.459693908691406,40.0,188.5
2026-09-25 20:00:00+00:00,23.0,21.519115447998047,51.0,188.375
2026-09-25 21:00:00+00:00,24.0,4.978599548339844,36.0,188.6666717529297
2026-09-25 22:00:00+00:00,25.0,4.7392120361328125,38.0,188.1666717529297
2026-09-25 23:00:00+00:00,26.0,14.247264862060547,50.0,188.85714721679688
2026-09-26 00:00:00+00:00,27.0,21.768875122070312,54.0,189.0
2026-09-26 01:00:00+00:00,28.0,15.734718322753906,46.0,131.22222900390625
2026-09-25 03:00:00+00:00,6.0,135.52000427246094,149.0,57.0
2026-09-25 04:00:00+00:00,7.0,143.7604522705078,155.0,57.0
2026-09-25 05:00:00+00:00,8.0,139.95654296875,152.0,57.0
2026-09-25 06:00:00+00:00,9.0,124.72431945800781,137.0,58.33333206176758
2026-09-25 07:00:00+00:00,10.0,136.30943298339844,145.0,58.33333206176758
2026-09-25 08:00:00+00:00,11.0,156.4834442138672,164.0,88.25
2026-09-25 09:00:00+00:00,12.0,179.25396728515625,190.0,121.5
2026-09-25 10:00:00+00:00,13.0,165.3514404296875,176.0,155.0
2026-09-25 11:00:00+00:00,14.0,159.79493713378906,166.0,155.6666717529297
2026-09-25 12:00:00+00:00,15.0,173.9703369140625,184.0,158.3333282470703
2026-09-25 13:00:00+00:00,16.0,189.63829040527344,200.0,179.39999389648438
2026-09-25 14:00:00+00:00,17.0,182.80288696289062,196.0,189.0
2026-09-25 15:00:00+00:00,18.0,177.26889038085938,194.0,188.5
2026-09-25 16:00:00+00:00,19.0,162.3371124267578,185.0,188.39999389648438
2026-09-25 17:00:00+00:00,20.0,297.6515197753906,320.0,188.5
2026-09-25 18:00:00+00:00,21.0,352.87396240234375,19.0,188.1999969482422
2026-09-25 19:00:00+00:00,22.0,10.765033721923828,40.0,188.5
2026-09-25 20:00:00+00:00,23.0,18.908329010009766,51.0,188.375
2026-09-25 21:00:00+00:00,24.0,4.648738861083984,36.0,188.6666717529297
2026-09-25 22:00:00+00:00,25.0,4.244892120361328,38.0,188.1666717529297
2026-09-25 23:00:00+00:00,26.0,13.466819763183594,50.0,188.85714721679688
2026-09-26 00:00:00+00:00,27.0,15.572193145751953,54.0,189.0
2026-09-26 01:00:00+00:00,28.0,12.273853302001953,46.0,131.22222900390625
2026-09-26 02:00:00+00:00,29.0,1.3403053283691406,34.0,10.777777671813965
2026-09-25 04:00:00+00:00,7.0,142.16415405273438,155.0,57.0
2026-09-25 05:00:00+00:00,8.0,141.97145080566406,152.0,57.0
2026-09-25 06:00:00+00:00,9.0,125.09619903564453,137.0,58.33333206176758
2026-09-25 07:00:00+00:00,10.0,133.71580505371094,145.0,58.33333206176758
2026-09-25 08:00:00+00:00,11.0,156.56082153320312,164.0,88.25
2026-09-25 09:00:00+00:00,12.0,183.65756225585938,190.0,121.5
2026-09-25 10:00:00+00:00,13.0,164.881103515625,176.0,155.0
2026-09-25 11:00:00+00:00,14.0,155.69796752929688,166.0,155.6666717529297
2026-09-25 12:00:00+00:00,15.0,177.64405822753906,184.0,158.3333282470703
2026-09-25 13:00:00+00:00,16.0,189.37974548339844,200.0,179.39999389648438
2026-09-25 14:00:00+00:00,17.0,184.45135498046875,196.0,189.0
2026-09-25 15:00:00+00:00,18.0,179.88265991210938,194.0,188.5
2026-09-25 16:00:00+00:00,19.0,167.43739318847656,185.0,188.39999389648438
2026-09-25 17:00:00+00:00,20.0,297.4717712402344,320.0,188.5
2026-09-25 18:00:00+00:00,21.0,355.2248229980469,19.0,188.1999969482422
2026-09-25 19:00:00+00:00,22.0,12.023269653320312,40.0,188.5
2026-09-25 20:00:00+00:00,23.0,20.273136138916016,51.0,188.375
2026-09-25 21:00:00+00:00,24.0,2.136554718017578,36.0,188.6666717529297
2026-09-25 22:00:00+00:00,25.0,5.55389404296875,38.0,188.1666717529297
2026-09-25 23:00:00+00:00,26.0,14.260570526123047,50.0,188.85714721679688
2026-09-26 00:00:00+00:00,27.0,15.523002624511719,54.0,189.0
2026-09-26 01:00:00+00:00,28.0,6.008518218994141,46.0,131.22222900390625
2026-09-26 02:00:00+00:00,29.0,359.48333740234375,34.0,10.777777671813965
2026-09-26 03:00:00+00:00,30.0,349.1066589355469,23.0,15.800000190734863
2026-09-25 05:00:00+00:00,8.0,139.63433837890625,152.0,57.0
2026-09-25 06:00:00+00:00,9.0,127.91507720947266,137.0,58.33333206176758
2026-09-25 07:00:00+00:00,10.0,132.88088989257812,145.0,58.33333206176758
2026-09-25 08:00:00+00:00,11.0,153.53233337402344,164.0,88.25
2026-09-25 09:00:00+00:00,12.0,183.3091583251953,190.0,121.5
2026-09-25 10:00:00+00:00,13.0,170.43316650390625,176.0,155.0
2026-09-25 11:00:00+00:00,14.0,154.07083129882812,166.0,155.6666717529297
2026-09-25 12:00:00+00:00,15.0,173.72740173339844,184.0,158.3333282470703
2026-09-25 13:00:00+00:00,16.0,192.98202514648438,200.0,179.39999389648438
2026-09-25 14:00:00+00:00,17.0,184.45556640625,196.0,189.0
2026-09-25 15:00:00+00:00,18.0,181.0193328857422,194.0,188.5
2026-09-25 16:00:00+00:00,19.0,169.7503662109375,185.0,188.39999389648438
2026-09-25 17:00:00+00:00,20.0,301.6128845214844,320.0,188.5
2026-09-25 18:00:00+00:00,21.0,356.6774597167969,19.0,188.1999969482422
2026-09-25 19:00:00+00:00,22.0,14.662212371826172,40.0,188.5
2026-09-25 20:00:00+00:00,23.0,21.65911865234375,51.0,188.375
2026-09-25 21:00:00+00:00,24.0,4.087921142578125,36.0,188.6666717529297
2026-09-25 22:00:00+00:00,25.0,2.7246131896972656,38.0,188.1666717529297
2026-09-25 23:00:00+00:00,26.0,16.7652587890625,50.0,188.85714721679688
2026-09-26 00:00:00+00:00,27.0,16.88248062133789,54.0,189.0
2026-09-26 01:00:00+00:00,28.0,6.466075897216797,46.0,131.22222900390625
2026-09-26 02:00:00+00:00,29.0,353.2296447753906,34.0,10.777777671813965
2026-09-26 03:00:00+00:00,30.0,348.2425231933594,23.0,15.800000190734863
2026-09-26 04:00:00+00:00,31.0,346.6420593261719,21.0,6.714285850524902
2026-09-25 06:00:00+00:00,9.0,124.81613159179688,137.0,58.33333206176758
2026-09-25 07:00:00+00:00,10.0,136.52305603027344,145.0,58.33333206176758
2026-09-25 08:00:00+00:00,11.0,151.4724884033203,164.0,88.25
2026-09-25 09:00:00+00:00,12.0,180.11465454101562,190.0,121.5
2026-09-25 10:00:00+00:00,13.0,169.67333984375,176.0,155.0
2026-09-25 11:00:00+00:00,14.0,160.84637451171875,166.0,155.6666717529297
2026-09-25 12:00:00+00:00,15.0,171.04283142089844,184.0,158.3333282470703
2026-09-25 13:00:00+00:00,16.0,189.58143615722656,200.0,179.39999389648438
2026-09-25 14:00:00+00:00,17.0,188.0758514404297,196.0,189.0
2026-09-25 15:00:00+00:00,18.0,181.34011840820312,194.0,188.5
2026-09-25 16:00:00+00:00,19.0,170.5418701171875,185.0,188.39999389648438
2026-09-25 17:00:00+00:00,20.0,303.49774169921875,320.0,188.5
2026-09-25 18:00:00+00:00,21.0,359.7831115722656,19.0,188.1999969482422
2026-09-25 19:00:00+00:00,22.0,17.768157958984375,40.0,188.5
2026-09-25 20:00:00+00:00,23.0,24.041831970214844,51.0,188.375
2026-09-25 21:00:00+00:00,24.0,5.675422668457031,36.0,188.6666717529297
2026-09-25 22:00:00+00:00,25.0,5.100803375244141,38.0,188.1666717529297
2026-09-25 23:00:00+00:00,26.0,13.481605529785156,50.0,188.85714721679688
2026-09-26 00:00:00+00:00,27.0,20.10732650756836,54.0,189.0
2026-09-26 01:00:00+00:00,28.0,7.904224395751953,46.0,131.22222900390625
2026-09-26 02:00:00+00:00,29.0,353.8620300292969,34.0,10.777777671813965
2026-09-26 03:00:00+00:00,30.0,341.8429260253906,23.0,15.800000190734863
2026-09-26 04:00:00+00:00,31.0,346.23065185546875,21.0,6.714285850524902
2026-09-26 05:00:00+00:00,32.0,332.5351257324219,7.0,7.714285850524902
2026-09-25 07:00:00+00:00,1.0,140.68460083007812,153.0,58.33333206176758
2026-09-25 08:00:00+00:00,2.0,168.05307006835938,176.0,88.25
2026-09-25 09:00:00+00:00,3.0,175.54640197753906,189.0,121.5
2026-09-25 10:00:00+00:00,4.0,165.4602813720703,175.0,155.0
2026-09-25 11:00:00+00:00,5.0,170.91769409179688,177.0,155.6666717529297
2026-09-25 12:00:00+00:00,6.0,182.1812744140625,187.0,158.3333282470703
2026-09-25 13:00:00+00:00,7.0,184.6068115234375,199.0,179.39999389648438
2026-09-25 14:00:00+00:00,8.0,202.4129638671875,213.0,189.0
2026-09-25 15:00:00+00:00,9.0,264.7747802734375,274.0,188.5
2026-09-25 16:00:00+00:00,10.0,207.79515075683594,222.0,188.39999389648438
2026-09-25 17:00:00+00:00,11.0,113.61434936523438,130.0,188.5
2026-09-25 18:00:00+00:00,12.0,102.84127807617188,121.0,188.1999969482422
2026-09-25 19:00:00+00:00,13.0,104.5661849975586,125.0,188.5
2026-09-25 20:00:00+00:00,14.0,105.55269622802734,128.0,188.375
2026-09-25 21:00:00+00:00,15.0,100.84921264648438,130.0,188.6666717529297
2026-09-25 22:00:00+00:00,16.0,112.94691467285156,144.0,188.1666717529297
2026-09-25 23:00:00+00:00,17.0,338.6911315917969,13.0,188.85714721679688
2026-09-26 00:00:00+00:00,18.0,8.925106048583984,47.0,189.0
2026-09-26 01:00:00+00:00,19.0,338.1153564453125,13.0,131.22222900390625
2026-09-26 02:00:00+00:00,20.0,331.0494079589844,10.0,10.777777671813965
2026-09-26 03:00:00+00:00,21.0,314.2874450683594,355.0,15.800000190734863
2026-09-26 04:00:00+00:00,22.0,312.68817138671875,354.0,6.714285850524902
2026-09-26 05:00:00+00:00,23.0,321.415283203125,356.0,7.714285850524902
2026-09-26 06:00:00+00:00,24.0,327.59381103515625,2.0,7.0
2026-09-25 08:00:00+00:00,1.0,160.89321899414062,173.0,88.25
2026-09-25 09:00:00+00:00,2.0,170.52377319335938,178.0,121.5
2026-09-25 10:00:00+00:00,3.0,161.0320587158203,175.0,155.0
2026-09-25 11:00:00+00:00,4.0,160.6690216064453,170.0,155.6666717529297
2026-09-25 12:00:00+00:00,5.0,172.8992462158203,179.0,158.3333282470703
2026-09-25 13:00:00+00:00,6.0,184.36073303222656,189.0,179.39999389648438
2026-09-25 14:00:00+00:00,7.0,176.75192260742188,192.0,189.0
2026-09-25 15:00:00+00:00,8.0,178.14993286132812,189.0,188.5
2026-09-25 16:00:00+00:00,9.0,160.910888671875,171.0,188.39999389648438
2026-09-25 17:00:00+00:00,10.0,124.92221069335938,140.0,188.5
2026-09-25 18:00:00+00:00,11.0,116.46488952636719,134.0,188.1999969482422
2026-09-25 19:00:00+00:00,12.0,109.15886688232422,128.0,188.5
2026-09-25 20:00:00+00:00,13.0,110.09780883789062,131.0,188.375
2026-09-25 21:00:00+00:00,14.0,117.64923095703125,140.0,188.6666717529297
2026-09-25 22:00:00+00:00,15.0,146.9844970703125,177.0,188.1666717529297
2026-09-25 23:00:00+00:00,16.0,158.0962371826172,189.0,188.85714721679688
2026-09-26 00:00:00+00:00,17.0,268.4439392089844,303.0,189.0
2026-09-26 01:00:00+00:00,18.0,328.6728515625,7.0,131.22222900390625
2026-09-26 02:00:00+00:00,19.0,337.0689697265625,12.0,10.777777671813965
2026-09-26 03:00:00+00:00,20.0,298.2786865234375,337.0,15.800000190734863
2026-09-26 04:00:00+00:00,21.0,301.8212890625,342.0,6.714285850524902
2026-09-26 05:00:00+00:00,22.0,308.55120849609375,349.0,7.714285850524902
2026-09-26 06:00:00+00:00,23.0,317.23870849609375,351.0,7.0
2026-09-26 07:00:00+00:00,24.0,325.3537902832031,359.0,182.0
2026-09-25 09:00:00+00:00,1.0,176.88059997558594,189.0,121.5
2026-09-25 10:00:00+00:00,2.0,172.8240966796875,180.0,155.0
2026-09-25 11:00:00+00:00,3.0,156.47816467285156,171.0,155.6666717529297
2026-09-25 12:00:00+00:00,4.0,174.79502868652344,184.0,158.3333282470703
2026-09-25 13:00:00+00:00,5.0,185.63467407226562,192.0,179.39999389648438
2026-09-25 14:00:00+00:00,6.0,199.3275146484375,204.0,189.0
2026-09-25 15:00:00+00:00,7.0,243.82879638671875,260.0,188.5
2026-09-25 16:00:00+00:00,8.0,159.80369567871094,171.0,188.39999389648438
2026-09-25 17:00:00+00:00,9.0,114.12745666503906,125.0,188.5
2026-09-25 18:00:00+00:00,10.0,109.19721221923828,125.0,188.1999969482422
2026-09-25 19:00:00+00:00,11.0,112.39485168457031,131.0,188.5
2026-09-25 20:00:00+00:00,12.0,115.4319839477539,135.0,188.375
2026-09-25 21:00:00+00:00,13.0,129.6405029296875,151.0,188.6666717529297
2026-09-25 22:00:00+00:00,14.0,155.73670959472656,178.0,188.1666717529297
2026-09-25 23:00:00+00:00,15.0,123.1854019165039,154.0,188.85714721679688
2026-09-26 00:00:00+00:00,16.0,311.33135986328125,342.0,189.0
2026-09-26 01:00:00+00:00,17.0,330.2630615234375,5.0,131.22222900390625
2026-09-26 02:00:00+00:00,18.0,303.49041748046875,342.0,10.777777671813965
2026-09-26 03:00:00+00:00,19.0,305.96966552734375,341.0,15.800000190734863
2026-09-26 04:00:00+00:00,20.0,305.4547119140625,344.0,6.714285850524902
2026-09-26 05:00:00+00:00,21.0,298.40283203125,338.0,7.714285850524902
2026-09-26 06:00:00+00:00,22.0,317.2547607421875,357.0,7.0
2026-09-26 07:00:00+00:00,23.0,331.83282470703125,5.0,182.0
2026-09-26 08:00:00+00:00,24.0,331.11883544921875,4.0,288.0
2026-09-25 10:00:00+00:00,1.0,171.89208984375,184.0,155.0
2026-09-25 11:00:00+00:00,2.0,170.8843231201172,178.0,155.6666717529297
2026-09-25 12:00:00+00:00,3.0,170.8474578857422,186.0,158.3333282470703
2026-09-25 13:00:00+00:00,4.0,189.68609619140625,199.0,179.39999389648438
2026-09-25 14:00:00+00:00,5.0,201.81546020507812,209.0,189.0
2026-09-25 15:00:00+00:00,6.0,250.92091369628906,256.0,188.5
2026-09-25 16:00:00+00:00,7.0,207.8504638671875,225.0,188.39999389648438
2026-09-25 17:00:00+00:00,8.0,119.16787719726562,131.0,188.5
2026-09-25 18:00:00+00:00,9.0,106.19010925292969,118.0,188.1999969482422
2026-09-25 19:00:00+00:00,10.0,109.53114318847656,126.0,188.5
2026-09-25 20:00:00+00:00,11.0,103.36886596679688,123.0,188.375
2026-09-25 21:00:00+00:00,12.0,110.96430969238281,131.0,188.6666717529297
2026-09-25 22:00:00+00:00,13.0,115.5125503540039,137.0,188.1666717529297
2026-09-25 23:00:00+00:00,14.0,15.03165054321289,37.0,188.85714721679688
2026-09-26 00:00:00+00:00,15.0,63.84516906738281,95.0,189.0
2026-09-26 01:00:00+00:00,16.0,76.30072784423828,106.0,131.22222900390625
2026-09-26 02:00:00+00:00,17.0,325.7750244140625,0.0,10.777777671813965
2026-09-26 03:00:00+00:00,18.0,307.1405029296875,345.0,15.800000190734863
2026-09-26 04:00:00+00:00,19.0,308.4688720703125,343.0,6.714285850524902
2026-09-26 05:00:00+00:00,20.0,318.6719665527344,356.0,7.714285850524902
2026-09-26 06:00:00+00:00,21.0,316.1921081542969,354.0,7.0
2026-09-26 07:00:00+00:00,22.0,326.10638427734375,4.0,182.0
2026-09-26 08:00:00+00:00,23.0,326.1123046875,358.0,288.0
2026-09-26 09:00:00+00:00,24.0,328.79412841796875,0.0,15.666666984558105
2026-09-25 11:00:00+00:00,1.0,165.8098907470703,178.0,155.6666717529297
2026-09-25 12:00:00+00:00,2.0,173.78907775878906,181.0,158.3333282470703
2026-09-25 13:00:00+00:00,3.0,179.39283752441406,195.0,179.39999389648438
2026-09-25 14:00:00+00:00,4.0,186.4505615234375,196.0,189.0
2026-09-25 15:00:00+00:00,5.0,169.13600158691406,177.0,188.5
2026-09-25 16:00:00+00:00,6.0,155.4751434326172,161.0,188.39999389648438
2026-09-25 17:00:00+00:00,7.0,108.13358306884766,126.0,188.5
2026-09-25 18:00:00+00:00,8.0,104.56620788574219,117.0,188.1999969482422
2026-09-25 19:00:00+00:00,9.0,96.39558410644531,109.0,188.5
2026-09-25 20:00:00+00:00,10.0,95.04978942871094,112.0,188.375
2026-09-25 21:00:00+00:00,11.0,104.52110290527344,125.0,188.6666717529297
2026-09-25 22:00:00+00:00,12.0,105.62266540527344,126.0,188.1666717529297
2026-09-25 23:00:00+00:00,13.0,324.3049621582031,346.0,188.85714721679688
2026-09-26 00:00:00+00:00,14.0,79.21758270263672,101.0,189.0
2026-09-26 01:00:00+00:00,15.0,314.5815124511719,346.0,131.22222900390625
2026-09-26 02:00:00+00:00,16.0,344.15545654296875,13.0,10.777777671813965
2026-09-26 03:00:00+00:00,17.0,340.0859069824219,14.0,15.800000190734863
2026-09-26 04:00:00+00:00,18.0,309.622314453125,347.0,6.714285850524902
2026-09-26 05:00:00+00:00,19.0,308.9342041015625,343.0,7.714285850524902
2026-09-26 06:00:00+00:00,20.0,308.75665283203125,345.0,7.0
2026-09-26 07:00:00+00:00,21.0,317.61688232421875,354.0,182.0
2026-09-26 08:00:00+00:00,22.0,321.57635498046875,358.0,288.0
2026-09-26 09:00:00+00:00,23.0,337.14703369140625,8.0,15.666666984558105
2026-09-26 10:00:00+00:00,24.0,343.0193176269531,13.0,9.285714149475098
2026-09-25 12:00:00+00:00,1.0,172.72210693359375,185.0,158.3333282470703
2026-09-25 13:00:00+00:00,2.0,188.33470153808594,196.0,179.39999389648438
2026-09-25 14:00:00+00:00,3.0,183.10496520996094,199.0,189.0
2026-09-25 15:00:00+00:00,4.0,171.90164184570312,182.0,188.5
2026-09-25 16:00:00+00:00,5.0,147.23928833007812,156.0,188.39999389648438
2026-09-25 17:00:00+00:00,6.0,132.7172088623047,139.0,188.5
2026-09-25 18:00:00+00:00,7.0,112.63470458984375,131.0,188.1999969482422
2026-09-25 19:00:00+00:00,8.0,113.67874908447266,127.0,188.5
2026-09-25 20:00:00+00:00,9.0,117.59904479980469,131.0,188.375
2026-09-25 21:00:00+00:00,10.0,120.8074951171875,138.0,188.6666717529297
2026-09-25 22:00:00+00:00,11.0,125.81623840332031,147.0,188.1666717529297
2026-09-25 23:00:00+00:00,12.0,96.57939147949219,117.0,188.85714721679688
2026-09-26 00:00:00+00:00,13.0,355.226806640625,17.0,189.0
2026-09-26 01:00:00+00:00,14.0,344.50592041015625,6.0,131.22222900390625
2026-09-26 02:00:00+00:00,15.0,1.7384796142578125,33.0,10.777777671813965
2026-09-26 03:00:00+00:00,16.0,327.4399719238281,355.0,15.800000190734863
2026-09-26 04:00:00+00:00,17.0,310.5567626953125,344.0,6.714285850524902
2026-09-26 05:00:00+00:00,18.0,308.4679870605469,345.0,7.714285850524902
2026-09-26 06:00:00+00:00,19.0,326.98980712890625,0.0,7.0
2026-09-26 07:00:00+00:00,20.0,323.4236145019531,358.0,182.0
2026-09-26 08:00:00+00:00,21.0,327.4404602050781,2.0,288.0
2026-09-26 09:00:00+00:00,22.0,329.4744873046875,4.0,15.666666984558105
2026-09-26 10:00:00+00:00,23.0,338.5335998535156,8.0,9.285714149475098
2026-09-26 11:00:00+00:00,24.0,347.4508056640625,16.0,17.428571701049805
2026-09-25 13:00:00+00:00,1.0,182.7821044921875,195.0,179.39999389648438
2026-09-25 14:00:00+00:00,2.0,182.48194885253906,191.0,189.0
2026-09-25 15:00:00+00:00,3.0,181.05516052246094,197.0,188.5
2026-09-25 16:00:00+00:00,4.0,159.9083251953125,171.0,188.39999389648438
2026-09-25 17:00:00+00:00,5.0,142.87452697753906,153.0,188.5
2026-09-25 18:00:00+00:00,6.0,117.48186492919922,125.0,188.1999969482422
2026-09-25 19:00:00+00:00,7.0,105.46690368652344,124.0,188.5
2026-09-25 20:00:00+00:00,8.0,112.54611206054688,127.0,188.375
2026-09-25 21:00:00+00:00,9.0,127.79064178466797,142.0,188.6666717529297
2026-09-25 22:00:00+00:00,10.0,119.02899169921875,136.0,188.1666717529297
2026-09-25 23:00:00+00:00,11.0,351.62640380859375,13.0,188.85714721679688
2026-09-26 00:00:00+00:00,12.0,94.23308563232422,114.0,189.0
2026-09-26 01:00:00+00:00,13.0,51.78645324707031,73.0,131.22222900390625
2026-09-26 02:00:00+00:00,14.0,352.084228515625,13.0,10.777777671813965
2026-09-26 03:00:00+00:00,15.0,321.01806640625,351.0,15.800000190734863
2026-09-26 04:00:00+00:00,16.0,321.8507080078125,347.0,6.714285850524902
2026-09-26 05:00:00+00:00,17.0,313.08160400390625,345.0,7.714285850524902
2026-09-26 06:00:00+00:00,18.0,320.72637939453125,355.0,7.0
2026-09-26 07:00:00+00:00,19.0,323.38140869140625,354.0,182.0
2026-09-26 08:00:00+00:00,20.0,329.2398681640625,1.0,288.0
2026-09-26 09:00:00+00:00,21.0,332.6358337402344,4.0,15.666666984558105
2026-09-26 10:00:00+00:00,22.0,337.80780029296875,9.0,9.285714149475098
2026-09-26 11:00:00+00:00,23.0,344.12689208984375,11.0,17.428571701049805
2026-09-26 12:00:00+00:00,24.0,345.06805419921875,11.0,17.5
2026-09-25 14:00:00+00:00,1.0,178.81692504882812,191.0,189.0
2026-09-25 15:00:00+00:00,2.0,167.089111328125,176.0,188.5
2026-09-25 16:00:00+00:00,3.0,149.1921844482422,165.0,188.39999389648438
2026-09-25 17:00:00+00:00,4.0,119.39241790771484,131.0,188.5
2026-09-25 18:00:00+00:00,5.0,115.32744598388672,126.0,188.1999969482422
2026-09-25 19:00:00+00:00,6.0,103.7732925415039,112.0,188.5
2026-09-25 20:00:00+00:00,7.0,97.60588073730469,116.0,188.375
2026-09-25 21:00:00+00:00,8.0,109.02413177490234,124.0,188.6666717529297
2026-09-25 22:00:00+00:00,9.0,108.48561096191406,123.0,188.1666717529297
2026-09-25 23:00:00+00:00,10.0,352.2789306640625,9.0,188.85714721679688
2026-09-26 00:00:00+00:00,11.0,60.617713928222656,82.0,189.0
2026-09-26 01:00:00+00:00,12.0,16.653175354003906,36.0,131.22222900390625
2026-09-26 02:00:00+00:00,13.0,5.152889251708984,26.0,10.777777671813965
2026-09-26 03:00:00+00:00,14.0,15.326770782470703,36.0,15.800000190734863
2026-09-26 04:00:00+00:00,15.0,325.926025390625,355.0,6.714285850524902
2026-09-26 05:00:00+00:00,16.0,322.24737548828125,346.0,7.714285850524902
2026-09-26 06:00:00+00:00,17.0,314.8337707519531,346.0,7.0
2026-09-26 07:00:00+00:00,18.0,325.98480224609375,359.0,182.0
2026-09-26 08:00:00+00:00,19.0,336.75738525390625,6.0,288.0
2026-09-26 09:00:00+00:00,20.0,338.88922119140625,9.0,15.666666984558105
2026-09-26 10:00:00+00:00,21.0,339.2631530761719,9.0,9.285714149475098
2026-09-26 11:00:00+00:00,22.0,344.58123779296875,14.0,17.428571701049805
2026-09-26 12:00:00+00:00,23.0,347.4958801269531,13.0,17.5
2026-09-26 13:00:00+00:00,24.0,345.32891845703125,10.0,67.85713958740234
2026-09-25 15:00:00+00:00,1.0,169.01837158203125,181.0,188.5
2026-09-25 16:00:00+00:00,2.0,153.67282104492188,163.0,188.39999389648438
2026-09-25 17:00:00+00:00,3.0,130.5477294921875,146.0,188.5
2026-09-25 18:00:00+00:00,4.0,118.91690826416016,131.0,188.1999969482422
2026-09-25 19:00:00+00:00,5.0,117.77586364746094,129.0,188.5
2026-09-25 20:00:00+00:00,6.0,126.84930419921875,136.0,188.375
2026-09-25 21:00:00+00:00,7.0,126.06094360351562,144.0,188.6666717529297
2026-09-25 22:00:00+00:00,8.0,136.56967163085938,152.0,188.1666717529297
2026-09-25 23:00:00+00:00,9.0,175.33895874023438,190.0,188.85714721679688
2026-09-26 00:00:00+00:00,10.0,111.76581573486328,128.0,189.0
2026-09-26 01:00:00+00:00,11.0,237.92013549804688,259.0,131.22222900390625
2026-09-26 02:00:00+00:00,12.0,334.47552490234375,353.0,10.777777671813965
2026-09-26 03:00:00+00:00,13.0,329.92218017578125,350.0,15.800000190734863
2026-09-26 04:00:00+00:00,14.0,322.79864501953125,343.0,6.714285850524902
2026-09-26 05:00:00+00:00,15.0,321.4378662109375,349.0,7.714285850524902
2026-09-26 06:00:00+00:00,16.0,344.1459655761719,6.0,7.0
2026-09-26 07:00:00+00:00,17.0,330.12933349609375,0.0,182.0
2026-09-26 08:00:00+00:00,18.0,331.8887023925781,3.0,288.0
2026-09-26 09:00:00+00:00,19.0,336.7069396972656,4.0,15.666666984558105
2026-09-26 10:00:00+00:00,20.0,339.181884765625,7.0,9.285714149475098
2026-09-26 11:00:00+00:00,21.0,340.555419921875,8.0,17.428571701049805
2026-09-26 12:00:00+00:00,22.0,344.0079345703125,11.0,17.5
2026-09-26 13:00:00+00:00,23.0,348.388671875,12.0,67.85713958740234
2026-09-26 14:00:00+00:00,24.0,347.0198059082031,10.0,24.66666603088379
2026-09-25 16:00:00+00:00,1.0,168.11109924316406,180.0,188.39999389648438
2026-09-25 17:00:00+00:00,2.0,139.12290954589844,149.0,188.5
2026-09-25 18:00:00+00:00,3.0,111.86868286132812,127.0,188.1999969482422
2026-09-25 19:00:00+00:00,4.0,110.2724380493164,123.0,188.5
2026-09-25 20:00:00+00:00,5.0,121.16729736328125,133.0,188.375
2026-09-25 21:00:00+00:00,6.0,131.1457977294922,141.0,188.6666717529297
2026-09-25 22:00:00+00:00,7.0,119.72882843017578,137.0,188.1666717529297
2026-09-25 23:00:00+00:00,8.0,40.162498474121094,56.0,188.85714721679688
2026-09-26 00:00:00+00:00,9.0,80.3311538696289,95.0,189.0
2026-09-26 01:00:00+00:00,10.0,90.41896057128906,106.0,131.22222900390625
2026-09-26 02:00:00+00:00,11.0,334.39349365234375,355.0,10.777777671813965
2026-09-26 03:00:00+00:00,12.0,344.3908386230469,2.0,15.800000190734863
2026-09-26 04:00:00+00:00,13.0,338.5173645019531,358.0,6.714285850524902
2026-09-26 05:00:00+00:00,14.0,327.2005615234375,347.0,7.714285850524902
2026-09-26 06:00:00+00:00,15.0,334.9356994628906,1.0,7.0
2026-09-26 07:00:00+00:00,16.0,341.8089294433594,2.0,182.0
2026-09-26 08:00:00+00:00,17.0,334.42529296875,3.0,288.0
2026-09-26 09:00:00+00:00,18.0,332.692626953125,2.0,15.666666984558105
2026-09-26 10:00:00+00:00,19.0,336.6823425292969,2.0,9.285714149475098
2026-09-26 11:00:00+00:00,20.0,339.6288146972656,5.0,17.428571701049805
2026-09-26 12:00:00+00:00,21.0,345.7828063964844,11.0,17.5
2026-09-26 13:00:00+00:00,22.0,346.2176513671875,11.0,67.85713958740234
2026-09-26 14:00:00+00:00,23.0,350.0047607421875,12.0,24.66666603088379
2026-09-26 15:00:00+00:00,24.0,354.6058654785156,16.0,22.799999237060547
2026-09-25 17:00:00+00:00,1.0,122.1186752319336,134.0,188.5
2026-09-25 18:00:00+00:00,2.0,115.17057800292969,125.0,188.1999969482422
2026-09-25 19:00:00+00:00,3.0,111.08240509033203,126.0,188.5
2026-09-25 20:00:00+00:00,4.0,116.13298797607422,129.0,188.375
2026-09-25 21:00:00+00:00,5.0,126.19612884521484,138.0,188.6666717529297
2026-09-25 22:00:00+00:00,6.0,131.19505310058594,141.0,188.1666717529297
2026-09-25 23:00:00+00:00,7.0,136.09808349609375,153.0,188.85714721679688
2026-09-26 00:00:00+00:00,8.0,160.19070434570312,176.0,189.0
2026-09-26 01:00:00+00:00,9.0,138.54525756835938,153.0,131.22222900390625
2026-09-26 02:00:00+00:00,10.0,233.7522430419922,249.0,10.777777671813965
2026-09-26 03:00:00+00:00,11.0,320.6570129394531,341.0,15.800000190734863
2026-09-26 04:00:00+00:00,12.0,324.7139587402344,342.0,6.714285850524902
2026-09-26 05:00:00+00:00,13.0,317.6290588378906,337.0,7.714285850524902
2026-09-26 06:00:00+00:00,14.0,328.2024841308594,348.0,7.0
2026-09-26 07:00:00+00:00,15.0,331.31512451171875,357.0,182.0
2026-09-26 08:00:00+00:00,16.0,340.0704345703125,0.0,288.0
2026-09-26 09:00:00+00:00,17.0,335.6014709472656,4.0,15.666666984558105
2026-09-26 10:00:00+00:00,18.0,336.06671142578125,5.0,9.285714149475098
2026-09-26 11:00:00+00:00,19.0,341.99658203125,7.0,17.428571701049805
2026-09-26 12:00:00+00:00,20.0,340.1182861328125,5.0,17.5
2026-09-26 13:00:00+00:00,21.0,341.97784423828125,7.0,67.85713958740234
2026-09-26 14:00:00+00:00,22.0,344.43310546875,9.0,24.66666603088379
2026-09-26 15:00:00+00:00,23.0,351.9599914550781,14.0,22.799999237060547
2026-09-26 16:00:00+00:00,24.0,356.6019592285156,18.0,19.66666603088379
2026-09-25 18:00:00+00:00,1.0,116.44741821289062,128.0,188.1999969482422
2026-09-25 19:00:00+00:00,2.0,120.98816680908203,130.0,188.5
2026-09-25 20:00:00+00:00,3.0,121.35213470458984,136.0,188.375
2026-09-25 21:00:00+00:00,4.0,132.80572509765625,145.0,188.6666717529297
2026-09-25 22:00:00+00:00,5.0,135.0776824951172,146.0,188.1666717529297
2026-09-25 23:00:00+00:00,6.0,143.93881225585938,153.0,188.85714721679688
2026-09-26 00:00:00+00:00,7.0,105.2599868774414,122.0,189.0
2026-09-26 01:00:00+00:00,8.0,101.72920227050781,117.0,131.22222900390625
2026-09-26 02:00:00+00:00,9.0,236.99632263183594,251.0,10.777777671813965
2026-09-26 03:00:00+00:00,10.0,330.72039794921875,346.0,15.800000190734863
2026-09-26 04:00:00+00:00,11.0,314.8045959472656,335.0,6.714285850524902
2026-09-26 05:00:00+00:00,12.0,328.64642333984375,346.0,7.714285850524902
2026-09-26 06:00:00+00:00,13.0,338.56298828125,358.0,7.0
2026-09-26 07:00:00+00:00,14.0,343.0062561035156,3.0,182.0
2026-09-26 08:00:00+00:00,15.0,335.8701477050781,2.0,288.0
2026-09-26 09:00:00+00:00,16.0,342.21624755859375,3.0,15.666666984558105
2026-09-26 10:00:00+00:00,17.0,337.9053955078125,7.0,9.285714149475098
2026-09-26 11:00:00+00:00,18.0,337.3105773925781,7.0,17.428571701049805
2026-09-26 12:00:00+00:00,19.0,341.8822021484375,8.0,17.5
2026-09-26 13:00:00+00:00,20.0,342.7830810546875,9.0,67.85713958740234
2026-09-26 14:00:00+00:00,21.0,348.3911437988281,15.0,24.66666603088379
2026-09-26 15:00:00+00:00,22.0,350.9796447753906,17.0,22.799999237060547
2026-09-26 16:00:00+00:00,23.0,354.7254638671875,18.0,19.66666603088379
2026-09-26 17:00:00+00:00,24.0,356.23455810546875,19.0,18.16666603088379
2026-09-25 19:00:00+00:00,1.0,111.59842681884766,123.0,188.5
2026-09-25 20:00:00+00:00,2.0,124.02564239501953,133.0,188.375
2026-09-25 21:00:00+00:00,3.0,126.6669692993164,141.0,188.6666717529297
2026-09-25 22:00:00+00:00,4.0,129.85079956054688,142.0,188.1666717529297
2026-09-25 23:00:00+00:00,5.0,123.08631134033203,134.0,188.85714721679688
2026-09-26 00:00:00+00:00,6.0,257.8568420410156,267.0,189.0
2026-09-26 01:00:00+00:00,7.0,90.70413970947266,107.0,131.22222900390625
2026-09-26 02:00:00+00:00,8.0,210.85317993164062,226.0,10.777777671813965
2026-09-26 03:00:00+00:00,9.0,346.2961730957031,0.0,15.800000190734863
2026-09-26 04:00:00+00:00,10.0,343.0334167480469,358.0,6.714285850524902
2026-09-26 05:00:00+00:00,11.0,337.2524108886719,357.0,7.714285850524902
2026-09-26 06:00:00+00:00,12.0,341.15362548828125,358.0,7.0
2026-09-26 07:00:00+00:00,13.0,342.976318359375,2.0,182.0
2026-09-26 08:00:00+00:00,14.0,345.2264099121094,5.0,288.0
2026-09-26 09:00:00+00:00,15.0,338.4937438964844,4.0,15.666666984558105
2026-09-26 10:00:00+00:00,16.0,345.62506103515625,6.0,9.285714149475098
2026-09-26 11:00:00+00:00,17.0,334.4411926269531,3.0,17.428571701049805
2026-09-26 12:00:00+00:00,18.0,334.9990234375,4.0,17.5
2026-09-26 13:00:00+00:00,19.0,337.39007568359375,3.0,67.85713958740234
2026-09-26 14:00:00+00:00,20.0,337.4352111816406,3.0,24.66666603088379
2026-09-26 15:00:00+00:00,21.0,344.95111083984375,11.0,22.799999237060547
2026-09-26 16:00:00+00:00,22.0,350.5401916503906,16.0,19.66666603088379
2026-09-26 17:00:00+00:00,23.0,355.9990234375,19.0,18.16666603088379
2026-09-26 18:00:00+00:00,24.0,4.521266937255859,27.0,18.5
2026-09-25 20:00:00+00:00,1.0,116.04847717285156,129.0,188.375
2026-09-25 21:00:00+00:00,2.0,126.16232299804688,136.0,188.6666717529297
2026-09-25 22:00:00+00:00,3.0,122.50552368164062,138.0,188.1666717529297
2026-09-25 23:00:00+00:00,4.0,127.96504211425781,141.0,188.85714721679688
2026-09-26 00:00:00+00:00,5.0,188.38877868652344,200.0,189.0
2026-09-26 01:00:00+00:00,6.0,146.9835662841797,156.0,131.22222900390625
2026-09-26 02:00:00+00:00,7.0,281.31494140625,299.0,10.777777671813965
2026-09-26 03:00:00+00:00,8.0,352.2435607910156,8.0,15.800000190734863
2026-09-26 04:00:00+00:00,9.0,341.4473571777344,356.0,6.714285850524902
2026-09-26 05:00:00+00:00,10.0,338.03289794921875,354.0,7.714285850524902
2026-09-26 06:00:00+00:00,11.0,341.7068176269531,3.0,7.0
2026-09-26 07:00:00+00:00,12.0,340.92974853515625,0.0,182.0
2026-09-26 08:00:00+00:00,13.0,345.09027099609375,6.0,288.0
2026-09-26 09:00:00+00:00,14.0,345.16241455078125,6.0,15.666666984558105
2026-09-26 10:00:00+00:00,15.0,339.7664794921875,8.0,9.285714149475098
2026-09-26 11:00:00+00:00,16.0,342.5107421875,5.0,17.428571701049805
2026-09-26 12:00:00+00:00,17.0,334.16748046875,5.0,17.5
2026-09-26 13:00:00+00:00,18.0,333.12115478515625,5.0,67.85713958740234
2026-09-26 14:00:00+00:00,19.0,336.1372985839844,4.0,24.66666603088379
2026-09-26 15:00:00+00:00,20.0,342.1913146972656,10.0,22.799999237060547
2026-09-26 16:00:00+00:00,21.0,344.575439453125,13.0,19.66666603088379
2026-09-26 17:00:00+00:00,22.0,351.63067626953125,20.0,18.16666603088379
2026-09-26 18:00:00+00:00,23.0,359.46588134765625,25.0,18.5
2026-09-26 19:00:00+00:00,24.0,7.519691467285156,32.0,19.85714340209961
2026-09-25 21:00:00+00:00,1.0,127.58028411865234,141.0,188.6666717529297
2026-09-25 22:00:00+00:00,2.0,132.23411560058594,142.0,188.1666717529297
2026-09-25 23:00:00+00:00,3.0,127.20684051513672,143.0,188.85714721679688
2026-09-26 00:00:00+00:00,4.0,210.29898071289062,223.0,189.0
2026-09-26 01:00:00+00:00,5.0,77.87421417236328,89.0,131.22222900390625
2026-09-26 02:00:00+00:00,6.0,350.50128173828125,359.0,10.777777671813965
2026-09-26 03:00:00+00:00,7.0,355.8839111328125,14.0,15.800000190734863
2026-09-26 04:00:00+00:00,8.0,342.74884033203125,358.0,6.714285850524902
2026-09-26 05:00:00+00:00,9.0,340.6717834472656,355.0,7.714285850524902
2026-09-26 06:00:00+00:00,10.0,347.8153991699219,4.0,7.0
2026-09-26 07:00:00+00:00,11.0,342.6369934082031,4.0,182.0
2026-09-26 08:00:00+00:00,12.0,344.1838073730469,4.0,288.0
2026-09-26 09:00:00+00:00,13.0,344.44622802734375,6.0,15.666666984558105
2026-09-26 10:00:00+00:00,14.0,343.6716613769531,5.0,9.285714149475098
2026-09-26 11:00:00+00:00,15.0,335.6741638183594,5.0,17.428571701049805
2026-09-26 12:00:00+00:00,16.0,341.2272033691406,5.0,17.5
2026-09-26 13:00:00+00:00,17.0,332.22955322265625,4.0,67.85713958740234
2026-09-26 14:00:00+00:00,18.0,332.52166748046875,6.0,24.66666603088379
2026-09-26 15:00:00+00:00,19.0,342.438720703125,12.0,22.799999237060547
2026-09-26 16:00:00+00:00,20.0,345.4106750488281,15.0,19.66666603088379
2026-09-26 17:00:00+00:00,21.0,346.7707214355469,17.0,18.16666603088379
2026-09-26 18:00:00+00:00,22.0,351.6351013183594,22.0,18.5
2026-09-26 19:00:00+00:00,23.0,4.945430755615234,32.0,19.85714340209961
2026-09-26 20:00:00+00:00,24.0,18.055320739746094,44.0,20.0
2026-09-25 22:00:00+00:00,1.0,132.055419921875,146.0,188.1666717529297
2026-09-25 23:00:00+00:00,2.0,125.1266098022461,135.0,188.85714721679688
2026-09-26 00:00:00+00:00,3.0,273.67864990234375,290.0,189.0
2026-09-26 01:00:00+00:00,4.0,86.42862701416016,99.0,131.22222900390625
2026-09-26 02:00:00+00:00,5.0,3.990250587463379,15.0,10.777777671813965
2026-09-26 03:00:00+00:00,6.0,18.692394256591797,27.0,15.800000190734863
2026-09-26 04:00:00+00:00,7.0,350.2495422363281,9.0,6.714285850524902
2026-09-26 05:00:00+00:00,8.0,349.8808898925781,5.0,7.714285850524902
2026-09-26 06:00:00+00:00,9.0,355.59368896484375,10.0,7.0
2026-09-26 07:00:00+00:00,10.0,352.46435546875,9.0,182.0
2026-09-26 08:00:00+00:00,11.0,345.1747741699219,7.0,288.0
2026-09-26 09:00:00+00:00,12.0,348.26312255859375,9.0,15.666666984558105
2026-09-26 10:00:00+00:00,13.0,347.7261962890625,10.0,9.285714149475098
2026-09-26 11:00:00+00:00,14.0,349.2491760253906,11.0,17.428571701049805
2026-09-26 12:00:00+00:00,15.0,342.50787353515625,13.0,17.5
2026-09-26 13:00:00+00:00,16.0,342.13958740234375,7.0,67.85713958740234
2026-09-26 14:00:00+00:00,17.0,333.198486328125,6.0,24.66666603088379
2026-09-26 15:00:00+00:00,18.0,334.0262145996094,9.0,22.799999237060547
2026-09-26 16:00:00+00:00,19.0,342.07476806640625,13.0,19.66666603088379
2026-09-26 17:00:00+00:00,20.0,345.04217529296875,16.0,18.16666603088379
2026-09-26 18:00:00+00:00,21.0,349.3848876953125,21.0,18.5
2026-09-26 19:00:00+00:00,22.0,359.0150451660156,31.0,19.85714340209961
2026-09-26 20:00:00+00:00,23.0,20.675647735595703,49.0,20.0
2026-09-26 21:00:00+00:00,24.0,25.96839141845703,53.0,20.0
2026-09-25 23:00:00+00:00,2.0,120.7718276977539,135.0,188.85714721679688
2026-09-26 00:00:00+00:00,3.0,280.02703857421875,290.0,189.0
2026-09-26 01:00:00+00:00,4.0,82.40335083007812,99.0,131.22222900390625
2026-09-26 02:00:00+00:00,5.0,2.419650077819824,15.0,10.777777671813965
2026-09-26 03:00:00+00:00,6.0,15.971532821655273,27.0,15.800000190734863
2026-09-26 04:00:00+00:00,7.0,0.8090028762817383,9.0,6.714285850524902
2026-09-26 05:00:00+00:00,8.0,345.9215393066406,5.0,7.714285850524902
2026-09-26 06:00:00+00:00,9.0,354.96685791015625,10.0,7.0
2026-09-26 07:00:00+00:00,10.0,354.5624084472656,9.0,182.0
2026-09-26 08:00:00+00:00,11.0,350.2601623535156,7.0,288.0
2026-09-26 09:00:00+00:00,12.0,346.9433898925781,9.0,15.666666984558105
2026-09-26 10:00:00+00:00,13.0,348.76470947265625,10.0,9.285714149475098
2026-09-26 11:00:00+00:00,14.0,348.3424987792969,11.0,17.428571701049805
2026-09-26 12:00:00+00:00,15.0,351.0268859863281,13.0,17.5
2026-09-26 13:00:00+00:00,16.0,335.8734130859375,7.0,67.85713958740234
2026-09-26 14:00:00+00:00,17.0,340.5627136230469,6.0,24.66666603088379
2026-09-26 15:00:00+00:00,18.0,335.67047119140625,9.0,22.799999237060547
2026-09-26 16:00:00+00:00,19.0,337.25054931640625,13.0,19.66666603088379
2026-09-26 17:00:00+00:00,20.0,344.41546630859375,16.0,18.16666603088379
2026-09-26 18:00:00+00:00,21.0,349.3731689453125,21.0,18.5
2026-09-26 19:00:00+00:00,22.0,358.6534423828125,31.0,19.85714340209961
2026-09-26 20:00:00+00:00,23.0,16.190670013427734,49.0,20.0
2026-09-26 21:00:00+00:00,24.0,24.06585693359375,53.0,20.0
2026-09-26 22:00:00+00:00,25.0,26.45163345336914,54.0,20.0
2026-09-26 00:00:00+00:00,3.0,275.4547119140625,290.0,189.0
2026-09-26 01:00:00+00:00,4.0,88.9501953125,99.0,131.22222900390625
2026-09-26 02:00:00+00:00,5.0,358.1134948730469,15.0,10.777777671813965
2026-09-26 03:00:00+00:00,6.0,14.491058349609375,27.0,15.800000190734863
2026-09-26 04:00:00+00:00,7.0,358.02294921875,9.0,6.714285850524902
2026-09-26 05:00:00+00:00,8.0,356.98065185546875,5.0,7.714285850524902
2026-09-26 06:00:00+00:00,9.0,350.5315246582031,10.0,7.0
2026-09-26 07:00:00+00:00,10.0,354.1469421386719,9.0,182.0
2026-09-26 08:00:00+00:00,11.0,352.53204345703125,7.0,288.0
2026-09-26 09:00:00+00:00,12.0,352.02484130859375,9.0,15.666666984558105
2026-09-26 10:00:00+00:00,13.0,347.6720275878906,10.0,9.285714149475098
2026-09-26 11:00:00+00:00,14.0,349.11431884765625,11.0,17.428571701049805
2026-09-26 12:00:00+00:00,15.0,349.86468505859375,13.0,17.5
2026-09-26 13:00:00+00:00,16.0,344.7586669921875,7.0,67.85713958740234
2026-09-26 14:00:00+00:00,17.0,334.0713806152344,6.0,24.66666603088379
2026-09-26 15:00:00+00:00,18.0,342.8740539550781,9.0,22.799999237060547
2026-09-26 16:00:00+00:00,19.0,338.9794616699219,13.0,19.66666603088379
2026-09-26 17:00:00+00:00,20.0,339.2989501953125,16.0,18.16666603088379
2026-09-26 18:00:00+00:00,21.0,348.57489013671875,21.0,18.5
2026-09-26 19:00:00+00:00,22.0,358.4554748535156,31.0,19.85714340209961
2026-09-26 20:00:00+00:00,23.0,15.628776550292969,49.0,20.0
2026-09-26 21:00:00+00:00,24.0,19.12570571899414,53.0,20.0
2026-09-26 22:00:00+00:00,25.0,24.274208068847656,54.0,20.0
2026-09-26 23:00:00+00:00,26.0,27.73257064819336,56.0,19.799999237060547
2026-09-26 01:00:00+00:00,4.0,84.89236450195312,99.0,131.22222900390625
2026-09-26 02:00:00+00:00,5.0,4.829331398010254,15.0,10.777777671813965
2026-09-26 03:00:00+00:00,6.0,9.948381423950195,27.0,15.800000190734863
2026-09-26 04:00:00+00:00,7.0,356.5287170410156,9.0,6.714285850524902
2026-09-26 05:00:00+00:00,8.0,353.4215087890625,5.0,7.714285850524902
2026-09-26 06:00:00+00:00,9.0,1.4377326965332031,10.0,7.0
2026-09-26 07:00:00+00:00,10.0,349.1986083984375,9.0,182.0
2026-09-26 08:00:00+00:00,11.0,351.4056396484375,7.0,288.0
2026-09-26 09:00:00+00:00,12.0,353.83587646484375,9.0,15.666666984558105
2026-09-26 10:00:00+00:00,13.0,352.4820556640625,10.0,9.285714149475098
2026-09-26 11:00:00+00:00,14.0,348.0174865722656,11.0,17.428571701049805
2026-09-26 12:00:00+00:00,15.0,351.0149841308594,13.0,17.5
2026-09-26 13:00:00+00:00,16.0,344.223388671875,7.0,67.85713958740234
2026-09-26 14:00:00+00:00,17.0,344.1521911621094,6.0,24.66666603088379
2026-09-26 15:00:00+00:00,18.0,337.2646179199219,9.0,22.799999237060547
2026-09-26 16:00:00+00:00,19.0,347.37005615234375,13.0,19.66666603088379
2026-09-26 17:00:00+00:00,20.0,342.52606201171875,16.0,18.16666603088379
2026-09-26 18:00:00+00:00,21.0,344.75946044921875,21.0,18.5
2026-09-26 19:00:00+00:00,22.0,359.33013916015625,31.0,19.85714340209961
2026-09-26 20:00:00+00:00,23.0,17.018253326416016,49.0,20.0
2026-09-26 21:00:00+00:00,24.0,20.866596221923828,53.0,20.0
2026-09-26 22:00:00+00:00,25.0,21.437057495117188,54.0,20.0
2026-09-26 23:00:00+00:00,26.0,27.58563232421875,56.0,19.799999237060547
2026-09-27 00:00:00+00:00,27.0,33.7321662902832,61.0,19.85714340209961
2026-09-26 02:00:00+00:00,5.0,0.4934349060058594,15.0,10.777777671813965
2026-09-26 03:00:00+00:00,6.0,16.457401275634766,27.0,15.800000190734863
2026-09-26 04:00:00+00:00,7.0,351.57733154296875,9.0,6.714285850524902
2026-09-26 05:00:00+00:00,8.0,352.3118591308594,5.0,7.714285850524902
2026-09-26 06:00:00+00:00,9.0,357.89013671875,10.0,7.0
2026-09-26 07:00:00+00:00,10.0,359.9498291015625,9.0,182.0
2026-09-26 08:00:00+00:00,11.0,346.5306701660156,7.0,288.0
2026-09-26 09:00:00+00:00,12.0,352.9427185058594,9.0,15.666666984558105
2026-09-26 10:00:00+00:00,13.0,354.1930236816406,10.0,9.285714149475098
2026-09-26 11:00:00+00:00,14.0,352.78271484375,11.0,17.428571701049805
2026-09-26 12:00:00+00:00,15.0,348.98736572265625,13.0,17.5
2026-09-26 13:00:00+00:00,16.0,344.15216064453125,7.0,67.85713958740234
2026-09-26 14:00:00+00:00,17.0,342.66351318359375,6.0,24.66666603088379
2026-09-26 15:00:00+00:00,18.0,347.07196044921875,9.0,22.799999237060547
2026-09-26 16:00:00+00:00,19.0,340.3876953125,13.0,19.66666603088379
2026-09-26 17:00:00+00:00,20.0,350.4058837890625,16.0,18.16666603088379
2026-09-26 18:00:00+00:00,21.0,346.99615478515625,21.0,18.5
2026-09-26 19:00:00+00:00,22.0,354.299560546875,31.0,19.85714340209961
2026-09-26 20:00:00+00:00,23.0,17.45428466796875,49.0,20.0
2026-09-26 21:00:00+00:00,24.0,21.290340423583984,53.0,20.0
2026-09-26 22:00:00+00:00,25.0,21.94354248046875,54.0,20.0
2026-09-26 23:00:00+00:00,26.0,23.678455352783203,56.0,19.799999237060547
2026-09-27 00:00:00+00:00,27.0,32.66949462890625,61.0,19.85714340209961
2026-09-27 01:00:00+00:00,28.0,44.88131332397461,72.0,19.83333396911621
2026-09-26 03:00:00+00:00,6.0,12.080379486083984,27.0,15.800000190734863
2026-09-26 04:00:00+00:00,7.0,357.5645751953125,9.0,6.714285850524902
2026-09-26 05:00:00+00:00,8.0,347.0386047363281,5.0,7.714285850524902
2026-09-26 06:00:00+00:00,9.0,356.7876892089844,10.0,7.0
2026-09-26 07:00:00+00:00,10.0,355.537841796875,9.0,182.0
2026-09-26 08:00:00+00:00,11.0,356.8147888183594,7.0,288.0
2026-09-26 09:00:00+00:00,12.0,347.6116638183594,9.0,15.666666984558105
2026-09-26 10:00:00+00:00,13.0,352.7166442871094,10.0,9.285714149475098
2026-09-26 11:00:00+00:00,14.0,353.903076171875,11.0,17.428571701049805
2026-09-26 12:00:00+00:00,15.0,353.71533203125,13.0,17.5
2026-09-26 13:00:00+00:00,16.0,341.2941589355469,7.0,67.85713958740234
2026-09-26 14:00:00+00:00,17.0,342.0416259765625,6.0,24.66666603088379
2026-09-26 15:00:00+00:00,18.0,345.22540283203125,9.0,22.799999237060547
2026-09-26 16:00:00+00:00,19.0,351.258056640625,13.0,19.66666603088379
2026-09-26 17:00:00+00:00,20.0,342.64080810546875,16.0,18.16666603088379
2026-09-26 18:00:00+00:00,21.0,355.8996276855469,21.0,18.5
2026-09-26 19:00:00+00:00,22.0,356.77197265625,31.0,19.85714340209961
2026-09-26 20:00:00+00:00,23.0,12.165355682373047,49.0,20.0
2026-09-26 21:00:00+00:00,24.0,22.32946014404297,53.0,20.0
2026-09-26 22:00:00+00:00,25.0,23.256244659423828,54.0,20.0
2026-09-26 23:00:00+00:00,26.0,25.21135711669922,56.0,19.799999237060547
2026-09-27 00:00:00+00:00,27.0,29.989864349365234,61.0,19.85714340209961
2026-09-27 01:00:00+00:00,28.0,44.78106689453125,72.0,19.83333396911621
2026-09-27 02:00:00+00:00,29.0,50.84001159667969,77.0,19.714284896850586
2026-09-26 04:00:00+00:00,7.0,353.9543762207031,9.0,6.714285850524902
2026-09-26 05:00:00+00:00,8.0,352.3775329589844,5.0,7.714285850524902
2026-09-26 06:00:00+00:00,9.0,352.1360778808594,10.0,7.0
2026-09-26 07:00:00+00:00,10.0,354.5350341796875,9.0,182.0
2026-09-26 08:00:00+00:00,11.0,351.53594970703125,7.0,288.0
2026-09-26 09:00:00+00:00,12.0,356.5993347167969,9.0,15.666666984558105
2026-09-26 10:00:00+00:00,13.0,348.4242248535156,10.0,9.285714149475098
2026-09-26 11:00:00+00:00,14.0,351.77386474609375,11.0,17.428571701049805
2026-09-26 12:00:00+00:00,15.0,353.7240905761719,13.0,17.5
2026-09-26 13:00:00+00:00,16.0,346.72119140625,7.0,67.85713958740234
2026-09-26 14:00:00+00:00,17.0,339.062255859375,6.0,24.66666603088379
2026-09-26 15:00:00+00:00,18.0,345.130126953125,9.0,22.799999237060547
2026-09-26 16:00:00+00:00,19.0,350.11163330078125,13.0,19.66666603088379
2026-09-26 17:00:00+00:00,20.0,355.21038818359375,16.0,18.16666603088379
2026-09-26 18:00:00+00:00,21.0,348.49102783203125,21.0,18.5
2026-09-26 19:00:00+00:00,22.0,8.500606536865234,31.0,19.85714340209961
2026-09-26 20:00:00+00:00,23.0,16.58322525024414,49.0,20.0
2026-09-26 21:00:00+00:00,24.0,19.10470962524414,53.0,20.0
2026-09-26 22:00:00+00:00,25.0,27.470199584960938,54.0,20.0
2026-09-26 23:00:00+00:00,26.0,28.994304656982422,56.0,19.799999237060547
2026-09-27 00:00:00+00:00,27.0,34.95071029663086,61.0,19.85714340209961
2026-09-27 01:00:00+00:00,28.0,45.85472106933594,72.0,19.83333396911621
2026-09-27 02:00:00+00:00,29.0,54.07075881958008,77.0,19.714284896850586
2026-09-27 03:00:00+00:00,30.0,57.56742477416992,80.0,19.75
2026-09-26 05:00:00+00:00,8.0,349.9371337890625,5.0,7.714285850524902
2026-09-26 06:00:00+00:00,9.0,355.9823303222656,10.0,7.0
2026-09-26 07:00:00+00:00,10.0,351.714111328125,9.0,182.0
2026-09-26 08:00:00+00:00,11.0,350.83734130859375,7.0,288.0
2026-09-26 09:00:00+00:00,12.0,351.7250671386719,9.0,15.666666984558105
2026-09-26 10:00:00+00:00,13.0,354.7001037597656,10.0,9.285714149475098
2026-09-26 11:00:00+00:00,14.0,350.5210266113281,11.0,17.428571701049805
2026-09-26 12:00:00+00:00,15.0,352.116943359375,13.0,17.5
2026-09-26 13:00:00+00:00,16.0,346.1058654785156,7.0,67.85713958740234
2026-09-26 14:00:00+00:00,17.0,346.08428955078125,6.0,24.66666603088379
2026-09-26 15:00:00+00:00,18.0,342.6328125,9.0,22.799999237060547
2026-09-26 16:00:00+00:00,19.0,350.42156982421875,13.0,19.66666603088379
2026-09-26 17:00:00+00:00,20.0,354.98614501953125,16.0,18.16666603088379
2026-09-26 18:00:00+00:00,21.0,1.4216957092285156,21.0,18.5
2026-09-26 19:00:00+00:00,22.0,1.2821006774902344,31.0,19.85714340209961
2026-09-26 20:00:00+00:00,23.0,30.553438186645508,49.0,20.0
2026-09-26 21:00:00+00:00,24.0,24.6544189453125,53.0,20.0
2026-09-26 22:00:00+00:00,25.0,25.07974624633789,54.0,20.0
2026-09-26 23:00:00+00:00,26.0,35.37847137451172,56.0,19.799999237060547
2026-09-27 00:00:00+00:00,27.0,39.323974609375,61.0,19.85714340209961
2026-09-27 01:00:00+00:00,28.0,52.252479553222656,72.0,19.83333396911621
2026-09-27 02:00:00+00:00,29.0,57.26559829711914,77.0,19.714284896850586
2026-09-27 03:00:00+00:00,30.0,62.8045539855957,80.0,19.75
2026-09-27 04:00:00+00:00,31.0,58.63837432861328,77.0,20.0
2026-09-26 06:00:00+00:00,9.0,356.1877136230469,10.0,7.0
2026-09-26 07:00:00+00:00,10.0,354.66650390625,9.0,182.0
2026-09-26 08:00:00+00:00,11.0,350.18389892578125,7.0,288.0
2026-09-26 09:00:00+00:00,12.0,351.1044006347656,9.0,15.666666984558105
2026-09-26 10:00:00+00:00,13.0,351.8796081542969,10.0,9.285714149475098
2026-09-26 11:00:00+00:00,14.0,353.77001953125,11.0,17.428571701049805
2026-09-26 12:00:00+00:00,15.0,352.5027770996094,13.0,17.5
2026-09-26 13:00:00+00:00,16.0,344.64111328125,7.0,67.85713958740234
2026-09-26 14:00:00+00:00,17.0,344.4935607910156,6.0,24.66666603088379
2026-09-26 15:00:00+00:00,18.0,350.4391784667969,9.0,22.799999237060547
2026-09-26 16:00:00+00:00,19.0,348.6299133300781,13.0,19.66666603088379
2026-09-26 17:00:00+00:00,20.0,354.22186279296875,16.0,18.16666603088379
2026-09-26 18:00:00+00:00,21.0,1.9250736236572266,21.0,18.5
2026-09-26 19:00:00+00:00,22.0,13.110454559326172,31.0,19.85714340209961
2026-09-26 20:00:00+00:00,23.0,23.966079711914062,49.0,20.0
2026-09-26 21:00:00+00:00,24.0,38.30331802368164,53.0,20.0
2026-09-26 22:00:00+00:00,25.0,31.395732879638672,54.0,20.0
2026-09-26 23:00:00+00:00,26.0,32.89717102050781,56.0,19.799999237060547
2026-09-27 00:00:00+00:00,27.0,46.42917251586914,61.0,19.85714340209961
2026-09-27 01:00:00+00:00,28.0,55.38431167602539,72.0,19.83333396911621
2026-09-27 02:00:00+00:00,29.0,62.53036880493164,77.0,19.714284896850586
2026-09-27 03:00:00+00:00,30.0,65.82414245605469,80.0,19.75
2026-09-27 04:00:00+00:00,31.0,63.57747268676758,77.0,20.0
2026-09-27 05:00:00+00:00,32.0,48.232818603515625,64.0,20.0
2026-09-26 07:00:00+00:00,1.0,354.5165710449219,9.0,182.0
2026-09-26 08:00:00+00:00,2.0,0.10372161865234375,14.0,288.0
2026-09-26 09:00:00+00:00,3.0,356.42547607421875,13.0,15.666666984558105
2026-09-26 10:00:00+00:00,4.0,356.2578125,13.0,9.285714149475098
2026-09-26 11:00:00+00:00,5.0,353.7265930175781,11.0,17.428571701049805
2026-09-26 12:00:00+00:00,6.0,354.8917541503906,11.0,17.5
2026-09-26 13:00:00+00:00,7.0,352.83319091796875,13.0,67.85713958740234
2026-09-26 14:00:00+00:00,8.0,351.34619140625,13.0,24.66666603088379
2026-09-26 15:00:00+00:00,9.0,349.72698974609375,11.0,22.799999237060547
2026-09-26 16:00:00+00:00,10.0,348.77911376953125,8.0,19.66666603088379
2026-09-26 17:00:00+00:00,11.0,345.451904296875,11.0,18.16666603088379
2026-09-26 18:00:00+00:00,12.0,356.2483825683594,18.0,18.5
2026-09-26 19:00:00+00:00,13.0,3.6832408905029297,24.0,19.85714340209961
2026-09-26 20:00:00+00:00,14.0,21.198413848876953,40.0,20.0
2026-09-26 21:00:00+00:00,15.0,20.381423950195312,48.0,20.0
2026-09-26 22:00:00+00:00,16.0,31.413272857666016,48.0,20.0
2026-09-26 23:00:00+00:00,17.0,33.09017562866211,59.0,19.799999237060547
2026-09-27 00:00:00+00:00,18.0,40.595458984375,67.0,19.85714340209961
2026-09-27 01:00:00+00:00,19.0,61.00438690185547,79.0,19.83333396911621
2026-09-27 02:00:00+00:00,20.0,58.69477081298828,78.0,19.714284896850586
2026-09-27 03:00:00+00:00,21.0,60.01237106323242,77.0,19.75
2026-09-27 04:00:00+00:00,22.0,59.22602844238281,76.0,20.0
2026-09-27 05:00:00+00:00,23.0,64.07791900634766,79.0,20.0
2026-09-27 06:00:00+00:00,24.0,63.06199264526367,80.0,29.714284896850586
2026-09-26 08:00:00+00:00,1.0,351.784423828125,5.0,288.0
2026-09-26 09:00:00+00:00,2.0,352.69573974609375,7.0,15.666666984558105
2026-09-26 10:00:00+00:00,3.0,351.1785888671875,8.0,9.285714149475098
2026-09-26 11:00:00+00:00,4.0,351.8949279785156,10.0,17.428571701049805
2026-09-26 12:00:00+00:00,5.0,351.66192626953125,10.0,17.5
2026-09-26 13:00:00+00:00,6.0,353.4328308105469,11.0,67.85713958740234
2026-09-26 14:00:00+00:00,7.0,355.0440368652344,16.0,24.66666603088379
2026-09-26 15:00:00+00:00,8.0,348.509033203125,11.0,22.799999237060547
2026-09-26 16:00:00+00:00,9.0,340.2585754394531,2.0,19.66666603088379
2026-09-26 17:00:00+00:00,10.0,345.48046875,4.0,18.16666603088379
2026-09-26 18:00:00+00:00,11.0,353.97802734375,18.0,18.5
2026-09-26 19:00:00+00:00,12.0,7.971546173095703,30.0,19.85714340209961
2026-09-26 20:00:00+00:00,13.0,27.592018127441406,46.0,20.0
2026-09-26 21:00:00+00:00,14.0,39.87405014038086,57.0,20.0
2026-09-26 22:00:00+00:00,15.0,37.53749084472656,61.0,20.0
2026-09-26 23:00:00+00:00,16.0,43.21782684326172,57.0,19.799999237060547
2026-09-27 00:00:00+00:00,17.0,35.23334503173828,56.0,19.85714340209961
2026-09-27 01:00:00+00:00,18.0,38.788124084472656,60.0,19.83333396911621
2026-09-27 02:00:00+00:00,19.0,43.222511291503906,56.0,19.714284896850586
2026-09-27 03:00:00+00:00,20.0,41.902469635009766,57.0,19.75
2026-09-27 04:00:00+00:00,21.0,51.853668212890625,65.0,20.0
2026-09-27 05:00:00+00:00,22.0,73.37289428710938,86.0,20.0
2026-09-27 06:00:00+00:00,23.0,83.63806915283203,96.0,29.714284896850586
2026-09-27 07:00:00+00:00,24.0,84.04529571533203,99.0,38.0
2026-09-26 09:00:00+00:00,1.0,356.0964660644531,8.0,15.666666984558105
2026-09-26 10:00:00+00:00,2.0,351.42987060546875,5.0,9.285714149475098
2026-09-26 11:00:00+00:00,3.0,349.57574462890625,7.0,17.428571701049805
2026-09-26 12:00:00+00:00,4.0,352.4416198730469,11.0,17.5
2026-09-26 13:00:00+00:00,5.0,2.5101356506347656,21.0,67.85713958740234
2026-09-26 14:00:00+00:00,6.0,358.8934020996094,17.0,24.66666603088379
2026-09-26 15:00:00+00:00,7.0,355.1866455078125,17.0,22.799999237060547
2026-09-26 16:00:00+00:00,8.0,352.9615478515625,15.0,19.66666603088379
2026-09-26 17:00:00+00:00,9.0,348.783447265625,10.0,18.16666603088379
2026-09-26 18:00:00+00:00,10.0,11.294685363769531,29.0,18.5
2026-09-26 19:00:00+00:00,11.0,10.605962753295898,33.0,19.85714340209961
2026-09-26 20:00:00+00:00,12.0,19.480934143066406,41.0,20.0
2026-09-26 21:00:00+00:00,13.0,31.714488983154297,48.0,20.0
2026-09-26 22:00:00+00:00,14.0,44.182838439941406,59.0,20.0
2026-09-26 23:00:00+00:00,15.0,43.89588928222656,63.0,19.799999237060547
2026-09-27 00:00:00+00:00,16.0,60.59943389892578,72.0,19.85714340209961
2026-09-27 01:00:00+00:00,17.0,58.391693115234375,74.0,19.83333396911621
2026-09-27 02:00:00+00:00,18.0,57.543392181396484,74.0,19.714284896850586
2026-09-27 03:00:00+00:00,19.0,73.37799835205078,82.0,19.75
2026-09-27 04:00:00+00:00,20.0,69.74374389648438,82.0,20.0
2026-09-27 05:00:00+00:00,21.0,75.17630767822266,85.0,20.0
2026-09-27 06:00:00+00:00,22.0,81.50537872314453,91.0,29.714284896850586
2026-09-27 07:00:00+00:00,23.0,91.40204620361328,102.0,38.0
2026-09-27 08:00:00+00:00,24.0,111.61705780029297,125.0,39.599998474121094
2026-09-26 10:00:00+00:00,1.0,353.70281982421875,5.0,9.285714149475098
2026-09-26 11:00:00+00:00,2.0,352.98016357421875,6.0,17.428571701049805
2026-09-26 12:00:00+00:00,3.0,350.6080322265625,8.0,17.5
2026-09-26 13:00:00+00:00,4.0,349.2077331542969,8.0,67.85713958740234
2026-09-26 14:00:00+00:00,5.0,353.9476013183594,12.0,24.66666603088379
2026-09-26 15:00:00+00:00,6.0,356.8290710449219,15.0,22.799999237060547
2026-09-26 16:00:00+00:00,7.0,350.28900146484375,12.0,19.66666603088379
2026-09-26 17:00:00+00:00,8.0,349.6871032714844,11.0,18.16666603088379
2026-09-26 18:00:00+00:00,9.0,359.5082702636719,20.0,18.5
2026-09-26 19:00:00+00:00,10.0,14.822132110595703,32.0,19.85714340209961
2026-09-26 20:00:00+00:00,11.0,31.773147583007812,53.0,20.0
2026-09-26 21:00:00+00:00,12.0,38.58869934082031,59.0,20.0
2026-09-26 22:00:00+00:00,13.0,42.081626892089844,57.0,20.0
2026-09-26 23:00:00+00:00,14.0,32.50079345703125,46.0,19.799999237060547
2026-09-27 00:00:00+00:00,15.0,43.7314567565918,60.0,19.85714340209961
2026-09-27 01:00:00+00:00,16.0,67.22285461425781,77.0,19.83333396911621
2026-09-27 02:00:00+00:00,17.0,70.4738540649414,83.0,19.714284896850586
2026-09-27 03:00:00+00:00,18.0,65.27552032470703,79.0,19.75
2026-09-27 04:00:00+00:00,19.0,73.80943298339844,80.0,20.0
2026-09-27 05:00:00+00:00,20.0,81.8690185546875,93.0,20.0
2026-09-27 06:00:00+00:00,21.0,72.68074035644531,81.0,29.714284896850586
2026-09-27 07:00:00+00:00,22.0,79.85928344726562,88.0,38.0
2026-09-27 08:00:00+00:00,23.0,102.71549987792969,112.0,39.599998474121094
2026-09-27 09:00:00+00:00,24.0,147.45106506347656,160.0,43.125
2026-09-26 11:00:00+00:00,1.0,356.9811096191406,8.0,17.428571701049805
2026-09-26 12:00:00+00:00,2.0,357.93011474609375,11.0,17.5
2026-09-26 13:00:00+00:00,3.0,354.20098876953125,11.0,67.85713958740234
2026-09-26 14:00:00+00:00,4.0,352.4090270996094,11.0,24.66666603088379
2026-09-26 15:00:00+00:00,5.0,357.2759704589844,15.0,22.799999237060547
2026-09-26 16:00:00+00:00,6.0,357.8911437988281,16.0,19.66666603088379
2026-09-26 17:00:00+00:00,7.0,355.885498046875,17.0,18.16666603088379
2026-09-26 18:00:00+00:00,8.0,5.3924560546875,26.0,18.5
2026-09-26 19:00:00+00:00,9.0,18.304874420166016,38.0,19.85714340209961
2026-09-26 20:00:00+00:00,10.0,33.112117767333984,50.0,20.0
2026-09-26 21:00:00+00:00,11.0,47.05726623535156,67.0,20.0
2026-09-26 22:00:00+00:00,12.0,54.95615005493164,74.0,20.0
2026-09-26 23:00:00+00:00,13.0,53.416988372802734,67.0,19.799999237060547
2026-09-27 00:00:00+00:00,14.0,51.40635681152344,64.0,19.85714340209961
2026-09-27 01:00:00+00:00,15.0,53.61778259277344,68.0,19.83333396911621
2026-09-27 02:00:00+00:00,16.0,61.076698303222656,70.0,19.714284896850586
2026-09-27 03:00:00+00:00,17.0,64.10932159423828,75.0,19.75
2026-09-27 04:00:00+00:00,18.0,67.83959197998047,80.0,20.0
2026-09-27 05:00:00+00:00,19.0,90.7148208618164,96.0,20.0
2026-09-27 06:00:00+00:00,20.0,86.5006103515625,97.0,29.714284896850586
2026-09-27 07:00:00+00:00,21.0,95.18184661865234,103.0,38.0
2026-09-27 08:00:00+00:00,22.0,125.38903045654297,133.0,39.599998474121094
2026-09-27 09:00:00+00:00,23.0,153.32469177246094,162.0,43.125
2026-09-27 10:00:00+00:00,24.0,166.76437377929688,179.0,104.5
2026-09-26 12:00:00+00:00,1.0,2.129457473754883,13.0,17.5
2026-09-26 13:00:00+00:00,2.0,6.2202863693237305,19.0,67.85713958740234
2026-09-26 14:00:00+00:00,3.0,4.078334808349609,19.0,24.66666603088379
2026-09-26 15:00:00+00:00,4.0,1.5237312316894531,19.0,22.799999237060547
2026-09-26 16:00:00+00:00,5.0,5.19622802734375,22.0,19.66666603088379
2026-09-26 17:00:00+00:00,6.0,0.048381805419921875,18.0,18.16666603088379
2026-09-26 18:00:00+00:00,7.0,7.422916412353516,27.0,18.5
2026-09-26 19:00:00+00:00,8.0,20.869598388671875,40.0,19.85714340209961
2026-09-26 20:00:00+00:00,9.0,29.685657501220703,48.0,20.0
2026-09-26 21:00:00+00:00,10.0,49.520076751708984,65.0,20.0
2026-09-26 22:00:00+00:00,11.0,56.25493621826172,74.0,20.0
2026-09-26 23:00:00+00:00,12.0,51.558834075927734,68.0,19.799999237060547
2026-09-27 00:00:00+00:00,13.0,60.160736083984375,72.0,19.85714340209961
2026-09-27 01:00:00+00:00,14.0,65.93814086914062,77.0,19.83333396911621
2026-09-27 02:00:00+00:00,15.0,65.00261688232422,77.0,19.714284896850586
2026-09-27 03:00:00+00:00,16.0,73.0768051147461,81.0,19.75
2026-09-27 04:00:00+00:00,17.0,76.06916809082031,85.0,20.0
2026-09-27 05:00:00+00:00,18.0,78.00154113769531,88.0,20.0
2026-09-27 06:00:00+00:00,19.0,81.29524993896484,86.0,29.714284896850586
2026-09-27 07:00:00+00:00,20.0,87.76371765136719,97.0,38.0
2026-09-27 08:00:00+00:00,21.0,116.90522766113281,124.0,39.599998474121094
2026-09-27 09:00:00+00:00,22.0,146.9979705810547,154.0,43.125
2026-09-27 10:00:00+00:00,23.0,149.12509155273438,157.0,104.5
2026-09-27 11:00:00+00:00,24.0,180.58114624023438,192.0,167.0
2026-09-26 13:00:00+00:00,1.0,353.98870849609375,5.0,67.85713958740234
2026-09-26 14:00:00+00:00,2.0,350.4713439941406,3.0,24.66666603088379
2026-09-26 15:00:00+00:00,3.0,356.746337890625,10.0,22.799999237060547
2026-09-26 16:00:00+00:00,4.0,359.5633850097656,16.0,19.66666603088379
2026-09-26 17:00:00+00:00,5.0,358.9380798339844,15.0,18.16666603088379
2026-09-26 18:00:00+00:00,6.0,1.2335014343261719,19.0,18.5
2026-09-26 19:00:00+00:00,7.0,12.825685501098633,31.0,19.85714340209961
2026-09-26 20:00:00+00:00,8.0,33.858497619628906,52.0,20.0
2026-09-26 21:00:00+00:00,9.0,39.82569122314453,57.0,20.0
2026-09-26 22:00:00+00:00,10.0,46.46195983886719,61.0,20.0
2026-09-26 23:00:00+00:00,11.0,32.66569137573242,49.0,19.799999237060547
2026-09-27 00:00:00+00:00,12.0,40.63325500488281,55.0,19.85714340209961
2026-09-27 01:00:00+00:00,13.0,60.38081359863281,71.0,19.83333396911621
2026-09-27 02:00:00+00:00,14.0,66.82550048828125,77.0,19.714284896850586
2026-09-27 03:00:00+00:00,15.0,69.49307250976562,80.0,19.75
2026-09-27 04:00:00+00:00,16.0,67.77836608886719,75.0,20.0
2026-09-27 05:00:00+00:00,17.0,76.91084289550781,85.0,20.0
2026-09-27 06:00:00+00:00,18.0,76.45594024658203,85.0,29.714284896850586
2026-09-27 07:00:00+00:00,19.0,94.53305053710938,99.0,38.0
2026-09-27 08:00:00+00:00,20.0,109.63491821289062,118.0,39.599998474121094
2026-09-27 09:00:00+00:00,21.0,158.2379913330078,165.0,43.125
2026-09-27 10:00:00+00:00,22.0,176.09393310546875,183.0,104.5
2026-09-27 11:00:00+00:00,23.0,196.37893676757812,204.0,167.0
2026-09-27 12:00:00+00:00,24.0,191.11520385742188,202.0,167.3333282470703
2026-09-26 14:00:00+00:00,1.0,356.8092346191406,8.0,24.66666603088379
2026-09-26 15:00:00+00:00,2.0,357.5478210449219,10.0,22.799999237060547
2026-09-26 16:00:00+00:00,3.0,3.1326065063476562,15.0,19.66666603088379
2026-09-26 17:00:00+00:00,4.0,9.633501052856445,25.0,18.16666603088379
2026-09-26 18:00:00+00:00,5.0,13.478815078735352,29.0,18.5
2026-09-26 19:00:00+00:00,6.0,21.718379974365234,39.0,19.85714340209961
2026-09-26 20:00:00+00:00,7.0,33.986976623535156,51.0,20.0
2026-09-26 21:00:00+00:00,8.0,43.694705963134766,61.0,20.0
2026-09-26 22:00:00+00:00,9.0,45.89547348022461,62.0,20.0
2026-09-26 23:00:00+00:00,10.0,46.260032653808594,60.0,19.799999237060547
2026-09-27 00:00:00+00:00,11.0,43.105445861816406,58.0,19.85714340209961
2026-09-27 01:00:00+00:00,12.0,51.5853271484375,64.0,19.83333396911621
2026-09-27 02:00:00+00:00,13.0,55.52630615234375,65.0,19.714284896850586
2026-09-27 03:00:00+00:00,14.0,67.46560668945312,77.0,19.75
2026-09-27 04:00:00+00:00,15.0,72.75645446777344,82.0,20.0
2026-09-27 05:00:00+00:00,16.0,83.29428100585938,90.0,20.0
2026-09-27 06:00:00+00:00,17.0,87.6472396850586,95.0,29.714284896850586
2026-09-27 07:00:00+00:00,18.0,99.53469848632812,107.0,38.0
2026-09-27 08:00:00+00:00,19.0,133.6454620361328,138.0,39.599998474121094
2026-09-27 09:00:00+00:00,20.0,164.26922607421875,172.0,43.125
2026-09-27 10:00:00+00:00,21.0,175.6795196533203,182.0,104.5
2026-09-27 11:00:00+00:00,22.0,194.00437927246094,201.0,167.0
2026-09-27 12:00:00+00:00,23.0,187.4176025390625,195.0,167.3333282470703
2026-09-27 13:00:00+00:00,24.0,173.742431640625,184.0,168.0
2026-09-26 15:00:00+00:00,1.0,2.6572628021240234,14.0,22.799999237060547
2026-09-26 16:00:00+00:00,2.0,2.387516975402832,15.0,19.66666603088379
2026-09-26 17:00:00+00:00,3.0,1.9457035064697266,13.0,18.16666603088379
2026-09-26 18:00:00+00:00,4.0,11.238903045654297,26.0,18.5
2026-09-26 19:00:00+00:00,5.0,20.692018508911133,36.0,19.85714340209961
2026-09-26 20:00:00+00:00,6.0,32.14318084716797,49.0,20.0
2026-09-26 21:00:00+00:00,7.0,50.54084396362305,67.0,20.0
2026-09-26 22:00:00+00:00,8.0,48.03030776977539,65.0,20.0
2026-09-26 23:00:00+00:00,9.0,51.581668853759766,67.0,19.799999237060547
2026-09-27 00:00:00+00:00,10.0,54.320953369140625,68.0,19.85714340209961
2026-09-27 01:00:00+00:00,11.0,65.80007934570312,80.0,19.83333396911621
2026-09-27 02:00:00+00:00,12.0,67.48622131347656,79.0,19.714284896850586
2026-09-27 03:00:00+00:00,13.0,75.21409606933594,84.0,19.75
2026-09-27 04:00:00+00:00,14.0,72.65446472167969,82.0,20.0
2026-09-27 05:00:00+00:00,15.0,75.26298522949219,84.0,20.0
2026-09-27 06:00:00+00:00,16.0,81.28351593017578,88.0,29.714284896850586
2026-09-27 07:00:00+00:00,17.0,90.78750610351562,98.0,38.0
2026-09-27 08:00:00+00:00,18.0,113.81198120117188,121.0,39.599998474121094
2026-09-27 09:00:00+00:00,19.0,147.4481658935547,152.0,43.125
2026-09-27 10:00:00+00:00,20.0,157.33343505859375,165.0,104.5
2026-09-27 11:00:00+00:00,21.0,188.7794952392578,195.0,167.0
2026-09-27 12:00:00+00:00,22.0,188.53302001953125,196.0,167.3333282470703
2026-09-27 13:00:00+00:00,23.0,181.03443908691406,189.0,168.0
2026-09-27 14:00:00+00:00,24.0,175.74635314941406,186.0,168.0
2026-09-26 16:00:00+00:00,1.0,2.9070167541503906,14.0,19.66666603088379
2026-09-26 17:00:00+00:00,2.0,357.41363525390625,10.0,18.16666603088379
2026-09-26 18:00:00+00:00,3.0,6.56424617767334,17.0,18.5
2026-09-26 19:00:00+00:00,4.0,13.906410217285156,28.0,19.85714340209961
2026-09-26 20:00:00+00:00,5.0,37.01152801513672,52.0,20.0
2026-09-26 21:00:00+00:00,6.0,44.1417350769043,60.0,20.0
2026-09-26 22:00:00+00:00,7.0,47.88563537597656,64.0,20.0
2026-09-26 23:00:00+00:00,8.0,46.60776901245117,63.0,19.799999237060547
2026-09-27 00:00:00+00:00,9.0,47.112213134765625,62.0,19.85714340209961
2026-09-27 01:00:00+00:00,10.0,57.458648681640625,71.0,19.83333396911621
2026-09-27 02:00:00+00:00,11.0,62.453147888183594,76.0,19.714284896850586
2026-09-27 03:00:00+00:00,12.0,71.92041015625,83.0,19.75
2026-09-27 04:00:00+00:00,13.0,70.9066162109375,79.0,20.0
2026-09-27 05:00:00+00:00,14.0,73.69532012939453,83.0,20.0
2026-09-27 06:00:00+00:00,15.0,76.42161560058594,85.0,29.714284896850586
2026-09-27 07:00:00+00:00,16.0,85.10785675048828,92.0,38.0
2026-09-27 08:00:00+00:00,17.0,115.9649887084961,123.0,39.599998474121094
2026-09-27 09:00:00+00:00,18.0,160.85585021972656,168.0,43.125
2026-09-27 10:00:00+00:00,19.0,170.339111328125,175.0,104.5
2026-09-27 11:00:00+00:00,20.0,193.36817932128906,201.0,167.0
2026-09-27 12:00:00+00:00,21.0,193.712158203125,200.0,167.3333282470703
2026-09-27 13:00:00+00:00,22.0,184.11512756347656,192.0,168.0
2026-09-27 14:00:00+00:00,23.0,183.65487670898438,192.0,168.0
2026-09-27 15:00:00+00:00,24.0,178.85577392578125,189.0,168.0
2026-09-26 17:00:00+00:00,1.0,354.19140625,5.0,18.16666603088379
2026-09-26 18:00:00+00:00,2.0,10.509942054748535,23.0,18.5
2026-09-26 19:00:00+00:00,3.0,18.95825958251953,29.0,19.85714340209961
2026-09-26 20:00:00+00:00,4.0,29.398244857788086,43.0,20.0
2026-09-26 21:00:00+00:00,5.0,51.27476501464844,66.0,20.0
2026-09-26 22:00:00+00:00,6.0,52.688926696777344,68.0,20.0
2026-09-26 23:00:00+00:00,7.0,54.08527755737305,70.0,19.799999237060547
2026-09-27 00:00:00+00:00,8.0,51.98025894165039,68.0,19.85714340209961
2026-09-27 01:00:00+00:00,9.0,52.60576629638672,67.0,19.83333396911621
2026-09-27 02:00:00+00:00,10.0,60.58910369873047,74.0,19.714284896850586
2026-09-27 03:00:00+00:00,11.0,67.18794250488281,80.0,19.75
2026-09-27 04:00:00+00:00,12.0,68.2603988647461,79.0,20.0
2026-09-27 05:00:00+00:00,13.0,75.51560974121094,83.0,20.0
2026-09-27 06:00:00+00:00,14.0,80.78094482421875,90.0,29.714284896850586
2026-09-27 07:00:00+00:00,15.0,100.63772583007812,109.0,38.0
2026-09-27 08:00:00+00:00,16.0,129.1326904296875,136.0,39.599998474121094
2026-09-27 09:00:00+00:00,17.0,168.3133544921875,175.0,43.125
2026-09-27 10:00:00+00:00,18.0,179.2313690185547,186.0,104.5
2026-09-27 11:00:00+00:00,19.0,208.6404571533203,213.0,167.0
2026-09-27 12:00:00+00:00,20.0,174.5515594482422,182.0,167.3333282470703
2026-09-27 13:00:00+00:00,21.0,182.6663360595703,189.0,168.0
2026-09-27 14:00:00+00:00,22.0,170.96104431152344,179.0,168.0
2026-09-27 15:00:00+00:00,23.0,167.41714477539062,176.0,168.0
2026-09-27 16:00:00+00:00,24.0,154.11642456054688,164.0,168.0
2026-09-26 18:00:00+00:00,1.0,9.341293334960938,20.0,18.5
2026-09-26 19:00:00+00:00,2.0,22.53084945678711,35.0,19.85714340209961
2026-09-26 20:00:00+00:00,3.0,37.1978874206543,47.0,20.0
2026-09-26 21:00:00+00:00,4.0,46.53865432739258,60.0,20.0
2026-09-26 22:00:00+00:00,5.0,50.309852600097656,65.0,20.0
2026-09-26 23:00:00+00:00,6.0,59.89131164550781,75.0,19.799999237060547
2026-09-27 00:00:00+00:00,7.0,61.14436340332031,77.0,19.85714340209961
2026-09-27 01:00:00+00:00,8.0,66.12223052978516,82.0,19.83333396911621
2026-09-27 02:00:00+00:00,9.0,66.986328125,81.0,19.714284896850586
2026-09-27 03:00:00+00:00,10.0,65.43634796142578,79.0,19.75
2026-09-27 04:00:00+00:00,11.0,65.81892395019531,78.0,20.0
2026-09-27 05:00:00+00:00,12.0,71.44385528564453,82.0,20.0
2026-09-27 06:00:00+00:00,13.0,82.0363998413086,89.0,29.714284896850586
2026-09-27 07:00:00+00:00,14.0,90.78046417236328,100.0,38.0
2026-09-27 08:00:00+00:00,15.0,127.79891967773438,136.0,39.599998474121094
2026-09-27 09:00:00+00:00,16.0,158.23114013671875,165.0,43.125
2026-09-27 10:00:00+00:00,17.0,160.47027587890625,167.0,104.5
2026-09-27 11:00:00+00:00,18.0,191.64852905273438,198.0,167.0
2026-09-27 12:00:00+00:00,19.0,192.01063537597656,196.0,167.3333282470703
2026-09-27 13:00:00+00:00,20.0,178.6205291748047,186.0,168.0
2026-09-27 14:00:00+00:00,21.0,179.44044494628906,186.0,168.0
2026-09-27 15:00:00+00:00,22.0,175.80491638183594,184.0,168.0
2026-09-27 16:00:00+00:00,23.0,148.1863555908203,157.0,168.0
2026-09-27 17:00:00+00:00,24.0,105.19941711425781,115.0,168.0
2026-09-26 19:00:00+00:00,1.0,15.507793426513672,26.0,19.85714340209961
2026-09-26 20:00:00+00:00,2.0,35.60558319091797,48.0,20.0
2026-09-26 21:00:00+00:00,3.0,57.34857940673828,67.0,20.0
2026-09-26 22:00:00+00:00,4.0,54.86532974243164,68.0,20.0
2026-09-26 23:00:00+00:00,5.0,52.405487060546875,67.0,19.799999237060547
2026-09-27 00:00:00+00:00,6.0,51.28336715698242,66.0,19.85714340209961
2026-09-27 01:00:00+00:00,7.0,64.29866027832031,80.0,19.83333396911621
2026-09-27 02:00:00+00:00,8.0,71.39808654785156,87.0,19.714284896850586
2026-09-27 03:00:00+00:00,9.0,71.3409423828125,85.0,19.75
2026-09-27 04:00:00+00:00,10.0,67.57965087890625,81.0,20.0
2026-09-27 05:00:00+00:00,11.0,69.29717254638672,81.0,20.0
2026-09-27 06:00:00+00:00,12.0,76.63829803466797,87.0,29.714284896850586
2026-09-27 07:00:00+00:00,13.0,94.34110260009766,101.0,38.0
2026-09-27 08:00:00+00:00,14.0,127.84735870361328,137.0,39.599998474121094
2026-09-27 09:00:00+00:00,15.0,167.9258270263672,176.0,43.125
2026-09-27 10:00:00+00:00,16.0,177.1593017578125,184.0,104.5
2026-09-27 11:00:00+00:00,17.0,196.6722869873047,203.0,167.0
2026-09-27 12:00:00+00:00,18.0,196.82118225097656,203.0,167.3333282470703
2026-09-27 13:00:00+00:00,19.0,188.09388732910156,192.0,168.0
2026-09-27 14:00:00+00:00,20.0,180.6240234375,188.0,168.0
2026-09-27 15:00:00+00:00,21.0,185.36431884765625,192.0,168.0
2026-09-27 16:00:00+00:00,22.0,180.6938018798828,189.0,168.0
2026-09-27 17:00:00+00:00,23.0,126.02204132080078,135.0,168.0
2026-09-27 18:00:00+00:00,24.0,122.31134033203125,132.0,168.0
2026-09-26 20:00:00+00:00,1.0,24.5052490234375,35.0,20.0
2026-09-26 21:00:00+00:00,2.0,35.588077545166016,48.0,20.0
2026-09-26 22:00:00+00:00,3.0,61.389068603515625,71.0,20.0
2026-09-26 23:00:00+00:00,4.0,56.93511199951172,70.0,19.799999237060547
2026-09-27 00:00:00+00:00,5.0,57.450660705566406,72.0,19.85714340209961
2026-09-27 01:00:00+00:00,6.0,61.63030242919922,76.0,19.83333396911621
2026-09-27 02:00:00+00:00,7.0,65.39241790771484,81.0,19.714284896850586
2026-09-27 03:00:00+00:00,8.0,63.49919128417969,79.0,19.75
2026-09-27 04:00:00+00:00,9.0,66.60163879394531,80.0,20.0
2026-09-27 05:00:00+00:00,10.0,71.39827728271484,85.0,20.0
2026-09-27 06:00:00+00:00,11.0,86.48030090332031,98.0,29.714284896850586
2026-09-27 07:00:00+00:00,12.0,115.46610260009766,126.0,38.0
2026-09-27 08:00:00+00:00,13.0,130.5419158935547,137.0,39.599998474121094
2026-09-27 09:00:00+00:00,14.0,159.56370544433594,169.0,43.125
2026-09-27 10:00:00+00:00,15.0,173.63294982910156,182.0,104.5
2026-09-27 11:00:00+00:00,16.0,193.91160583496094,201.0,167.0
2026-09-27 12:00:00+00:00,17.0,194.2385711669922,201.0,167.3333282470703
2026-09-27 13:00:00+00:00,18.0,178.552490234375,185.0,168.0
2026-09-27 14:00:00+00:00,19.0,183.7398681640625,188.0,168.0
2026-09-27 15:00:00+00:00,20.0,181.2689666748047,189.0,168.0
2026-09-27 16:00:00+00:00,21.0,177.87631225585938,185.0,168.0
2026-09-27 17:00:00+00:00,22.0,122.3027572631836,131.0,168.0
2026-09-27 18:00:00+00:00,23.0,118.54952239990234,128.0,168.0
2026-09-27 19:00:00+00:00,24.0,127.88772583007812,138.0,168.0
2026-09-26 21:00:00+00:00,1.0,44.67568588256836,55.0,20.0
2026-09-26 22:00:00+00:00,2.0,61.61091232299805,74.0,20.0
2026-09-26 23:00:00+00:00,3.0,61.18476486206055,71.0,19.799999237060547
2026-09-27 00:00:00+00:00,4.0,62.86652374267578,76.0,19.85714340209961
2026-09-27 01:00:00+00:00,5.0,68.02928924560547,83.0,19.83333396911621
2026-09-27 02:00:00+00:00,6.0,70.37450408935547,85.0,19.714284896850586
2026-09-27 03:00:00+00:00,7.0,67.56156158447266,83.0,19.75
2026-09-27 04:00:00+00:00,8.0,65.62203979492188,81.0,20.0
2026-09-27 05:00:00+00:00,9.0,74.02517700195312,87.0,20.0
2026-09-27 06:00:00+00:00,10.0,72.56420135498047,86.0,29.714284896850586
2026-09-27 07:00:00+00:00,11.0,89.33546447753906,100.0,38.0
2026-09-27 08:00:00+00:00,12.0,123.99114990234375,134.0,39.599998474121094
2026-09-27 09:00:00+00:00,13.0,161.86476135253906,168.0,43.125
2026-09-27 10:00:00+00:00,14.0,164.68267822265625,174.0,104.5
2026-09-27 11:00:00+00:00,15.0,188.11781311035156,196.0,167.0
2026-09-27 12:00:00+00:00,16.0,192.04705810546875,199.0,167.3333282470703
2026-09-27 13:00:00+00:00,17.0,185.60589599609375,192.0,168.0
2026-09-27 14:00:00+00:00,18.0,185.36936950683594,191.0,168.0
2026-09-27 15:00:00+00:00,19.0,188.13975524902344,192.0,168.0
2026-09-27 16:00:00+00:00,20.0,168.29525756835938,176.0,168.0
2026-09-27 17:00:00+00:00,21.0,118.63151550292969,126.0,168.0
2026-09-27 18:00:00+00:00,22.0,126.25519561767578,135.0,168.0
2026-09-27 19:00:00+00:00,23.0,143.46849060058594,153.0,168.0
2026-09-27 20:00:00+00:00,24.0,243.34059143066406,253.0,168.0
2026-09-26 22:00:00+00:00,1.0,60.69224166870117,71.0,20.0
2026-09-26 23:00:00+00:00,2.0,62.610260009765625,75.0,19.799999237060547
2026-09-27 00:00:00+00:00,3.0,62.17490768432617,72.0,19.85714340209961
2026-09-27 01:00:00+00:00,4.0,63.85733413696289,77.0,19.83333396911621
2026-09-27 02:00:00+00:00,5.0,63.01848602294922,78.0,19.714284896850586
2026-09-27 03:00:00+00:00,6.0,76.43538665771484,91.0,19.75
2026-09-27 04:00:00+00:00,7.0,76.61308288574219,92.0,20.0
2026-09-27 05:00:00+00:00,8.0,74.65695190429688,90.0,20.0
2026-09-27 06:00:00+00:00,9.0,68.15060424804688,81.0,29.714284896850586
2026-09-27 07:00:00+00:00,10.0,83.52543640136719,97.0,38.0
2026-09-27 08:00:00+00:00,11.0,124.4519271850586,135.0,39.599998474121094
2026-09-27 09:00:00+00:00,12.0,156.95516967773438,167.0,43.125
2026-09-27 10:00:00+00:00,13.0,174.93392944335938,181.0,104.5
2026-09-27 11:00:00+00:00,14.0,179.5482635498047,189.0,167.0
2026-09-27 12:00:00+00:00,15.0,192.05328369140625,200.0,167.3333282470703
2026-09-27 13:00:00+00:00,16.0,175.96591186523438,183.0,168.0
2026-09-27 14:00:00+00:00,17.0,178.4736785888672,185.0,168.0
2026-09-27 15:00:00+00:00,18.0,188.35487365722656,194.0,168.0
2026-09-27 16:00:00+00:00,19.0,186.01853942871094,190.0,168.0
2026-09-27 17:00:00+00:00,20.0,134.12957763671875,142.0,168.0
2026-09-27 18:00:00+00:00,21.0,125.38787078857422,133.0,168.0
2026-09-27 19:00:00+00:00,22.0,135.0277099609375,144.0,168.0
2026-09-27 20:00:00+00:00,23.0,173.28538513183594,183.0,168.0
2026-09-27 21:00:00+00:00,24.0,247.20071411132812,257.0,168.0
2026-09-26 23:00:00+00:00,2.0,64.87859344482422,75.0,19.799999237060547
2026-09-27 00:00:00+00:00,3.0,59.578529357910156,72.0,19.85714340209961
2026-09-27 01:00:00+00:00,4.0,66.95230102539062,77.0,19.83333396911621
2026-09-27 02:00:00+00:00,5.0,64.98881530761719,78.0,19.714284896850586
2026-09-27 03:00:00+00:00,6.0,75.83834075927734,91.0,19.75
2026-09-27 04:00:00+00:00,7.0,77.38519287109375,92.0,20.0
2026-09-27 05:00:00+00:00,8.0,74.91059112548828,90.0,20.0
2026-09-27 06:00:00+00:00,9.0,65.88089752197266,81.0,29.714284896850586
2026-09-27 07:00:00+00:00,10.0,84.4726333618164,97.0,38.0
2026-09-27 08:00:00+00:00,11.0,121.83810424804688,135.0,39.599998474121094
2026-09-27 09:00:00+00:00,12.0,157.0552215576172,167.0,43.125
2026-09-27 10:00:00+00:00,13.0,171.31297302246094,181.0,104.5
2026-09-27 11:00:00+00:00,14.0,183.04043579101562,189.0,167.0
2026-09-27 12:00:00+00:00,15.0,190.5374755859375,200.0,167.3333282470703
2026-09-27 13:00:00+00:00,16.0,175.29039001464844,183.0,168.0
2026-09-27 14:00:00+00:00,17.0,177.9121551513672,185.0,168.0
2026-09-27 15:00:00+00:00,18.0,187.48428344726562,194.0,168.0
2026-09-27 16:00:00+00:00,19.0,184.65408325195312,190.0,168.0
2026-09-27 17:00:00+00:00,20.0,137.88067626953125,142.0,168.0
2026-09-27 18:00:00+00:00,21.0,125.03436279296875,133.0,168.0
2026-09-27 19:00:00+00:00,22.0,136.09153747558594,144.0,168.0
2026-09-27 20:00:00+00:00,23.0,173.8498077392578,183.0,168.0
2026-09-27 21:00:00+00:00,24.0,247.0413055419922,257.0,168.0
2026-09-27 22:00:00+00:00,25.0,222.49766540527344,232.0,168.0
2026-09-27 00:00:00+00:00,3.0,62.14714431762695,72.0,19.85714340209961
2026-09-27 01:00:00+00:00,4.0,64.53641510009766,77.0,19.83333396911621
2026-09-27 02:00:00+00:00,5.0,67.63948822021484,78.0,19.714284896850586
2026-09-27 03:00:00+00:00,6.0,78.1927490234375,91.0,19.75
2026-09-27 04:00:00+00:00,7.0,76.67430877685547,92.0,20.0
2026-09-27 05:00:00+00:00,8.0,75.43701934814453,90.0,20.0
2026-09-27 06:00:00+00:00,9.0,66.30267333984375,81.0,29.714284896850586
2026-09-27 07:00:00+00:00,10.0,82.20933532714844,97.0,38.0
2026-09-27 08:00:00+00:00,11.0,122.8514633178711,135.0,39.599998474121094
2026-09-27 09:00:00+00:00,12.0,154.2676239013672,167.0,43.125
2026-09-27 10:00:00+00:00,13.0,171.74293518066406,181.0,104.5
2026-09-27 11:00:00+00:00,14.0,179.73240661621094,189.0,167.0
2026-09-27 12:00:00+00:00,15.0,194.14727783203125,200.0,167.3333282470703
2026-09-27 13:00:00+00:00,16.0,173.51419067382812,183.0,168.0
2026-09-27 14:00:00+00:00,17.0,177.56088256835938,185.0,168.0
2026-09-27 15:00:00+00:00,18.0,186.82118225097656,194.0,168.0
2026-09-27 16:00:00+00:00,19.0,183.4191131591797,190.0,168.0
2026-09-27 17:00:00+00:00,20.0,136.89817810058594,142.0,168.0
2026-09-27 18:00:00+00:00,21.0,128.5805206298828,133.0,168.0
2026-09-27 19:00:00+00:00,22.0,135.89698791503906,144.0,168.0
2026-09-27 20:00:00+00:00,23.0,174.65533447265625,183.0,168.0
2026-09-27 21:00:00+00:00,24.0,247.59109497070312,257.0,168.0
2026-09-27 22:00:00+00:00,25.0,221.7169952392578,232.0,168.0
2026-09-27 23:00:00+00:00,26.0,240.82046508789062,250.0,168.0
2026-09-27 01:00:00+00:00,4.0,67.45927429199219,77.0,19.83333396911621
2026-09-27 02:00:00+00:00,5.0,65.4449234008789,78.0,19.714284896850586
2026-09-27 03:00:00+00:00,6.0,80.31768798828125,91.0,19.75
2026-09-27 04:00:00+00:00,7.0,79.33370971679688,92.0,20.0
2026-09-27 05:00:00+00:00,8.0,74.52587127685547,90.0,20.0
2026-09-27 06:00:00+00:00,9.0,66.52944946289062,81.0,29.714284896850586
2026-09-27 07:00:00+00:00,10.0,82.7495346069336,97.0,38.0
2026-09-27 08:00:00+00:00,11.0,120.48480987548828,135.0,39.599998474121094
2026-09-27 09:00:00+00:00,12.0,155.22201538085938,167.0,43.125
2026-09-27 10:00:00+00:00,13.0,168.70352172851562,181.0,104.5
2026-09-27 11:00:00+00:00,14.0,180.369873046875,189.0,167.0
2026-09-27 12:00:00+00:00,15.0,191.1339111328125,200.0,167.3333282470703
2026-09-27 13:00:00+00:00,16.0,177.19322204589844,183.0,168.0
2026-09-27 14:00:00+00:00,17.0,175.4329376220703,185.0,168.0
2026-09-27 15:00:00+00:00,18.0,186.79737854003906,194.0,168.0
2026-09-27 16:00:00+00:00,19.0,182.71595764160156,190.0,168.0
2026-09-27 17:00:00+00:00,20.0,135.20358276367188,142.0,168.0
2026-09-27 18:00:00+00:00,21.0,128.01678466796875,133.0,168.0
2026-09-27 19:00:00+00:00,22.0,139.23968505859375,144.0,168.0
2026-09-27 20:00:00+00:00,23.0,174.76748657226562,183.0,168.0
2026-09-27 21:00:00+00:00,24.0,248.06814575195312,257.0,168.0
2026-09-27 22:00:00+00:00,25.0,222.25938415527344,232.0,168.0
2026-09-27 23:00:00+00:00,26.0,239.385986328125,250.0,168.0
2026-09-28 00:00:00+00:00,27.0,232.0090789794922,241.0,168.1666717529297
2026-09-27 02:00:00+00:00,5.0,68.74957275390625,78.0,19.714284896850586
2026-09-27 03:00:00+00:00,6.0,78.30918884277344,91.0,19.75
2026-09-27 04:00:00+00:00,7.0,81.075439453125,92.0,20.0
2026-09-27 05:00:00+00:00,8.0,77.5219497680664,90.0,20.0
2026-09-27 06:00:00+00:00,9.0,65.46074676513672,81.0,29.714284896850586
2026-09-27 07:00:00+00:00,10.0,82.58307647705078,97.0,38.0
2026-09-27 08:00:00+00:00,11.0,121.20201110839844,135.0,39.599998474121094
2026-09-27 09:00:00+00:00,12.0,152.77108764648438,167.0,43.125
2026-09-27 10:00:00+00:00,13.0,169.66549682617188,181.0,104.5
2026-09-27 11:00:00+00:00,14.0,177.09600830078125,189.0,167.0
2026-09-27 12:00:00+00:00,15.0,191.9777374267578,200.0,167.3333282470703
2026-09-27 13:00:00+00:00,16.0,174.510498046875,183.0,168.0
2026-09-27 14:00:00+00:00,17.0,179.1182098388672,185.0,168.0
2026-09-27 15:00:00+00:00,18.0,184.38433837890625,194.0,168.0
2026-09-27 16:00:00+00:00,19.0,182.9272003173828,190.0,168.0
2026-09-27 17:00:00+00:00,20.0,134.58004760742188,142.0,168.0
2026-09-27 18:00:00+00:00,21.0,125.91293334960938,133.0,168.0
2026-09-27 19:00:00+00:00,22.0,139.00173950195312,144.0,168.0
2026-09-27 20:00:00+00:00,23.0,177.93914794921875,183.0,168.0
2026-09-27 21:00:00+00:00,24.0,248.60012817382812,257.0,168.0
2026-09-27 22:00:00+00:00,25.0,222.38711547851562,232.0,168.0
2026-09-27 23:00:00+00:00,26.0,239.89657592773438,250.0,168.0
2026-09-28 00:00:00+00:00,27.0,230.0802459716797,241.0,168.1666717529297
2026-09-28 01:00:00+00:00,28.0,236.0950469970703,245.0,168.0
2026-09-27 03:00:00+00:00,6.0,81.81297302246094,91.0,19.75
2026-09-27 04:00:00+00:00,7.0,79.08944702148438,92.0,20.0
2026-09-27 05:00:00+00:00,8.0,78.76664733886719,90.0,20.0
2026-09-27 06:00:00+00:00,9.0,68.42534637451172,81.0,29.714284896850586
2026-09-27 07:00:00+00:00,10.0,81.34315490722656,97.0,38.0
2026-09-27 08:00:00+00:00,11.0,120.84123992919922,135.0,39.599998474121094
2026-09-27 09:00:00+00:00,12.0,153.80865478515625,167.0,43.125
2026-09-27 10:00:00+00:00,13.0,167.11680603027344,181.0,104.5
2026-09-27 11:00:00+00:00,14.0,178.22789001464844,189.0,167.0
2026-09-27 12:00:00+00:00,15.0,188.5606689453125,200.0,167.3333282470703
2026-09-27 13:00:00+00:00,16.0,175.69781494140625,183.0,168.0
2026-09-27 14:00:00+00:00,17.0,176.74610900878906,185.0,168.0
2026-09-27 15:00:00+00:00,18.0,187.87542724609375,194.0,168.0
2026-09-27 16:00:00+00:00,19.0,180.0764923095703,190.0,168.0
2026-09-27 17:00:00+00:00,20.0,134.91798400878906,142.0,168.0
2026-09-27 18:00:00+00:00,21.0,125.61071014404297,133.0,168.0
2026-09-27 19:00:00+00:00,22.0,136.39064025878906,144.0,168.0
2026-09-27 20:00:00+00:00,23.0,177.6153564453125,183.0,168.0
2026-09-27 21:00:00+00:00,24.0,251.48672485351562,257.0,168.0
2026-09-27 22:00:00+00:00,25.0,223.28819274902344,232.0,168.0
2026-09-27 23:00:00+00:00,26.0,239.49887084960938,250.0,168.0
2026-09-28 00:00:00+00:00,27.0,230.06243896484375,241.0,168.1666717529297
2026-09-28 01:00:00+00:00,28.0,233.55319213867188,245.0,168.0
2026-09-28 02:00:00+00:00,29.0,235.8928680419922,245.0,168.0
2026-09-27 04:00:00+00:00,7.0,82.7662353515625,92.0,20.0
2026-09-27 05:00:00+00:00,8.0,76.73008728027344,90.0,20.0
2026-09-27 06:00:00+00:00,9.0,69.43269348144531,81.0,29.714284896850586
2026-09-27 07:00:00+00:00,10.0,84.2196273803711,97.0,38.0
2026-09-27 08:00:00+00:00,11.0,119.14208221435547,135.0,39.599998474121094
2026-09-27 09:00:00+00:00,12.0,153.24853515625,167.0,43.125
2026-09-27 10:00:00+00:00,13.0,168.56179809570312,181.0,104.5
2026-09-27 11:00:00+00:00,14.0,175.56044006347656,189.0,167.0
2026-09-27 12:00:00+00:00,15.0,189.91384887695312,200.0,167.3333282470703
2026-09-27 13:00:00+00:00,16.0,172.1272430419922,183.0,168.0
2026-09-27 14:00:00+00:00,17.0,178.4858856201172,185.0,168.0
2026-09-27 15:00:00+00:00,18.0,185.93209838867188,194.0,168.0
2026-09-27 16:00:00+00:00,19.0,183.47994995117188,190.0,168.0
2026-09-27 17:00:00+00:00,20.0,131.52392578125,142.0,168.0
2026-09-27 18:00:00+00:00,21.0,125.72862243652344,133.0,168.0
2026-09-27 19:00:00+00:00,22.0,136.57052612304688,144.0,168.0
2026-09-27 20:00:00+00:00,23.0,174.52610778808594,183.0,168.0
2026-09-27 21:00:00+00:00,24.0,250.8947296142578,257.0,168.0
2026-09-27 22:00:00+00:00,25.0,225.63722229003906,232.0,168.0
2026-09-27 23:00:00+00:00,26.0,240.76959228515625,250.0,168.0
2026-09-28 00:00:00+00:00,27.0,229.24850463867188,241.0,168.1666717529297
2026-09-28 01:00:00+00:00,28.0,232.88381958007812,245.0,168.0
2026-09-28 02:00:00+00:00,29.0,232.75608825683594,245.0,168.0
2026-09-28 03:00:00+00:00,30.0,220.4707794189453,230.0,168.0
2026-09-27 05:00:00+00:00,8.0,80.57977294921875,90.0,20.0
2026-09-27 06:00:00+00:00,9.0,67.26311492919922,81.0,29.714284896850586
2026-09-27 07:00:00+00:00,10.0,85.04826354980469,97.0,38.0
2026-09-27 08:00:00+00:00,11.0,121.84996795654297,135.0,39.599998474121094
2026-09-27 09:00:00+00:00,12.0,150.8408966064453,167.0,43.125
2026-09-27 10:00:00+00:00,13.0,167.77972412109375,181.0,104.5
2026-09-27 11:00:00+00:00,14.0,177.43060302734375,189.0,167.0
2026-09-27 12:00:00+00:00,15.0,187.00924682617188,200.0,167.3333282470703
2026-09-27 13:00:00+00:00,16.0,173.68907165527344,183.0,168.0
2026-09-27 14:00:00+00:00,17.0,174.695068359375,185.0,168.0
2026-09-27 15:00:00+00:00,18.0,188.2694854736328,194.0,168.0
2026-09-27 16:00:00+00:00,19.0,181.98617553710938,190.0,168.0
2026-09-27 17:00:00+00:00,20.0,134.9253692626953,142.0,168.0
2026-09-27 18:00:00+00:00,21.0,121.65174102783203,133.0,168.0
2026-09-27 19:00:00+00:00,22.0,136.29588317871094,144.0,168.0
2026-09-27 20:00:00+00:00,23.0,175.45181274414062,183.0,168.0
2026-09-27 21:00:00+00:00,24.0,247.299560546875,257.0,168.0
2026-09-27 22:00:00+00:00,25.0,224.813720703125,232.0,168.0
2026-09-27 23:00:00+00:00,26.0,242.43141174316406,250.0,168.0
2026-09-28 00:00:00+00:00,27.0,230.98739624023438,241.0,168.1666717529297
2026-09-28 01:00:00+00:00,28.0,231.57357788085938,245.0,168.0
2026-09-28 02:00:00+00:00,29.0,231.29063415527344,245.0,168.0
2026-09-28 03:00:00+00:00,30.0,216.7022705078125,230.0,168.0
2026-09-28 04:00:00+00:00,31.0,288.73687744140625,299.0,168.0
2026-09-27 06:00:00+00:00,9.0,71.2655258178711,81.0,29.714284896850586
2026-09-27 07:00:00+00:00,10.0,82.72981262207031,97.0,38.0
2026-09-27 08:00:00+00:00,11.0,122.71958923339844,135.0,39.599998474121094
2026-09-27 09:00:00+00:00,12.0,153.43043518066406,167.0,43.125
2026-09-27 10:00:00+00:00,13.0,164.45408630371094,181.0,104.5
2026-09-27 11:00:00+00:00,14.0,176.45973205566406,189.0,167.0
2026-09-27 12:00:00+00:00,15.0,189.09532165527344,200.0,167.3333282470703
2026-09-27 13:00:00+00:00,16.0,170.08848571777344,183.0,168.0
2026-09-27 14:00:00+00:00,17.0,176.45297241210938,185.0,168.0
2026-09-27 15:00:00+00:00,18.0,184.01268005371094,194.0,168.0
2026-09-27 16:00:00+00:00,19.0,184.87423706054688,190.0,168.0
2026-09-27 17:00:00+00:00,20.0,133.8404083251953,142.0,168.0
2026-09-27 18:00:00+00:00,21.0,124.763427734375,133.0,168.0
2026-09-27 19:00:00+00:00,22.0,131.1925048828125,144.0,168.0
2026-09-27 20:00:00+00:00,23.0,174.61476135253906,183.0,168.0
2026-09-27 21:00:00+00:00,24.0,248.7887420654297,257.0,168.0
2026-09-27 22:00:00+00:00,25.0,220.75889587402344,232.0,168.0
2026-09-27 23:00:00+00:00,26.0,241.02783203125,250.0,168.0
2026-09-28 00:00:00+00:00,27.0,231.82435607910156,241.0,168.1666717529297
2026-09-28 01:00:00+00:00,28.0,233.56016540527344,245.0,168.0
2026-09-28 02:00:00+00:00,29.0,229.53683471679688,245.0,168.0
2026-09-28 03:00:00+00:00,30.0,214.03192138671875,230.0,168.0
2026-09-28 04:00:00+00:00,31.0,284.115234375,299.0,168.0
2026-09-28 05:00:00+00:00,32.0,266.45025634765625,278.0,168.0
2026-09-27 07:00:00+00:00,1.0,96.07569122314453,107.0,38.0
2026-09-27 08:00:00+00:00,2.0,114.7863540649414,129.0,39.599998474121094
2026-09-27 09:00:00+00:00,3.0,156.645751953125,168.0,43.125
2026-09-27 10:00:00+00:00,4.0,175.39390563964844,189.0,104.5
2026-09-27 11:00:00+00:00,5.0,191.03073120117188,206.0,167.0
2026-09-27 12:00:00+00:00,6.0,188.65789794921875,199.0,167.3333282470703
2026-09-27 13:00:00+00:00,7.0,181.3903045654297,190.0,168.0
2026-09-27 14:00:00+00:00,8.0,182.80728149414062,195.0,168.0
2026-09-27 15:00:00+00:00,9.0,190.8882293701172,196.0,168.0
2026-09-27 16:00:00+00:00,10.0,171.20562744140625,180.0,168.0
2026-09-27 17:00:00+00:00,11.0,139.6509246826172,145.0,168.0
2026-09-27 18:00:00+00:00,12.0,136.52732849121094,144.0,168.0
2026-09-27 19:00:00+00:00,13.0,143.25035095214844,155.0,168.0
2026-09-27 20:00:00+00:00,14.0,206.28277587890625,224.0,168.0
2026-09-27 21:00:00+00:00,15.0,225.36068725585938,237.0,168.0
2026-09-27 22:00:00+00:00,16.0,200.37269592285156,214.0,168.0
2026-09-27 23:00:00+00:00,17.0,213.69215393066406,232.0,168.0
2026-09-28 00:00:00+00:00,18.0,234.1294708251953,252.0,168.1666717529297
2026-09-28 01:00:00+00:00,19.0,239.04200744628906,256.0,168.0
2026-09-28 02:00:00+00:00,20.0,263.44659423828125,284.0,168.0
2026-09-28 03:00:00+00:00,21.0,284.3475341796875,309.0,168.0
2026-09-28 04:00:00+00:00,22.0,310.9161376953125,337.0,168.0
2026-09-28 05:00:00+00:00,23.0,322.53204345703125,346.0,168.0
2026-09-28 06:00:00+00:00,24.0,185.65052795410156,206.0,168.0
2026-09-27 08:00:00+00:00,1.0,131.74249267578125,143.0,39.599998474121094
2026-09-27 09:00:00+00:00,2.0,159.5037078857422,172.0,43.125
2026-09-27 10:00:00+00:00,3.0,173.3923797607422,183.0,104.5
2026-09-27 11:00:00+00:00,4.0,175.97964477539062,189.0,167.0
2026-09-27 12:00:00+00:00,5.0,178.29588317871094,190.0,167.3333282470703
2026-09-27 13:00:00+00:00,6.0,185.493896484375,194.0,168.0
2026-09-27 14:00:00+00:00,7.0,183.67819213867188,191.0,168.0
2026-09-27 15:00:00+00:00,8.0,179.15325927734375,190.0,168.0
2026-09-27 16:00:00+00:00,9.0,180.5128631591797,184.0,168.0
2026-09-27 17:00:00+00:00,10.0,129.49327087402344,137.0,168.0
2026-09-27 18:00:00+00:00,11.0,128.60472106933594,134.0,168.0
2026-09-27 19:00:00+00:00,12.0,174.50997924804688,182.0,168.0
2026-09-27 20:00:00+00:00,13.0,244.822265625,258.0,168.0
2026-09-27 21:00:00+00:00,14.0,224.37850952148438,244.0,168.0
2026-09-27 22:00:00+00:00,15.0,221.5765838623047,235.0,168.0
2026-09-27 23:00:00+00:00,16.0,232.6317901611328,250.0,168.0
2026-09-28 00:00:00+00:00,17.0,231.0653839111328,253.0,168.1666717529297
2026-09-28 01:00:00+00:00,18.0,248.8528594970703,271.0,168.0
2026-09-28 02:00:00+00:00,19.0,266.134033203125,288.0,168.0
2026-09-28 03:00:00+00:00,20.0,286.6531066894531,312.0,168.0
2026-09-28 04:00:00+00:00,21.0,315.2776184082031,345.0,168.0
2026-09-28 05:00:00+00:00,22.0,303.5692138671875,335.0,168.0
2026-09-28 06:00:00+00:00,23.0,326.90032958984375,355.0,168.0
2026-09-28 07:00:00+00:00,24.0,329.8721618652344,356.0,168.0
2026-09-27 09:00:00+00:00,1.0,160.61373901367188,172.0,43.125
2026-09-27 10:00:00+00:00,2.0,173.189208984375,184.0,104.5
2026-09-27 11:00:00+00:00,3.0,196.47189331054688,205.0,167.0
2026-09-27 12:00:00+00:00,4.0,180.91432189941406,193.0,167.3333282470703
2026-09-27 13:00:00+00:00,5.0,177.26290893554688,186.0,168.0
2026-09-27 14:00:00+00:00,6.0,182.04092407226562,189.0,168.0
2026-09-27 15:00:00+00:00,7.0,187.17543029785156,194.0,168.0
2026-09-27 16:00:00+00:00,8.0,149.1349639892578,159.0,168.0
2026-09-27 17:00:00+00:00,9.0,133.39048767089844,136.0,168.0
2026-09-27 18:00:00+00:00,10.0,127.33280181884766,134.0,168.0
2026-09-27 19:00:00+00:00,11.0,164.9886016845703,171.0,168.0
2026-09-27 20:00:00+00:00,12.0,216.72457885742188,225.0,168.0
2026-09-27 21:00:00+00:00,13.0,228.4834442138672,243.0,168.0
2026-09-27 22:00:00+00:00,14.0,213.8490753173828,235.0,168.0
2026-09-27 23:00:00+00:00,15.0,222.2940673828125,238.0,168.0
2026-09-28 00:00:00+00:00,16.0,222.07162475585938,243.0,168.1666717529297
2026-09-28 01:00:00+00:00,17.0,217.22598266601562,242.0,168.0
2026-09-28 02:00:00+00:00,18.0,230.16928100585938,256.0,168.0
2026-09-28 03:00:00+00:00,19.0,251.18206787109375,277.0,168.0
2026-09-28 04:00:00+00:00,20.0,266.513427734375,296.0,168.0
2026-09-28 05:00:00+00:00,21.0,276.3273010253906,310.0,168.0
2026-09-28 06:00:00+00:00,22.0,272.21514892578125,308.0,168.0
2026-09-28 07:00:00+00:00,23.0,227.2728271484375,259.0,168.0
2026-09-28 08:00:00+00:00,24.0,147.3572998046875,178.0,168.39999389648438
2026-09-27 10:00:00+00:00,1.0,169.5281219482422,181.0,104.5
2026-09-27 11:00:00+00:00,2.0,188.06715393066406,198.0,167.0
2026-09-27 12:00:00+00:00,3.0,188.70274353027344,197.0,167.3333282470703
2026-09-27 13:00:00+00:00,4.0,178.54757690429688,190.0,168.0
2026-09-27 14:00:00+00:00,5.0,181.67176818847656,189.0,168.0
2026-09-27 15:00:00+00:00,6.0,179.624267578125,186.0,168.0
2026-09-27 16:00:00+00:00,7.0,175.0418701171875,182.0,168.0
2026-09-27 17:00:00+00:00,8.0,135.5023651123047,145.0,168.0
2026-09-27 18:00:00+00:00,9.0,139.27023315429688,142.0,168.0
2026-09-27 19:00:00+00:00,10.0,149.41015625,156.0,168.0
2026-09-27 20:00:00+00:00,11.0,221.23040771484375,228.0,168.0
2026-09-27 21:00:00+00:00,12.0,179.84564208984375,189.0,168.0
2026-09-27 22:00:00+00:00,13.0,212.59542846679688,228.0,168.0
2026-09-27 23:00:00+00:00,14.0,220.31800842285156,242.0,168.0
2026-09-28 00:00:00+00:00,15.0,230.72308349609375,248.0,168.1666717529297
2026-09-28 01:00:00+00:00,16.0,234.15902709960938,257.0,168.0
2026-09-28 02:00:00+00:00,17.0,249.83941650390625,276.0,168.0
2026-09-28 03:00:00+00:00,18.0,251.27496337890625,279.0,168.0
2026-09-28 04:00:00+00:00,19.0,286.287109375,314.0,168.0
2026-09-28 05:00:00+00:00,20.0,311.54351806640625,343.0,168.0
2026-09-28 06:00:00+00:00,21.0,313.79327392578125,349.0,168.0
2026-09-28 07:00:00+00:00,22.0,318.5150146484375,356.0,168.0
2026-09-28 08:00:00+00:00,23.0,300.8791809082031,334.0,168.39999389648438
2026-09-28 09:00:00+00:00,24.0,312.78424072265625,345.0,168.39999389648438
2026-09-27 11:00:00+00:00,1.0,184.0995330810547,194.0,167.0
2026-09-27 12:00:00+00:00,2.0,186.18734741210938,194.0,167.3333282470703
2026-09-27 13:00:00+00:00,3.0,181.22792053222656,189.0,168.0
2026-09-27 14:00:00+00:00,4.0,171.98387145996094,182.0,168.0
2026-09-27 15:00:00+00:00,5.0,183.59506225585938,189.0,168.0
2026-09-27 16:00:00+00:00,6.0,168.0960693359375,173.0,168.0
2026-09-27 17:00:00+00:00,7.0,134.52752685546875,142.0,168.0
2026-09-27 18:00:00+00:00,8.0,132.65853881835938,142.0,168.0
2026-09-27 19:00:00+00:00,9.0,180.71994018554688,184.0,168.0
2026-09-27 20:00:00+00:00,10.0,223.10452270507812,231.0,168.0
2026-09-27 21:00:00+00:00,11.0,200.60665893554688,209.0,168.0
2026-09-27 22:00:00+00:00,12.0,224.88832092285156,235.0,168.0
2026-09-27 23:00:00+00:00,13.0,222.26966857910156,238.0,168.0
2026-09-28 00:00:00+00:00,14.0,218.01513671875,239.0,168.1666717529297
2026-09-28 01:00:00+00:00,15.0,241.79537963867188,261.0,168.0
2026-09-28 02:00:00+00:00,16.0,248.00119018554688,274.0,168.0
2026-09-28 03:00:00+00:00,17.0,257.02508544921875,285.0,168.0
2026-09-28 04:00:00+00:00,18.0,283.83099365234375,314.0,168.0
2026-09-28 05:00:00+00:00,19.0,315.934814453125,345.0,168.0
2026-09-28 06:00:00+00:00,20.0,317.7639465332031,352.0,168.0
2026-09-28 07:00:00+00:00,21.0,211.60040283203125,249.0,168.0
2026-09-28 08:00:00+00:00,22.0,357.787841796875,37.0,168.39999389648438
2026-09-28 09:00:00+00:00,23.0,287.5061950683594,321.0,168.39999389648438
2026-09-28 10:00:00+00:00,24.0,319.6196594238281,354.0,169.0
2026-09-27 12:00:00+00:00,1.0,185.61598205566406,195.0,167.3333282470703
2026-09-27 13:00:00+00:00,2.0,187.21592712402344,194.0,168.0
2026-09-27 14:00:00+00:00,3.0,182.23373413085938,191.0,168.0
2026-09-27 15:00:00+00:00,4.0,191.86495971679688,201.0,168.0
2026-09-27 16:00:00+00:00,5.0,158.12387084960938,163.0,168.0
2026-09-27 17:00:00+00:00,6.0,137.63870239257812,142.0,168.0
2026-09-27 18:00:00+00:00,7.0,131.72427368164062,141.0,168.0
2026-09-27 19:00:00+00:00,8.0,162.22703552246094,172.0,168.0
2026-09-27 20:00:00+00:00,9.0,213.0057373046875,218.0,168.0
2026-09-27 21:00:00+00:00,10.0,199.1719970703125,209.0,168.0
2026-09-27 22:00:00+00:00,11.0,215.0328369140625,226.0,168.0
2026-09-27 23:00:00+00:00,12.0,227.95118713378906,240.0,168.0
2026-09-28 00:00:00+00:00,13.0,224.35877990722656,241.0,168.1666717529297
2026-09-28 01:00:00+00:00,14.0,218.28826904296875,239.0,168.0
2026-09-28 02:00:00+00:00,15.0,238.15419006347656,260.0,168.0
2026-09-28 03:00:00+00:00,16.0,249.95404052734375,278.0,168.0
2026-09-28 04:00:00+00:00,17.0,267.35528564453125,297.0,168.0
2026-09-28 05:00:00+00:00,18.0,251.76318359375,284.0,168.0
2026-09-28 06:00:00+00:00,19.0,275.665283203125,306.0,168.0
2026-09-28 07:00:00+00:00,20.0,244.8527374267578,281.0,168.0
2026-09-28 08:00:00+00:00,21.0,233.51417541503906,272.0,168.39999389648438
2026-09-28 09:00:00+00:00,22.0,303.1704406738281,343.0,168.39999389648438
2026-09-28 10:00:00+00:00,23.0,337.4869384765625,11.0,169.0
2026-09-28 11:00:00+00:00,24.0,336.25537109375,11.0,168.5
2026-09-27 13:00:00+00:00,1.0,175.49420166015625,185.0,168.0
2026-09-27 14:00:00+00:00,2.0,188.64761352539062,195.0,168.0
2026-09-27 15:00:00+00:00,3.0,180.4063262939453,190.0,168.0
2026-09-27 16:00:00+00:00,4.0,171.38189697265625,180.0,168.0
2026-09-27 17:00:00+00:00,5.0,142.35052490234375,147.0,168.0
2026-09-27 18:00:00+00:00,6.0,137.92298889160156,142.0,168.0
2026-09-27 19:00:00+00:00,7.0,138.3553009033203,149.0,168.0
2026-09-27 20:00:00+00:00,8.0,178.02328491210938,188.0,168.0
2026-09-27 21:00:00+00:00,9.0,184.91348266601562,191.0,168.0
2026-09-27 22:00:00+00:00,10.0,202.8579864501953,214.0,168.0
2026-09-27 23:00:00+00:00,11.0,227.22671508789062,240.0,168.0
2026-09-28 00:00:00+00:00,12.0,235.27157592773438,249.0,168.1666717529297
2026-09-28 01:00:00+00:00,13.0,233.32562255859375,251.0,168.0
2026-09-28 02:00:00+00:00,14.0,245.23886108398438,266.0,168.0
2026-09-28 03:00:00+00:00,15.0,249.08135986328125,273.0,168.0
2026-09-28 04:00:00+00:00,16.0,268.60821533203125,298.0,168.0
2026-09-28 05:00:00+00:00,17.0,314.9541931152344,346.0,168.0
2026-09-28 06:00:00+00:00,18.0,312.03265380859375,346.0,168.0
2026-09-28 07:00:00+00:00,19.0,234.54750061035156,266.0,168.0
2026-09-28 08:00:00+00:00,20.0,248.54388427734375,286.0,168.39999389648438
2026-09-28 09:00:00+00:00,21.0,270.60675048828125,310.0,168.39999389648438
2026-09-28 10:00:00+00:00,22.0,320.4187316894531,1.0,169.0
2026-09-28 11:00:00+00:00,23.0,337.1722717285156,11.0,168.5
2026-09-28 12:00:00+00:00,24.0,342.06787109375,17.0,115.25
2026-09-27 14:00:00+00:00,1.0,162.38572692871094,172.0,168.0
2026-09-27 15:00:00+00:00,2.0,173.2057342529297,179.0,168.0
2026-09-27 16:00:00+00:00,3.0,158.46307373046875,169.0,168.0
2026-09-27 17:00:00+00:00,4.0,132.81390380859375,141.0,168.0
2026-09-27 18:00:00+00:00,5.0,144.66802978515625,149.0,168.0
2026-09-27 19:00:00+00:00,6.0,161.25759887695312,165.0,168.0
2026-09-27 20:00:00+00:00,7.0,175.90982055664062,188.0,168.0
2026-09-27 21:00:00+00:00,8.0,176.86590576171875,187.0,168.0
2026-09-27 22:00:00+00:00,9.0,202.68605041503906,210.0,168.0
2026-09-27 23:00:00+00:00,10.0,231.2195281982422,244.0,168.0
2026-09-28 00:00:00+00:00,11.0,222.34800720214844,237.0,168.1666717529297
2026-09-28 01:00:00+00:00,12.0,230.6631317138672,246.0,168.0
2026-09-28 02:00:00+00:00,13.0,256.1910705566406,275.0,168.0
2026-09-28 03:00:00+00:00,14.0,264.04046630859375,285.0,168.0
2026-09-28 04:00:00+00:00,15.0,276.85040283203125,303.0,168.0
2026-09-28 05:00:00+00:00,16.0,262.63763427734375,293.0,168.0
2026-09-28 06:00:00+00:00,17.0,263.4735412597656,296.0,168.0
2026-09-28 07:00:00+00:00,18.0,267.35009765625,303.0,168.0
2026-09-28 08:00:00+00:00,19.0,271.58673095703125,304.0,168.39999389648438
2026-09-28 09:00:00+00:00,20.0,306.4463806152344,345.0,168.39999389648438
2026-09-28 10:00:00+00:00,21.0,309.9183349609375,350.0,169.0
2026-09-28 11:00:00+00:00,22.0,319.08740234375,0.0,168.5
2026-09-28 12:00:00+00:00,23.0,332.30914306640625,6.0,115.25
2026-09-28 13:00:00+00:00,24.0,338.19873046875,13.0,61.25
2026-09-27 15:00:00+00:00,1.0,163.62411499023438,173.0,168.0
2026-09-27 16:00:00+00:00,2.0,155.15777587890625,161.0,168.0
2026-09-27 17:00:00+00:00,3.0,143.85684204101562,156.0,168.0
2026-09-27 18:00:00+00:00,4.0,137.4712677001953,146.0,168.0
2026-09-27 19:00:00+00:00,5.0,145.2534637451172,151.0,168.0
2026-09-27 20:00:00+00:00,6.0,179.76527404785156,184.0,168.0
2026-09-27 21:00:00+00:00,7.0,181.21299743652344,195.0,168.0
2026-09-27 22:00:00+00:00,8.0,216.9483184814453,228.0,168.0
2026-09-27 23:00:00+00:00,9.0,232.7375030517578,242.0,168.0
2026-09-28 00:00:00+00:00,10.0,230.49925231933594,245.0,168.1666717529297
2026-09-28 01:00:00+00:00,11.0,225.48220825195312,242.0,168.0
2026-09-28 02:00:00+00:00,12.0,233.9299774169922,250.0,168.0
2026-09-28 03:00:00+00:00,13.0,236.1590576171875,255.0,168.0
2026-09-28 04:00:00+00:00,14.0,275.2837219238281,296.0,168.0
2026-09-28 05:00:00+00:00,15.0,285.9638366699219,313.0,168.0
2026-09-28 06:00:00+00:00,16.0,275.2981262207031,304.0,168.0
2026-09-28 07:00:00+00:00,17.0,269.53228759765625,301.0,168.0
2026-09-28 08:00:00+00:00,18.0,297.4100036621094,332.0,168.39999389648438
2026-09-28 09:00:00+00:00,19.0,307.3778076171875,339.0,168.39999389648438
2026-09-28 10:00:00+00:00,20.0,305.11114501953125,341.0,169.0
2026-09-28 11:00:00+00:00,21.0,326.09942626953125,3.0,168.5
2026-09-28 12:00:00+00:00,22.0,339.5115051269531,16.0,115.25
2026-09-28 13:00:00+00:00,23.0,350.27496337890625,21.0,61.25
2026-09-28 14:00:00+00:00,24.0,345.7616271972656,17.0,59.0
2026-09-27 16:00:00+00:00,1.0,162.0258331298828,172.0,168.0
2026-09-27 17:00:00+00:00,2.0,137.73101806640625,144.0,168.0
2026-09-27 18:00:00+00:00,3.0,116.6895523071289,130.0,168.0
2026-09-27 19:00:00+00:00,4.0,140.02711486816406,149.0,168.0
2026-09-27 20:00:00+00:00,5.0,165.1254425048828,172.0,168.0
2026-09-27 21:00:00+00:00,6.0,201.06417846679688,206.0,168.0
2026-09-27 22:00:00+00:00,7.0,202.9508056640625,218.0,168.0
2026-09-27 23:00:00+00:00,8.0,231.31678771972656,243.0,168.0
2026-09-28 00:00:00+00:00,9.0,234.3711395263672,245.0,168.1666717529297
2026-09-28 01:00:00+00:00,10.0,236.60691833496094,252.0,168.0
2026-09-28 02:00:00+00:00,11.0,216.18609619140625,234.0,168.0
2026-09-28 03:00:00+00:00,12.0,237.0606231689453,254.0,168.0
2026-09-28 04:00:00+00:00,13.0,256.7567443847656,276.0,168.0
2026-09-28 05:00:00+00:00,14.0,315.3275146484375,336.0,168.0
2026-09-28 06:00:00+00:00,15.0,277.2010192871094,305.0,168.0
2026-09-28 07:00:00+00:00,16.0,333.3229675292969,1.0,168.0
2026-09-28 08:00:00+00:00,17.0,134.7765655517578,166.0,168.39999389648438
2026-09-28 09:00:00+00:00,18.0,270.8450927734375,305.0,168.39999389648438
2026-09-28 10:00:00+00:00,19.0,334.4910888671875,6.0,169.0
2026-09-28 11:00:00+00:00,20.0,343.74560546875,18.0,168.5
2026-09-28 12:00:00+00:00,21.0,335.1174011230469,10.0,115.25
2026-09-28 13:00:00+00:00,22.0,345.61871337890625,20.0,61.25
2026-09-28 14:00:00+00:00,23.0,355.58551025390625,25.0,59.0
2026-09-28 15:00:00+00:00,24.0,354.6417541503906,24.0,18.0
2026-09-27 17:00:00+00:00,1.0,141.48770141601562,152.0,168.0
2026-09-27 18:00:00+00:00,2.0,141.3111114501953,148.0,168.0
2026-09-27 19:00:00+00:00,3.0,149.93341064453125,164.0,168.0
2026-09-27 20:00:00+00:00,4.0,175.78240966796875,185.0,168.0
2026-09-27 21:00:00+00:00,5.0,186.3331298828125,194.0,168.0
2026-09-27 22:00:00+00:00,6.0,195.33282470703125,201.0,168.0
2026-09-27 23:00:00+00:00,7.0,224.99334716796875,241.0,168.0
2026-09-28 00:00:00+00:00,8.0,231.89541625976562,244.0,168.1666717529297
2026-09-28 01:00:00+00:00,9.0,226.3048095703125,238.0,168.0
2026-09-28 02:00:00+00:00,10.0,237.9127197265625,254.0,168.0
2026-09-28 03:00:00+00:00,11.0,259.2591247558594,278.0,168.0
2026-09-28 04:00:00+00:00,12.0,282.38275146484375,300.0,168.0
2026-09-28 05:00:00+00:00,13.0,292.3967590332031,312.0,168.0
2026-09-28 06:00:00+00:00,14.0,267.28485107421875,288.0,168.0
2026-09-28 07:00:00+00:00,15.0,269.6373291015625,298.0,168.0
2026-09-28 08:00:00+00:00,16.0,264.3551025390625,291.0,168.39999389648438
2026-09-28 09:00:00+00:00,17.0,283.87774658203125,315.0,168.39999389648438
2026-09-28 10:00:00+00:00,18.0,314.22833251953125,348.0,169.0
2026-09-28 11:00:00+00:00,19.0,302.7198486328125,334.0,168.5
2026-09-28 12:00:00+00:00,20.0,302.77325439453125,336.0,115.25
2026-09-28 13:00:00+00:00,21.0,335.5098571777344,9.0,61.25
2026-09-28 14:00:00+00:00,22.0,347.8891906738281,21.0,59.0
2026-09-28 15:00:00+00:00,23.0,356.574462890625,25.0,18.0
2026-09-28 16:00:00+00:00,24.0,358.96844482421875,27.0,18.0
2026-09-27 18:00:00+00:00,1.0,135.01998901367188,146.0,168.0
2026-09-27 19:00:00+00:00,2.0,142.31285095214844,149.0,168.0
2026-09-27 20:00:00+00:00,3.0,144.41741943359375,159.0,168.0
2026-09-27 21:00:00+00:00,4.0,174.68731689453125,184.0,168.0
2026-09-27 22:00:00+00:00,5.0,227.2303924560547,235.0,168.0
2026-09-27 23:00:00+00:00,6.0,239.3883819580078,245.0,168.0
2026-09-28 00:00:00+00:00,7.0,232.1883544921875,249.0,168.1666717529297
2026-09-28 01:00:00+00:00,8.0,228.44154357910156,241.0,168.0
2026-09-28 02:00:00+00:00,9.0,231.5538787841797,244.0,168.0
2026-09-28 03:00:00+00:00,10.0,239.2809600830078,256.0,168.0
2026-09-28 04:00:00+00:00,11.0,236.09695434570312,256.0,168.0
2026-09-28 05:00:00+00:00,12.0,261.2752380371094,280.0,168.0
2026-09-28 06:00:00+00:00,13.0,269.3221740722656,290.0,168.0
2026-09-28 07:00:00+00:00,14.0,262.9356994628906,284.0,168.0
2026-09-28 08:00:00+00:00,15.0,250.23532104492188,280.0,168.39999389648438
2026-09-28 09:00:00+00:00,16.0,249.8813018798828,277.0,168.39999389648438
2026-09-28 10:00:00+00:00,17.0,258.61407470703125,291.0,169.0
2026-09-28 11:00:00+00:00,18.0,287.9990234375,323.0,168.5
2026-09-28 12:00:00+00:00,19.0,310.90350341796875,343.0,115.25
2026-09-28 13:00:00+00:00,20.0,342.0781555175781,16.0,61.25
2026-09-28 14:00:00+00:00,21.0,350.73388671875,25.0,59.0
2026-09-28 15:00:00+00:00,22.0,355.0396728515625,29.0,18.0
2026-09-28 16:00:00+00:00,23.0,4.9646759033203125,34.0,18.0
2026-09-28 17:00:00+00:00,24.0,0.42718505859375,29.0,18.0
2026-09-27 19:00:00+00:00,1.0,132.4676055908203,144.0,168.0
2026-09-27 20:00:00+00:00,2.0,161.51712036132812,169.0,168.0
2026-09-27 21:00:00+00:00,3.0,179.90846252441406,195.0,168.0
2026-09-27 22:00:00+00:00,4.0,197.90472412109375,208.0,168.0
2026-09-27 23:00:00+00:00,5.0,214.1356964111328,223.0,168.0
2026-09-28 00:00:00+00:00,6.0,240.4853515625,247.0,168.1666717529297
2026-09-28 01:00:00+00:00,7.0,217.42156982421875,235.0,168.0
2026-09-28 02:00:00+00:00,8.0,227.42724609375,241.0,168.0
2026-09-28 03:00:00+00:00,9.0,238.58885192871094,252.0,168.0
2026-09-28 04:00:00+00:00,10.0,254.06863403320312,271.0,168.0
2026-09-28 05:00:00+00:00,11.0,257.1982116699219,278.0,168.0
2026-09-28 06:00:00+00:00,12.0,270.7113342285156,290.0,168.0
2026-09-28 07:00:00+00:00,13.0,236.9046630859375,258.0,168.0
2026-09-28 08:00:00+00:00,14.0,212.01211547851562,233.0,168.39999389648438
2026-09-28 09:00:00+00:00,15.0,227.006591796875,257.0,168.39999389648438
2026-09-28 10:00:00+00:00,16.0,232.98709106445312,259.0,169.0
2026-09-28 11:00:00+00:00,17.0,264.6586608886719,297.0,168.5
2026-09-28 12:00:00+00:00,18.0,301.3807373046875,336.0,115.25
2026-09-28 13:00:00+00:00,19.0,345.64630126953125,17.0,61.25
2026-09-28 14:00:00+00:00,20.0,356.3675537109375,29.0,59.0
2026-09-28 15:00:00+00:00,21.0,6.123504638671875,39.0,18.0
2026-09-28 16:00:00+00:00,22.0,342.3360900878906,15.0,18.0
2026-09-28 17:00:00+00:00,23.0,353.8858337402344,22.0,18.0
2026-09-28 18:00:00+00:00,24.0,29.51302719116211,57.0,18.0
2026-09-27 20:00:00+00:00,1.0,140.5009765625,153.0,168.0
2026-09-27 21:00:00+00:00,2.0,176.7639617919922,185.0,168.0
2026-09-27 22:00:00+00:00,3.0,212.2242889404297,228.0,168.0
2026-09-27 23:00:00+00:00,4.0,222.26475524902344,233.0,168.0
2026-09-28 00:00:00+00:00,5.0,223.5209503173828,233.0,168.1666717529297
2026-09-28 01:00:00+00:00,6.0,201.08139038085938,208.0,168.0
2026-09-28 02:00:00+00:00,7.0,183.5863494873047,202.0,168.0
2026-09-28 03:00:00+00:00,8.0,213.94960021972656,228.0,168.0
2026-09-28 04:00:00+00:00,9.0,269.99078369140625,284.0,168.0
2026-09-28 05:00:00+00:00,10.0,290.84820556640625,308.0,168.0
2026-09-28 06:00:00+00:00,11.0,243.46719360351562,265.0,168.0
2026-09-28 07:00:00+00:00,12.0,263.6650390625,284.0,168.0
2026-09-28 08:00:00+00:00,13.0,223.0552978515625,245.0,168.39999389648438
2026-09-28 09:00:00+00:00,14.0,269.61083984375,291.0,168.39999389648438
2026-09-28 10:00:00+00:00,15.0,264.1231994628906,295.0,169.0
2026-09-28 11:00:00+00:00,16.0,296.8755187988281,323.0,168.5
2026-09-28 12:00:00+00:00,17.0,298.0332946777344,331.0,115.25
2026-09-28 13:00:00+00:00,18.0,315.5030517578125,351.0,61.25
2026-09-28 14:00:00+00:00,19.0,334.1324768066406,6.0,59.0
2026-09-28 15:00:00+00:00,20.0,345.2154541015625,18.0,18.0
2026-09-28 16:00:00+00:00,21.0,358.9508361816406,32.0,18.0
2026-09-28 17:00:00+00:00,22.0,2.9601707458496094,36.0,18.0
2026-09-28 18:00:00+00:00,23.0,0.5160675048828125,29.0,18.0
2026-09-28 19:00:00+00:00,24.0,11.335258483886719,39.0,48.85714340209961
2026-09-27 21:00:00+00:00,1.0,154.62290954589844,168.0,168.0
2026-09-27 22:00:00+00:00,2.0,198.419189453125,207.0,168.0
2026-09-27 23:00:00+00:00,3.0,231.46295166015625,248.0,168.0
2026-09-28 00:00:00+00:00,4.0,241.0837860107422,252.0,168.1666717529297
2026-09-28 01:00:00+00:00,5.0,223.3506622314453,233.0,168.0
2026-09-28 02:00:00+00:00,6.0,221.01715087890625,228.0,168.0
2026-09-28 03:00:00+00:00,7.0,187.67977905273438,207.0,168.0
2026-09-28 04:00:00+00:00,8.0,221.78302001953125,236.0,168.0
2026-09-28 05:00:00+00:00,9.0,243.51856994628906,258.0,168.0
2026-09-28 06:00:00+00:00,10.0,243.42530822753906,261.0,168.0
2026-09-28 07:00:00+00:00,11.0,197.5299835205078,220.0,168.0
2026-09-28 08:00:00+00:00,12.0,186.28094482421875,208.0,168.39999389648438
2026-09-28 09:00:00+00:00,13.0,214.0044708251953,237.0,168.39999389648438
2026-09-28 10:00:00+00:00,14.0,218.04315185546875,240.0,169.0
2026-09-28 11:00:00+00:00,15.0,247.6362762451172,280.0,168.5
2026-09-28 12:00:00+00:00,16.0,282.033935546875,309.0,115.25
2026-09-28 13:00:00+00:00,17.0,320.7663879394531,355.0,61.25
2026-09-28 14:00:00+00:00,18.0,348.8091125488281,26.0,59.0
2026-09-28 15:00:00+00:00,19.0,0.8218803405761719,34.0,18.0
2026-09-28 16:00:00+00:00,20.0,7.163295745849609,41.0,18.0
2026-09-28 17:00:00+00:00,21.0,6.714672088623047,41.0,18.0
2026-09-28 18:00:00+00:00,22.0,13.551559448242188,48.0,18.0
2026-09-28 19:00:00+00:00,23.0,32.36301803588867,62.0,48.85714340209961
2026-09-28 20:00:00+00:00,24.0,26.29208755493164,55.0,59.75
2026-09-27 22:00:00+00:00,1.0,205.27984619140625,219.0,168.0
2026-09-27 23:00:00+00:00,2.0,220.04983520507812,229.0,168.0
2026-09-28 00:00:00+00:00,3.0,225.0172576904297,242.0,168.1666717529297
2026-09-28 01:00:00+00:00,4.0,214.67935180664062,226.0,168.0
2026-09-28 02:00:00+00:00,5.0,189.70436096191406,200.0,168.0
2026-09-28 03:00:00+00:00,6.0,178.5813751220703,186.0,168.0
2026-09-28 04:00:00+00:00,7.0,185.05975341796875,205.0,168.0
2026-09-28 05:00:00+00:00,8.0,225.30245971679688,240.0,168.0
2026-09-28 06:00:00+00:00,9.0,219.01126098632812,234.0,168.0
2026-09-28 07:00:00+00:00,10.0,172.14736938476562,190.0,168.0
2026-09-28 08:00:00+00:00,11.0,140.84414672851562,164.0,168.39999389648438
2026-09-28 09:00:00+00:00,12.0,178.62030029296875,201.0,168.39999389648438
2026-09-28 10:00:00+00:00,13.0,189.80419921875,213.0,169.0
2026-09-28 11:00:00+00:00,14.0,212.99371337890625,235.0,168.5
2026-09-28 12:00:00+00:00,15.0,233.21051025390625,266.0,115.25
2026-09-28 13:00:00+00:00,16.0,279.1796875,306.0,61.25
2026-09-28 14:00:00+00:00,17.0,317.61944580078125,352.0,59.0
2026-09-28 15:00:00+00:00,18.0,336.6510925292969,14.0,18.0
2026-09-28 16:00:00+00:00,19.0,354.9853820800781,28.0,18.0
2026-09-28 17:00:00+00:00,20.0,356.33758544921875,30.0,18.0
2026-09-28 18:00:00+00:00,21.0,11.953449249267578,46.0,18.0
2026-09-28 19:00:00+00:00,22.0,13.95241928100586,48.0,48.85714340209961
2026-09-28 20:00:00+00:00,23.0,25.634716033935547,55.0,59.75
2026-09-28 21:00:00+00:00,24.0,14.655204772949219,43.0,49.79999923706055
2026-09-27 23:00:00+00:00,2.0,215.6956024169922,229.0,168.0
2026-09-28 00:00:00+00:00,3.0,233.00213623046875,242.0,168.1666717529297
2026-09-28 01:00:00+00:00,4.0,209.1152801513672,226.0,168.0
2026-09-28 02:00:00+00:00,5.0,188.44140625,200.0,168.0
2026-09-28 03:00:00+00:00,6.0,175.35952758789062,186.0,168.0
2026-09-28 04:00:00+00:00,7.0,197.07476806640625,205.0,168.0
2026-09-28 05:00:00+00:00,8.0,220.22030639648438,240.0,168.0
2026-09-28 06:00:00+00:00,9.0,218.80935668945312,234.0,168.0
2026-09-28 07:00:00+00:00,10.0,174.73878479003906,190.0,168.0
2026-09-28 08:00:00+00:00,11.0,146.2667999267578,164.0,168.39999389648438
2026-09-28 09:00:00+00:00,12.0,177.9629669189453,201.0,168.39999389648438
2026-09-28 10:00:00+00:00,13.0,191.25315856933594,213.0,169.0
2026-09-28 11:00:00+00:00,14.0,212.44644165039062,235.0,168.5
2026-09-28 12:00:00+00:00,15.0,244.31243896484375,266.0,115.25
2026-09-28 13:00:00+00:00,16.0,274.16571044921875,306.0,61.25
2026-09-28 14:00:00+00:00,17.0,326.2433776855469,352.0,59.0
2026-09-28 15:00:00+00:00,18.0,340.4747009277344,14.0,18.0
2026-09-28 16:00:00+00:00,19.0,351.892578125,28.0,18.0
2026-09-28 17:00:00+00:00,20.0,358.1839294433594,30.0,18.0
2026-09-28 18:00:00+00:00,21.0,13.363361358642578,46.0,18.0
2026-09-28 19:00:00+00:00,22.0,15.410781860351562,48.0,48.85714340209961
2026-09-28 20:00:00+00:00,23.0,22.558513641357422,55.0,59.75
2026-09-28 21:00:00+00:00,24.0,15.001949310302734,43.0,49.79999923706055
2026-09-28 22:00:00+00:00,25.0,50.92255783081055,78.0,43.400001525878906
2026-09-28 00:00:00+00:00,3.0,229.341552734375,242.0,168.1666717529297
2026-09-28 01:00:00+00:00,4.0,216.76907348632812,226.0,168.0
2026-09-28 02:00:00+00:00,5.0,183.4505615234375,200.0,168.0
2026-09-28 03:00:00+00:00,6.0,174.1001739501953,186.0,168.0
2026-09-28 04:00:00+00:00,7.0,193.77557373046875,205.0,168.0
2026-09-28 05:00:00+00:00,8.0,231.22500610351562,240.0,168.0
2026-09-28 06:00:00+00:00,9.0,214.5924072265625,234.0,168.0
2026-09-28 07:00:00+00:00,10.0,174.14515686035156,190.0,168.0
2026-09-28 08:00:00+00:00,11.0,148.37448120117188,164.0,168.39999389648438
2026-09-28 09:00:00+00:00,12.0,183.44422912597656,201.0,168.39999389648438
2026-09-28 10:00:00+00:00,13.0,190.18251037597656,213.0,169.0
2026-09-28 11:00:00+00:00,14.0,214.25567626953125,235.0,168.5
2026-09-28 12:00:00+00:00,15.0,244.43557739257812,266.0,115.25
2026-09-28 13:00:00+00:00,16.0,284.9703674316406,306.0,61.25
2026-09-28 14:00:00+00:00,17.0,321.6845397949219,352.0,59.0
2026-09-28 15:00:00+00:00,18.0,349.93304443359375,14.0,18.0
2026-09-28 16:00:00+00:00,19.0,355.949462890625,28.0,18.0
2026-09-28 17:00:00+00:00,20.0,355.96417236328125,30.0,18.0
2026-09-28 18:00:00+00:00,21.0,16.241886138916016,46.0,18.0
2026-09-28 19:00:00+00:00,22.0,17.294963836669922,48.0,48.85714340209961
2026-09-28 20:00:00+00:00,23.0,24.870723724365234,55.0,59.75
2026-09-28 21:00:00+00:00,24.0,13.18927001953125,43.0,49.79999923706055
2026-09-28 22:00:00+00:00,25.0,52.23945617675781,78.0,43.400001525878906
2026-09-28 23:00:00+00:00,26.0,47.9630126953125,73.0,51.20000076293945
2026-09-28 01:00:00+00:00,4.0,213.82720947265625,226.0,168.0
2026-09-28 02:00:00+00:00,5.0,190.21517944335938,200.0,168.0
2026-09-28 03:00:00+00:00,6.0,169.8268280029297,186.0,168.0
2026-09-28 04:00:00+00:00,7.0,192.78884887695312,205.0,168.0
2026-09-28 05:00:00+00:00,8.0,228.0599365234375,240.0,168.0
2026-09-28 06:00:00+00:00,9.0,223.97442626953125,234.0,168.0
2026-09-28 07:00:00+00:00,10.0,171.16021728515625,190.0,168.0
2026-09-28 08:00:00+00:00,11.0,147.61207580566406,164.0,168.39999389648438
2026-09-28 09:00:00+00:00,12.0,185.1231231689453,201.0,168.39999389648438
2026-09-28 10:00:00+00:00,13.0,195.75047302246094,213.0,169.0
2026-09-28 11:00:00+00:00,14.0,212.51083374023438,235.0,168.5
2026-09-28 12:00:00+00:00,15.0,246.3860321044922,266.0,115.25
2026-09-28 13:00:00+00:00,16.0,285.51617431640625,306.0,61.25
2026-09-28 14:00:00+00:00,17.0,331.71893310546875,352.0,59.0
2026-09-28 15:00:00+00:00,18.0,345.55462646484375,14.0,18.0
2026-09-28 16:00:00+00:00,19.0,6.144844055175781,28.0,18.0
2026-09-28 17:00:00+00:00,20.0,359.8124694824219,30.0,18.0
2026-09-28 18:00:00+00:00,21.0,14.365615844726562,46.0,18.0
2026-09-28 19:00:00+00:00,22.0,20.71099853515625,48.0,48.85714340209961
2026-09-28 20:00:00+00:00,23.0,27.073314666748047,55.0,59.75
2026-09-28 21:00:00+00:00,24.0,15.977432250976562,43.0,49.79999923706055
2026-09-28 22:00:00+00:00,25.0,51.261253356933594,78.0,43.400001525878906
2026-09-28 23:00:00+00:00,26.0,49.86223602294922,73.0,51.20000076293945
2026-09-29 00:00:00+00:00,27.0,56.21394729614258,79.0,66.33333587646484
2026-09-28 02:00:00+00:00,5.0,188.28704833984375,200.0,168.0
2026-09-28 03:00:00+00:00,6.0,175.98220825195312,186.0,168.0
2026-09-28 04:00:00+00:00,7.0,189.37655639648438,205.0,168.0
2026-09-28 05:00:00+00:00,8.0,227.57015991210938,240.0,168.0
2026-09-28 06:00:00+00:00,9.0,221.6932373046875,234.0,168.0
2026-09-28 07:00:00+00:00,10.0,179.08506774902344,190.0,168.0
2026-09-28 08:00:00+00:00,11.0,145.9312744140625,164.0,168.39999389648438
2026-09-28 09:00:00+00:00,12.0,184.29550170898438,201.0,168.39999389648438
2026-09-28 10:00:00+00:00,13.0,197.02816772460938,213.0,169.0
2026-09-28 11:00:00+00:00,14.0,218.2060546875,235.0,168.5
2026-09-28 12:00:00+00:00,15.0,244.08592224121094,266.0,115.25
2026-09-28 13:00:00+00:00,16.0,287.5917663574219,306.0,61.25
2026-09-28 14:00:00+00:00,17.0,332.60040283203125,352.0,59.0
2026-09-28 15:00:00+00:00,18.0,354.3677978515625,14.0,18.0
2026-09-28 16:00:00+00:00,19.0,1.42974853515625,28.0,18.0
2026-09-28 17:00:00+00:00,20.0,10.176380157470703,30.0,18.0
2026-09-28 18:00:00+00:00,21.0,17.595443725585938,46.0,18.0
2026-09-28 19:00:00+00:00,22.0,18.844627380371094,48.0,48.85714340209961
2026-09-28 20:00:00+00:00,23.0,30.137569427490234,55.0,59.75
2026-09-28 21:00:00+00:00,24.0,17.671634674072266,43.0,49.79999923706055
2026-09-28 22:00:00+00:00,25.0,53.69168472290039,78.0,43.400001525878906
2026-09-28 23:00:00+00:00,26.0,49.02088928222656,73.0,51.20000076293945
2026-09-29 00:00:00+00:00,27.0,58.09438705444336,79.0,66.33333587646484
2026-09-29 01:00:00+00:00,28.0,62.11040496826172,83.0,78.33333587646484
2026-09-28 03:00:00+00:00,6.0,174.76223754882812,186.0,168.0
2026-09-28 04:00:00+00:00,7.0,195.18504333496094,205.0,168.0
2026-09-28 05:00:00+00:00,8.0,225.082763671875,240.0,168.0
2026-09-28 06:00:00+00:00,9.0,221.6926727294922,234.0,168.0
2026-09-28 07:00:00+00:00,10.0,177.82659912109375,190.0,168.0
2026-09-28 08:00:00+00:00,11.0,152.85763549804688,164.0,168.39999389648438
2026-09-28 09:00:00+00:00,12.0,183.80560302734375,201.0,168.39999389648438
2026-09-28 10:00:00+00:00,13.0,196.4108428955078,213.0,169.0
2026-09-28 11:00:00+00:00,14.0,219.36929321289062,235.0,168.5
2026-09-28 12:00:00+00:00,15.0,249.86732482910156,266.0,115.25
2026-09-28 13:00:00+00:00,16.0,284.9875793457031,306.0,61.25
2026-09-28 14:00:00+00:00,17.0,334.7836608886719,352.0,59.0
2026-09-28 15:00:00+00:00,18.0,355.5702209472656,14.0,18.0
2026-09-28 16:00:00+00:00,19.0,8.905996322631836,28.0,18.0
2026-09-28 17:00:00+00:00,20.0,5.059196472167969,30.0,18.0
2026-09-28 18:00:00+00:00,21.0,27.581573486328125,46.0,18.0
2026-09-28 19:00:00+00:00,22.0,21.017539978027344,48.0,48.85714340209961
2026-09-28 20:00:00+00:00,23.0,27.880722045898438,55.0,59.75
2026-09-28 21:00:00+00:00,24.0,19.91913414001465,43.0,49.79999923706055
2026-09-28 22:00:00+00:00,25.0,54.555572509765625,78.0,43.400001525878906
2026-09-28 23:00:00+00:00,26.0,50.4400749206543,73.0,51.20000076293945
2026-09-29 00:00:00+00:00,27.0,56.95693588256836,79.0,66.33333587646484
2026-09-29 01:00:00+00:00,28.0,63.44621658325195,83.0,78.33333587646484
2026-09-29 02:00:00+00:00,29.0,59.34235382080078,79.0,82.33333587646484
2026-09-28 04:00:00+00:00,7.0,194.23768615722656,205.0,168.0
2026-09-28 05:00:00+00:00,8.0,230.5766143798828,240.0,168.0
2026-09-28 06:00:00+00:00,9.0,219.7695770263672,234.0,168.0
2026-09-28 07:00:00+00:00,10.0,178.0022430419922,190.0,168.0
2026-09-28 08:00:00+00:00,11.0,152.1761474609375,164.0,168.39999389648438
2026-09-28 09:00:00+00:00,12.0,189.96051025390625,201.0,168.39999389648438
2026-09-28 10:00:00+00:00,13.0,196.71409606933594,213.0,169.0
2026-09-28 11:00:00+00:00,14.0,218.79786682128906,235.0,168.5
2026-09-28 12:00:00+00:00,15.0,251.06060791015625,266.0,115.25
2026-09-28 13:00:00+00:00,16.0,290.6406555175781,306.0,61.25
2026-09-28 14:00:00+00:00,17.0,332.0263671875,352.0,59.0
2026-09-28 15:00:00+00:00,18.0,357.97137451171875,14.0,18.0
2026-09-28 16:00:00+00:00,19.0,10.440139770507812,28.0,18.0
2026-09-28 17:00:00+00:00,20.0,11.385108947753906,30.0,18.0
2026-09-28 18:00:00+00:00,21.0,22.444961547851562,46.0,18.0
2026-09-28 19:00:00+00:00,22.0,30.457990646362305,48.0,48.85714340209961
2026-09-28 20:00:00+00:00,23.0,29.099849700927734,55.0,59.75
2026-09-28 21:00:00+00:00,24.0,17.408618927001953,43.0,49.79999923706055
2026-09-28 22:00:00+00:00,25.0,56.06927490234375,78.0,43.400001525878906
2026-09-28 23:00:00+00:00,26.0,50.86682891845703,73.0,51.20000076293945
2026-09-29 00:00:00+00:00,27.0,57.49831771850586,79.0,66.33333587646484
2026-09-29 01:00:00+00:00,28.0,62.229827880859375,83.0,78.33333587646484
2026-09-29 02:00:00+00:00,29.0,60.13372802734375,79.0,82.33333587646484
2026-09-29 03:00:00+00:00,30.0,64.13900756835938,83.0,81.5
2026-09-28 05:00:00+00:00,8.0,229.6710968017578,240.0,168.0
2026-09-28 06:00:00+00:00,9.0,224.80311584472656,234.0,168.0
2026-09-28 07:00:00+00:00,10.0,176.44129943847656,190.0,168.0
2026-09-28 08:00:00+00:00,11.0,152.22230529785156,164.0,168.39999389648438
2026-09-28 09:00:00+00:00,12.0,189.36279296875,201.0,168.39999389648438
2026-09-28 10:00:00+00:00,13.0,201.8959503173828,213.0,169.0
2026-09-28 11:00:00+00:00,14.0,219.6390380859375,235.0,168.5
2026-09-28 12:00:00+00:00,15.0,250.27423095703125,266.0,115.25
2026-09-28 13:00:00+00:00,16.0,291.80804443359375,306.0,61.25
2026-09-28 14:00:00+00:00,17.0,337.5367126464844,352.0,59.0
2026-09-28 15:00:00+00:00,18.0,355.28240966796875,14.0,18.0
2026-09-28 16:00:00+00:00,19.0,13.2933349609375,28.0,18.0
2026-09-28 17:00:00+00:00,20.0,13.450458526611328,30.0,18.0
2026-09-28 18:00:00+00:00,21.0,28.045970916748047,46.0,18.0
2026-09-28 19:00:00+00:00,22.0,26.101125717163086,48.0,48.85714340209961
2026-09-28 20:00:00+00:00,23.0,38.47569274902344,55.0,59.75
2026-09-28 21:00:00+00:00,24.0,18.609079360961914,43.0,49.79999923706055
2026-09-28 22:00:00+00:00,25.0,54.2388801574707,78.0,43.400001525878906
2026-09-28 23:00:00+00:00,26.0,52.360679626464844,73.0,51.20000076293945
2026-09-29 00:00:00+00:00,27.0,58.40461349487305,79.0,66.33333587646484
2026-09-29 01:00:00+00:00,28.0,63.02063751220703,83.0,78.33333587646484
2026-09-29 02:00:00+00:00,29.0,59.837162017822266,79.0,82.33333587646484
2026-09-29 03:00:00+00:00,30.0,65.10950469970703,83.0,81.5
2026-09-29 04:00:00+00:00,31.0,60.2992057800293,78.0,83.5
2026-09-28 06:00:00+00:00,9.0,224.38612365722656,234.0,168.0
2026-09-28 07:00:00+00:00,10.0,181.5084686279297,190.0,168.0
2026-09-28 08:00:00+00:00,11.0,151.22250366210938,164.0,168.39999389648438
2026-09-28 09:00:00+00:00,12.0,189.84169006347656,201.0,168.39999389648438
2026-09-28 10:00:00+00:00,13.0,201.870849609375,213.0,169.0
2026-09-28 11:00:00+00:00,14.0,223.79000854492188,235.0,168.5
2026-09-28 12:00:00+00:00,15.0,251.3341827392578,266.0,115.25
2026-09-28 13:00:00+00:00,16.0,290.92547607421875,306.0,61.25
2026-09-28 14:00:00+00:00,17.0,338.6397705078125,352.0,59.0
2026-09-28 15:00:00+00:00,18.0,0.43650245666503906,14.0,18.0
2026-09-28 16:00:00+00:00,19.0,10.529277801513672,28.0,18.0
2026-09-28 17:00:00+00:00,20.0,16.54559898376465,30.0,18.0
2026-09-28 18:00:00+00:00,21.0,30.610130310058594,46.0,18.0
2026-09-28 19:00:00+00:00,22.0,31.112232208251953,48.0,48.85714340209961
2026-09-28 20:00:00+00:00,23.0,35.01108932495117,55.0,59.75
2026-09-28 21:00:00+00:00,24.0,27.747467041015625,43.0,49.79999923706055
2026-09-28 22:00:00+00:00,25.0,55.59315872192383,78.0,43.400001525878906
2026-09-28 23:00:00+00:00,26.0,51.49924850463867,73.0,51.20000076293945
2026-09-29 00:00:00+00:00,27.0,59.908058166503906,79.0,66.33333587646484
2026-09-29 01:00:00+00:00,28.0,63.921417236328125,83.0,78.33333587646484
2026-09-29 02:00:00+00:00,29.0,60.7626838684082,79.0,82.33333587646484
2026-09-29 03:00:00+00:00,30.0,65.58758544921875,83.0,81.5
2026-09-29 04:00:00+00:00,31.0,61.347679138183594,78.0,83.5
2026-09-29 05:00:00+00:00,32.0,32.62623977661133,49.0,82.5
2026-09-28 07:00:00+00:00,1.0,200.83157348632812,211.0,168.0
2026-09-28 08:00:00+00:00,2.0,201.12855529785156,210.0,168.39999389648438
2026-09-28 09:00:00+00:00,3.0,210.79811096191406,224.0,168.39999389648438
2026-09-28 10:00:00+00:00,4.0,239.3202362060547,251.0,169.0
2026-09-28 11:00:00+00:00,5.0,264.57989501953125,276.0,168.5
2026-09-28 12:00:00+00:00,6.0,288.240234375,299.0,115.25
2026-09-28 13:00:00+00:00,7.0,320.124267578125,335.0,61.25
2026-09-28 14:00:00+00:00,8.0,6.709480285644531,22.0,59.0
2026-09-28 15:00:00+00:00,9.0,12.593767166137695,26.0,18.0
2026-09-28 16:00:00+00:00,10.0,21.130191802978516,35.0,18.0
2026-09-28 17:00:00+00:00,11.0,23.974010467529297,42.0,18.0
2026-09-28 18:00:00+00:00,12.0,29.98821258544922,44.0,18.0
2026-09-28 19:00:00+00:00,13.0,13.60366439819336,30.0,48.85714340209961
2026-09-28 20:00:00+00:00,14.0,24.06377410888672,42.0,59.75
2026-09-28 21:00:00+00:00,15.0,15.627433776855469,37.0,49.79999923706055
2026-09-28 22:00:00+00:00,16.0,32.50236511230469,49.0,43.400001525878906
2026-09-28 23:00:00+00:00,17.0,47.85435485839844,72.0,51.20000076293945
2026-09-29 00:00:00+00:00,18.0,59.44944763183594,83.0,66.33333587646484
2026-09-29 01:00:00+00:00,19.0,78.15414428710938,99.0,78.33333587646484
2026-09-29 02:00:00+00:00,20.0,37.25347137451172,58.0,82.33333587646484
2026-09-29 03:00:00+00:00,21.0,58.776161193847656,79.0,81.5
2026-09-29 04:00:00+00:00,22.0,50.52684020996094,70.0,83.5
2026-09-29 05:00:00+00:00,23.0,52.7296257019043,71.0,82.5
2026-09-29 06:00:00+00:00,24.0,47.15910720825195,65.0,82.0
2026-09-28 08:00:00+00:00,1.0,219.37791442871094,229.0,168.39999389648438
2026-09-28 09:00:00+00:00,2.0,246.4837646484375,255.0,168.39999389648438
2026-09-28 10:00:00+00:00,3.0,300.46221923828125,313.0,169.0
2026-09-28 11:00:00+00:00,4.0,318.5111389160156,330.0,168.5
2026-09-28 12:00:00+00:00,5.0,301.72344970703125,313.0,115.25
2026-09-28 13:00:00+00:00,6.0,352.72174072265625,4.0,61.25
2026-09-28 14:00:00+00:00,7.0,355.7605285644531,10.0,59.0
2026-09-28 15:00:00+00:00,8.0,4.249764442443848,19.0,18.0
2026-09-28 16:00:00+00:00,9.0,25.232322692871094,38.0,18.0
2026-09-28 17:00:00+00:00,10.0,24.241668701171875,37.0,18.0
2026-09-28 18:00:00+00:00,11.0,20.2982177734375,37.0,18.0
2026-09-28 19:00:00+00:00,12.0,32.21388244628906,45.0,48.85714340209961
2026-09-28 20:00:00+00:00,13.0,32.024658203125,47.0,59.75
2026-09-28 21:00:00+00:00,14.0,345.4825439453125,2.0,49.79999923706055
2026-09-28 22:00:00+00:00,15.0,11.969390869140625,31.0,43.400001525878906
2026-09-28 23:00:00+00:00,16.0,26.271392822265625,41.0,51.20000076293945
2026-09-29 00:00:00+00:00,17.0,11.556236267089844,33.0,66.33333587646484
2026-09-29 01:00:00+00:00,18.0,34.33941650390625,55.0,78.33333587646484
2026-09-29 02:00:00+00:00,19.0,60.45883560180664,79.0,82.33333587646484
2026-09-29 03:00:00+00:00,20.0,67.72967529296875,86.0,81.5
2026-09-29 04:00:00+00:00,21.0,70.6131820678711,88.0,83.5
2026-09-29 05:00:00+00:00,22.0,74.25375366210938,91.0,82.5
2026-09-29 06:00:00+00:00,23.0,77.7254867553711,94.0,82.0
2026-09-29 07:00:00+00:00,24.0,81.28843688964844,97.0,82.0
2026-09-28 09:00:00+00:00,1.0,212.0128173828125,221.0,168.39999389648438
2026-09-28 10:00:00+00:00,2.0,263.4472961425781,271.0,169.0
2026-09-28 11:00:00+00:00,3.0,290.2100524902344,302.0,168.5
2026-09-28 12:00:00+00:00,4.0,336.5877685546875,347.0,115.25
2026-09-28 13:00:00+00:00,5.0,12.513066291809082,23.0,61.25
2026-09-28 14:00:00+00:00,6.0,19.10002899169922,30.0,59.0
2026-09-28 15:00:00+00:00,7.0,20.15526580810547,34.0,18.0
2026-09-28 16:00:00+00:00,8.0,17.93291664123535,32.0,18.0
2026-09-28 17:00:00+00:00,9.0,34.884803771972656,47.0,18.0
2026-09-28 18:00:00+00:00,10.0,31.560415267944336,44.0,18.0
2026-09-28 19:00:00+00:00,11.0,34.2889289855957,50.0,48.85714340209961
2026-09-28 20:00:00+00:00,12.0,21.9820499420166,34.0,59.75
2026-09-28 21:00:00+00:00,13.0,26.021739959716797,40.0,49.79999923706055
2026-09-28 22:00:00+00:00,14.0,31.26321792602539,47.0,43.400001525878906
2026-09-28 23:00:00+00:00,15.0,20.852073669433594,39.0,51.20000076293945
2026-09-29 00:00:00+00:00,16.0,32.77244567871094,47.0,66.33333587646484
2026-09-29 01:00:00+00:00,17.0,16.80027961730957,37.0,78.33333587646484
2026-09-29 02:00:00+00:00,18.0,43.59331512451172,63.0,82.33333587646484
2026-09-29 03:00:00+00:00,19.0,58.29315185546875,76.0,81.5
2026-09-29 04:00:00+00:00,20.0,69.14321899414062,87.0,83.5
2026-09-29 05:00:00+00:00,21.0,70.44147491455078,87.0,82.5
2026-09-29 06:00:00+00:00,22.0,67.1038818359375,83.0,82.0
2026-09-29 07:00:00+00:00,23.0,69.28456115722656,85.0,82.0
2026-09-29 08:00:00+00:00,24.0,82.944091796875,98.0,82.0
2026-09-28 10:00:00+00:00,1.0,280.089111328125,288.0,169.0
2026-09-28 11:00:00+00:00,2.0,286.67303466796875,293.0,168.5
2026-09-28 12:00:00+00:00,3.0,308.2866516113281,319.0,115.25
2026-09-28 13:00:00+00:00,4.0,350.83111572265625,0.0,61.25
2026-09-28 14:00:00+00:00,5.0,32.452674865722656,42.0,59.0
2026-09-28 15:00:00+00:00,6.0,27.88375473022461,38.0,18.0
2026-09-28 16:00:00+00:00,7.0,24.814579010009766,38.0,18.0
2026-09-28 17:00:00+00:00,8.0,11.259800910949707,24.0,18.0
2026-09-28 18:00:00+00:00,9.0,33.07175064086914,44.0,18.0
2026-09-28 19:00:00+00:00,10.0,32.44345474243164,44.0,48.85714340209961
2026-09-28 20:00:00+00:00,11.0,23.005258560180664,37.0,59.75
2026-09-28 21:00:00+00:00,12.0,18.19451141357422,29.0,49.79999923706055
2026-09-28 22:00:00+00:00,13.0,30.64981460571289,43.0,43.400001525878906
2026-09-28 23:00:00+00:00,14.0,31.648500442504883,46.0,51.20000076293945
2026-09-29 00:00:00+00:00,15.0,31.86370277404785,48.0,66.33333587646484
2026-09-29 01:00:00+00:00,16.0,35.94139862060547,49.0,78.33333587646484
2026-09-29 02:00:00+00:00,17.0,39.18582534790039,57.0,82.33333587646484
2026-09-29 03:00:00+00:00,18.0,53.04443359375,70.0,81.5
2026-09-29 04:00:00+00:00,19.0,64.08209991455078,80.0,83.5
2026-09-29 05:00:00+00:00,20.0,67.46955108642578,84.0,82.5
2026-09-29 06:00:00+00:00,21.0,64.2919921875,79.0,82.0
2026-09-29 07:00:00+00:00,22.0,61.793357849121094,76.0,82.0
2026-09-29 08:00:00+00:00,23.0,65.49449157714844,80.0,82.0
2026-09-29 09:00:00+00:00,24.0,77.6272964477539,91.0,82.0
2026-09-28 11:00:00+00:00,1.0,310.2559814453125,318.0,168.5
2026-09-28 12:00:00+00:00,2.0,309.7272033691406,316.0,115.25
2026-09-28 13:00:00+00:00,3.0,345.90777587890625,356.0,61.25
2026-09-28 14:00:00+00:00,4.0,342.245849609375,351.0,59.0
2026-09-28 15:00:00+00:00,5.0,20.761226654052734,30.0,18.0
2026-09-28 16:00:00+00:00,6.0,28.228565216064453,38.0,18.0
2026-09-28 17:00:00+00:00,7.0,43.24761962890625,56.0,18.0
2026-09-28 18:00:00+00:00,8.0,30.31981658935547,42.0,18.0
2026-09-28 19:00:00+00:00,9.0,35.49277877807617,46.0,48.85714340209961
2026-09-28 20:00:00+00:00,10.0,39.99358367919922,51.0,59.75
2026-09-28 21:00:00+00:00,11.0,41.0351676940918,54.0,49.79999923706055
2026-09-28 22:00:00+00:00,12.0,43.61654281616211,54.0,43.400001525878906
2026-09-28 23:00:00+00:00,13.0,50.70650100708008,62.0,51.20000076293945
2026-09-29 00:00:00+00:00,14.0,19.77176284790039,33.0,66.33333587646484
2026-09-29 01:00:00+00:00,15.0,20.38565444946289,35.0,78.33333587646484
2026-09-29 02:00:00+00:00,16.0,35.221397399902344,47.0,82.33333587646484
2026-09-29 03:00:00+00:00,17.0,46.24945068359375,62.0,81.5
2026-09-29 04:00:00+00:00,18.0,63.31365203857422,78.0,83.5
2026-09-29 05:00:00+00:00,19.0,67.67056274414062,82.0,82.5
2026-09-29 06:00:00+00:00,20.0,60.494163513183594,75.0,82.0
2026-09-29 07:00:00+00:00,21.0,67.52225494384766,80.0,82.0
2026-09-29 08:00:00+00:00,22.0,82.62088012695312,95.0,82.0
2026-09-29 09:00:00+00:00,23.0,96.88188171386719,110.0,82.0
2026-09-29 10:00:00+00:00,24.0,112.36842346191406,124.0,82.0
2026-09-28 12:00:00+00:00,1.0,338.439453125,345.0,115.25
2026-09-28 13:00:00+00:00,2.0,23.80553436279297,28.0,61.25
2026-09-28 14:00:00+00:00,3.0,19.217613220214844,28.0,59.0
2026-09-28 15:00:00+00:00,4.0,29.995508193969727,37.0,18.0
2026-09-28 16:00:00+00:00,5.0,17.22252655029297,25.0,18.0
2026-09-28 17:00:00+00:00,6.0,20.08042335510254,28.0,18.0
2026-09-28 18:00:00+00:00,7.0,19.312366485595703,31.0,18.0
2026-09-28 19:00:00+00:00,8.0,33.550201416015625,44.0,48.85714340209961
2026-09-28 20:00:00+00:00,9.0,43.42666244506836,52.0,59.75
2026-09-28 21:00:00+00:00,10.0,41.98402404785156,52.0,49.79999923706055
2026-09-28 22:00:00+00:00,11.0,34.4677848815918,46.0,43.400001525878906
2026-09-28 23:00:00+00:00,12.0,46.43643569946289,55.0,51.20000076293945
2026-09-29 00:00:00+00:00,13.0,42.657806396484375,53.0,66.33333587646484
2026-09-29 01:00:00+00:00,14.0,41.46305465698242,54.0,78.33333587646484
2026-09-29 02:00:00+00:00,15.0,32.38871765136719,46.0,82.33333587646484
2026-09-29 03:00:00+00:00,16.0,54.505252838134766,66.0,81.5
2026-09-29 04:00:00+00:00,17.0,66.02104187011719,81.0,83.5
2026-09-29 05:00:00+00:00,18.0,71.31359100341797,85.0,82.5
2026-09-29 06:00:00+00:00,19.0,73.9420166015625,88.0,82.0
2026-09-29 07:00:00+00:00,20.0,77.9700927734375,93.0,82.0
2026-09-29 08:00:00+00:00,21.0,87.37525177001953,100.0,82.0
2026-09-29 09:00:00+00:00,22.0,102.64293670654297,115.0,82.0
2026-09-29 10:00:00+00:00,23.0,114.57002258300781,128.0,82.0
2026-09-29 11:00:00+00:00,24.0,144.9250946044922,156.0,82.16666412353516
2026-09-28 13:00:00+00:00,1.0,16.626928329467773,24.0,61.25
2026-09-28 14:00:00+00:00,2.0,57.23053741455078,63.0,59.0
2026-09-28 15:00:00+00:00,3.0,29.87409019470215,39.0,18.0
2026-09-28 16:00:00+00:00,4.0,15.681456565856934,23.0,18.0
2026-09-28 17:00:00+00:00,5.0,27.470294952392578,36.0,18.0
2026-09-28 18:00:00+00:00,6.0,31.650672912597656,40.0,18.0
2026-09-28 19:00:00+00:00,7.0,33.39521789550781,46.0,48.85714340209961
2026-09-28 20:00:00+00:00,8.0,35.14760971069336,46.0,59.75
2026-09-28 21:00:00+00:00,9.0,33.067752838134766,43.0,49.79999923706055
2026-09-28 22:00:00+00:00,10.0,35.29316711425781,47.0,43.400001525878906
2026-09-28 23:00:00+00:00,11.0,46.92560577392578,59.0,51.20000076293945
2026-09-29 00:00:00+00:00,12.0,43.680789947509766,54.0,66.33333587646484
2026-09-29 01:00:00+00:00,13.0,41.5419807434082,52.0,78.33333587646484
2026-09-29 02:00:00+00:00,14.0,36.97590637207031,50.0,82.33333587646484
2026-09-29 03:00:00+00:00,15.0,35.87871170043945,50.0,81.5
2026-09-29 04:00:00+00:00,16.0,41.645103454589844,53.0,83.5
2026-09-29 05:00:00+00:00,17.0,41.18286895751953,56.0,82.5
2026-09-29 06:00:00+00:00,18.0,45.51808166503906,59.0,82.0
2026-09-29 07:00:00+00:00,19.0,51.27576446533203,65.0,82.0
2026-09-29 08:00:00+00:00,20.0,66.39383697509766,81.0,82.0
2026-09-29 09:00:00+00:00,21.0,75.09757232666016,87.0,82.0
2026-09-29 10:00:00+00:00,22.0,59.85304260253906,72.0,82.0
2026-09-29 11:00:00+00:00,23.0,44.122840881347656,57.0,82.16666412353516
2026-09-29 12:00:00+00:00,24.0,78.61768341064453,90.0,84.4000015258789
2026-09-28 14:00:00+00:00,1.0,30.046058654785156,40.0,59.0
2026-09-28 15:00:00+00:00,2.0,38.99565887451172,48.0,18.0
2026-09-28 16:00:00+00:00,3.0,36.82123565673828,48.0,18.0
2026-09-28 17:00:00+00:00,4.0,21.171323776245117,31.0,18.0
2026-09-28 18:00:00+00:00,5.0,26.552196502685547,38.0,18.0
2026-09-28 19:00:00+00:00,6.0,47.173736572265625,58.0,48.85714340209961
2026-09-28 20:00:00+00:00,7.0,23.943857192993164,39.0,59.75
2026-09-28 21:00:00+00:00,8.0,41.7074089050293,55.0,49.79999923706055
2026-09-28 22:00:00+00:00,9.0,41.093658447265625,54.0,43.400001525878906
2026-09-28 23:00:00+00:00,10.0,43.715518951416016,58.0,51.20000076293945
2026-09-29 00:00:00+00:00,11.0,33.39091110229492,48.0,66.33333587646484
2026-09-29 01:00:00+00:00,12.0,27.321815490722656,41.0,78.33333587646484
2026-09-29 02:00:00+00:00,13.0,48.29443359375,60.0,82.33333587646484
2026-09-29 03:00:00+00:00,14.0,67.82476806640625,82.0,81.5
2026-09-29 04:00:00+00:00,15.0,74.07316589355469,90.0,83.5
2026-09-29 05:00:00+00:00,16.0,83.9144515991211,96.0,82.5
2026-09-29 06:00:00+00:00,17.0,74.38699340820312,90.0,82.0
2026-09-29 07:00:00+00:00,18.0,65.23878479003906,80.0,82.0
2026-09-29 08:00:00+00:00,19.0,71.61630249023438,86.0,82.0
2026-09-29 09:00:00+00:00,20.0,72.5425033569336,87.0,82.0
2026-09-29 10:00:00+00:00,21.0,88.38835906982422,100.0,82.0
2026-09-29 11:00:00+00:00,22.0,100.41364288330078,113.0,82.16666412353516
2026-09-29 12:00:00+00:00,23.0,123.78923034667969,137.0,84.4000015258789
2026-09-29 13:00:00+00:00,24.0,119.16734313964844,132.0,104.25
2026-09-28 15:00:00+00:00,1.0,26.16009521484375,37.0,18.0
2026-09-28 16:00:00+00:00,2.0,35.31840133666992,45.0,18.0
2026-09-28 17:00:00+00:00,3.0,16.457542419433594,28.0,18.0
2026-09-28 18:00:00+00:00,4.0,33.574459075927734,44.0,18.0
2026-09-28 19:00:00+00:00,5.0,42.659820556640625,55.0,48.85714340209961
2026-09-28 20:00:00+00:00,6.0,26.725313186645508,38.0,59.75
2026-09-28 21:00:00+00:00,7.0,10.035797119140625,26.0,49.79999923706055
2026-09-28 22:00:00+00:00,8.0,28.92485809326172,43.0,43.400001525878906
2026-09-28 23:00:00+00:00,9.0,44.33846664428711,58.0,51.20000076293945
2026-09-29 00:00:00+00:00,10.0,44.22856903076172,59.0,66.33333587646484
2026-09-29 01:00:00+00:00,11.0,16.831579208374023,32.0,78.33333587646484
2026-09-29 02:00:00+00:00,12.0,31.424789428710938,46.0,82.33333587646484
2026-09-29 03:00:00+00:00,13.0,51.10270690917969,63.0,81.5
2026-09-29 04:00:00+00:00,14.0,61.85621643066406,76.0,83.5
2026-09-29 05:00:00+00:00,15.0,73.28642272949219,89.0,82.5
2026-09-29 06:00:00+00:00,16.0,89.2340087890625,101.0,82.0
2026-09-29 07:00:00+00:00,17.0,90.0317611694336,105.0,82.0
2026-09-29 08:00:00+00:00,18.0,95.78517150878906,110.0,82.0
2026-09-29 09:00:00+00:00,19.0,125.36172485351562,139.0,82.0
2026-09-29 10:00:00+00:00,20.0,167.2846221923828,181.0,82.0
2026-09-29 11:00:00+00:00,21.0,179.3929901123047,190.0,82.16666412353516
2026-09-29 12:00:00+00:00,22.0,94.8544921875,107.0,84.4000015258789
2026-09-29 13:00:00+00:00,23.0,98.98262023925781,112.0,104.25
2026-09-29 14:00:00+00:00,24.0,120.32707214355469,133.0,124.25
2026-09-28 16:00:00+00:00,1.0,21.859073638916016,31.0,18.0
2026-09-28 17:00:00+00:00,2.0,16.31829071044922,24.0,18.0
2026-09-28 18:00:00+00:00,3.0,22.113842010498047,32.0,18.0
2026-09-28 19:00:00+00:00,4.0,37.71199035644531,46.0,48.85714340209961
2026-09-28 20:00:00+00:00,5.0,33.97959899902344,44.0,59.75
2026-09-28 21:00:00+00:00,6.0,36.05637741088867,45.0,49.79999923706055
2026-09-28 22:00:00+00:00,7.0,40.98211669921875,56.0,43.400001525878906
2026-09-28 23:00:00+00:00,8.0,15.585928916931152,28.0,51.20000076293945
2026-09-29 00:00:00+00:00,9.0,33.734344482421875,46.0,66.33333587646484
2026-09-29 01:00:00+00:00,10.0,62.151336669921875,77.0,78.33333587646484
2026-09-29 02:00:00+00:00,11.0,87.45001983642578,101.0,82.33333587646484
2026-09-29 03:00:00+00:00,12.0,316.93060302734375,331.0,81.5
2026-09-29 04:00:00+00:00,13.0,57.91095733642578,69.0,83.5
2026-09-29 05:00:00+00:00,14.0,25.248905181884766,39.0,82.5
2026-09-29 06:00:00+00:00,15.0,61.32593536376953,77.0,82.0
2026-09-29 07:00:00+00:00,16.0,54.9979248046875,67.0,82.0
2026-09-29 08:00:00+00:00,17.0,67.34764099121094,83.0,82.0
2026-09-29 09:00:00+00:00,18.0,79.43367004394531,93.0,82.0
2026-09-29 10:00:00+00:00,19.0,89.31082916259766,103.0,82.0
2026-09-29 11:00:00+00:00,20.0,106.19752502441406,121.0,82.16666412353516
2026-09-29 12:00:00+00:00,21.0,109.28550720214844,121.0,84.4000015258789
2026-09-29 13:00:00+00:00,22.0,112.67709350585938,125.0,104.25
2026-09-29 14:00:00+00:00,23.0,129.78167724609375,143.0,124.25
2026-09-29 15:00:00+00:00,24.0,125.14549255371094,138.0,125.14286041259766
2026-09-28 17:00:00+00:00,1.0,18.266897201538086,31.0,18.0
2026-09-28 18:00:00+00:00,2.0,20.66476821899414,32.0,18.0
2026-09-28 19:00:00+00:00,3.0,39.30536651611328,53.0,48.85714340209961
2026-09-28 20:00:00+00:00,4.0,35.027156829833984,47.0,59.75
2026-09-28 21:00:00+00:00,5.0,35.185264587402344,50.0,49.79999923706055
2026-09-28 22:00:00+00:00,6.0,32.59579849243164,45.0,43.400001525878906
2026-09-28 23:00:00+00:00,7.0,36.687896728515625,55.0,51.20000076293945
2026-09-29 00:00:00+00:00,8.0,53.872474670410156,71.0,66.33333587646484
2026-09-29 01:00:00+00:00,9.0,68.63883972167969,84.0,78.33333587646484
2026-09-29 02:00:00+00:00,10.0,76.9896240234375,95.0,82.33333587646484
2026-09-29 03:00:00+00:00,11.0,80.8237533569336,98.0,81.5
2026-09-29 04:00:00+00:00,12.0,77.49266815185547,95.0,83.5
2026-09-29 05:00:00+00:00,13.0,79.2343521118164,92.0,82.5
2026-09-29 06:00:00+00:00,14.0,75.28968048095703,91.0,82.0
2026-09-29 07:00:00+00:00,15.0,64.95417785644531,83.0,82.0
2026-09-29 08:00:00+00:00,16.0,87.54817199707031,101.0,82.0
2026-09-29 09:00:00+00:00,17.0,91.42413330078125,108.0,82.0
2026-09-29 10:00:00+00:00,18.0,100.38729858398438,116.0,82.0
2026-09-29 11:00:00+00:00,19.0,105.40906524658203,120.0,82.16666412353516
2026-09-29 12:00:00+00:00,20.0,145.5782470703125,161.0,84.4000015258789
2026-09-29 13:00:00+00:00,21.0,131.2456512451172,143.0,104.25
2026-09-29 14:00:00+00:00,22.0,115.83705139160156,130.0,124.25
2026-09-29 15:00:00+00:00,23.0,122.74495697021484,138.0,125.14286041259766
2026-09-29 16:00:00+00:00,24.0,110.92491912841797,126.0,124.19999694824219
2026-09-28 18:00:00+00:00,1.0,24.677343368530273,38.0,18.0
2026-09-28 19:00:00+00:00,2.0,31.110300064086914,44.0,48.85714340209961
2026-09-28 20:00:00+00:00,3.0,36.292236328125,50.0,59.75
2026-09-28 21:00:00+00:00,4.0,32.58897018432617,47.0,49.79999923706055
2026-09-28 22:00:00+00:00,5.0,35.03565216064453,51.0,43.400001525878906
2026-09-28 23:00:00+00:00,6.0,43.63890838623047,59.0,51.20000076293945
2026-09-29 00:00:00+00:00,7.0,50.644046783447266,69.0,66.33333587646484
2026-09-29 01:00:00+00:00,8.0,61.36279296875,80.0,78.33333587646484
2026-09-29 02:00:00+00:00,9.0,71.04808044433594,87.0,82.33333587646484
2026-09-29 03:00:00+00:00,10.0,78.22980499267578,95.0,81.5
2026-09-29 04:00:00+00:00,11.0,78.60757446289062,96.0,83.5
2026-09-29 05:00:00+00:00,12.0,82.85346221923828,99.0,82.5
2026-09-29 06:00:00+00:00,13.0,86.07737731933594,98.0,82.0
2026-09-29 07:00:00+00:00,14.0,84.81824493408203,99.0,82.0
2026-09-29 08:00:00+00:00,15.0,93.84791564941406,109.0,82.0
2026-09-29 09:00:00+00:00,16.0,115.8785171508789,127.0,82.0
2026-09-29 10:00:00+00:00,17.0,130.84487915039062,144.0,82.0
2026-09-29 11:00:00+00:00,18.0,167.98306274414062,181.0,82.16666412353516
2026-09-29 12:00:00+00:00,19.0,119.10324096679688,130.0,84.4000015258789
2026-09-29 13:00:00+00:00,20.0,104.70643615722656,118.0,104.25
2026-09-29 14:00:00+00:00,21.0,111.04727935791016,120.0,124.25
2026-09-29 15:00:00+00:00,22.0,108.04336547851562,120.0,125.14286041259766
2026-09-29 16:00:00+00:00,23.0,98.85725402832031,112.0,124.19999694824219
2026-09-29 17:00:00+00:00,24.0,102.1571044921875,116.0,124.0
2026-09-28 19:00:00+00:00,1.0,38.3575439453125,51.0,48.85714340209961
2026-09-28 20:00:00+00:00,2.0,43.41027069091797,56.0,59.75
2026-09-28 21:00:00+00:00,3.0,30.43025779724121,43.0,49.79999923706055
2026-09-28 22:00:00+00:00,4.0,42.15943908691406,57.0,43.400001525878906
2026-09-28 23:00:00+00:00,5.0,50.297515869140625,66.0,51.20000076293945
2026-09-29 00:00:00+00:00,6.0,64.7663345336914,81.0,66.33333587646484
2026-09-29 01:00:00+00:00,7.0,63.264915466308594,81.0,78.33333587646484
2026-09-29 02:00:00+00:00,8.0,82.05947875976562,100.0,82.33333587646484
2026-09-29 03:00:00+00:00,9.0,89.34811401367188,105.0,81.5
2026-09-29 04:00:00+00:00,10.0,97.42748260498047,113.0,83.5
2026-09-29 05:00:00+00:00,11.0,96.6783447265625,113.0,82.5
2026-09-29 06:00:00+00:00,12.0,96.91779327392578,111.0,82.0
2026-09-29 07:00:00+00:00,13.0,90.31592559814453,101.0,82.0
2026-09-29 08:00:00+00:00,14.0,59.7294921875,72.0,82.0
2026-09-29 09:00:00+00:00,15.0,64.58890533447266,77.0,82.0
2026-09-29 10:00:00+00:00,16.0,65.86565399169922,75.0,82.0
2026-09-29 11:00:00+00:00,17.0,86.60783386230469,97.0,82.16666412353516
2026-09-29 12:00:00+00:00,18.0,89.761474609375,100.0,84.4000015258789
2026-09-29 13:00:00+00:00,19.0,105.02656555175781,113.0,104.25
2026-09-29 14:00:00+00:00,20.0,109.86448669433594,121.0,124.25
2026-09-29 15:00:00+00:00,21.0,127.2385482788086,135.0,125.14286041259766
2026-09-29 16:00:00+00:00,22.0,118.9360580444336,129.0,124.19999694824219
2026-09-29 17:00:00+00:00,23.0,120.19906616210938,131.0,124.0
2026-09-29 18:00:00+00:00,24.0,120.62459564208984,133.0,124.0
2026-09-28 20:00:00+00:00,1.0,33.74155807495117,47.0,59.75
2026-09-28 21:00:00+00:00,2.0,49.58951187133789,63.0,49.79999923706055
2026-09-28 22:00:00+00:00,3.0,45.10628128051758,59.0,43.400001525878906
2026-09-28 23:00:00+00:00,4.0,41.91657638549805,58.0,51.20000076293945
2026-09-29 00:00:00+00:00,5.0,50.333290100097656,67.0,66.33333587646484
2026-09-29 01:00:00+00:00,6.0,57.862308502197266,75.0,78.33333587646484
2026-09-29 02:00:00+00:00,7.0,64.3664321899414,83.0,82.33333587646484
2026-09-29 03:00:00+00:00,8.0,70.88111877441406,90.0,81.5
2026-09-29 04:00:00+00:00,9.0,75.98426818847656,92.0,83.5
2026-09-29 05:00:00+00:00,10.0,72.19969177246094,89.0,82.5
2026-09-29 06:00:00+00:00,11.0,64.84619140625,82.0,82.0
2026-09-29 07:00:00+00:00,12.0,52.11747741699219,67.0,82.0
2026-09-29 08:00:00+00:00,13.0,75.0488510131836,86.0,82.0
2026-09-29 09:00:00+00:00,14.0,64.80147552490234,78.0,82.0
2026-09-29 10:00:00+00:00,15.0,77.53791809082031,91.0,82.0
2026-09-29 11:00:00+00:00,16.0,81.41983795166016,91.0,82.16666412353516
2026-09-29 12:00:00+00:00,17.0,81.33413696289062,93.0,84.4000015258789
2026-09-29 13:00:00+00:00,18.0,117.01164245605469,128.0,104.25
2026-09-29 14:00:00+00:00,19.0,114.35437774658203,123.0,124.25
2026-09-29 15:00:00+00:00,20.0,116.55994415283203,129.0,125.14286041259766
2026-09-29 16:00:00+00:00,21.0,114.40727996826172,123.0,124.19999694824219
2026-09-29 17:00:00+00:00,22.0,121.17245483398438,132.0,124.0
2026-09-29 18:00:00+00:00,23.0,117.28166198730469,129.0,124.0
2026-09-29 19:00:00+00:00,24.0,111.63975524902344,125.0,124.0
2026-09-28 21:00:00+00:00,1.0,29.04852294921875,42.0,49.79999923706055
2026-09-28 22:00:00+00:00,2.0,41.68220901489258,55.0,43.400001525878906
2026-09-28 23:00:00+00:00,3.0,45.63494110107422,59.0,51.20000076293945
2026-09-29 00:00:00+00:00,4.0,54.72572326660156,71.0,66.33333587646484
2026-09-29 01:00:00+00:00,5.0,68.31538391113281,85.0,78.33333587646484
2026-09-29 02:00:00+00:00,6.0,78.44940948486328,96.0,82.33333587646484
2026-09-29 03:00:00+00:00,7.0,78.9295425415039,97.0,81.5
2026-09-29 04:00:00+00:00,8.0,85.17372131347656,104.0,83.5
2026-09-29 05:00:00+00:00,9.0,93.308837890625,109.0,82.5
2026-09-29 06:00:00+00:00,10.0,87.81165313720703,104.0,82.0
2026-09-29 07:00:00+00:00,11.0,89.77976989746094,106.0,82.0
2026-09-29 08:00:00+00:00,12.0,107.28781127929688,121.0,82.0
2026-09-29 09:00:00+00:00,13.0,134.89231872558594,145.0,82.0
2026-09-29 10:00:00+00:00,14.0,88.6728286743164,101.0,82.0
2026-09-29 11:00:00+00:00,15.0,62.87886428833008,75.0,82.16666412353516
2026-09-29 12:00:00+00:00,16.0,80.33833312988281,89.0,84.4000015258789
2026-09-29 13:00:00+00:00,17.0,90.300537109375,101.0,104.25
2026-09-29 14:00:00+00:00,18.0,101.41949462890625,111.0,124.25
2026-09-29 15:00:00+00:00,19.0,106.46984100341797,114.0,125.14286041259766
2026-09-29 16:00:00+00:00,20.0,99.51708984375,111.0,124.19999694824219
2026-09-29 17:00:00+00:00,21.0,108.64875793457031,117.0,124.0
2026-09-29 18:00:00+00:00,22.0,104.80596160888672,115.0,124.0
2026-09-29 19:00:00+00:00,23.0,108.137939453125,119.0,124.0
2026-09-29 20:00:00+00:00,24.0,114.39904022216797,127.0,124.0
