target_time_utc,horizon_hr,prediction_value,harmonie_value,actual_value
2026-09-08 13:00:00+00:00,1.0,7.8504228591918945,8.0,6.199999809265137
2026-09-08 14:00:00+00:00,2.0,4.8304643630981445,5.0,8.166666984558105
2026-09-08 15:00:00+00:00,3.0,8.154661178588867,9.0,7.55555534362793
2026-09-08 16:00:00+00:00,4.0,9.81182861328125,11.0,1.8333333730697632
2026-09-08 17:00:00+00:00,5.0,10.315897941589355,12.0,5.5714287757873535
2026-09-08 18:00:00+00:00,6.0,8.68594741821289,14.0,7.5
2026-09-08 19:00:00+00:00,7.0,9.056390762329102,15.0,12.25
2026-09-08 20:00:00+00:00,8.0,8.493440628051758,14.0,11.625
2026-09-08 21:00:00+00:00,9.0,8.590235710144043,14.0,12.333333015441895
2026-09-08 22:00:00+00:00,10.0,9.121320724487305,15.0,13.5
2026-09-08 23:00:00+00:00,11.0,9.976836204528809,16.0,13.571428298950195
2026-09-09 00:00:00+00:00,12.0,10.774209976196289,17.0,13.0
2026-09-09 01:00:00+00:00,13.0,10.139838218688965,16.0,12.0
2026-09-09 02:00:00+00:00,14.0,10.934226036071777,17.0,13.142857551574707
2026-09-09 03:00:00+00:00,15.0,11.105488777160645,17.0,11.5
2026-09-09 04:00:00+00:00,16.0,11.333535194396973,17.0,11.0
2026-09-09 05:00:00+00:00,17.0,11.044844627380371,16.0,13.25
2026-09-09 06:00:00+00:00,18.0,11.16404914855957,16.0,14.0
2026-09-09 07:00:00+00:00,19.0,11.667640686035156,16.0,14.0
2026-09-09 08:00:00+00:00,20.0,12.77823543548584,17.0,14.333333015441895
2026-09-09 09:00:00+00:00,21.0,14.478442192077637,19.0,14.0
2026-09-09 10:00:00+00:00,22.0,13.722756385803223,17.0,11.222222328186035
2026-09-09 11:00:00+00:00,23.0,13.857316017150879,18.0,13.571428298950195
2026-09-09 12:00:00+00:00,24.0,10.288758277893066,14.0,13.0
2026-09-08 14:00:00+00:00,1.0,15.180059432983398,15.0,8.166666984558105
2026-09-08 15:00:00+00:00,2.0,10.035484313964844,10.0,7.55555534362793
2026-09-08 16:00:00+00:00,3.0,8.126398086547852,9.0,1.8333333730697632
2026-09-08 17:00:00+00:00,4.0,7.800172328948975,9.0,5.5714287757873535
2026-09-08 18:00:00+00:00,5.0,11.924501419067383,18.0,7.5
2026-09-08 19:00:00+00:00,6.0,9.408170700073242,15.0,12.25
2026-09-08 20:00:00+00:00,7.0,8.621414184570312,14.0,11.625
2026-09-08 21:00:00+00:00,8.0,8.961202621459961,14.0,12.333333015441895
2026-09-08 22:00:00+00:00,9.0,10.072625160217285,16.0,13.5
2026-09-08 23:00:00+00:00,10.0,10.837468147277832,17.0,13.571428298950195
2026-09-09 00:00:00+00:00,11.0,10.251494407653809,16.0,13.0
2026-09-09 01:00:00+00:00,12.0,10.81118392944336,17.0,12.0
2026-09-09 02:00:00+00:00,13.0,11.042664527893066,17.0,13.142857551574707
2026-09-09 03:00:00+00:00,14.0,11.470694541931152,17.0,11.5
2026-09-09 04:00:00+00:00,15.0,10.84071159362793,16.0,11.0
2026-09-09 05:00:00+00:00,16.0,11.097284317016602,16.0,13.25
2026-09-09 06:00:00+00:00,17.0,11.517048835754395,16.0,14.0
2026-09-09 07:00:00+00:00,18.0,12.673620223999023,17.0,14.0
2026-09-09 08:00:00+00:00,19.0,12.283177375793457,16.0,14.333333015441895
2026-09-09 09:00:00+00:00,20.0,13.777274131774902,18.0,14.0
2026-09-09 10:00:00+00:00,21.0,13.275748252868652,17.0,11.222222328186035
2026-09-09 11:00:00+00:00,22.0,15.189507484436035,19.0,13.571428298950195
2026-09-09 12:00:00+00:00,23.0,13.608078956604004,17.0,13.0
2026-09-09 13:00:00+00:00,24.0,11.383343696594238,16.0,12.0
2026-09-08 15:00:00+00:00,1.0,7.298455238342285,8.0,7.55555534362793
2026-09-08 16:00:00+00:00,2.0,9.02364730834961,10.0,1.8333333730697632
2026-09-08 17:00:00+00:00,3.0,6.908402919769287,8.0,5.5714287757873535
2026-09-08 18:00:00+00:00,4.0,13.671592712402344,20.0,7.5
2026-09-08 19:00:00+00:00,5.0,9.057645797729492,14.0,12.25
2026-09-08 20:00:00+00:00,6.0,7.180661201477051,12.0,11.625
2026-09-08 21:00:00+00:00,7.0,8.818743705749512,14.0,12.333333015441895
2026-09-08 22:00:00+00:00,8.0,10.037949562072754,16.0,13.5
2026-09-08 23:00:00+00:00,9.0,11.050080299377441,17.0,13.571428298950195
2026-09-09 00:00:00+00:00,10.0,10.867729187011719,17.0,13.0
2026-09-09 01:00:00+00:00,11.0,10.958416938781738,17.0,12.0
2026-09-09 02:00:00+00:00,12.0,11.198152542114258,17.0,13.142857551574707
2026-09-09 03:00:00+00:00,13.0,11.445847511291504,17.0,11.5
2026-09-09 04:00:00+00:00,14.0,10.799942016601562,16.0,11.0
2026-09-09 05:00:00+00:00,15.0,11.185173988342285,16.0,13.25
2026-09-09 06:00:00+00:00,16.0,11.427170753479004,16.0,14.0
2026-09-09 07:00:00+00:00,17.0,11.970244407653809,16.0,14.0
2026-09-09 08:00:00+00:00,18.0,12.96278190612793,17.0,14.333333015441895
2026-09-09 09:00:00+00:00,19.0,14.65335750579834,19.0,14.0
2026-09-09 10:00:00+00:00,20.0,14.240564346313477,18.0,11.222222328186035
2026-09-09 11:00:00+00:00,21.0,10.784248352050781,14.0,13.571428298950195
2026-09-09 12:00:00+00:00,22.0,12.0230073928833,16.0,13.0
2026-09-09 13:00:00+00:00,23.0,11.2720947265625,16.0,12.0
2026-09-09 14:00:00+00:00,24.0,10.308147430419922,15.0,7.888888835906982
2026-09-08 16:00:00+00:00,1.0,6.6036248207092285,8.0,1.8333333730697632
2026-09-08 17:00:00+00:00,2.0,6.355654716491699,8.0,5.5714287757873535
2026-09-08 18:00:00+00:00,3.0,5.689416885375977,9.0,7.5
2026-09-08 19:00:00+00:00,4.0,9.748865127563477,16.0,12.25
2026-09-08 20:00:00+00:00,5.0,9.038805961608887,15.0,11.625
2026-09-08 21:00:00+00:00,6.0,8.556696891784668,14.0,12.333333015441895
2026-09-08 22:00:00+00:00,7.0,9.801863670349121,16.0,13.5
2026-09-08 23:00:00+00:00,8.0,9.829505920410156,16.0,13.571428298950195
2026-09-09 00:00:00+00:00,9.0,9.262079238891602,15.0,13.0
2026-09-09 01:00:00+00:00,10.0,9.973196029663086,16.0,12.0
2026-09-09 02:00:00+00:00,11.0,10.279298782348633,16.0,13.142857551574707
2026-09-09 03:00:00+00:00,12.0,11.375224113464355,17.0,11.5
2026-09-09 04:00:00+00:00,13.0,10.84082317352295,16.0,11.0
2026-09-09 05:00:00+00:00,14.0,11.86050033569336,17.0,13.25
2026-09-09 06:00:00+00:00,15.0,12.295173645019531,17.0,14.0
2026-09-09 07:00:00+00:00,16.0,13.397361755371094,18.0,14.0
2026-09-09 08:00:00+00:00,17.0,15.050629615783691,19.0,14.333333015441895
2026-09-09 09:00:00+00:00,18.0,16.595422744750977,21.0,14.0
2026-09-09 10:00:00+00:00,19.0,16.406166076660156,21.0,11.222222328186035
2026-09-09 11:00:00+00:00,20.0,11.177301406860352,14.0,13.571428298950195
2026-09-09 12:00:00+00:00,21.0,13.63338565826416,18.0,13.0
2026-09-09 13:00:00+00:00,22.0,12.908178329467773,18.0,12.0
2026-09-09 14:00:00+00:00,23.0,10.718642234802246,15.0,7.888888835906982
2026-09-09 15:00:00+00:00,24.0,9.801122665405273,15.0,7.666666507720947
2026-09-08 17:00:00+00:00,1.0,2.0631046295166016,3.0,5.5714287757873535
2026-09-08 18:00:00+00:00,2.0,6.136622428894043,10.0,7.5
2026-09-08 19:00:00+00:00,3.0,8.568178176879883,14.0,12.25
2026-09-08 20:00:00+00:00,4.0,8.300004005432129,14.0,11.625
2026-09-08 21:00:00+00:00,5.0,8.696539878845215,14.0,12.333333015441895
2026-09-08 22:00:00+00:00,6.0,9.803887367248535,16.0,13.5
2026-09-08 23:00:00+00:00,7.0,10.038712501525879,16.0,13.571428298950195
2026-09-09 00:00:00+00:00,8.0,10.739413261413574,17.0,13.0
2026-09-09 01:00:00+00:00,9.0,10.894054412841797,17.0,12.0
2026-09-09 02:00:00+00:00,10.0,10.435053825378418,16.0,13.142857551574707
2026-09-09 03:00:00+00:00,11.0,10.534265518188477,16.0,11.5
2026-09-09 04:00:00+00:00,12.0,10.778521537780762,16.0,11.0
2026-09-09 05:00:00+00:00,13.0,10.953612327575684,16.0,13.25
2026-09-09 06:00:00+00:00,14.0,11.407896995544434,16.0,14.0
2026-09-09 07:00:00+00:00,15.0,11.715346336364746,16.0,14.0
2026-09-09 08:00:00+00:00,16.0,12.863198280334473,17.0,14.333333015441895
2026-09-09 09:00:00+00:00,17.0,13.774209022521973,18.0,14.0
2026-09-09 10:00:00+00:00,18.0,14.182046890258789,18.0,11.222222328186035
2026-09-09 11:00:00+00:00,19.0,14.413918495178223,18.0,13.571428298950195
2026-09-09 12:00:00+00:00,20.0,13.200884819030762,18.0,13.0
2026-09-09 13:00:00+00:00,21.0,11.286514282226562,16.0,12.0
2026-09-09 14:00:00+00:00,22.0,9.599102973937988,14.0,7.888888835906982
2026-09-09 15:00:00+00:00,23.0,9.222042083740234,14.0,7.666666507720947
2026-09-09 16:00:00+00:00,24.0,8.84876823425293,14.0,6.857142925262451
2026-09-08 18:00:00+00:00,1.0,13.170947074890137,19.0,7.5
2026-09-08 19:00:00+00:00,2.0,9.363349914550781,15.0,12.25
2026-09-08 20:00:00+00:00,3.0,7.575161933898926,13.0,11.625
2026-09-08 21:00:00+00:00,4.0,9.041516304016113,15.0,12.333333015441895
2026-09-08 22:00:00+00:00,5.0,9.935199737548828,16.0,13.5
2026-09-08 23:00:00+00:00,6.0,10.665181159973145,17.0,13.571428298950195
2026-09-09 00:00:00+00:00,7.0,9.885832786560059,16.0,13.0
2026-09-09 01:00:00+00:00,8.0,10.000066757202148,16.0,12.0
2026-09-09 02:00:00+00:00,9.0,10.806527137756348,17.0,13.142857551574707
2026-09-09 03:00:00+00:00,10.0,10.756207466125488,17.0,11.5
2026-09-09 04:00:00+00:00,11.0,10.428727149963379,16.0,11.0
2026-09-09 05:00:00+00:00,12.0,10.647409439086914,16.0,13.25
2026-09-09 06:00:00+00:00,13.0,11.039654731750488,16.0,14.0
2026-09-09 07:00:00+00:00,14.0,12.285489082336426,17.0,14.0
2026-09-09 08:00:00+00:00,15.0,12.753414154052734,17.0,14.333333015441895
2026-09-09 09:00:00+00:00,16.0,12.753410339355469,17.0,14.0
2026-09-09 10:00:00+00:00,17.0,13.665651321411133,18.0,11.222222328186035
2026-09-09 11:00:00+00:00,18.0,12.603645324707031,17.0,13.571428298950195
2026-09-09 12:00:00+00:00,19.0,13.494537353515625,18.0,13.0
2026-09-09 13:00:00+00:00,20.0,13.162477493286133,18.0,12.0
2026-09-09 14:00:00+00:00,21.0,9.05394458770752,13.0,7.888888835906982
2026-09-09 15:00:00+00:00,22.0,8.277047157287598,13.0,7.666666507720947
2026-09-09 16:00:00+00:00,23.0,8.590455055236816,14.0,6.857142925262451
2026-09-09 17:00:00+00:00,24.0,7.712989330291748,13.0,8.0
2026-09-08 19:00:00+00:00,1.0,8.908900260925293,15.0,12.25
2026-09-08 20:00:00+00:00,2.0,9.006821632385254,15.0,11.625
2026-09-08 21:00:00+00:00,3.0,8.348570823669434,14.0,12.333333015441895
2026-09-08 22:00:00+00:00,4.0,8.902322769165039,15.0,13.5
2026-09-08 23:00:00+00:00,5.0,9.787519454956055,16.0,13.571428298950195
2026-09-09 00:00:00+00:00,6.0,9.149575233459473,15.0,13.0
2026-09-09 01:00:00+00:00,7.0,9.167245864868164,15.0,12.0
2026-09-09 02:00:00+00:00,8.0,9.888163566589355,16.0,13.142857551574707
2026-09-09 03:00:00+00:00,9.0,9.398618698120117,15.0,11.5
2026-09-09 04:00:00+00:00,10.0,10.984465599060059,17.0,11.0
2026-09-09 05:00:00+00:00,11.0,9.924406051635742,15.0,13.25
2026-09-09 06:00:00+00:00,12.0,11.544525146484375,17.0,14.0
2026-09-09 07:00:00+00:00,13.0,12.039153099060059,17.0,14.0
2026-09-09 08:00:00+00:00,14.0,12.708985328674316,17.0,14.333333015441895
2026-09-09 09:00:00+00:00,15.0,15.87433910369873,21.0,14.0
2026-09-09 10:00:00+00:00,16.0,13.26596736907959,18.0,11.222222328186035
2026-09-09 11:00:00+00:00,17.0,15.21214771270752,20.0,13.571428298950195
2026-09-09 12:00:00+00:00,18.0,12.978584289550781,18.0,13.0
2026-09-09 13:00:00+00:00,19.0,11.044398307800293,16.0,12.0
2026-09-09 14:00:00+00:00,20.0,10.64892292022705,16.0,7.888888835906982
2026-09-09 15:00:00+00:00,21.0,9.044514656066895,14.0,7.666666507720947
2026-09-09 16:00:00+00:00,22.0,7.369208335876465,12.0,6.857142925262451
2026-09-09 17:00:00+00:00,23.0,6.315378665924072,11.0,8.0
2026-09-09 18:00:00+00:00,24.0,6.941926002502441,12.0,4.5714287757873535
2026-09-08 20:00:00+00:00,1.0,7.758656978607178,13.0,11.625
2026-09-08 21:00:00+00:00,2.0,9.22245979309082,15.0,12.333333015441895
2026-09-08 22:00:00+00:00,3.0,9.808219909667969,16.0,13.5
2026-09-08 23:00:00+00:00,4.0,10.530468940734863,17.0,13.571428298950195
2026-09-09 00:00:00+00:00,5.0,10.07956600189209,16.0,13.0
2026-09-09 01:00:00+00:00,6.0,10.057550430297852,16.0,12.0
2026-09-09 02:00:00+00:00,7.0,10.099045753479004,16.0,13.142857551574707
2026-09-09 03:00:00+00:00,8.0,10.340785026550293,16.0,11.5
2026-09-09 04:00:00+00:00,9.0,11.119877815246582,17.0,11.0
2026-09-09 05:00:00+00:00,10.0,10.592203140258789,16.0,13.25
2026-09-09 06:00:00+00:00,11.0,10.884658813476562,16.0,14.0
2026-09-09 07:00:00+00:00,12.0,11.27359676361084,16.0,14.0
2026-09-09 08:00:00+00:00,13.0,12.896059036254883,18.0,14.333333015441895
2026-09-09 09:00:00+00:00,14.0,13.721732139587402,19.0,14.0
2026-09-09 10:00:00+00:00,15.0,13.98801040649414,19.0,11.222222328186035
2026-09-09 11:00:00+00:00,16.0,14.138141632080078,19.0,13.571428298950195
2026-09-09 12:00:00+00:00,17.0,11.652495384216309,17.0,13.0
2026-09-09 13:00:00+00:00,18.0,10.007503509521484,15.0,12.0
2026-09-09 14:00:00+00:00,19.0,8.556562423706055,13.0,7.888888835906982
2026-09-09 15:00:00+00:00,20.0,8.881002426147461,14.0,7.666666507720947
2026-09-09 16:00:00+00:00,21.0,8.028268814086914,13.0,6.857142925262451
2026-09-09 17:00:00+00:00,22.0,7.77792501449585,13.0,8.0
2026-09-09 18:00:00+00:00,23.0,7.032828330993652,12.0,4.5714287757873535
2026-09-09 19:00:00+00:00,24.0,6.878820896148682,12.0,4.142857074737549
2026-09-08 21:00:00+00:00,1.0,8.733264923095703,14.0,12.333333015441895
2026-09-08 22:00:00+00:00,2.0,10.146295547485352,16.0,13.5
2026-09-08 23:00:00+00:00,3.0,11.587830543518066,18.0,13.571428298950195
2026-09-09 00:00:00+00:00,4.0,10.270672798156738,16.0,13.0
2026-09-09 01:00:00+00:00,5.0,9.750330924987793,15.0,12.0
2026-09-09 02:00:00+00:00,6.0,10.41999626159668,16.0,13.142857551574707
2026-09-09 03:00:00+00:00,7.0,10.609455108642578,16.0,11.5
2026-09-09 04:00:00+00:00,8.0,10.605748176574707,16.0,11.0
2026-09-09 05:00:00+00:00,9.0,10.64904499053955,16.0,13.25
2026-09-09 06:00:00+00:00,10.0,10.913172721862793,16.0,14.0
2026-09-09 07:00:00+00:00,11.0,12.127877235412598,17.0,14.0
2026-09-09 08:00:00+00:00,12.0,12.1382417678833,17.0,14.333333015441895
2026-09-09 09:00:00+00:00,13.0,12.278668403625488,17.0,14.0
2026-09-09 10:00:00+00:00,14.0,14.356768608093262,20.0,11.222222328186035
2026-09-09 11:00:00+00:00,15.0,12.81988525390625,17.0,13.571428298950195
2026-09-09 12:00:00+00:00,16.0,9.157365798950195,13.0,13.0
2026-09-09 13:00:00+00:00,17.0,10.94308090209961,16.0,12.0
2026-09-09 14:00:00+00:00,18.0,8.55892276763916,13.0,7.888888835906982
2026-09-09 15:00:00+00:00,19.0,8.36943244934082,13.0,7.666666507720947
2026-09-09 16:00:00+00:00,20.0,8.785551071166992,14.0,6.857142925262451
2026-09-09 17:00:00+00:00,21.0,8.013293266296387,13.0,8.0
2026-09-09 18:00:00+00:00,22.0,7.329334259033203,12.0,4.5714287757873535
2026-09-09 19:00:00+00:00,23.0,6.0078277587890625,10.0,4.142857074737549
2026-09-09 20:00:00+00:00,24.0,5.86234188079834,10.0,4.25
2026-09-08 22:00:00+00:00,1.0,10.012730598449707,16.0,13.5
2026-09-08 23:00:00+00:00,2.0,10.813305854797363,17.0,13.571428298950195
2026-09-09 00:00:00+00:00,3.0,10.86026382446289,17.0,13.0
2026-09-09 01:00:00+00:00,4.0,10.332390785217285,16.0,12.0
2026-09-09 02:00:00+00:00,5.0,10.462618827819824,16.0,13.142857551574707
2026-09-09 03:00:00+00:00,6.0,10.452546119689941,16.0,11.5
2026-09-09 04:00:00+00:00,7.0,10.557906150817871,16.0,11.0
2026-09-09 05:00:00+00:00,8.0,10.070113182067871,15.0,13.25
2026-09-09 06:00:00+00:00,9.0,11.039484024047852,16.0,14.0
2026-09-09 07:00:00+00:00,10.0,12.15483570098877,17.0,14.0
2026-09-09 08:00:00+00:00,11.0,12.505407333374023,17.0,14.333333015441895
2026-09-09 09:00:00+00:00,12.0,13.294600486755371,18.0,14.0
2026-09-09 10:00:00+00:00,13.0,13.864520072937012,19.0,11.222222328186035
2026-09-09 11:00:00+00:00,14.0,14.174433708190918,19.0,13.571428298950195
2026-09-09 12:00:00+00:00,15.0,12.842808723449707,19.0,13.0
2026-09-09 13:00:00+00:00,16.0,11.28469467163086,17.0,12.0
2026-09-09 14:00:00+00:00,17.0,9.141616821289062,14.0,7.888888835906982
2026-09-09 15:00:00+00:00,18.0,8.947755813598633,14.0,7.666666507720947
2026-09-09 16:00:00+00:00,19.0,7.570464134216309,12.0,6.857142925262451
2026-09-09 17:00:00+00:00,20.0,6.767482280731201,11.0,8.0
2026-09-09 18:00:00+00:00,21.0,4.891624927520752,8.0,4.5714287757873535
2026-09-09 19:00:00+00:00,22.0,5.884708881378174,10.0,4.142857074737549
2026-09-09 20:00:00+00:00,23.0,5.789473533630371,10.0,4.25
2026-09-09 21:00:00+00:00,24.0,5.145435333251953,9.0,2.857142925262451
2026-09-08 23:00:00+00:00,2.0,10.880084037780762,17.0,13.571428298950195
2026-09-09 00:00:00+00:00,3.0,10.92546272277832,17.0,13.0
2026-09-09 01:00:00+00:00,4.0,10.39320182800293,16.0,12.0
2026-09-09 02:00:00+00:00,5.0,10.531885147094727,16.0,13.142857551574707
2026-09-09 03:00:00+00:00,6.0,10.515364646911621,16.0,11.5
2026-09-09 04:00:00+00:00,7.0,10.617079734802246,16.0,11.0
2026-09-09 05:00:00+00:00,8.0,10.117982864379883,15.0,13.25
2026-09-09 06:00:00+00:00,9.0,11.063553810119629,16.0,14.0
2026-09-09 07:00:00+00:00,10.0,12.180338859558105,17.0,14.0
2026-09-09 08:00:00+00:00,11.0,12.516302108764648,17.0,14.333333015441895
2026-09-09 09:00:00+00:00,12.0,13.277403831481934,18.0,14.0
2026-09-09 10:00:00+00:00,13.0,13.829920768737793,19.0,11.222222328186035
2026-09-09 11:00:00+00:00,14.0,14.129383087158203,19.0,13.571428298950195
2026-09-09 12:00:00+00:00,15.0,12.83808708190918,19.0,13.0
2026-09-09 13:00:00+00:00,16.0,11.298271179199219,17.0,12.0
2026-09-09 14:00:00+00:00,17.0,9.155954360961914,14.0,7.888888835906982
2026-09-09 15:00:00+00:00,18.0,8.979754447937012,14.0,7.666666507720947
2026-09-09 16:00:00+00:00,19.0,7.6042046546936035,12.0,6.857142925262451
2026-09-09 17:00:00+00:00,20.0,6.821566581726074,11.0,8.0
2026-09-09 18:00:00+00:00,21.0,4.941819190979004,8.0,4.5714287757873535
2026-09-09 19:00:00+00:00,22.0,5.955992221832275,10.0,4.142857074737549
2026-09-09 20:00:00+00:00,23.0,5.879594326019287,10.0,4.25
2026-09-09 21:00:00+00:00,24.0,5.234516143798828,9.0,2.857142925262451
2026-09-09 22:00:00+00:00,25.0,5.795299053192139,10.0,1.6666666269302368
2026-09-09 00:00:00+00:00,3.0,10.978570938110352,17.0,13.0
2026-09-09 01:00:00+00:00,4.0,10.4492826461792,16.0,12.0
2026-09-09 02:00:00+00:00,5.0,10.582350730895996,16.0,13.142857551574707
2026-09-09 03:00:00+00:00,6.0,10.56109619140625,16.0,11.5
2026-09-09 04:00:00+00:00,7.0,10.66552448272705,16.0,11.0
2026-09-09 05:00:00+00:00,8.0,10.17559814453125,15.0,13.25
2026-09-09 06:00:00+00:00,9.0,11.11699390411377,16.0,14.0
2026-09-09 07:00:00+00:00,10.0,12.2266206741333,17.0,14.0
2026-09-09 08:00:00+00:00,11.0,12.567625999450684,17.0,14.333333015441895
2026-09-09 09:00:00+00:00,12.0,13.30208683013916,18.0,14.0
2026-09-09 10:00:00+00:00,13.0,13.854866981506348,19.0,11.222222328186035
2026-09-09 11:00:00+00:00,14.0,14.155314445495605,19.0,13.571428298950195
2026-09-09 12:00:00+00:00,15.0,12.859383583068848,19.0,13.0
2026-09-09 13:00:00+00:00,16.0,11.329766273498535,17.0,12.0
2026-09-09 14:00:00+00:00,17.0,9.18600082397461,14.0,7.888888835906982
2026-09-09 15:00:00+00:00,18.0,9.007349967956543,14.0,7.666666507720947
2026-09-09 16:00:00+00:00,19.0,7.639403343200684,12.0,6.857142925262451
2026-09-09 17:00:00+00:00,20.0,6.864745616912842,11.0,8.0
2026-09-09 18:00:00+00:00,21.0,4.979605674743652,8.0,4.5714287757873535
2026-09-09 19:00:00+00:00,22.0,6.0035400390625,10.0,4.142857074737549
2026-09-09 20:00:00+00:00,23.0,5.925477981567383,10.0,4.25
2026-09-09 21:00:00+00:00,24.0,5.293094635009766,9.0,2.857142925262451
2026-09-09 22:00:00+00:00,25.0,5.862987041473389,10.0,1.6666666269302368
2026-09-09 23:00:00+00:00,26.0,5.277291297912598,9.0,1.25
2026-09-09 01:00:00+00:00,4.0,10.483939170837402,16.0,12.0
2026-09-09 02:00:00+00:00,5.0,10.61533260345459,16.0,13.142857551574707
2026-09-09 03:00:00+00:00,6.0,10.5947265625,16.0,11.5
2026-09-09 04:00:00+00:00,7.0,10.701095581054688,16.0,11.0
2026-09-09 05:00:00+00:00,8.0,10.213671684265137,15.0,13.25
2026-09-09 06:00:00+00:00,9.0,11.144734382629395,16.0,14.0
2026-09-09 07:00:00+00:00,10.0,12.24107551574707,17.0,14.0
2026-09-09 08:00:00+00:00,11.0,12.578591346740723,17.0,14.333333015441895
2026-09-09 09:00:00+00:00,12.0,13.298224449157715,18.0,14.0
2026-09-09 10:00:00+00:00,13.0,13.863663673400879,19.0,11.222222328186035
2026-09-09 11:00:00+00:00,14.0,14.155319213867188,19.0,13.571428298950195
2026-09-09 12:00:00+00:00,15.0,12.875428199768066,19.0,13.0
2026-09-09 13:00:00+00:00,16.0,11.345559120178223,17.0,12.0
2026-09-09 14:00:00+00:00,17.0,9.198921203613281,14.0,7.888888835906982
2026-09-09 15:00:00+00:00,18.0,9.027299880981445,14.0,7.666666507720947
2026-09-09 16:00:00+00:00,19.0,7.660671234130859,12.0,6.857142925262451
2026-09-09 17:00:00+00:00,20.0,6.891473293304443,11.0,8.0
2026-09-09 18:00:00+00:00,21.0,5.004610061645508,8.0,4.5714287757873535
2026-09-09 19:00:00+00:00,22.0,6.031336307525635,10.0,4.142857074737549
2026-09-09 20:00:00+00:00,23.0,5.955196857452393,10.0,4.25
2026-09-09 21:00:00+00:00,24.0,5.326692581176758,9.0,2.857142925262451
2026-09-09 22:00:00+00:00,25.0,5.901978969573975,10.0,1.6666666269302368
2026-09-09 23:00:00+00:00,26.0,5.321300506591797,9.0,1.25
2026-09-10 00:00:00+00:00,27.0,5.298709869384766,9.0,1.1666666269302368
2026-09-09 02:00:00+00:00,5.0,10.630719184875488,16.0,13.142857551574707
2026-09-09 03:00:00+00:00,6.0,10.61142349243164,16.0,11.5
2026-09-09 04:00:00+00:00,7.0,10.722286224365234,16.0,11.0
2026-09-09 05:00:00+00:00,8.0,10.235100746154785,15.0,13.25
2026-09-09 06:00:00+00:00,9.0,11.16146469116211,16.0,14.0
2026-09-09 07:00:00+00:00,10.0,12.256668090820312,17.0,14.0
2026-09-09 08:00:00+00:00,11.0,12.589271545410156,17.0,14.333333015441895
2026-09-09 09:00:00+00:00,12.0,13.296804428100586,18.0,14.0
2026-09-09 10:00:00+00:00,13.0,13.865354537963867,19.0,11.222222328186035
2026-09-09 11:00:00+00:00,14.0,14.15925121307373,19.0,13.571428298950195
2026-09-09 12:00:00+00:00,15.0,12.889044761657715,19.0,13.0
2026-09-09 13:00:00+00:00,16.0,11.357118606567383,17.0,12.0
2026-09-09 14:00:00+00:00,17.0,9.20358657836914,14.0,7.888888835906982
2026-09-09 15:00:00+00:00,18.0,9.028077125549316,14.0,7.666666507720947
2026-09-09 16:00:00+00:00,19.0,7.663687705993652,12.0,6.857142925262451
2026-09-09 17:00:00+00:00,20.0,6.893762588500977,11.0,8.0
2026-09-09 18:00:00+00:00,21.0,5.009400367736816,8.0,4.5714287757873535
2026-09-09 19:00:00+00:00,22.0,6.033314228057861,10.0,4.142857074737549
2026-09-09 20:00:00+00:00,23.0,5.95944356918335,10.0,4.25
2026-09-09 21:00:00+00:00,24.0,5.3327507972717285,9.0,2.857142925262451
2026-09-09 22:00:00+00:00,25.0,5.908327579498291,10.0,1.6666666269302368
2026-09-09 23:00:00+00:00,26.0,5.327480792999268,9.0,1.25
2026-09-10 00:00:00+00:00,27.0,5.3097147941589355,9.0,1.1666666269302368
2026-09-10 01:00:00+00:00,28.0,4.192129135131836,7.0,0.8888888955116272
2026-09-09 03:00:00+00:00,6.0,10.624646186828613,16.0,11.5
2026-09-09 04:00:00+00:00,7.0,10.736817359924316,16.0,11.0
2026-09-09 05:00:00+00:00,8.0,10.253768920898438,15.0,13.25
2026-09-09 06:00:00+00:00,9.0,11.186698913574219,16.0,14.0
2026-09-09 07:00:00+00:00,10.0,12.291251182556152,17.0,14.0
2026-09-09 08:00:00+00:00,11.0,12.622145652770996,17.0,14.333333015441895
2026-09-09 09:00:00+00:00,12.0,13.32406997680664,18.0,14.0
2026-09-09 10:00:00+00:00,13.0,13.89306354522705,19.0,11.222222328186035
2026-09-09 11:00:00+00:00,14.0,14.190927505493164,19.0,13.571428298950195
2026-09-09 12:00:00+00:00,15.0,12.920787811279297,19.0,13.0
2026-09-09 13:00:00+00:00,16.0,11.380592346191406,17.0,12.0
2026-09-09 14:00:00+00:00,17.0,9.218459129333496,14.0,7.888888835906982
2026-09-09 15:00:00+00:00,18.0,9.023098945617676,14.0,7.666666507720947
2026-09-09 16:00:00+00:00,19.0,7.662240982055664,12.0,6.857142925262451
2026-09-09 17:00:00+00:00,20.0,6.88960075378418,11.0,8.0
2026-09-09 18:00:00+00:00,21.0,5.007503509521484,8.0,4.5714287757873535
2026-09-09 19:00:00+00:00,22.0,6.023963928222656,10.0,4.142857074737549
2026-09-09 20:00:00+00:00,23.0,5.951416492462158,10.0,4.25
2026-09-09 21:00:00+00:00,24.0,5.324126720428467,9.0,2.857142925262451
2026-09-09 22:00:00+00:00,25.0,5.899258136749268,10.0,1.6666666269302368
2026-09-09 23:00:00+00:00,26.0,5.319624900817871,9.0,1.25
2026-09-10 00:00:00+00:00,27.0,5.303831577301025,9.0,1.1666666269302368
2026-09-10 01:00:00+00:00,28.0,4.1869988441467285,7.0,0.8888888955116272
2026-09-10 02:00:00+00:00,29.0,3.043990135192871,5.0,0.0
2026-09-09 04:00:00+00:00,7.0,10.738524436950684,16.0,11.0
2026-09-09 05:00:00+00:00,8.0,10.258101463317871,15.0,13.25
2026-09-09 06:00:00+00:00,9.0,11.190455436706543,16.0,14.0
2026-09-09 07:00:00+00:00,10.0,12.293977737426758,17.0,14.0
2026-09-09 08:00:00+00:00,11.0,12.613938331604004,17.0,14.333333015441895
2026-09-09 09:00:00+00:00,12.0,13.320322036743164,18.0,14.0
2026-09-09 10:00:00+00:00,13.0,13.883880615234375,19.0,11.222222328186035
2026-09-09 11:00:00+00:00,14.0,14.184531211853027,19.0,13.571428298950195
2026-09-09 12:00:00+00:00,15.0,12.931172370910645,19.0,13.0
2026-09-09 13:00:00+00:00,16.0,11.386571884155273,17.0,12.0
2026-09-09 14:00:00+00:00,17.0,9.223701477050781,14.0,7.888888835906982
2026-09-09 15:00:00+00:00,18.0,9.015951156616211,14.0,7.666666507720947
2026-09-09 16:00:00+00:00,19.0,7.6549882888793945,12.0,6.857142925262451
2026-09-09 17:00:00+00:00,20.0,6.879826545715332,11.0,8.0
2026-09-09 18:00:00+00:00,21.0,5.004241943359375,8.0,4.5714287757873535
2026-09-09 19:00:00+00:00,22.0,6.012921333312988,10.0,4.142857074737549
2026-09-09 20:00:00+00:00,23.0,5.9443864822387695,10.0,4.25
2026-09-09 21:00:00+00:00,24.0,5.317173480987549,9.0,2.857142925262451
2026-09-09 22:00:00+00:00,25.0,5.89135217666626,10.0,1.6666666269302368
2026-09-09 23:00:00+00:00,26.0,5.31286096572876,9.0,1.25
2026-09-10 00:00:00+00:00,27.0,5.3005547523498535,9.0,1.1666666269302368
2026-09-10 01:00:00+00:00,28.0,4.183070659637451,7.0,0.8888888955116272
2026-09-10 02:00:00+00:00,29.0,3.0447075366973877,5.0,0.0
2026-09-10 03:00:00+00:00,30.0,2.514406442642212,4.0,1.75
2026-09-09 05:00:00+00:00,8.0,10.260224342346191,15.0,13.25
2026-09-09 06:00:00+00:00,9.0,11.195830345153809,16.0,14.0
2026-09-09 07:00:00+00:00,10.0,12.30239200592041,17.0,14.0
2026-09-09 08:00:00+00:00,11.0,12.616235733032227,17.0,14.333333015441895
2026-09-09 09:00:00+00:00,12.0,13.32671070098877,18.0,14.0
2026-09-09 10:00:00+00:00,13.0,13.886969566345215,19.0,11.222222328186035
2026-09-09 11:00:00+00:00,14.0,14.190467834472656,19.0,13.571428298950195
2026-09-09 12:00:00+00:00,15.0,12.94694995880127,19.0,13.0
2026-09-09 13:00:00+00:00,16.0,11.398748397827148,17.0,12.0
2026-09-09 14:00:00+00:00,17.0,9.234350204467773,14.0,7.888888835906982
2026-09-09 15:00:00+00:00,18.0,9.013139724731445,14.0,7.666666507720947
2026-09-09 16:00:00+00:00,19.0,7.651838779449463,12.0,6.857142925262451
2026-09-09 17:00:00+00:00,20.0,6.873098850250244,11.0,8.0
2026-09-09 18:00:00+00:00,21.0,5.000385284423828,8.0,4.5714287757873535
2026-09-09 19:00:00+00:00,22.0,6.0035223960876465,10.0,4.142857074737549
2026-09-09 20:00:00+00:00,23.0,5.938586711883545,10.0,4.25
2026-09-09 21:00:00+00:00,24.0,5.310044765472412,9.0,2.857142925262451
2026-09-09 22:00:00+00:00,25.0,5.882948398590088,10.0,1.6666666269302368
2026-09-09 23:00:00+00:00,26.0,5.304930686950684,9.0,1.25
2026-09-10 00:00:00+00:00,27.0,5.295435905456543,9.0,1.1666666269302368
2026-09-10 01:00:00+00:00,28.0,4.178802490234375,7.0,0.8888888955116272
2026-09-10 02:00:00+00:00,29.0,3.0435523986816406,5.0,0.0
2026-09-10 03:00:00+00:00,30.0,2.5129339694976807,4.0,1.75
2026-09-10 04:00:00+00:00,31.0,2.642069101333618,4.0,4.714285850524902
2026-09-09 06:00:00+00:00,9.0,11.19218921661377,16.0,14.0
2026-09-09 07:00:00+00:00,10.0,12.304399490356445,17.0,14.0
2026-09-09 08:00:00+00:00,11.0,12.62382698059082,17.0,14.333333015441895
2026-09-09 09:00:00+00:00,12.0,13.331273078918457,18.0,14.0
2026-09-09 10:00:00+00:00,13.0,13.88684368133545,19.0,11.222222328186035
2026-09-09 11:00:00+00:00,14.0,14.195029258728027,19.0,13.571428298950195
2026-09-09 12:00:00+00:00,15.0,12.952108383178711,19.0,13.0
2026-09-09 13:00:00+00:00,16.0,11.404842376708984,17.0,12.0
2026-09-09 14:00:00+00:00,17.0,9.237412452697754,14.0,7.888888835906982
2026-09-09 15:00:00+00:00,18.0,9.001081466674805,14.0,7.666666507720947
2026-09-09 16:00:00+00:00,19.0,7.642138957977295,12.0,6.857142925262451
2026-09-09 17:00:00+00:00,20.0,6.860327243804932,11.0,8.0
2026-09-09 18:00:00+00:00,21.0,4.987732410430908,8.0,4.5714287757873535
2026-09-09 19:00:00+00:00,22.0,5.987071514129639,10.0,4.142857074737549
2026-09-09 20:00:00+00:00,23.0,5.92432165145874,10.0,4.25
2026-09-09 21:00:00+00:00,24.0,5.293588161468506,9.0,2.857142925262451
2026-09-09 22:00:00+00:00,25.0,5.86224365234375,10.0,1.6666666269302368
2026-09-09 23:00:00+00:00,26.0,5.285908222198486,9.0,1.25
2026-09-10 00:00:00+00:00,27.0,5.279395580291748,9.0,1.1666666269302368
2026-09-10 01:00:00+00:00,28.0,4.1685991287231445,7.0,0.8888888955116272
2026-09-10 02:00:00+00:00,29.0,3.0348174571990967,5.0,0.0
2026-09-10 03:00:00+00:00,30.0,2.505309581756592,4.0,1.75
2026-09-10 04:00:00+00:00,31.0,2.6352193355560303,4.0,4.714285850524902
2026-09-10 05:00:00+00:00,32.0,3.0861053466796875,4.0,4.75
2026-09-09 07:00:00+00:00,1.0,11.89013671875,16.0,14.0
2026-09-09 08:00:00+00:00,2.0,13.588778495788574,18.0,14.333333015441895
2026-09-09 09:00:00+00:00,3.0,15.884778022766113,21.0,14.0
2026-09-09 10:00:00+00:00,4.0,13.74349594116211,18.0,11.222222328186035
2026-09-09 11:00:00+00:00,5.0,14.135656356811523,20.0,13.571428298950195
2026-09-09 12:00:00+00:00,6.0,11.302657127380371,16.0,13.0
2026-09-09 13:00:00+00:00,7.0,11.751687049865723,17.0,12.0
2026-09-09 14:00:00+00:00,8.0,10.205793380737305,15.0,7.888888835906982
2026-09-09 15:00:00+00:00,9.0,9.272297859191895,14.0,7.666666507720947
2026-09-09 16:00:00+00:00,10.0,8.396926879882812,13.0,6.857142925262451
2026-09-09 17:00:00+00:00,11.0,7.562686443328857,12.0,8.0
2026-09-09 18:00:00+00:00,12.0,6.775366306304932,11.0,4.5714287757873535
2026-09-09 19:00:00+00:00,13.0,6.6474809646606445,11.0,4.142857074737549
2026-09-09 20:00:00+00:00,14.0,6.006958961486816,10.0,4.25
2026-09-09 21:00:00+00:00,15.0,5.358188152313232,9.0,2.857142925262451
2026-09-09 22:00:00+00:00,16.0,5.310113906860352,9.0,1.6666666269302368
2026-09-09 23:00:00+00:00,17.0,4.728250503540039,8.0,1.25
2026-09-10 00:00:00+00:00,18.0,3.5645387172698975,6.0,1.1666666269302368
2026-09-10 01:00:00+00:00,19.0,3.558142900466919,6.0,0.8888888955116272
2026-09-10 02:00:00+00:00,20.0,3.0832204818725586,5.0,0.0
2026-09-10 03:00:00+00:00,21.0,1.9498616456985474,3.0,1.75
2026-09-10 04:00:00+00:00,22.0,2.049765110015869,3.0,4.714285850524902
2026-09-10 05:00:00+00:00,23.0,1.6487705707550049,2.0,4.75
2026-09-10 06:00:00+00:00,24.0,3.4403655529022217,4.0,4.833333492279053
2026-09-09 08:00:00+00:00,1.0,13.635099411010742,18.0,14.333333015441895
2026-09-09 09:00:00+00:00,2.0,15.953604698181152,21.0,14.0
2026-09-09 10:00:00+00:00,3.0,13.790040969848633,18.0,11.222222328186035
2026-09-09 11:00:00+00:00,4.0,14.181056022644043,20.0,13.571428298950195
2026-09-09 12:00:00+00:00,5.0,11.341052055358887,16.0,13.0
2026-09-09 13:00:00+00:00,6.0,11.792004585266113,17.0,12.0
2026-09-09 14:00:00+00:00,7.0,10.241469383239746,15.0,7.888888835906982
2026-09-09 15:00:00+00:00,8.0,9.299023628234863,14.0,7.666666507720947
2026-09-09 16:00:00+00:00,9.0,8.419562339782715,13.0,6.857142925262451
2026-09-09 17:00:00+00:00,10.0,7.575119972229004,12.0,8.0
2026-09-09 18:00:00+00:00,11.0,6.7812676429748535,11.0,4.5714287757873535
2026-09-09 19:00:00+00:00,12.0,6.651704788208008,11.0,4.142857074737549
2026-09-09 20:00:00+00:00,13.0,6.011013031005859,10.0,4.25
2026-09-09 21:00:00+00:00,14.0,5.360001087188721,9.0,2.857142925262451
2026-09-09 22:00:00+00:00,15.0,5.311385154724121,9.0,1.6666666269302368
2026-09-09 23:00:00+00:00,16.0,4.729143142700195,8.0,1.25
2026-09-10 00:00:00+00:00,17.0,3.568223237991333,6.0,1.1666666269302368
2026-09-10 01:00:00+00:00,18.0,3.563452959060669,6.0,0.8888888955116272
2026-09-10 02:00:00+00:00,19.0,3.0888564586639404,5.0,0.0
2026-09-10 03:00:00+00:00,20.0,1.951581358909607,3.0,1.75
2026-09-10 04:00:00+00:00,21.0,2.052600860595703,3.0,4.714285850524902
2026-09-10 05:00:00+00:00,22.0,1.6523463726043701,2.0,4.75
2026-09-10 06:00:00+00:00,23.0,3.446765661239624,4.0,4.833333492279053
2026-09-10 07:00:00+00:00,24.0,7.054086685180664,8.0,5.5
2026-09-09 09:00:00+00:00,1.0,14.309832572937012,19.0,14.0
2026-09-09 10:00:00+00:00,2.0,12.64346694946289,17.0,11.222222328186035
2026-09-09 11:00:00+00:00,3.0,13.113487243652344,18.0,13.571428298950195
2026-09-09 12:00:00+00:00,4.0,13.77940559387207,19.0,13.0
2026-09-09 13:00:00+00:00,5.0,11.2854642868042,16.0,12.0
2026-09-09 14:00:00+00:00,6.0,9.603511810302734,14.0,7.888888835906982
2026-09-09 15:00:00+00:00,7.0,8.7755708694458,13.0,7.666666507720947
2026-09-09 16:00:00+00:00,8.0,7.262228488922119,11.0,6.857142925262451
2026-09-09 17:00:00+00:00,9.0,6.422916412353516,10.0,8.0
2026-09-09 18:00:00+00:00,10.0,5.677282810211182,9.0,4.5714287757873535
2026-09-09 19:00:00+00:00,11.0,6.670256614685059,11.0,4.142857074737549
2026-09-09 20:00:00+00:00,12.0,6.025590419769287,10.0,4.25
2026-09-09 21:00:00+00:00,13.0,4.780360221862793,8.0,2.857142925262451
2026-09-09 22:00:00+00:00,14.0,4.740928649902344,8.0,1.6666666269302368
2026-09-09 23:00:00+00:00,15.0,4.753129959106445,8.0,1.25
2026-09-10 00:00:00+00:00,16.0,4.192250728607178,7.0,1.1666666269302368
2026-09-10 01:00:00+00:00,17.0,4.202810764312744,7.0,0.8888888955116272
2026-09-10 02:00:00+00:00,18.0,4.2899675369262695,7.0,0.0
2026-09-10 03:00:00+00:00,19.0,3.1804425716400146,5.0,1.75
2026-09-10 04:00:00+00:00,20.0,1.3766672611236572,2.0,4.714285850524902
2026-09-10 05:00:00+00:00,21.0,0.7352523803710938,1.0,4.75
2026-09-10 06:00:00+00:00,22.0,3.7159500122070312,5.0,4.833333492279053
2026-09-10 07:00:00+00:00,23.0,3.52336049079895,4.0,5.5
2026-09-10 08:00:00+00:00,24.0,5.612594127655029,6.0,7.0
2026-09-09 10:00:00+00:00,1.0,13.146194458007812,17.0,11.222222328186035
2026-09-09 11:00:00+00:00,2.0,16.258533477783203,22.0,13.571428298950195
2026-09-09 12:00:00+00:00,3.0,12.355643272399902,17.0,13.0
2026-09-09 13:00:00+00:00,4.0,12.0058012008667,17.0,12.0
2026-09-09 14:00:00+00:00,5.0,10.418719291687012,15.0,7.888888835906982
2026-09-09 15:00:00+00:00,6.0,9.444005012512207,14.0,7.666666507720947
2026-09-09 16:00:00+00:00,7.0,8.566895484924316,13.0,6.857142925262451
2026-09-09 17:00:00+00:00,8.0,7.700865745544434,12.0,8.0
2026-09-09 18:00:00+00:00,9.0,7.484031677246094,12.0,4.5714287757873535
2026-09-09 19:00:00+00:00,10.0,6.768392562866211,11.0,4.142857074737549
2026-09-09 20:00:00+00:00,11.0,5.537137508392334,9.0,4.25
2026-09-09 21:00:00+00:00,12.0,5.437503337860107,9.0,2.857142925262451
2026-09-09 22:00:00+00:00,13.0,5.394707202911377,9.0,1.6666666269302368
2026-09-09 23:00:00+00:00,14.0,4.810555934906006,8.0,1.25
2026-09-10 00:00:00+00:00,15.0,3.632488250732422,6.0,1.1666666269302368
2026-09-10 01:00:00+00:00,16.0,3.065943479537964,5.0,0.8888888955116272
2026-09-10 02:00:00+00:00,17.0,3.8155620098114014,6.0,0.0
2026-09-10 03:00:00+00:00,18.0,2.046445846557617,3.0,1.75
2026-09-10 04:00:00+00:00,19.0,3.0168237686157227,4.0,4.714285850524902
2026-09-10 05:00:00+00:00,20.0,3.2207369804382324,4.0,4.75
2026-09-10 06:00:00+00:00,21.0,3.2716095447540283,4.0,4.833333492279053
2026-09-10 07:00:00+00:00,22.0,6.332103729248047,7.0,5.5
2026-09-10 08:00:00+00:00,23.0,6.668631076812744,7.0,7.0
2026-09-10 09:00:00+00:00,24.0,6.8887505531311035,7.0,10.333333015441895
2026-09-09 11:00:00+00:00,1.0,14.310043334960938,19.0,13.571428298950195
2026-09-09 12:00:00+00:00,2.0,12.579191207885742,17.0,13.0
2026-09-09 13:00:00+00:00,3.0,11.380630493164062,16.0,12.0
2026-09-09 14:00:00+00:00,4.0,9.821520805358887,14.0,7.888888835906982
2026-09-09 15:00:00+00:00,5.0,8.907148361206055,13.0,7.666666507720947
2026-09-09 16:00:00+00:00,6.0,8.00338077545166,12.0,6.857142925262451
2026-09-09 17:00:00+00:00,7.0,7.752787113189697,12.0,8.0
2026-09-09 18:00:00+00:00,8.0,6.938467025756836,11.0,4.5714287757873535
2026-09-09 19:00:00+00:00,9.0,6.217715740203857,10.0,4.142857074737549
2026-09-09 20:00:00+00:00,10.0,5.5790629386901855,9.0,4.25
2026-09-09 21:00:00+00:00,11.0,5.471268177032471,9.0,2.857142925262451
2026-09-09 22:00:00+00:00,12.0,4.857189178466797,8.0,1.6666666269302368
2026-09-09 23:00:00+00:00,13.0,4.865657806396484,8.0,1.25
2026-09-10 00:00:00+00:00,14.0,4.283838748931885,7.0,1.1666666269302368
2026-09-10 01:00:00+00:00,15.0,3.696685552597046,6.0,0.8888888955116272
2026-09-10 02:00:00+00:00,16.0,4.391508102416992,7.0,0.0
2026-09-10 03:00:00+00:00,17.0,2.6726644039154053,4.0,1.75
2026-09-10 04:00:00+00:00,18.0,2.3236842155456543,3.0,4.714285850524902
2026-09-10 05:00:00+00:00,19.0,2.9249463081359863,4.0,4.75
2026-09-10 06:00:00+00:00,20.0,4.110697269439697,5.0,4.833333492279053
2026-09-10 07:00:00+00:00,21.0,3.5841221809387207,4.0,5.5
2026-09-10 08:00:00+00:00,22.0,7.562246322631836,8.0,7.0
2026-09-10 09:00:00+00:00,23.0,7.913052558898926,8.0,10.333333015441895
2026-09-10 10:00:00+00:00,24.0,7.996644020080566,8.0,13.0
2026-09-09 12:00:00+00:00,1.0,13.898092269897461,19.0,13.0
2026-09-09 13:00:00+00:00,2.0,11.480122566223145,16.0,12.0
2026-09-09 14:00:00+00:00,3.0,9.77551555633545,14.0,7.888888835906982
2026-09-09 15:00:00+00:00,4.0,9.57886791229248,14.0,7.666666507720947
2026-09-09 16:00:00+00:00,5.0,8.034099578857422,12.0,6.857142925262451
2026-09-09 17:00:00+00:00,6.0,7.157401084899902,11.0,8.0
2026-09-09 18:00:00+00:00,7.0,5.816948413848877,9.0,4.5714287757873535
2026-09-09 19:00:00+00:00,8.0,6.232846736907959,10.0,4.142857074737549
2026-09-09 20:00:00+00:00,9.0,5.574345588684082,9.0,4.25
2026-09-09 21:00:00+00:00,10.0,4.897978782653809,8.0,2.857142925262451
2026-09-09 22:00:00+00:00,11.0,4.874807834625244,8.0,1.6666666269302368
2026-09-09 23:00:00+00:00,12.0,4.28054666519165,7.0,1.25
2026-09-10 00:00:00+00:00,13.0,4.2950029373168945,7.0,1.1666666269302368
2026-09-10 01:00:00+00:00,14.0,3.7204020023345947,6.0,0.8888888955116272
2026-09-10 02:00:00+00:00,15.0,3.798391342163086,6.0,0.0
2026-09-10 03:00:00+00:00,16.0,2.67248797416687,4.0,1.75
2026-09-10 04:00:00+00:00,17.0,1.500330924987793,2.0,4.714285850524902
2026-09-10 05:00:00+00:00,18.0,3.201972484588623,4.0,4.75
2026-09-10 06:00:00+00:00,19.0,4.257241249084473,5.0,4.833333492279053
2026-09-10 07:00:00+00:00,20.0,4.552059650421143,5.0,5.5
2026-09-10 08:00:00+00:00,21.0,5.751541614532471,6.0,7.0
2026-09-10 09:00:00+00:00,22.0,6.872758388519287,7.0,10.333333015441895
2026-09-10 10:00:00+00:00,23.0,8.770028114318848,9.0,13.0
2026-09-10 11:00:00+00:00,24.0,9.62885570526123,10.0,13.0
2026-09-09 13:00:00+00:00,1.0,11.511482238769531,16.0,12.0
2026-09-09 14:00:00+00:00,2.0,9.800355911254883,14.0,7.888888835906982
2026-09-09 15:00:00+00:00,3.0,9.6129732131958,14.0,7.666666507720947
2026-09-09 16:00:00+00:00,4.0,8.073017120361328,12.0,6.857142925262451
2026-09-09 17:00:00+00:00,5.0,7.203025817871094,11.0,8.0
2026-09-09 18:00:00+00:00,6.0,5.857077121734619,9.0,4.5714287757873535
2026-09-09 19:00:00+00:00,7.0,6.284432411193848,10.0,4.142857074737549
2026-09-09 20:00:00+00:00,8.0,5.622664928436279,9.0,4.25
2026-09-09 21:00:00+00:00,9.0,4.944482326507568,8.0,2.857142925262451
2026-09-09 22:00:00+00:00,10.0,4.916718482971191,8.0,1.6666666269302368
2026-09-09 23:00:00+00:00,11.0,4.316709518432617,7.0,1.25
2026-09-10 00:00:00+00:00,12.0,4.335260391235352,7.0,1.1666666269302368
2026-09-10 01:00:00+00:00,13.0,3.7565863132476807,6.0,0.8888888955116272
2026-09-10 02:00:00+00:00,14.0,3.8287479877471924,6.0,0.0
2026-09-10 03:00:00+00:00,15.0,2.6890859603881836,4.0,1.75
2026-09-10 04:00:00+00:00,16.0,1.516390085220337,2.0,4.714285850524902
2026-09-10 05:00:00+00:00,17.0,3.224780797958374,4.0,4.75
2026-09-10 06:00:00+00:00,18.0,4.274359226226807,5.0,4.833333492279053
2026-09-10 07:00:00+00:00,19.0,4.563266277313232,5.0,5.5
2026-09-10 08:00:00+00:00,20.0,5.761436462402344,6.0,7.0
2026-09-10 09:00:00+00:00,21.0,6.879384994506836,7.0,10.333333015441895
2026-09-10 10:00:00+00:00,22.0,8.762064933776855,9.0,13.0
2026-09-10 11:00:00+00:00,23.0,9.61668586730957,10.0,13.0
2026-09-10 12:00:00+00:00,24.0,9.571600914001465,10.0,11.5
2026-09-09 14:00:00+00:00,1.0,9.776925086975098,14.0,7.888888835906982
2026-09-09 15:00:00+00:00,2.0,8.910948753356934,13.0,7.666666507720947
2026-09-09 16:00:00+00:00,3.0,8.03901481628418,12.0,6.857142925262451
2026-09-09 17:00:00+00:00,4.0,7.80562162399292,12.0,8.0
2026-09-09 18:00:00+00:00,5.0,7.014556884765625,11.0,4.5714287757873535
2026-09-09 19:00:00+00:00,6.0,6.286325454711914,10.0,4.142857074737549
2026-09-09 20:00:00+00:00,7.0,5.626607894897461,9.0,4.25
2026-09-09 21:00:00+00:00,8.0,4.930323123931885,8.0,2.857142925262451
2026-09-09 22:00:00+00:00,9.0,4.9033050537109375,8.0,1.6666666269302368
2026-09-09 23:00:00+00:00,10.0,4.89955997467041,8.0,1.25
2026-09-10 00:00:00+00:00,11.0,4.33373498916626,7.0,1.1666666269302368
2026-09-10 01:00:00+00:00,12.0,3.7635226249694824,6.0,0.8888888955116272
2026-09-10 02:00:00+00:00,13.0,3.8251266479492188,6.0,0.0
2026-09-10 03:00:00+00:00,14.0,2.058690309524536,3.0,1.75
2026-09-10 04:00:00+00:00,15.0,1.6081931591033936,2.0,4.714285850524902
2026-09-10 05:00:00+00:00,16.0,3.9919071197509766,5.0,4.75
2026-09-10 06:00:00+00:00,17.0,5.136090278625488,6.0,4.833333492279053
2026-09-10 07:00:00+00:00,18.0,7.191236972808838,8.0,5.5
2026-09-10 08:00:00+00:00,19.0,7.487781047821045,8.0,7.0
2026-09-10 09:00:00+00:00,20.0,7.772757053375244,8.0,10.333333015441895
2026-09-10 10:00:00+00:00,21.0,7.900223255157471,8.0,13.0
2026-09-10 11:00:00+00:00,22.0,7.936561584472656,8.0,13.0
2026-09-10 12:00:00+00:00,23.0,7.852288722991943,8.0,11.5
2026-09-10 13:00:00+00:00,24.0,7.639361381530762,8.0,8.875
2026-09-09 15:00:00+00:00,1.0,9.56130313873291,14.0,7.666666507720947
2026-09-09 16:00:00+00:00,2.0,8.057880401611328,12.0,6.857142925262451
2026-09-09 17:00:00+00:00,3.0,6.599018573760986,10.0,8.0
2026-09-09 18:00:00+00:00,4.0,5.876523971557617,9.0,4.5714287757873535
2026-09-09 19:00:00+00:00,5.0,6.2900004386901855,10.0,4.142857074737549
2026-09-09 20:00:00+00:00,6.0,5.0107831954956055,8.0,4.25
2026-09-09 21:00:00+00:00,7.0,4.905827045440674,8.0,2.857142925262451
2026-09-09 22:00:00+00:00,8.0,4.8920793533325195,8.0,1.6666666269302368
2026-09-09 23:00:00+00:00,9.0,4.30295467376709,7.0,1.25
2026-09-10 00:00:00+00:00,10.0,4.317990303039551,7.0,1.1666666269302368
2026-09-10 01:00:00+00:00,11.0,3.7606961727142334,6.0,0.8888888955116272
2026-09-10 02:00:00+00:00,12.0,3.845673084259033,6.0,0.0
2026-09-10 03:00:00+00:00,13.0,2.741898536682129,4.0,1.75
2026-09-10 04:00:00+00:00,14.0,2.183666229248047,3.0,4.714285850524902
2026-09-10 05:00:00+00:00,15.0,3.8749804496765137,5.0,4.75
2026-09-10 06:00:00+00:00,16.0,4.193615436553955,5.0,4.833333492279053
2026-09-10 07:00:00+00:00,17.0,5.4194769859313965,6.0,5.5
2026-09-10 08:00:00+00:00,18.0,6.628520965576172,7.0,7.0
2026-09-10 09:00:00+00:00,19.0,7.6897969245910645,8.0,10.333333015441895
2026-09-10 10:00:00+00:00,20.0,8.583579063415527,9.0,13.0
2026-09-10 11:00:00+00:00,21.0,7.900834560394287,8.0,13.0
2026-09-10 12:00:00+00:00,22.0,8.534433364868164,9.0,11.5
2026-09-10 13:00:00+00:00,23.0,7.687686920166016,8.0,8.875
2026-09-10 14:00:00+00:00,24.0,7.591944217681885,9.0,7.4285712242126465
2026-09-09 16:00:00+00:00,1.0,8.024801254272461,12.0,6.857142925262451
2026-09-09 17:00:00+00:00,2.0,6.573017597198486,10.0,8.0
2026-09-09 18:00:00+00:00,3.0,5.85166072845459,9.0,4.5714287757873535
2026-09-09 19:00:00+00:00,4.0,6.268783092498779,10.0,4.142857074737549
2026-09-09 20:00:00+00:00,5.0,4.981811046600342,8.0,4.25
2026-09-09 21:00:00+00:00,6.0,4.877186298370361,8.0,2.857142925262451
2026-09-09 22:00:00+00:00,7.0,4.871597766876221,8.0,1.6666666269302368
2026-09-09 23:00:00+00:00,8.0,4.2858405113220215,7.0,1.25
2026-09-10 00:00:00+00:00,9.0,4.300090312957764,7.0,1.1666666269302368
2026-09-10 01:00:00+00:00,10.0,3.7435758113861084,6.0,0.8888888955116272
2026-09-10 02:00:00+00:00,11.0,3.831907272338867,6.0,0.0
2026-09-10 03:00:00+00:00,12.0,2.7331883907318115,4.0,1.75
2026-09-10 04:00:00+00:00,13.0,2.157909631729126,3.0,4.714285850524902
2026-09-10 05:00:00+00:00,14.0,3.832479476928711,5.0,4.75
2026-09-10 06:00:00+00:00,15.0,4.151976108551025,5.0,4.833333492279053
2026-09-10 07:00:00+00:00,16.0,5.380737781524658,6.0,5.5
2026-09-10 08:00:00+00:00,17.0,6.583368301391602,7.0,7.0
2026-09-10 09:00:00+00:00,18.0,7.637472629547119,8.0,10.333333015441895
2026-09-10 10:00:00+00:00,19.0,8.51378345489502,9.0,13.0
2026-09-10 11:00:00+00:00,20.0,7.843891143798828,8.0,13.0
2026-09-10 12:00:00+00:00,21.0,8.465384483337402,9.0,11.5
2026-09-10 13:00:00+00:00,22.0,7.633775234222412,8.0,8.875
2026-09-10 14:00:00+00:00,23.0,7.544690132141113,9.0,7.4285712242126465
2026-09-10 15:00:00+00:00,24.0,8.062841415405273,10.0,6.400000095367432
2026-09-09 17:00:00+00:00,1.0,7.730587482452393,12.0,8.0
2026-09-09 18:00:00+00:00,2.0,6.953709125518799,11.0,4.5714287757873535
2026-09-09 19:00:00+00:00,3.0,6.2287187576293945,10.0,4.142857074737549
2026-09-09 20:00:00+00:00,4.0,5.559516429901123,9.0,4.25
2026-09-09 21:00:00+00:00,5.0,4.876262664794922,8.0,2.857142925262451
2026-09-09 22:00:00+00:00,6.0,4.850015163421631,8.0,1.6666666269302368
2026-09-09 23:00:00+00:00,7.0,4.249129295349121,7.0,1.25
2026-09-10 00:00:00+00:00,8.0,4.245888710021973,7.0,1.1666666269302368
2026-09-10 01:00:00+00:00,9.0,3.703245162963867,6.0,0.8888888955116272
2026-09-10 02:00:00+00:00,10.0,2.5655672550201416,4.0,0.0
2026-09-10 03:00:00+00:00,11.0,1.5822253227233887,2.0,1.75
2026-09-10 04:00:00+00:00,12.0,2.6449296474456787,4.0,4.714285850524902
2026-09-10 05:00:00+00:00,13.0,3.9776298999786377,5.0,4.75
2026-09-10 06:00:00+00:00,14.0,5.023523330688477,6.0,4.833333492279053
2026-09-10 07:00:00+00:00,15.0,7.790325164794922,9.0,5.5
2026-09-10 08:00:00+00:00,16.0,8.108856201171875,9.0,7.0
2026-09-10 09:00:00+00:00,17.0,9.076269149780273,10.0,10.333333015441895
2026-09-10 10:00:00+00:00,18.0,8.41307258605957,9.0,13.0
2026-09-10 11:00:00+00:00,19.0,8.478492736816406,9.0,13.0
2026-09-10 12:00:00+00:00,20.0,7.65579080581665,8.0,11.5
2026-09-10 13:00:00+00:00,21.0,8.279387474060059,9.0,8.875
2026-09-10 14:00:00+00:00,22.0,8.555811882019043,10.0,7.4285712242126465
2026-09-10 15:00:00+00:00,23.0,8.815324783325195,11.0,6.400000095367432
2026-09-10 16:00:00+00:00,24.0,6.632251262664795,8.0,5.5
2026-09-09 18:00:00+00:00,1.0,6.977396488189697,11.0,4.5714287757873535
2026-09-09 19:00:00+00:00,2.0,6.2555460929870605,10.0,4.142857074737549
2026-09-09 20:00:00+00:00,3.0,6.148141860961914,10.0,4.25
2026-09-09 21:00:00+00:00,4.0,4.9011993408203125,8.0,2.857142925262451
2026-09-09 22:00:00+00:00,5.0,4.254269599914551,7.0,1.6666666269302368
2026-09-09 23:00:00+00:00,6.0,4.245532989501953,7.0,1.25
2026-09-10 00:00:00+00:00,7.0,3.0557892322540283,5.0,1.1666666269302368
2026-09-10 01:00:00+00:00,8.0,2.482053279876709,4.0,0.8888888955116272
2026-09-10 02:00:00+00:00,9.0,1.960874319076538,3.0,0.0
2026-09-10 03:00:00+00:00,10.0,0.8140727877616882,1.0,1.75
2026-09-10 04:00:00+00:00,11.0,3.7375566959381104,5.0,4.714285850524902
2026-09-10 05:00:00+00:00,12.0,4.732409477233887,6.0,4.75
2026-09-10 06:00:00+00:00,13.0,5.09946870803833,6.0,4.833333492279053
2026-09-10 07:00:00+00:00,14.0,6.968924522399902,8.0,5.5
2026-09-10 08:00:00+00:00,15.0,7.934825897216797,9.0,7.0
2026-09-10 09:00:00+00:00,16.0,8.09015941619873,9.0,10.333333015441895
2026-09-10 10:00:00+00:00,17.0,8.23708438873291,9.0,13.0
2026-09-10 11:00:00+00:00,18.0,8.316910743713379,9.0,13.0
2026-09-10 12:00:00+00:00,19.0,8.290380477905273,9.0,11.5
2026-09-10 13:00:00+00:00,20.0,8.284087181091309,9.0,8.875
2026-09-10 14:00:00+00:00,21.0,8.32883071899414,10.0,7.4285712242126465
2026-09-10 15:00:00+00:00,22.0,8.150798797607422,10.0,6.400000095367432
2026-09-10 16:00:00+00:00,23.0,7.3745951652526855,9.0,5.5
2026-09-10 17:00:00+00:00,24.0,7.030064105987549,9.0,4.0
2026-09-09 19:00:00+00:00,1.0,6.822525501251221,11.0,4.142857074737549
2026-09-09 20:00:00+00:00,2.0,5.5444560050964355,9.0,4.25
2026-09-09 21:00:00+00:00,3.0,4.82576847076416,8.0,2.857142925262451
2026-09-09 22:00:00+00:00,4.0,4.2020344734191895,7.0,1.6666666269302368
2026-09-09 23:00:00+00:00,5.0,3.023883819580078,5.0,1.25
2026-09-10 00:00:00+00:00,6.0,3.0404083728790283,5.0,1.1666666269302368
2026-09-10 01:00:00+00:00,7.0,3.0895631313323975,5.0,0.8888888955116272
2026-09-10 02:00:00+00:00,8.0,2.0275228023529053,3.0,0.0
2026-09-10 03:00:00+00:00,9.0,1.4590716361999512,2.0,1.75
2026-09-10 04:00:00+00:00,10.0,3.659817934036255,5.0,4.714285850524902
2026-09-10 05:00:00+00:00,11.0,4.797116756439209,6.0,4.75
2026-09-10 06:00:00+00:00,12.0,5.831078052520752,7.0,4.833333492279053
2026-09-10 07:00:00+00:00,13.0,6.965642929077148,8.0,5.5
2026-09-10 08:00:00+00:00,14.0,8.64291763305664,10.0,7.0
2026-09-10 09:00:00+00:00,15.0,8.868568420410156,10.0,10.333333015441895
2026-09-10 10:00:00+00:00,16.0,8.837377548217773,10.0,13.0
2026-09-10 11:00:00+00:00,17.0,8.174708366394043,9.0,13.0
2026-09-10 12:00:00+00:00,18.0,8.1411714553833,9.0,11.5
2026-09-10 13:00:00+00:00,19.0,7.381699085235596,8.0,8.875
2026-09-10 14:00:00+00:00,20.0,7.525649547576904,9.0,7.4285712242126465
2026-09-10 15:00:00+00:00,21.0,8.045849800109863,10.0,6.400000095367432
2026-09-10 16:00:00+00:00,22.0,7.283822059631348,9.0,5.5
2026-09-10 17:00:00+00:00,23.0,6.309414386749268,8.0,4.0
2026-09-10 18:00:00+00:00,24.0,4.817971229553223,6.0,4.333333492279053
2026-09-09 20:00:00+00:00,1.0,6.116844654083252,10.0,4.25
2026-09-09 21:00:00+00:00,2.0,4.844008445739746,8.0,2.857142925262451
2026-09-09 22:00:00+00:00,3.0,4.217231750488281,7.0,1.6666666269302368
2026-09-09 23:00:00+00:00,4.0,4.1890645027160645,7.0,1.25
2026-09-10 00:00:00+00:00,5.0,3.036674976348877,5.0,1.1666666269302368
2026-09-10 01:00:00+00:00,6.0,2.4718031883239746,4.0,0.8888888955116272
2026-09-10 02:00:00+00:00,7.0,1.9409801959991455,3.0,0.0
2026-09-10 03:00:00+00:00,8.0,0.8112123608589172,1.0,1.75
2026-09-10 04:00:00+00:00,9.0,4.287082195281982,6.0,4.714285850524902
2026-09-10 05:00:00+00:00,10.0,4.574537754058838,6.0,4.75
2026-09-10 06:00:00+00:00,11.0,6.53959321975708,8.0,4.833333492279053
2026-09-10 07:00:00+00:00,12.0,7.55941104888916,9.0,5.5
2026-09-10 08:00:00+00:00,13.0,6.440985202789307,7.0,7.0
2026-09-10 09:00:00+00:00,14.0,8.107769966125488,9.0,10.333333015441895
2026-09-10 10:00:00+00:00,15.0,8.829243659973145,10.0,13.0
2026-09-10 11:00:00+00:00,16.0,8.252401351928711,9.0,13.0
2026-09-10 12:00:00+00:00,17.0,9.677360534667969,11.0,11.5
2026-09-10 13:00:00+00:00,18.0,9.613404273986816,11.0,8.875
2026-09-10 14:00:00+00:00,19.0,8.615425109863281,10.0,7.4285712242126465
2026-09-10 15:00:00+00:00,20.0,8.217047691345215,10.0,6.400000095367432
2026-09-10 16:00:00+00:00,21.0,7.387275695800781,9.0,5.5
2026-09-10 17:00:00+00:00,22.0,5.72140645980835,7.0,4.0
2026-09-10 18:00:00+00:00,23.0,4.718505859375,6.0,4.333333492279053
2026-09-10 19:00:00+00:00,24.0,3.7281134128570557,5.0,7.5
2026-09-09 21:00:00+00:00,1.0,4.775284290313721,8.0,2.857142925262451
2026-09-09 22:00:00+00:00,2.0,4.7197346687316895,8.0,1.6666666269302368
2026-09-09 23:00:00+00:00,3.0,3.554518222808838,6.0,1.25
2026-09-10 00:00:00+00:00,4.0,2.955197811126709,5.0,1.1666666269302368
2026-09-10 01:00:00+00:00,5.0,1.8443316221237183,3.0,0.8888888955116272
2026-09-10 02:00:00+00:00,6.0,1.9005091190338135,3.0,0.0
2026-09-10 03:00:00+00:00,7.0,1.41478431224823,2.0,1.75
2026-09-10 04:00:00+00:00,8.0,3.5402305126190186,5.0,4.714285850524902
2026-09-10 05:00:00+00:00,9.0,4.560574054718018,6.0,4.75
2026-09-10 06:00:00+00:00,10.0,5.696135997772217,7.0,4.833333492279053
2026-09-10 07:00:00+00:00,11.0,6.778558731079102,8.0,5.5
2026-09-10 08:00:00+00:00,12.0,7.690840244293213,9.0,7.0
2026-09-10 09:00:00+00:00,13.0,7.980500221252441,9.0,10.333333015441895
2026-09-10 10:00:00+00:00,14.0,8.131124496459961,9.0,13.0
2026-09-10 11:00:00+00:00,15.0,8.991520881652832,10.0,13.0
2026-09-10 12:00:00+00:00,16.0,7.552117347717285,8.0,11.5
2026-09-10 13:00:00+00:00,17.0,8.783373832702637,10.0,8.875
2026-09-10 14:00:00+00:00,18.0,8.450160026550293,10.0,7.4285712242126465
2026-09-10 15:00:00+00:00,19.0,8.070962905883789,10.0,6.400000095367432
2026-09-10 16:00:00+00:00,20.0,7.041579723358154,9.0,5.5
2026-09-10 17:00:00+00:00,21.0,6.129154205322266,8.0,4.0
2026-09-10 18:00:00+00:00,22.0,4.66618537902832,6.0,4.333333492279053
2026-09-10 19:00:00+00:00,23.0,4.407424449920654,6.0,7.5
2026-09-10 20:00:00+00:00,24.0,2.726212501525879,4.0,9.571428298950195
2026-09-09 22:00:00+00:00,1.0,4.085830211639404,7.0,1.6666666269302368
2026-09-09 23:00:00+00:00,2.0,3.498182535171509,6.0,1.25
2026-09-10 00:00:00+00:00,3.0,2.928791046142578,5.0,1.1666666269302368
2026-09-10 01:00:00+00:00,4.0,2.3891491889953613,4.0,0.8888888955116272
2026-09-10 02:00:00+00:00,5.0,1.8727208375930786,3.0,0.0
2026-09-10 03:00:00+00:00,6.0,2.134584426879883,3.0,1.75
2026-09-10 04:00:00+00:00,7.0,4.018242835998535,6.0,4.714285850524902
2026-09-10 05:00:00+00:00,8.0,3.748922348022461,5.0,4.75
2026-09-10 06:00:00+00:00,9.0,4.827243328094482,6.0,4.833333492279053
2026-09-10 07:00:00+00:00,10.0,5.856972694396973,7.0,5.5
2026-09-10 08:00:00+00:00,11.0,6.946791172027588,8.0,7.0
2026-09-10 09:00:00+00:00,12.0,8.637005805969238,10.0,10.333333015441895
2026-09-10 10:00:00+00:00,13.0,8.054014205932617,9.0,13.0
2026-09-10 11:00:00+00:00,14.0,8.921278953552246,10.0,13.0
2026-09-10 12:00:00+00:00,15.0,8.216157913208008,9.0,11.5
2026-09-10 13:00:00+00:00,16.0,8.640461921691895,10.0,8.875
2026-09-10 14:00:00+00:00,17.0,8.933554649353027,11.0,7.4285712242126465
2026-09-10 15:00:00+00:00,18.0,7.268229007720947,9.0,6.400000095367432
2026-09-10 16:00:00+00:00,19.0,7.0682501792907715,9.0,5.5
2026-09-10 17:00:00+00:00,20.0,5.595484256744385,7.0,4.0
2026-09-10 18:00:00+00:00,21.0,4.552236080169678,6.0,4.333333492279053
2026-09-10 19:00:00+00:00,22.0,4.282041072845459,6.0,7.5
2026-09-10 20:00:00+00:00,23.0,3.9422414302825928,6.0,9.571428298950195
2026-09-10 21:00:00+00:00,24.0,3.222142457962036,5.0,8.800000190734863
2026-09-09 23:00:00+00:00,2.0,3.4746546745300293,6.0,1.25
2026-09-10 00:00:00+00:00,3.0,2.9042296409606934,5.0,1.1666666269302368
2026-09-10 01:00:00+00:00,4.0,2.368126392364502,4.0,0.8888888955116272
2026-09-10 02:00:00+00:00,5.0,1.8580878973007202,3.0,0.0
2026-09-10 03:00:00+00:00,6.0,2.1071882247924805,3.0,1.75
2026-09-10 04:00:00+00:00,7.0,3.9709835052490234,6.0,4.714285850524902
2026-09-10 05:00:00+00:00,8.0,3.692464590072632,5.0,4.75
2026-09-10 06:00:00+00:00,9.0,4.764267444610596,6.0,4.833333492279053
2026-09-10 07:00:00+00:00,10.0,5.787778377532959,7.0,5.5
2026-09-10 08:00:00+00:00,11.0,6.879601001739502,8.0,7.0
2026-09-10 09:00:00+00:00,12.0,8.568155288696289,10.0,10.333333015441895
2026-09-10 10:00:00+00:00,13.0,8.005582809448242,9.0,13.0
2026-09-10 11:00:00+00:00,14.0,8.882914543151855,10.0,13.0
2026-09-10 12:00:00+00:00,15.0,8.17632007598877,9.0,11.5
2026-09-10 13:00:00+00:00,16.0,8.606867790222168,10.0,8.875
2026-09-10 14:00:00+00:00,17.0,8.900076866149902,11.0,7.4285712242126465
2026-09-10 15:00:00+00:00,18.0,7.235530853271484,9.0,6.400000095367432
2026-09-10 16:00:00+00:00,19.0,7.036070823669434,9.0,5.5
2026-09-10 17:00:00+00:00,20.0,5.564000606536865,7.0,4.0
2026-09-10 18:00:00+00:00,21.0,4.510286331176758,6.0,4.333333492279053
2026-09-10 19:00:00+00:00,22.0,4.234835147857666,6.0,7.5
2026-09-10 20:00:00+00:00,23.0,3.8999037742614746,6.0,9.571428298950195
2026-09-10 21:00:00+00:00,24.0,3.1870131492614746,5.0,8.800000190734863
2026-09-10 22:00:00+00:00,25.0,4.442975997924805,7.0,6.25
2026-09-10 00:00:00+00:00,3.0,2.873605489730835,5.0,1.1666666269302368
2026-09-10 01:00:00+00:00,4.0,2.342085599899292,4.0,0.8888888955116272
2026-09-10 02:00:00+00:00,5.0,1.8410415649414062,3.0,0.0
2026-09-10 03:00:00+00:00,6.0,2.0743842124938965,3.0,1.75
2026-09-10 04:00:00+00:00,7.0,3.9171106815338135,6.0,4.714285850524902
2026-09-10 05:00:00+00:00,8.0,3.63693904876709,5.0,4.75
2026-09-10 06:00:00+00:00,9.0,4.692885875701904,6.0,4.833333492279053
2026-09-10 07:00:00+00:00,10.0,5.714627265930176,7.0,5.5
2026-09-10 08:00:00+00:00,11.0,6.805069446563721,8.0,7.0
2026-09-10 09:00:00+00:00,12.0,8.510788917541504,10.0,10.333333015441895
2026-09-10 10:00:00+00:00,13.0,7.964560508728027,9.0,13.0
2026-09-10 11:00:00+00:00,14.0,8.835121154785156,10.0,13.0
2026-09-10 12:00:00+00:00,15.0,8.139017105102539,9.0,11.5
2026-09-10 13:00:00+00:00,16.0,8.573990821838379,10.0,8.875
2026-09-10 14:00:00+00:00,17.0,8.867264747619629,11.0,7.4285712242126465
2026-09-10 15:00:00+00:00,18.0,7.209639072418213,9.0,6.400000095367432
2026-09-10 16:00:00+00:00,19.0,7.010168075561523,9.0,5.5
2026-09-10 17:00:00+00:00,20.0,5.541971683502197,7.0,4.0
2026-09-10 18:00:00+00:00,21.0,4.4687957763671875,6.0,4.333333492279053
2026-09-10 19:00:00+00:00,22.0,4.18277645111084,6.0,7.5
2026-09-10 20:00:00+00:00,23.0,3.8525619506835938,6.0,9.571428298950195
2026-09-10 21:00:00+00:00,24.0,3.150256633758545,5.0,8.800000190734863
2026-09-10 22:00:00+00:00,25.0,4.399448871612549,7.0,6.25
2026-09-10 23:00:00+00:00,26.0,5.772717475891113,9.0,7.857142925262451
2026-09-10 01:00:00+00:00,4.0,2.308534622192383,4.0,0.8888888955116272
2026-09-10 02:00:00+00:00,5.0,1.8175246715545654,3.0,0.0
2026-09-10 03:00:00+00:00,6.0,2.033397674560547,3.0,1.75
2026-09-10 04:00:00+00:00,7.0,3.85092830657959,6.0,4.714285850524902
2026-09-10 05:00:00+00:00,8.0,3.5777275562286377,5.0,4.75
2026-09-10 06:00:00+00:00,9.0,4.61698579788208,6.0,4.833333492279053
2026-09-10 07:00:00+00:00,10.0,5.624858856201172,7.0,5.5
2026-09-10 08:00:00+00:00,11.0,6.719334602355957,8.0,7.0
2026-09-10 09:00:00+00:00,12.0,8.448822021484375,10.0,10.333333015441895
2026-09-10 10:00:00+00:00,13.0,7.907975196838379,9.0,13.0
2026-09-10 11:00:00+00:00,14.0,8.79038143157959,10.0,13.0
2026-09-10 12:00:00+00:00,15.0,8.113106727600098,9.0,11.5
2026-09-10 13:00:00+00:00,16.0,8.542363166809082,10.0,8.875
2026-09-10 14:00:00+00:00,17.0,8.845671653747559,11.0,7.4285712242126465
2026-09-10 15:00:00+00:00,18.0,7.189820289611816,9.0,6.400000095367432
2026-09-10 16:00:00+00:00,19.0,6.987696170806885,9.0,5.5
2026-09-10 17:00:00+00:00,20.0,5.515139102935791,7.0,4.0
2026-09-10 18:00:00+00:00,21.0,4.429232597351074,6.0,4.333333492279053
2026-09-10 19:00:00+00:00,22.0,4.122325420379639,6.0,7.5
2026-09-10 20:00:00+00:00,23.0,3.797011375427246,6.0,9.571428298950195
2026-09-10 21:00:00+00:00,24.0,3.105210781097412,5.0,8.800000190734863
2026-09-10 22:00:00+00:00,25.0,4.343901634216309,7.0,6.25
2026-09-10 23:00:00+00:00,26.0,5.703397750854492,9.0,7.857142925262451
2026-09-11 00:00:00+00:00,27.0,6.011439323425293,9.0,11.5
2026-09-10 02:00:00+00:00,5.0,1.7939790487289429,3.0,0.0
2026-09-10 03:00:00+00:00,6.0,1.9914336204528809,3.0,1.75
2026-09-10 04:00:00+00:00,7.0,3.785390853881836,6.0,4.714285850524902
2026-09-10 05:00:00+00:00,8.0,3.5182743072509766,5.0,4.75
2026-09-10 06:00:00+00:00,9.0,4.539713382720947,6.0,4.833333492279053
2026-09-10 07:00:00+00:00,10.0,5.5358567237854,7.0,5.5
2026-09-10 08:00:00+00:00,11.0,6.626943111419678,8.0,7.0
2026-09-10 09:00:00+00:00,12.0,8.372900009155273,10.0,10.333333015441895
2026-09-10 10:00:00+00:00,13.0,7.851072788238525,9.0,13.0
2026-09-10 11:00:00+00:00,14.0,8.739938735961914,10.0,13.0
2026-09-10 12:00:00+00:00,15.0,8.077727317810059,9.0,11.5
2026-09-10 13:00:00+00:00,16.0,8.508447647094727,10.0,8.875
2026-09-10 14:00:00+00:00,17.0,8.833745956420898,11.0,7.4285712242126465
2026-09-10 15:00:00+00:00,18.0,7.1713690757751465,9.0,6.400000095367432
2026-09-10 16:00:00+00:00,19.0,6.957954406738281,9.0,5.5
2026-09-10 17:00:00+00:00,20.0,5.483952522277832,7.0,4.0
2026-09-10 18:00:00+00:00,21.0,4.38857364654541,6.0,4.333333492279053
2026-09-10 19:00:00+00:00,22.0,4.069179058074951,6.0,7.5
2026-09-10 20:00:00+00:00,23.0,3.7399768829345703,6.0,9.571428298950195
2026-09-10 21:00:00+00:00,24.0,3.063350200653076,5.0,8.800000190734863
2026-09-10 22:00:00+00:00,25.0,4.286618709564209,7.0,6.25
2026-09-10 23:00:00+00:00,26.0,5.63599967956543,9.0,7.857142925262451
2026-09-11 00:00:00+00:00,27.0,5.945844650268555,9.0,11.5
2026-09-11 01:00:00+00:00,28.0,5.2371625900268555,8.0,11.600000381469727
2026-09-10 03:00:00+00:00,6.0,1.9588005542755127,3.0,1.75
2026-09-10 04:00:00+00:00,7.0,3.735682725906372,6.0,4.714285850524902
2026-09-10 05:00:00+00:00,8.0,3.468916416168213,5.0,4.75
2026-09-10 06:00:00+00:00,9.0,4.483498573303223,6.0,4.833333492279053
2026-09-10 07:00:00+00:00,10.0,5.470713138580322,7.0,5.5
2026-09-10 08:00:00+00:00,11.0,6.562557220458984,8.0,7.0
2026-09-10 09:00:00+00:00,12.0,8.326509475708008,10.0,10.333333015441895
2026-09-10 10:00:00+00:00,13.0,7.81422758102417,9.0,13.0
2026-09-10 11:00:00+00:00,14.0,8.702631950378418,10.0,13.0
2026-09-10 12:00:00+00:00,15.0,8.055112838745117,9.0,11.5
2026-09-10 13:00:00+00:00,16.0,8.496472358703613,10.0,8.875
2026-09-10 14:00:00+00:00,17.0,8.83645248413086,11.0,7.4285712242126465
2026-09-10 15:00:00+00:00,18.0,7.171065807342529,9.0,6.400000095367432
2026-09-10 16:00:00+00:00,19.0,6.938565254211426,9.0,5.5
2026-09-10 17:00:00+00:00,20.0,5.457076072692871,7.0,4.0
2026-09-10 18:00:00+00:00,21.0,4.351798057556152,6.0,4.333333492279053
2026-09-10 19:00:00+00:00,22.0,4.0312981605529785,6.0,7.5
2026-09-10 20:00:00+00:00,23.0,3.697399139404297,6.0,9.571428298950195
2026-09-10 21:00:00+00:00,24.0,3.0273544788360596,5.0,8.800000190734863
2026-09-10 22:00:00+00:00,25.0,4.23849630355835,7.0,6.25
2026-09-10 23:00:00+00:00,26.0,5.57340669631958,9.0,7.857142925262451
2026-09-11 00:00:00+00:00,27.0,5.886852741241455,9.0,11.5
2026-09-11 01:00:00+00:00,28.0,5.182178974151611,8.0,11.600000381469727
2026-09-11 02:00:00+00:00,29.0,5.202114105224609,8.0,8.625
2026-09-10 04:00:00+00:00,7.0,3.5645391941070557,6.0,4.714285850524902
2026-09-10 05:00:00+00:00,8.0,3.300044059753418,5.0,4.75
2026-09-10 06:00:00+00:00,9.0,4.309652805328369,6.0,4.833333492279053
2026-09-10 07:00:00+00:00,10.0,5.310372352600098,7.0,5.5
2026-09-10 08:00:00+00:00,11.0,6.44728422164917,8.0,7.0
2026-09-10 09:00:00+00:00,12.0,8.346322059631348,10.0,10.333333015441895
2026-09-10 10:00:00+00:00,13.0,7.874542713165283,9.0,13.0
2026-09-10 11:00:00+00:00,14.0,8.802149772644043,10.0,13.0
2026-09-10 12:00:00+00:00,15.0,8.134537696838379,9.0,11.5
2026-09-10 13:00:00+00:00,16.0,8.591475486755371,10.0,8.875
2026-09-10 14:00:00+00:00,17.0,8.994513511657715,11.0,7.4285712242126465
2026-09-10 15:00:00+00:00,18.0,7.286264896392822,9.0,6.400000095367432
2026-09-10 16:00:00+00:00,19.0,7.003028392791748,9.0,5.5
2026-09-10 17:00:00+00:00,20.0,5.390475273132324,7.0,4.0
2026-09-10 18:00:00+00:00,21.0,4.2538933753967285,6.0,4.333333492279053
2026-09-10 19:00:00+00:00,22.0,3.912994146347046,6.0,7.5
2026-09-10 20:00:00+00:00,23.0,3.55539870262146,6.0,9.571428298950195
2026-09-10 21:00:00+00:00,24.0,2.912353992462158,5.0,8.800000190734863
2026-09-10 22:00:00+00:00,25.0,4.084545612335205,7.0,6.25
2026-09-10 23:00:00+00:00,26.0,5.38212776184082,9.0,7.857142925262451
2026-09-11 00:00:00+00:00,27.0,5.738473415374756,9.0,11.5
2026-09-11 01:00:00+00:00,28.0,4.998089790344238,8.0,11.600000381469727
2026-09-11 02:00:00+00:00,29.0,5.0233612060546875,8.0,8.625
2026-09-11 03:00:00+00:00,30.0,6.487330436706543,10.0,10.666666984558105
2026-09-10 05:00:00+00:00,8.0,3.103015184402466,5.0,4.75
2026-09-10 06:00:00+00:00,9.0,4.061347961425781,6.0,4.833333492279053
2026-09-10 07:00:00+00:00,10.0,5.048742294311523,7.0,5.5
2026-09-10 08:00:00+00:00,11.0,6.200352668762207,8.0,7.0
2026-09-10 09:00:00+00:00,12.0,8.238460540771484,10.0,10.333333015441895
2026-09-10 10:00:00+00:00,13.0,7.819162368774414,9.0,13.0
2026-09-10 11:00:00+00:00,14.0,8.802196502685547,10.0,13.0
2026-09-10 12:00:00+00:00,15.0,8.134174346923828,9.0,11.5
2026-09-10 13:00:00+00:00,16.0,8.596175193786621,10.0,8.875
2026-09-10 14:00:00+00:00,17.0,9.09341049194336,11.0,7.4285712242126465
2026-09-10 15:00:00+00:00,18.0,7.328030586242676,9.0,6.400000095367432
2026-09-10 16:00:00+00:00,19.0,6.963852882385254,9.0,5.5
2026-09-10 17:00:00+00:00,20.0,5.261176109313965,7.0,4.0
2026-09-10 18:00:00+00:00,21.0,4.114475727081299,6.0,4.333333492279053
2026-09-10 19:00:00+00:00,22.0,3.744779348373413,6.0,7.5
2026-09-10 20:00:00+00:00,23.0,3.405400037765503,6.0,9.571428298950195
2026-09-10 21:00:00+00:00,24.0,2.7766876220703125,5.0,8.800000190734863
2026-09-10 22:00:00+00:00,25.0,3.89843487739563,7.0,6.25
2026-09-10 23:00:00+00:00,26.0,5.1651811599731445,9.0,7.857142925262451
2026-09-11 00:00:00+00:00,27.0,5.547211647033691,9.0,11.5
2026-09-11 01:00:00+00:00,28.0,4.781680583953857,8.0,11.600000381469727
2026-09-11 02:00:00+00:00,29.0,4.806273460388184,8.0,8.625
2026-09-11 03:00:00+00:00,30.0,6.241670608520508,10.0,10.666666984558105
2026-09-11 04:00:00+00:00,31.0,5.84552001953125,9.0,10.833333015441895
2026-09-10 06:00:00+00:00,9.0,3.9349093437194824,6.0,4.833333492279053
2026-09-10 07:00:00+00:00,10.0,4.919450759887695,7.0,5.5
2026-09-10 08:00:00+00:00,11.0,6.080419540405273,8.0,7.0
2026-09-10 09:00:00+00:00,12.0,8.137749671936035,10.0,10.333333015441895
2026-09-10 10:00:00+00:00,13.0,7.755810737609863,9.0,13.0
2026-09-10 11:00:00+00:00,14.0,8.787092208862305,10.0,13.0
2026-09-10 12:00:00+00:00,15.0,8.1221284866333,9.0,11.5
2026-09-10 13:00:00+00:00,16.0,8.592000007629395,10.0,8.875
2026-09-10 14:00:00+00:00,17.0,9.155829429626465,11.0,7.4285712242126465
2026-09-10 15:00:00+00:00,18.0,7.374617099761963,9.0,6.400000095367432
2026-09-10 16:00:00+00:00,19.0,6.918458938598633,9.0,5.5
2026-09-10 17:00:00+00:00,20.0,5.160487174987793,7.0,4.0
2026-09-10 18:00:00+00:00,21.0,4.0216965675354,6.0,4.333333492279053
2026-09-10 19:00:00+00:00,22.0,3.6484265327453613,6.0,7.5
2026-09-10 20:00:00+00:00,23.0,3.304715156555176,6.0,9.571428298950195
2026-09-10 21:00:00+00:00,24.0,2.6877458095550537,5.0,8.800000190734863
2026-09-10 22:00:00+00:00,25.0,3.7801923751831055,7.0,6.25
2026-09-10 23:00:00+00:00,26.0,5.0432000160217285,9.0,7.857142925262451
2026-09-11 00:00:00+00:00,27.0,5.427148342132568,9.0,11.5
2026-09-11 01:00:00+00:00,28.0,4.655977249145508,8.0,11.600000381469727
2026-09-11 02:00:00+00:00,29.0,4.669654369354248,8.0,8.625
2026-09-11 03:00:00+00:00,30.0,6.0921196937561035,10.0,10.666666984558105
2026-09-11 04:00:00+00:00,31.0,5.727842330932617,9.0,10.833333015441895
2026-09-11 05:00:00+00:00,32.0,7.47589111328125,11.0,11.833333015441895
2026-09-10 07:00:00+00:00,1.0,3.084137439727783,5.0,5.5
2026-09-10 08:00:00+00:00,2.0,3.1675972938537598,5.0,7.0
2026-09-10 09:00:00+00:00,3.0,5.355522155761719,7.0,10.333333015441895
2026-09-10 10:00:00+00:00,4.0,7.440948486328125,9.0,13.0
2026-09-10 11:00:00+00:00,5.0,8.548918724060059,10.0,13.0
2026-09-10 12:00:00+00:00,6.0,8.624103546142578,10.0,11.5
2026-09-10 13:00:00+00:00,7.0,8.546177864074707,10.0,8.875
2026-09-10 14:00:00+00:00,8.0,9.264872550964355,11.0,7.4285712242126465
2026-09-10 15:00:00+00:00,9.0,8.092153549194336,10.0,6.400000095367432
2026-09-10 16:00:00+00:00,10.0,6.875953197479248,9.0,5.5
2026-09-10 17:00:00+00:00,11.0,5.795116901397705,8.0,4.0
2026-09-10 18:00:00+00:00,12.0,3.95953369140625,6.0,4.333333492279053
2026-09-10 19:00:00+00:00,13.0,2.704957962036133,5.0,7.5
2026-09-10 20:00:00+00:00,14.0,2.6126279830932617,5.0,9.571428298950195
2026-09-10 21:00:00+00:00,15.0,3.7629201412200928,7.0,8.800000190734863
2026-09-10 22:00:00+00:00,16.0,4.332740783691406,8.0,6.25
2026-09-10 23:00:00+00:00,17.0,4.851598739624023,9.0,7.857142925262451
2026-09-11 00:00:00+00:00,18.0,4.9163007736206055,9.0,11.5
2026-09-11 01:00:00+00:00,19.0,5.580530166625977,10.0,11.600000381469727
2026-09-11 02:00:00+00:00,20.0,5.8056745529174805,10.0,8.625
2026-09-11 03:00:00+00:00,21.0,5.953418254852295,10.0,10.666666984558105
2026-09-11 04:00:00+00:00,22.0,6.84420919418335,11.0,10.833333015441895
2026-09-11 05:00:00+00:00,23.0,6.60481071472168,10.0,11.833333015441895
2026-09-11 06:00:00+00:00,24.0,7.567289352416992,11.0,12.5
2026-09-10 08:00:00+00:00,1.0,6.077301025390625,8.0,7.0
2026-09-10 09:00:00+00:00,2.0,6.451995372772217,8.0,10.333333015441895
2026-09-10 10:00:00+00:00,3.0,9.662588119506836,11.0,13.0
2026-09-10 11:00:00+00:00,4.0,9.903234481811523,11.0,13.0
2026-09-10 12:00:00+00:00,5.0,9.971158027648926,11.0,11.5
2026-09-10 13:00:00+00:00,6.0,11.462702751159668,13.0,8.875
2026-09-10 14:00:00+00:00,7.0,9.667234420776367,11.0,7.4285712242126465
2026-09-10 15:00:00+00:00,8.0,8.992826461791992,11.0,6.400000095367432
2026-09-10 16:00:00+00:00,9.0,7.179070472717285,9.0,5.5
2026-09-10 17:00:00+00:00,10.0,6.590591907501221,9.0,4.0
2026-09-10 18:00:00+00:00,11.0,4.860426425933838,7.0,4.333333492279053
2026-09-10 19:00:00+00:00,12.0,4.452183723449707,7.0,7.5
2026-09-10 20:00:00+00:00,13.0,3.576711893081665,6.0,9.571428298950195
2026-09-10 21:00:00+00:00,14.0,3.314013719558716,6.0,8.800000190734863
2026-09-10 22:00:00+00:00,15.0,3.7034401893615723,7.0,6.25
2026-09-10 23:00:00+00:00,16.0,3.61295223236084,7.0,7.857142925262451
2026-09-11 00:00:00+00:00,17.0,3.7245609760284424,7.0,11.5
2026-09-11 01:00:00+00:00,18.0,4.419518947601318,8.0,11.600000381469727
2026-09-11 02:00:00+00:00,19.0,5.259198188781738,9.0,8.625
2026-09-11 03:00:00+00:00,20.0,6.082724571228027,10.0,10.666666984558105
2026-09-11 04:00:00+00:00,21.0,7.024225234985352,11.0,10.833333015441895
2026-09-11 05:00:00+00:00,22.0,7.4050517082214355,11.0,11.833333015441895
2026-09-11 06:00:00+00:00,23.0,9.438817024230957,13.0,12.5
2026-09-11 07:00:00+00:00,24.0,8.606369018554688,11.0,14.75
2026-09-10 09:00:00+00:00,1.0,6.039623737335205,8.0,10.333333015441895
2026-09-10 10:00:00+00:00,2.0,7.187836170196533,9.0,13.0
2026-09-10 11:00:00+00:00,3.0,8.155876159667969,10.0,13.0
2026-09-10 12:00:00+00:00,4.0,8.522727966308594,10.0,11.5
2026-09-10 13:00:00+00:00,5.0,8.458191871643066,10.0,8.875
2026-09-10 14:00:00+00:00,6.0,6.570855617523193,8.0,7.4285712242126465
2026-09-10 15:00:00+00:00,7.0,8.779609680175781,11.0,6.400000095367432
2026-09-10 16:00:00+00:00,8.0,6.90529203414917,9.0,5.5
2026-09-10 17:00:00+00:00,9.0,4.842266082763672,7.0,4.0
2026-09-10 18:00:00+00:00,10.0,4.381778240203857,7.0,4.333333492279053
2026-09-10 19:00:00+00:00,11.0,4.0549635887146,7.0,7.5
2026-09-10 20:00:00+00:00,12.0,3.223680257797241,6.0,9.571428298950195
2026-09-10 21:00:00+00:00,13.0,3.613546848297119,7.0,8.800000190734863
2026-09-10 22:00:00+00:00,14.0,4.095757484436035,8.0,6.25
2026-09-10 23:00:00+00:00,15.0,3.978769063949585,8.0,7.857142925262451
2026-09-11 00:00:00+00:00,16.0,3.977111339569092,8.0,11.5
2026-09-11 01:00:00+00:00,17.0,4.100719451904297,8.0,11.600000381469727
2026-09-11 02:00:00+00:00,18.0,5.4185051918029785,10.0,8.625
2026-09-11 03:00:00+00:00,19.0,4.986800193786621,9.0,10.666666984558105
2026-09-11 04:00:00+00:00,20.0,7.3668437004089355,12.0,10.833333015441895
2026-09-11 05:00:00+00:00,21.0,6.997248649597168,11.0,11.833333015441895
2026-09-11 06:00:00+00:00,22.0,8.1162691116333,12.0,12.5
2026-09-11 07:00:00+00:00,23.0,10.375191688537598,14.0,14.75
2026-09-11 08:00:00+00:00,24.0,9.432564735412598,12.0,13.166666984558105
2026-09-10 10:00:00+00:00,1.0,6.194109916687012,8.0,13.0
2026-09-10 11:00:00+00:00,2.0,7.495384693145752,9.0,13.0
2026-09-10 12:00:00+00:00,3.0,7.58923864364624,9.0,11.5
2026-09-10 13:00:00+00:00,4.0,8.470722198486328,10.0,8.875
2026-09-10 14:00:00+00:00,5.0,7.386064529418945,9.0,7.4285712242126465
2026-09-10 15:00:00+00:00,6.0,7.912583351135254,10.0,6.400000095367432
2026-09-10 16:00:00+00:00,7.0,6.887595176696777,9.0,5.5
2026-09-10 17:00:00+00:00,8.0,5.001026630401611,7.0,4.0
2026-09-10 18:00:00+00:00,9.0,3.0343217849731445,5.0,4.333333492279053
2026-09-10 19:00:00+00:00,10.0,2.065190315246582,4.0,7.5
2026-09-10 20:00:00+00:00,11.0,2.35321307182312,5.0,9.571428298950195
2026-09-10 21:00:00+00:00,12.0,2.4132132530212402,5.0,8.800000190734863
2026-09-10 22:00:00+00:00,13.0,4.168994903564453,8.0,6.25
2026-09-10 23:00:00+00:00,14.0,4.79049015045166,9.0,7.857142925262451
2026-09-11 00:00:00+00:00,15.0,4.181911468505859,8.0,11.5
2026-09-11 01:00:00+00:00,16.0,4.763467788696289,9.0,11.600000381469727
2026-09-11 02:00:00+00:00,17.0,5.037444114685059,9.0,8.625
2026-09-11 03:00:00+00:00,18.0,5.644007682800293,10.0,10.666666984558105
2026-09-11 04:00:00+00:00,19.0,6.628400802612305,11.0,10.833333015441895
2026-09-11 05:00:00+00:00,20.0,7.152434825897217,11.0,11.833333015441895
2026-09-11 06:00:00+00:00,21.0,8.132516860961914,12.0,12.5
2026-09-11 07:00:00+00:00,22.0,8.835015296936035,12.0,14.75
2026-09-11 08:00:00+00:00,23.0,9.147528648376465,12.0,13.166666984558105
2026-09-11 09:00:00+00:00,24.0,8.703511238098145,11.0,11.333333015441895
2026-09-10 11:00:00+00:00,1.0,11.171163558959961,12.0,13.0
2026-09-10 12:00:00+00:00,2.0,10.514623641967773,11.0,11.5
2026-09-10 13:00:00+00:00,3.0,11.019572257995605,12.0,8.875
2026-09-10 14:00:00+00:00,4.0,9.879280090332031,11.0,7.4285712242126465
2026-09-10 15:00:00+00:00,5.0,7.875387191772461,9.0,6.400000095367432
2026-09-10 16:00:00+00:00,6.0,6.559430122375488,8.0,5.5
2026-09-10 17:00:00+00:00,7.0,5.401136875152588,7.0,4.0
2026-09-10 18:00:00+00:00,8.0,4.123336315155029,6.0,4.333333492279053
2026-09-10 19:00:00+00:00,9.0,3.810246467590332,6.0,7.5
2026-09-10 20:00:00+00:00,10.0,4.167621612548828,7.0,9.571428298950195
2026-09-10 21:00:00+00:00,11.0,3.9805872440338135,7.0,8.800000190734863
2026-09-10 22:00:00+00:00,12.0,3.8863532543182373,7.0,6.25
2026-09-10 23:00:00+00:00,13.0,3.854494571685791,7.0,7.857142925262451
2026-09-11 00:00:00+00:00,14.0,4.386249542236328,8.0,11.5
2026-09-11 01:00:00+00:00,15.0,5.165556907653809,9.0,11.600000381469727
2026-09-11 02:00:00+00:00,16.0,5.3879570960998535,9.0,8.625
2026-09-11 03:00:00+00:00,17.0,6.321011066436768,10.0,10.666666984558105
2026-09-11 04:00:00+00:00,18.0,6.509671211242676,10.0,10.833333015441895
2026-09-11 05:00:00+00:00,19.0,6.922303199768066,10.0,11.833333015441895
2026-09-11 06:00:00+00:00,20.0,9.77227783203125,13.0,12.5
2026-09-11 07:00:00+00:00,21.0,9.668118476867676,12.0,14.75
2026-09-11 08:00:00+00:00,22.0,10.149227142333984,12.0,13.166666984558105
2026-09-11 09:00:00+00:00,23.0,5.2243475914001465,7.0,11.333333015441895
2026-09-11 10:00:00+00:00,24.0,5.41121244430542,7.0,7.0
2026-09-10 12:00:00+00:00,1.0,8.402602195739746,9.0,11.5
2026-09-10 13:00:00+00:00,2.0,8.270997047424316,9.0,8.875
2026-09-10 14:00:00+00:00,3.0,7.219847679138184,8.0,7.4285712242126465
2026-09-10 15:00:00+00:00,4.0,10.14110279083252,12.0,6.400000095367432
2026-09-10 16:00:00+00:00,5.0,7.6435441970825195,9.0,5.5
2026-09-10 17:00:00+00:00,6.0,5.326184272766113,7.0,4.0
2026-09-10 18:00:00+00:00,7.0,4.073583602905273,6.0,4.333333492279053
2026-09-10 19:00:00+00:00,8.0,4.378783226013184,7.0,7.5
2026-09-10 20:00:00+00:00,9.0,3.526599407196045,6.0,9.571428298950195
2026-09-10 21:00:00+00:00,10.0,3.9596450328826904,7.0,8.800000190734863
2026-09-10 22:00:00+00:00,11.0,3.8308262825012207,7.0,6.25
2026-09-10 23:00:00+00:00,12.0,4.3532609939575195,8.0,7.857142925262451
2026-09-11 00:00:00+00:00,13.0,4.301777362823486,8.0,11.5
2026-09-11 01:00:00+00:00,14.0,4.4836859703063965,8.0,11.600000381469727
2026-09-11 02:00:00+00:00,15.0,6.131592750549316,10.0,8.625
2026-09-11 03:00:00+00:00,16.0,6.2031450271606445,10.0,10.666666984558105
2026-09-11 04:00:00+00:00,17.0,7.268920421600342,11.0,10.833333015441895
2026-09-11 05:00:00+00:00,18.0,8.382942199707031,12.0,11.833333015441895
2026-09-11 06:00:00+00:00,19.0,9.642023086547852,13.0,12.5
2026-09-11 07:00:00+00:00,20.0,10.713133811950684,13.0,14.75
2026-09-11 08:00:00+00:00,21.0,11.070307731628418,13.0,13.166666984558105
2026-09-11 09:00:00+00:00,22.0,6.478102207183838,8.0,11.333333015441895
2026-09-11 10:00:00+00:00,23.0,6.891277313232422,9.0,7.0
2026-09-11 11:00:00+00:00,24.0,7.584696292877197,10.0,6.199999809265137
2026-09-10 13:00:00+00:00,1.0,7.227806091308594,8.0,8.875
2026-09-10 14:00:00+00:00,2.0,7.8213887214660645,9.0,7.4285712242126465
2026-09-10 15:00:00+00:00,3.0,7.552363872528076,9.0,6.400000095367432
2026-09-10 16:00:00+00:00,4.0,6.416621208190918,8.0,5.5
2026-09-10 17:00:00+00:00,5.0,4.530206680297852,6.0,4.0
2026-09-10 18:00:00+00:00,6.0,2.674578905105591,4.0,4.333333492279053
2026-09-10 19:00:00+00:00,7.0,2.241433620452881,4.0,7.5
2026-09-10 20:00:00+00:00,8.0,2.6080121994018555,5.0,9.571428298950195
2026-09-10 21:00:00+00:00,9.0,3.916144371032715,7.0,8.800000190734863
2026-09-10 22:00:00+00:00,10.0,5.097613334655762,9.0,6.25
2026-09-10 23:00:00+00:00,11.0,5.757940769195557,10.0,7.857142925262451
2026-09-11 00:00:00+00:00,12.0,5.09066915512085,9.0,11.5
2026-09-11 01:00:00+00:00,13.0,5.05021333694458,9.0,11.600000381469727
2026-09-11 02:00:00+00:00,14.0,6.0001444816589355,10.0,8.625
2026-09-11 03:00:00+00:00,15.0,7.654316425323486,12.0,10.666666984558105
2026-09-11 04:00:00+00:00,16.0,7.4046244621276855,11.0,10.833333015441895
2026-09-11 05:00:00+00:00,17.0,8.368575096130371,12.0,11.833333015441895
2026-09-11 06:00:00+00:00,18.0,8.728360176086426,12.0,12.5
2026-09-11 07:00:00+00:00,19.0,9.348711967468262,12.0,14.75
2026-09-11 08:00:00+00:00,20.0,11.661964416503906,14.0,13.166666984558105
2026-09-11 09:00:00+00:00,21.0,7.6952714920043945,11.0,11.333333015441895
2026-09-11 10:00:00+00:00,22.0,6.63084602355957,9.0,7.0
2026-09-11 11:00:00+00:00,23.0,6.651317596435547,9.0,6.199999809265137
2026-09-11 12:00:00+00:00,24.0,7.008155345916748,10.0,7.25
2026-09-10 14:00:00+00:00,1.0,9.020316123962402,10.0,7.4285712242126465
2026-09-10 15:00:00+00:00,2.0,7.902050495147705,9.0,6.400000095367432
2026-09-10 16:00:00+00:00,3.0,5.810192108154297,7.0,5.5
2026-09-10 17:00:00+00:00,4.0,4.611999988555908,6.0,4.0
2026-09-10 18:00:00+00:00,5.0,3.447539806365967,5.0,4.333333492279053
2026-09-10 19:00:00+00:00,6.0,2.459177255630493,4.0,7.5
2026-09-10 20:00:00+00:00,7.0,3.529177188873291,6.0,9.571428298950195
2026-09-10 21:00:00+00:00,8.0,3.4868922233581543,6.0,8.800000190734863
2026-09-10 22:00:00+00:00,9.0,4.007436275482178,7.0,6.25
2026-09-10 23:00:00+00:00,10.0,4.52877950668335,8.0,7.857142925262451
2026-09-11 00:00:00+00:00,11.0,4.5327558517456055,8.0,11.5
2026-09-11 01:00:00+00:00,12.0,5.315162181854248,9.0,11.600000381469727
2026-09-11 02:00:00+00:00,13.0,4.7812819480896,8.0,8.625
2026-09-11 03:00:00+00:00,14.0,5.771093368530273,9.0,10.666666984558105
2026-09-11 04:00:00+00:00,15.0,6.683493137359619,10.0,10.833333015441895
2026-09-11 05:00:00+00:00,16.0,7.774547100067139,11.0,11.833333015441895
2026-09-11 06:00:00+00:00,17.0,9.109557151794434,12.0,12.5
2026-09-11 07:00:00+00:00,18.0,9.729830741882324,12.0,14.75
2026-09-11 08:00:00+00:00,19.0,9.331297874450684,11.0,13.166666984558105
2026-09-11 09:00:00+00:00,20.0,6.4793009757995605,7.0,11.333333015441895
2026-09-11 10:00:00+00:00,21.0,4.472333908081055,6.0,7.0
2026-09-11 11:00:00+00:00,22.0,5.6016387939453125,7.0,6.199999809265137
2026-09-11 12:00:00+00:00,23.0,7.196518898010254,10.0,7.25
2026-09-11 13:00:00+00:00,24.0,6.333563804626465,9.0,7.5
2026-09-10 15:00:00+00:00,1.0,9.605481147766113,11.0,6.400000095367432
2026-09-10 16:00:00+00:00,2.0,8.380476951599121,10.0,5.5
2026-09-10 17:00:00+00:00,3.0,5.697575569152832,7.0,4.0
2026-09-10 18:00:00+00:00,4.0,3.490353584289551,5.0,4.333333492279053
2026-09-10 19:00:00+00:00,5.0,2.417327404022217,4.0,7.5
2026-09-10 20:00:00+00:00,6.0,2.600445032119751,5.0,9.571428298950195
2026-09-10 21:00:00+00:00,7.0,2.5445425510406494,5.0,8.800000190734863
2026-09-10 22:00:00+00:00,8.0,3.088144540786743,6.0,6.25
2026-09-10 23:00:00+00:00,9.0,3.163327217102051,6.0,7.857142925262451
2026-09-11 00:00:00+00:00,10.0,3.771019458770752,7.0,11.5
2026-09-11 01:00:00+00:00,11.0,4.486574649810791,8.0,11.600000381469727
2026-09-11 02:00:00+00:00,12.0,5.445151329040527,9.0,8.625
2026-09-11 03:00:00+00:00,13.0,7.122324466705322,11.0,10.666666984558105
2026-09-11 04:00:00+00:00,14.0,6.600366592407227,10.0,10.833333015441895
2026-09-11 05:00:00+00:00,15.0,7.840963363647461,11.0,11.833333015441895
2026-09-11 06:00:00+00:00,16.0,9.03850269317627,12.0,12.5
2026-09-11 07:00:00+00:00,17.0,10.528962135314941,13.0,14.75
2026-09-11 08:00:00+00:00,18.0,11.003837585449219,13.0,13.166666984558105
2026-09-11 09:00:00+00:00,19.0,5.450196743011475,7.0,11.333333015441895
2026-09-11 10:00:00+00:00,20.0,6.940884113311768,9.0,7.0
2026-09-11 11:00:00+00:00,21.0,7.722113609313965,10.0,6.199999809265137
2026-09-11 12:00:00+00:00,22.0,6.86467170715332,9.0,7.25
2026-09-11 13:00:00+00:00,23.0,5.851395606994629,8.0,7.5
2026-09-11 14:00:00+00:00,24.0,5.580811023712158,8.0,7.714285850524902
2026-09-10 16:00:00+00:00,1.0,6.5029215812683105,8.0,5.5
2026-09-10 17:00:00+00:00,2.0,5.430225849151611,7.0,4.0
2026-09-10 18:00:00+00:00,3.0,3.5053372383117676,5.0,4.333333492279053
2026-09-10 19:00:00+00:00,4.0,2.519521713256836,4.0,7.5
2026-09-10 20:00:00+00:00,5.0,4.380925178527832,7.0,9.571428298950195
2026-09-10 21:00:00+00:00,6.0,5.4850921630859375,9.0,8.800000190734863
2026-09-10 22:00:00+00:00,7.0,4.708263874053955,8.0,6.25
2026-09-10 23:00:00+00:00,8.0,5.228339672088623,9.0,7.857142925262451
2026-09-11 00:00:00+00:00,9.0,5.178119659423828,9.0,11.5
2026-09-11 01:00:00+00:00,10.0,5.978195667266846,10.0,11.600000381469727
2026-09-11 02:00:00+00:00,11.0,6.22838830947876,10.0,8.625
2026-09-11 03:00:00+00:00,12.0,7.176026344299316,11.0,10.666666984558105
2026-09-11 04:00:00+00:00,13.0,7.56406307220459,11.0,10.833333015441895
2026-09-11 05:00:00+00:00,14.0,7.864660739898682,11.0,11.833333015441895
2026-09-11 06:00:00+00:00,15.0,9.944235801696777,13.0,12.5
2026-09-11 07:00:00+00:00,16.0,10.587958335876465,13.0,14.75
2026-09-11 08:00:00+00:00,17.0,11.345081329345703,13.0,13.166666984558105
2026-09-11 09:00:00+00:00,18.0,8.658478736877441,12.0,11.333333015441895
2026-09-11 10:00:00+00:00,19.0,6.186319351196289,8.0,7.0
2026-09-11 11:00:00+00:00,20.0,6.1477437019348145,8.0,6.199999809265137
2026-09-11 12:00:00+00:00,21.0,5.978543281555176,8.0,7.25
2026-09-11 13:00:00+00:00,22.0,6.788282871246338,10.0,7.5
2026-09-11 14:00:00+00:00,23.0,7.298512935638428,11.0,7.714285850524902
2026-09-11 15:00:00+00:00,24.0,6.471358776092529,10.0,7.5
2026-09-10 17:00:00+00:00,1.0,4.5482892990112305,6.0,4.0
2026-09-10 18:00:00+00:00,2.0,3.5826704502105713,5.0,4.333333492279053
2026-09-10 19:00:00+00:00,3.0,3.178224802017212,5.0,7.5
2026-09-10 20:00:00+00:00,4.0,2.9159862995147705,5.0,9.571428298950195
2026-09-10 21:00:00+00:00,5.0,3.5056703090667725,6.0,8.800000190734863
2026-09-10 22:00:00+00:00,6.0,4.017413139343262,7.0,6.25
2026-09-10 23:00:00+00:00,7.0,3.9311234951019287,7.0,7.857142925262451
2026-09-11 00:00:00+00:00,8.0,4.614439487457275,8.0,11.5
2026-09-11 01:00:00+00:00,9.0,4.793023586273193,8.0,11.600000381469727
2026-09-11 02:00:00+00:00,10.0,4.32990837097168,7.0,8.625
2026-09-11 03:00:00+00:00,11.0,5.985710144042969,9.0,10.666666984558105
2026-09-11 04:00:00+00:00,12.0,6.755367755889893,10.0,10.833333015441895
2026-09-11 05:00:00+00:00,13.0,7.8972039222717285,11.0,11.833333015441895
2026-09-11 06:00:00+00:00,14.0,8.404473304748535,11.0,12.5
2026-09-11 07:00:00+00:00,15.0,10.604314804077148,13.0,14.75
2026-09-11 08:00:00+00:00,16.0,9.53515625,11.0,13.166666984558105
2026-09-11 09:00:00+00:00,17.0,10.507925033569336,12.0,11.333333015441895
2026-09-11 10:00:00+00:00,18.0,5.434343338012695,6.0,7.0
2026-09-11 11:00:00+00:00,19.0,4.638706207275391,6.0,6.199999809265137
2026-09-11 12:00:00+00:00,20.0,5.342228889465332,7.0,7.25
2026-09-11 13:00:00+00:00,21.0,5.788179397583008,8.0,7.5
2026-09-11 14:00:00+00:00,22.0,5.460508346557617,8.0,7.714285850524902
2026-09-11 15:00:00+00:00,23.0,5.210803985595703,8.0,7.5
2026-09-11 16:00:00+00:00,24.0,4.870819568634033,8.0,5.142857074737549
2026-09-10 18:00:00+00:00,1.0,3.600316047668457,5.0,4.333333492279053
2026-09-10 19:00:00+00:00,2.0,2.4770474433898926,4.0,7.5
2026-09-10 20:00:00+00:00,3.0,2.711035966873169,5.0,9.571428298950195
2026-09-10 21:00:00+00:00,4.0,2.702219009399414,5.0,8.800000190734863
2026-09-10 22:00:00+00:00,5.0,3.348677396774292,6.0,6.25
2026-09-10 23:00:00+00:00,6.0,3.3182833194732666,6.0,7.857142925262451
2026-09-11 00:00:00+00:00,7.0,4.660717010498047,8.0,11.5
2026-09-11 01:00:00+00:00,8.0,4.709567546844482,8.0,11.600000381469727
2026-09-11 02:00:00+00:00,9.0,5.6276655197143555,9.0,8.625
2026-09-11 03:00:00+00:00,10.0,5.738083362579346,9.0,10.666666984558105
2026-09-11 04:00:00+00:00,11.0,5.864771366119385,9.0,10.833333015441895
2026-09-11 05:00:00+00:00,12.0,7.202171802520752,10.0,11.833333015441895
2026-09-11 06:00:00+00:00,13.0,9.291207313537598,12.0,12.5
2026-09-11 07:00:00+00:00,14.0,10.690282821655273,13.0,14.75
2026-09-11 08:00:00+00:00,15.0,11.200737953186035,13.0,13.166666984558105
2026-09-11 09:00:00+00:00,16.0,9.773412704467773,11.0,11.333333015441895
2026-09-11 10:00:00+00:00,17.0,7.357250213623047,10.0,7.0
2026-09-11 11:00:00+00:00,18.0,6.11524772644043,8.0,6.199999809265137
2026-09-11 12:00:00+00:00,19.0,6.713168621063232,9.0,7.25
2026-09-11 13:00:00+00:00,20.0,6.455631256103516,9.0,7.5
2026-09-11 14:00:00+00:00,21.0,5.566074371337891,8.0,7.714285850524902
2026-09-11 15:00:00+00:00,22.0,4.621301651000977,7.0,7.5
2026-09-11 16:00:00+00:00,23.0,4.375164985656738,7.0,5.142857074737549
2026-09-11 17:00:00+00:00,24.0,4.156996250152588,7.0,5.25
2026-09-10 19:00:00+00:00,1.0,1.7138077020645142,3.0,7.5
2026-09-10 20:00:00+00:00,2.0,5.065051078796387,8.0,9.571428298950195
2026-09-10 21:00:00+00:00,3.0,4.826083660125732,8.0,8.800000190734863
2026-09-10 22:00:00+00:00,4.0,4.602783679962158,8.0,6.25
2026-09-10 23:00:00+00:00,5.0,5.030528545379639,9.0,7.857142925262451
2026-09-11 00:00:00+00:00,6.0,5.175779819488525,9.0,11.5
2026-09-11 01:00:00+00:00,7.0,5.870689392089844,10.0,11.600000381469727
2026-09-11 02:00:00+00:00,8.0,6.100170135498047,10.0,8.625
2026-09-11 03:00:00+00:00,9.0,7.8021626472473145,12.0,10.666666984558105
2026-09-11 04:00:00+00:00,10.0,7.419233798980713,11.0,10.833333015441895
2026-09-11 05:00:00+00:00,11.0,7.697493553161621,11.0,11.833333015441895
2026-09-11 06:00:00+00:00,12.0,8.921183586120605,12.0,12.5
2026-09-11 07:00:00+00:00,13.0,11.190077781677246,14.0,14.75
2026-09-11 08:00:00+00:00,14.0,10.208430290222168,12.0,13.166666984558105
2026-09-11 09:00:00+00:00,15.0,4.179121971130371,5.0,11.333333015441895
2026-09-11 10:00:00+00:00,16.0,6.447085857391357,9.0,7.0
2026-09-11 11:00:00+00:00,17.0,6.01485538482666,8.0,6.199999809265137
2026-09-11 12:00:00+00:00,18.0,5.8995537757873535,8.0,7.25
2026-09-11 13:00:00+00:00,19.0,6.838557720184326,10.0,7.5
2026-09-11 14:00:00+00:00,20.0,7.174563407897949,11.0,7.714285850524902
2026-09-11 15:00:00+00:00,21.0,5.807480812072754,9.0,7.5
2026-09-11 16:00:00+00:00,22.0,5.560790538787842,9.0,5.142857074737549
2026-09-11 17:00:00+00:00,23.0,4.694552898406982,8.0,5.25
2026-09-11 18:00:00+00:00,24.0,4.419802665710449,8.0,3.5999999046325684
2026-09-10 20:00:00+00:00,1.0,2.6398115158081055,5.0,9.571428298950195
2026-09-10 21:00:00+00:00,2.0,3.9217820167541504,7.0,8.800000190734863
2026-09-10 22:00:00+00:00,3.0,3.1109049320220947,6.0,6.25
2026-09-10 23:00:00+00:00,4.0,3.6516072750091553,7.0,7.857142925262451
2026-09-11 00:00:00+00:00,5.0,4.198142051696777,8.0,11.5
2026-09-11 01:00:00+00:00,6.0,5.7191548347473145,10.0,11.600000381469727
2026-09-11 02:00:00+00:00,7.0,6.698573589324951,11.0,8.625
2026-09-11 03:00:00+00:00,8.0,5.200718402862549,8.0,10.666666984558105
2026-09-11 04:00:00+00:00,9.0,7.094803333282471,11.0,10.833333015441895
2026-09-11 05:00:00+00:00,10.0,7.545722961425781,11.0,11.833333015441895
2026-09-11 06:00:00+00:00,11.0,8.747862815856934,12.0,12.5
2026-09-11 07:00:00+00:00,12.0,10.231410026550293,13.0,14.75
2026-09-11 08:00:00+00:00,13.0,10.722990036010742,13.0,13.166666984558105
2026-09-11 09:00:00+00:00,14.0,9.361692428588867,11.0,11.333333015441895
2026-09-11 10:00:00+00:00,15.0,5.596760272979736,6.0,7.0
2026-09-11 11:00:00+00:00,16.0,7.4932475090026855,10.0,6.199999809265137
2026-09-11 12:00:00+00:00,17.0,6.546036243438721,9.0,7.25
2026-09-11 13:00:00+00:00,18.0,6.764040470123291,10.0,7.5
2026-09-11 14:00:00+00:00,19.0,5.920595645904541,9.0,7.714285850524902
2026-09-11 15:00:00+00:00,20.0,5.027503490447998,8.0,7.5
2026-09-11 16:00:00+00:00,21.0,4.221210479736328,7.0,5.142857074737549
2026-09-11 17:00:00+00:00,22.0,3.4923763275146484,6.0,5.25
2026-09-11 18:00:00+00:00,23.0,3.2745885848999023,6.0,3.5999999046325684
2026-09-11 19:00:00+00:00,24.0,3.0658066272735596,6.0,2.5
2026-09-10 21:00:00+00:00,1.0,3.86484694480896,7.0,8.800000190734863
2026-09-10 22:00:00+00:00,2.0,5.263472557067871,9.0,6.25
2026-09-10 23:00:00+00:00,3.0,4.573135852813721,8.0,7.857142925262451
2026-09-11 00:00:00+00:00,4.0,4.254050254821777,8.0,11.5
2026-09-11 01:00:00+00:00,5.0,5.1531171798706055,9.0,11.600000381469727
2026-09-11 02:00:00+00:00,6.0,5.26210880279541,9.0,8.625
2026-09-11 03:00:00+00:00,7.0,4.966185569763184,8.0,10.666666984558105
2026-09-11 04:00:00+00:00,8.0,6.285836219787598,10.0,10.833333015441895
2026-09-11 05:00:00+00:00,9.0,7.5275774002075195,11.0,11.833333015441895
2026-09-11 06:00:00+00:00,10.0,8.876781463623047,12.0,12.5
2026-09-11 07:00:00+00:00,11.0,10.208905220031738,13.0,14.75
2026-09-11 08:00:00+00:00,12.0,10.851585388183594,13.0,13.166666984558105
2026-09-11 09:00:00+00:00,13.0,12.111713409423828,14.0,11.333333015441895
2026-09-11 10:00:00+00:00,14.0,11.750304222106934,14.0,7.0
2026-09-11 11:00:00+00:00,15.0,7.119783401489258,8.0,6.199999809265137
2026-09-11 12:00:00+00:00,16.0,6.011352062225342,8.0,7.25
2026-09-11 13:00:00+00:00,17.0,6.357659339904785,9.0,7.5
2026-09-11 14:00:00+00:00,18.0,5.894070148468018,9.0,7.714285850524902
2026-09-11 15:00:00+00:00,19.0,5.086428642272949,8.0,7.5
2026-09-11 16:00:00+00:00,20.0,4.2405829429626465,7.0,5.142857074737549
2026-09-11 17:00:00+00:00,21.0,3.522864580154419,6.0,5.25
2026-09-11 18:00:00+00:00,22.0,3.2355663776397705,6.0,3.5999999046325684
2026-09-11 19:00:00+00:00,23.0,3.6107354164123535,7.0,2.5
2026-09-11 20:00:00+00:00,24.0,3.495570182800293,7.0,2.0
2026-09-10 22:00:00+00:00,1.0,4.371294021606445,8.0,6.25
2026-09-10 23:00:00+00:00,2.0,4.299574375152588,8.0,7.857142925262451
2026-09-11 00:00:00+00:00,3.0,4.230216979980469,8.0,11.5
2026-09-11 01:00:00+00:00,4.0,4.9719624519348145,9.0,11.600000381469727
2026-09-11 02:00:00+00:00,5.0,5.17490816116333,9.0,8.625
2026-09-11 03:00:00+00:00,6.0,6.746018409729004,11.0,10.666666984558105
2026-09-11 04:00:00+00:00,7.0,6.984340667724609,11.0,10.833333015441895
2026-09-11 05:00:00+00:00,8.0,7.546558856964111,11.0,11.833333015441895
2026-09-11 06:00:00+00:00,9.0,7.7958083152771,11.0,12.5
2026-09-11 07:00:00+00:00,10.0,9.032234191894531,12.0,14.75
2026-09-11 08:00:00+00:00,11.0,11.496756553649902,14.0,13.166666984558105
2026-09-11 09:00:00+00:00,12.0,10.250075340270996,12.0,11.333333015441895
2026-09-11 10:00:00+00:00,13.0,8.068927764892578,9.0,7.0
2026-09-11 11:00:00+00:00,14.0,5.781840801239014,8.0,6.199999809265137
2026-09-11 12:00:00+00:00,15.0,5.943924903869629,8.0,7.25
2026-09-11 13:00:00+00:00,16.0,6.266660690307617,9.0,7.5
2026-09-11 14:00:00+00:00,17.0,5.86969518661499,9.0,7.714285850524902
2026-09-11 15:00:00+00:00,18.0,6.051356315612793,10.0,7.5
2026-09-11 16:00:00+00:00,19.0,5.285731792449951,9.0,5.142857074737549
2026-09-11 17:00:00+00:00,20.0,3.9899227619171143,7.0,5.25
2026-09-11 18:00:00+00:00,21.0,3.7161126136779785,7.0,3.5999999046325684
2026-09-11 19:00:00+00:00,22.0,3.572617292404175,7.0,2.5
2026-09-11 20:00:00+00:00,23.0,3.477531671524048,7.0,2.0
2026-09-11 21:00:00+00:00,24.0,2.910900592803955,6.0,1.1428571939468384
2026-09-10 23:00:00+00:00,2.0,4.395252704620361,8.0,7.857142925262451
2026-09-11 00:00:00+00:00,3.0,4.326183795928955,8.0,11.5
2026-09-11 01:00:00+00:00,4.0,5.090333938598633,9.0,11.600000381469727
2026-09-11 02:00:00+00:00,5.0,5.298563003540039,9.0,8.625
2026-09-11 03:00:00+00:00,6.0,6.902432918548584,11.0,10.666666984558105
2026-09-11 04:00:00+00:00,7.0,7.153199672698975,11.0,10.833333015441895
2026-09-11 05:00:00+00:00,8.0,7.7268853187561035,11.0,11.833333015441895
2026-09-11 06:00:00+00:00,9.0,7.969631195068359,11.0,12.5
2026-09-11 07:00:00+00:00,10.0,9.236431121826172,12.0,14.75
2026-09-11 08:00:00+00:00,11.0,11.708641052246094,14.0,13.166666984558105
2026-09-11 09:00:00+00:00,12.0,10.400869369506836,12.0,11.333333015441895
2026-09-11 10:00:00+00:00,13.0,8.218862533569336,9.0,7.0
2026-09-11 11:00:00+00:00,14.0,5.862107276916504,8.0,6.199999809265137
2026-09-11 12:00:00+00:00,15.0,6.008913040161133,8.0,7.25
2026-09-11 13:00:00+00:00,16.0,6.328098773956299,9.0,7.5
2026-09-11 14:00:00+00:00,17.0,5.930286884307861,9.0,7.714285850524902
2026-09-11 15:00:00+00:00,18.0,6.1122212409973145,10.0,7.5
2026-09-11 16:00:00+00:00,19.0,5.337852478027344,9.0,5.142857074737549
2026-09-11 17:00:00+00:00,20.0,4.033517360687256,7.0,5.25
2026-09-11 18:00:00+00:00,21.0,3.7699086666107178,7.0,3.5999999046325684
2026-09-11 19:00:00+00:00,22.0,3.6259994506835938,7.0,2.5
2026-09-11 20:00:00+00:00,23.0,3.527714490890503,7.0,2.0
2026-09-11 21:00:00+00:00,24.0,2.950072765350342,6.0,1.1428571939468384
2026-09-11 22:00:00+00:00,25.0,1.9411287307739258,4.0,0.3333333432674408
2026-09-11 00:00:00+00:00,3.0,4.377823352813721,8.0,11.5
2026-09-11 01:00:00+00:00,4.0,5.153967380523682,9.0,11.600000381469727
2026-09-11 02:00:00+00:00,5.0,5.364758491516113,9.0,8.625
2026-09-11 03:00:00+00:00,6.0,6.987365245819092,11.0,10.666666984558105
2026-09-11 04:00:00+00:00,7.0,7.25096321105957,11.0,10.833333015441895
2026-09-11 05:00:00+00:00,8.0,7.8223772048950195,11.0,11.833333015441895
2026-09-11 06:00:00+00:00,9.0,8.070698738098145,11.0,12.5
2026-09-11 07:00:00+00:00,10.0,9.36620044708252,12.0,14.75
2026-09-11 08:00:00+00:00,11.0,11.851310729980469,14.0,13.166666984558105
2026-09-11 09:00:00+00:00,12.0,10.517561912536621,12.0,11.333333015441895
2026-09-11 10:00:00+00:00,13.0,8.30817699432373,9.0,7.0
2026-09-11 11:00:00+00:00,14.0,5.915133476257324,8.0,6.199999809265137
2026-09-11 12:00:00+00:00,15.0,6.059454917907715,8.0,7.25
2026-09-11 13:00:00+00:00,16.0,6.3768439292907715,9.0,7.5
2026-09-11 14:00:00+00:00,17.0,5.969889163970947,9.0,7.714285850524902
2026-09-11 15:00:00+00:00,18.0,6.158347129821777,10.0,7.5
2026-09-11 16:00:00+00:00,19.0,5.375751495361328,9.0,5.142857074737549
2026-09-11 17:00:00+00:00,20.0,4.063215255737305,7.0,5.25
2026-09-11 18:00:00+00:00,21.0,3.800233840942383,7.0,3.5999999046325684
2026-09-11 19:00:00+00:00,22.0,3.657379627227783,7.0,2.5
2026-09-11 20:00:00+00:00,23.0,3.5575954914093018,7.0,2.0
2026-09-11 21:00:00+00:00,24.0,2.975104570388794,6.0,1.1428571939468384
2026-09-11 22:00:00+00:00,25.0,1.958113193511963,4.0,0.3333333432674408
2026-09-11 23:00:00+00:00,26.0,1.4418013095855713,3.0,0.0
2026-09-11 01:00:00+00:00,4.0,5.197233200073242,9.0,11.600000381469727
2026-09-11 02:00:00+00:00,5.0,5.411410808563232,9.0,8.625
2026-09-11 03:00:00+00:00,6.0,7.044224739074707,11.0,10.666666984558105
2026-09-11 04:00:00+00:00,7.0,7.317162036895752,11.0,10.833333015441895
2026-09-11 05:00:00+00:00,8.0,7.8860297203063965,11.0,11.833333015441895
2026-09-11 06:00:00+00:00,9.0,8.142446517944336,11.0,12.5
2026-09-11 07:00:00+00:00,10.0,9.459525108337402,12.0,14.75
2026-09-11 08:00:00+00:00,11.0,11.942041397094727,14.0,13.166666984558105
2026-09-11 09:00:00+00:00,12.0,10.600231170654297,12.0,11.333333015441895
2026-09-11 10:00:00+00:00,13.0,8.372257232666016,9.0,7.0
2026-09-11 11:00:00+00:00,14.0,5.950622081756592,8.0,6.199999809265137
2026-09-11 12:00:00+00:00,15.0,6.096487045288086,8.0,7.25
2026-09-11 13:00:00+00:00,16.0,6.410671234130859,9.0,7.5
2026-09-11 14:00:00+00:00,17.0,5.995617866516113,9.0,7.714285850524902
2026-09-11 15:00:00+00:00,18.0,6.186605453491211,10.0,7.5
2026-09-11 16:00:00+00:00,19.0,5.402240753173828,9.0,5.142857074737549
2026-09-11 17:00:00+00:00,20.0,4.0887131690979,7.0,5.25
2026-09-11 18:00:00+00:00,21.0,3.82125186920166,7.0,3.5999999046325684
2026-09-11 19:00:00+00:00,22.0,3.677600383758545,7.0,2.5
2026-09-11 20:00:00+00:00,23.0,3.5782909393310547,7.0,2.0
2026-09-11 21:00:00+00:00,24.0,2.99247407913208,6.0,1.1428571939468384
2026-09-11 22:00:00+00:00,25.0,1.9703923463821411,4.0,0.3333333432674408
2026-09-11 23:00:00+00:00,26.0,1.4509085416793823,3.0,0.0
2026-09-12 00:00:00+00:00,27.0,1.4630656242370605,3.0,2.0
2026-09-11 02:00:00+00:00,5.0,5.495994567871094,9.0,8.625
2026-09-11 03:00:00+00:00,6.0,7.151577472686768,11.0,10.666666984558105
2026-09-11 04:00:00+00:00,7.0,7.428111553192139,11.0,10.833333015441895
2026-09-11 05:00:00+00:00,8.0,8.002326965332031,11.0,11.833333015441895
2026-09-11 06:00:00+00:00,9.0,8.262068748474121,11.0,12.5
2026-09-11 07:00:00+00:00,10.0,9.606857299804688,12.0,14.75
2026-09-11 08:00:00+00:00,11.0,12.06203842163086,14.0,13.166666984558105
2026-09-11 09:00:00+00:00,12.0,10.711389541625977,12.0,11.333333015441895
2026-09-11 10:00:00+00:00,13.0,8.462728500366211,9.0,7.0
2026-09-11 11:00:00+00:00,14.0,6.002907752990723,8.0,6.199999809265137
2026-09-11 12:00:00+00:00,15.0,6.1556196212768555,8.0,7.25
2026-09-11 13:00:00+00:00,16.0,6.458343029022217,9.0,7.5
2026-09-11 14:00:00+00:00,17.0,6.032934665679932,9.0,7.714285850524902
2026-09-11 15:00:00+00:00,18.0,6.230701446533203,10.0,7.5
2026-09-11 16:00:00+00:00,19.0,5.448477268218994,9.0,5.142857074737549
2026-09-11 17:00:00+00:00,20.0,4.1260600090026855,7.0,5.25
2026-09-11 18:00:00+00:00,21.0,3.8637051582336426,7.0,3.5999999046325684
2026-09-11 19:00:00+00:00,22.0,3.713656425476074,7.0,2.5
2026-09-11 20:00:00+00:00,23.0,3.6142685413360596,7.0,2.0
2026-09-11 21:00:00+00:00,24.0,3.0233471393585205,6.0,1.1428571939468384
2026-09-11 22:00:00+00:00,25.0,1.9911645650863647,4.0,0.3333333432674408
2026-09-11 23:00:00+00:00,26.0,1.466804027557373,3.0,0.0
2026-09-12 00:00:00+00:00,27.0,1.4817113876342773,3.0,2.0
2026-09-12 01:00:00+00:00,28.0,1.1050325632095337,2.0,2.3333332538604736
2026-09-11 03:00:00+00:00,6.0,7.250691890716553,11.0,10.666666984558105
2026-09-11 04:00:00+00:00,7.0,7.525479793548584,11.0,10.833333015441895
2026-09-11 05:00:00+00:00,8.0,8.110676765441895,11.0,11.833333015441895
2026-09-11 06:00:00+00:00,9.0,8.377984046936035,11.0,12.5
2026-09-11 07:00:00+00:00,10.0,9.746822357177734,12.0,14.75
2026-09-11 08:00:00+00:00,11.0,12.167869567871094,14.0,13.166666984558105
2026-09-11 09:00:00+00:00,12.0,10.813722610473633,12.0,11.333333015441895
2026-09-11 10:00:00+00:00,13.0,8.5525484085083,9.0,7.0
2026-09-11 11:00:00+00:00,14.0,6.049263954162598,8.0,6.199999809265137
2026-09-11 12:00:00+00:00,15.0,6.208703517913818,8.0,7.25
2026-09-11 13:00:00+00:00,16.0,6.499983310699463,9.0,7.5
2026-09-11 14:00:00+00:00,17.0,6.0663957595825195,9.0,7.714285850524902
2026-09-11 15:00:00+00:00,18.0,6.2763800621032715,10.0,7.5
2026-09-11 16:00:00+00:00,19.0,5.4915547370910645,9.0,5.142857074737549
2026-09-11 17:00:00+00:00,20.0,4.160262584686279,7.0,5.25
2026-09-11 18:00:00+00:00,21.0,3.8981926441192627,7.0,3.5999999046325684
2026-09-11 19:00:00+00:00,22.0,3.74621844291687,7.0,2.5
2026-09-11 20:00:00+00:00,23.0,3.6465253829956055,7.0,2.0
2026-09-11 21:00:00+00:00,24.0,3.0513532161712646,6.0,1.1428571939468384
2026-09-11 22:00:00+00:00,25.0,2.0098211765289307,4.0,0.3333333432674408
2026-09-11 23:00:00+00:00,26.0,1.481559157371521,3.0,0.0
2026-09-12 00:00:00+00:00,27.0,1.4985789060592651,3.0,2.0
2026-09-12 01:00:00+00:00,28.0,1.121991515159607,2.0,2.3333332538604736
2026-09-12 02:00:00+00:00,29.0,2.0847535133361816,4.0,2.799999952316284
2026-09-11 04:00:00+00:00,7.0,7.663979530334473,11.0,10.833333015441895
2026-09-11 05:00:00+00:00,8.0,8.260427474975586,11.0,11.833333015441895
2026-09-11 06:00:00+00:00,9.0,8.544710159301758,11.0,12.5
2026-09-11 07:00:00+00:00,10.0,9.935883522033691,12.0,14.75
2026-09-11 08:00:00+00:00,11.0,12.3195161819458,14.0,13.166666984558105
2026-09-11 09:00:00+00:00,12.0,10.970170021057129,12.0,11.333333015441895
2026-09-11 10:00:00+00:00,13.0,8.687771797180176,9.0,7.0
2026-09-11 11:00:00+00:00,14.0,6.110370635986328,8.0,6.199999809265137
2026-09-11 12:00:00+00:00,15.0,6.278950214385986,8.0,7.25
2026-09-11 13:00:00+00:00,16.0,6.567762851715088,9.0,7.5
2026-09-11 14:00:00+00:00,17.0,6.119544982910156,9.0,7.714285850524902
2026-09-11 15:00:00+00:00,18.0,6.341316223144531,10.0,7.5
2026-09-11 16:00:00+00:00,19.0,5.5525736808776855,9.0,5.142857074737549
2026-09-11 17:00:00+00:00,20.0,4.210050106048584,7.0,5.25
2026-09-11 18:00:00+00:00,21.0,3.9465839862823486,7.0,3.5999999046325684
2026-09-11 19:00:00+00:00,22.0,3.7918474674224854,7.0,2.5
2026-09-11 20:00:00+00:00,23.0,3.6942827701568604,7.0,2.0
2026-09-11 21:00:00+00:00,24.0,3.0921905040740967,6.0,1.1428571939468384
2026-09-11 22:00:00+00:00,25.0,2.0364420413970947,4.0,0.3333333432674408
2026-09-11 23:00:00+00:00,26.0,1.503226399421692,3.0,0.0
2026-09-12 00:00:00+00:00,27.0,1.5209197998046875,3.0,2.0
2026-09-12 01:00:00+00:00,28.0,1.1439135074615479,2.0,2.3333332538604736
2026-09-12 02:00:00+00:00,29.0,2.1290602684020996,4.0,2.799999952316284
2026-09-12 03:00:00+00:00,30.0,2.424873113632202,4.0,4.166666507720947
2026-09-11 05:00:00+00:00,8.0,8.357869148254395,11.0,11.833333015441895
2026-09-11 06:00:00+00:00,9.0,8.650389671325684,11.0,12.5
2026-09-11 07:00:00+00:00,10.0,10.044825553894043,12.0,14.75
2026-09-11 08:00:00+00:00,11.0,12.42014217376709,14.0,13.166666984558105
2026-09-11 09:00:00+00:00,12.0,11.078274726867676,12.0,11.333333015441895
2026-09-11 10:00:00+00:00,13.0,8.78449821472168,9.0,7.0
2026-09-11 11:00:00+00:00,14.0,6.1535420417785645,8.0,6.199999809265137
2026-09-11 12:00:00+00:00,15.0,6.329938888549805,8.0,7.25
2026-09-11 13:00:00+00:00,16.0,6.6182475090026855,9.0,7.5
2026-09-11 14:00:00+00:00,17.0,6.161523342132568,9.0,7.714285850524902
2026-09-11 15:00:00+00:00,18.0,6.38911247253418,10.0,7.5
2026-09-11 16:00:00+00:00,19.0,5.593911647796631,9.0,5.142857074737549
2026-09-11 17:00:00+00:00,20.0,4.240243911743164,7.0,5.25
2026-09-11 18:00:00+00:00,21.0,3.976120948791504,7.0,3.5999999046325684
2026-09-11 19:00:00+00:00,22.0,3.816446304321289,7.0,2.5
2026-09-11 20:00:00+00:00,23.0,3.721018075942993,7.0,2.0
2026-09-11 21:00:00+00:00,24.0,3.114583969116211,6.0,1.1428571939468384
2026-09-11 22:00:00+00:00,25.0,2.051541328430176,4.0,0.3333333432674408
2026-09-11 23:00:00+00:00,26.0,1.515546441078186,3.0,0.0
2026-09-12 00:00:00+00:00,27.0,1.5336508750915527,3.0,2.0
2026-09-12 01:00:00+00:00,28.0,1.1556060314178467,2.0,2.3333332538604736
2026-09-12 02:00:00+00:00,29.0,2.1534323692321777,4.0,2.799999952316284
2026-09-12 03:00:00+00:00,30.0,2.454380750656128,4.0,4.166666507720947
2026-09-12 04:00:00+00:00,31.0,2.4524803161621094,4.0,6.5
2026-09-11 06:00:00+00:00,9.0,8.737940788269043,11.0,12.5
2026-09-11 07:00:00+00:00,10.0,10.1300687789917,12.0,14.75
2026-09-11 08:00:00+00:00,11.0,12.506243705749512,14.0,13.166666984558105
2026-09-11 09:00:00+00:00,12.0,11.166714668273926,12.0,11.333333015441895
2026-09-11 10:00:00+00:00,13.0,8.862916946411133,9.0,7.0
2026-09-11 11:00:00+00:00,14.0,6.193376541137695,8.0,6.199999809265137
2026-09-11 12:00:00+00:00,15.0,6.3716020584106445,8.0,7.25
2026-09-11 13:00:00+00:00,16.0,6.660329818725586,9.0,7.5
2026-09-11 14:00:00+00:00,17.0,6.195977687835693,9.0,7.714285850524902
2026-09-11 15:00:00+00:00,18.0,6.429867744445801,10.0,7.5
2026-09-11 16:00:00+00:00,19.0,5.631985187530518,9.0,5.142857074737549
2026-09-11 17:00:00+00:00,20.0,4.264939785003662,7.0,5.25
2026-09-11 18:00:00+00:00,21.0,4.0001139640808105,7.0,3.5999999046325684
2026-09-11 19:00:00+00:00,22.0,3.8379266262054443,7.0,2.5
2026-09-11 20:00:00+00:00,23.0,3.7413947582244873,7.0,2.0
2026-09-11 21:00:00+00:00,24.0,3.1312243938446045,6.0,1.1428571939468384
2026-09-11 22:00:00+00:00,25.0,2.063035011291504,4.0,0.3333333432674408
2026-09-11 23:00:00+00:00,26.0,1.5247882604599,3.0,0.0
2026-09-12 00:00:00+00:00,27.0,1.5435125827789307,3.0,2.0
2026-09-12 01:00:00+00:00,28.0,1.1641572713851929,2.0,2.3333332538604736
2026-09-12 02:00:00+00:00,29.0,2.172445774078369,4.0,2.799999952316284
2026-09-12 03:00:00+00:00,30.0,2.4797775745391846,4.0,4.166666507720947
2026-09-12 04:00:00+00:00,31.0,2.4780921936035156,4.0,6.5
2026-09-12 05:00:00+00:00,32.0,4.938529968261719,7.0,5.75
2026-09-11 07:00:00+00:00,1.0,10.238920211791992,12.0,14.75
2026-09-11 08:00:00+00:00,2.0,10.67944049835205,12.0,13.166666984558105
2026-09-11 09:00:00+00:00,3.0,10.951821327209473,12.0,11.333333015441895
2026-09-11 10:00:00+00:00,4.0,5.591678142547607,6.0,7.0
2026-09-11 11:00:00+00:00,5.0,5.668744087219238,7.0,6.199999809265137
2026-09-11 12:00:00+00:00,6.0,5.023234844207764,6.0,7.25
2026-09-11 13:00:00+00:00,7.0,5.351155757904053,7.0,7.5
2026-09-11 14:00:00+00:00,8.0,5.806243419647217,8.0,7.714285850524902
2026-09-11 15:00:00+00:00,9.0,5.443558692932129,8.0,7.5
2026-09-11 16:00:00+00:00,10.0,5.051302909851074,8.0,5.142857074737549
2026-09-11 17:00:00+00:00,11.0,3.6594061851501465,6.0,5.25
2026-09-11 18:00:00+00:00,12.0,3.4989287853240967,6.0,3.5999999046325684
2026-09-11 19:00:00+00:00,13.0,3.3439548015594482,6.0,2.5
2026-09-11 20:00:00+00:00,14.0,3.7752022743225098,7.0,2.0
2026-09-11 21:00:00+00:00,15.0,3.1342809200286865,6.0,1.1428571939468384
2026-09-11 22:00:00+00:00,16.0,2.5677199363708496,5.0,0.3333333432674408
2026-09-11 23:00:00+00:00,17.0,2.050452709197998,4.0,0.0
2026-09-12 00:00:00+00:00,18.0,2.0680031776428223,4.0,2.0
2026-09-12 01:00:00+00:00,19.0,1.1328402757644653,2.0,2.3333332538604736
2026-09-12 02:00:00+00:00,20.0,1.1437492370605469,2.0,2.799999952316284
2026-09-12 03:00:00+00:00,21.0,2.1424050331115723,4.0,4.166666507720947
2026-09-12 04:00:00+00:00,22.0,2.2284655570983887,4.0,6.5
2026-09-12 05:00:00+00:00,23.0,3.281073570251465,5.0,5.75
2026-09-12 06:00:00+00:00,24.0,4.378482818603516,6.0,6.75
2026-09-11 08:00:00+00:00,1.0,8.818511962890625,9.0,13.166666984558105
2026-09-11 09:00:00+00:00,2.0,9.60991096496582,10.0,11.333333015441895
2026-09-11 10:00:00+00:00,3.0,9.606608390808105,10.0,7.0
2026-09-11 11:00:00+00:00,4.0,6.695412635803223,8.0,6.199999809265137
2026-09-11 12:00:00+00:00,5.0,6.583643436431885,8.0,7.25
2026-09-11 13:00:00+00:00,6.0,6.918049335479736,9.0,7.5
2026-09-11 14:00:00+00:00,7.0,5.986277103424072,8.0,7.714285850524902
2026-09-11 15:00:00+00:00,8.0,5.637150764465332,8.0,7.5
2026-09-11 16:00:00+00:00,9.0,4.6994309425354,7.0,5.142857074737549
2026-09-11 17:00:00+00:00,10.0,3.731740951538086,6.0,5.25
2026-09-11 18:00:00+00:00,11.0,2.9412715435028076,5.0,3.5999999046325684
2026-09-11 19:00:00+00:00,12.0,2.7778358459472656,5.0,2.5
2026-09-11 20:00:00+00:00,13.0,3.281635046005249,6.0,2.0
2026-09-11 21:00:00+00:00,14.0,3.723393440246582,7.0,1.1428571939468384
2026-09-11 22:00:00+00:00,15.0,3.156121015548706,6.0,0.3333333432674408
2026-09-11 23:00:00+00:00,16.0,2.5937259197235107,5.0,0.0
2026-09-12 00:00:00+00:00,17.0,2.0639073848724365,4.0,2.0
2026-09-12 01:00:00+00:00,18.0,1.7498058080673218,3.0,2.3333332538604736
2026-09-12 02:00:00+00:00,19.0,0.6267129182815552,1.0,2.799999952316284
2026-09-12 03:00:00+00:00,20.0,2.214715003967285,4.0,4.166666507720947
2026-09-12 04:00:00+00:00,21.0,2.431514024734497,4.0,6.5
2026-09-12 05:00:00+00:00,22.0,2.5395617485046387,4.0,5.75
2026-09-12 06:00:00+00:00,23.0,3.26274037361145,5.0,6.75
2026-09-12 07:00:00+00:00,24.0,3.8300230503082275,5.0,9.5
2026-09-11 09:00:00+00:00,1.0,12.73363208770752,13.0,11.333333015441895
2026-09-11 10:00:00+00:00,2.0,9.305371284484863,9.0,7.0
2026-09-11 11:00:00+00:00,3.0,7.282032489776611,7.0,6.199999809265137
2026-09-11 12:00:00+00:00,4.0,6.766765117645264,8.0,7.25
2026-09-11 13:00:00+00:00,5.0,6.445179462432861,8.0,7.5
2026-09-11 14:00:00+00:00,6.0,6.032718658447266,8.0,7.714285850524902
2026-09-11 15:00:00+00:00,7.0,5.726086139678955,8.0,7.5
2026-09-11 16:00:00+00:00,8.0,4.669935703277588,7.0,5.142857074737549
2026-09-11 17:00:00+00:00,9.0,4.3903093338012695,7.0,5.25
2026-09-11 18:00:00+00:00,10.0,4.157593727111816,7.0,3.5999999046325684
2026-09-11 19:00:00+00:00,11.0,3.4219677448272705,6.0,2.5
2026-09-11 20:00:00+00:00,12.0,3.3287904262542725,6.0,2.0
2026-09-11 21:00:00+00:00,13.0,3.252429723739624,6.0,1.1428571939468384
2026-09-11 22:00:00+00:00,14.0,2.6590161323547363,5.0,0.3333333432674408
2026-09-11 23:00:00+00:00,15.0,2.1056594848632812,4.0,0.0
2026-09-12 00:00:00+00:00,16.0,2.097869634628296,4.0,2.0
2026-09-12 01:00:00+00:00,17.0,0.6065223813056946,1.0,2.3333332538604736
2026-09-12 02:00:00+00:00,18.0,1.6847999095916748,3.0,2.799999952316284
2026-09-12 03:00:00+00:00,19.0,2.277656316757202,4.0,4.166666507720947
2026-09-12 04:00:00+00:00,20.0,3.0514044761657715,5.0,6.5
2026-09-12 05:00:00+00:00,21.0,2.6024396419525146,4.0,5.75
2026-09-12 06:00:00+00:00,22.0,3.6657891273498535,5.0,6.75
2026-09-12 07:00:00+00:00,23.0,4.947986602783203,6.0,9.5
2026-09-12 08:00:00+00:00,24.0,6.195821762084961,7.0,10.166666984558105
2026-09-11 10:00:00+00:00,1.0,12.772462844848633,13.0,7.0
2026-09-11 11:00:00+00:00,2.0,7.563096046447754,7.0,6.199999809265137
2026-09-11 12:00:00+00:00,3.0,5.2591142654418945,5.0,7.25
2026-09-11 13:00:00+00:00,4.0,6.793442249298096,8.0,7.5
2026-09-11 14:00:00+00:00,5.0,6.097038269042969,8.0,7.714285850524902
2026-09-11 15:00:00+00:00,6.0,5.8358659744262695,8.0,7.5
2026-09-11 16:00:00+00:00,7.0,4.675154209136963,7.0,5.142857074737549
2026-09-11 17:00:00+00:00,8.0,3.7150115966796875,6.0,5.25
2026-09-11 18:00:00+00:00,9.0,4.183658123016357,7.0,3.5999999046325684
2026-09-11 19:00:00+00:00,10.0,3.4373674392700195,6.0,2.5
2026-09-11 20:00:00+00:00,11.0,3.290893077850342,6.0,2.0
2026-09-11 21:00:00+00:00,12.0,2.6618781089782715,5.0,1.1428571939468384
2026-09-11 22:00:00+00:00,13.0,2.594154119491577,5.0,0.3333333432674408
2026-09-11 23:00:00+00:00,14.0,1.6275283098220825,3.0,0.0
2026-09-12 00:00:00+00:00,15.0,2.1460039615631104,4.0,2.0
2026-09-12 01:00:00+00:00,16.0,1.6662803888320923,3.0,2.3333332538604736
2026-09-12 02:00:00+00:00,17.0,0.6620787382125854,1.0,2.799999952316284
2026-09-12 03:00:00+00:00,18.0,1.1655759811401367,2.0,4.166666507720947
2026-09-12 04:00:00+00:00,19.0,1.21811842918396,2.0,6.5
2026-09-12 05:00:00+00:00,20.0,2.41037917137146,4.0,5.75
2026-09-12 06:00:00+00:00,21.0,3.579996109008789,5.0,6.75
2026-09-12 07:00:00+00:00,22.0,3.970909833908081,5.0,9.5
2026-09-12 08:00:00+00:00,23.0,5.244544506072998,6.0,10.166666984558105
2026-09-12 09:00:00+00:00,24.0,6.399231433868408,7.0,12.333333015441895
2026-09-11 11:00:00+00:00,1.0,6.157410621643066,7.0,6.199999809265137
2026-09-11 12:00:00+00:00,2.0,6.366735458374023,7.0,7.25
2026-09-11 13:00:00+00:00,3.0,7.382543087005615,9.0,7.5
2026-09-11 14:00:00+00:00,4.0,6.013286113739014,8.0,7.714285850524902
2026-09-11 15:00:00+00:00,5.0,5.778286457061768,8.0,7.5
2026-09-11 16:00:00+00:00,6.0,4.745649814605713,7.0,5.142857074737549
2026-09-11 17:00:00+00:00,7.0,3.302356243133545,5.0,5.25
2026-09-11 18:00:00+00:00,8.0,3.386671781539917,5.0,3.5999999046325684
2026-09-11 19:00:00+00:00,9.0,3.552109479904175,6.0,2.5
2026-09-11 20:00:00+00:00,10.0,3.355665683746338,6.0,2.0
2026-09-11 21:00:00+00:00,11.0,3.230715751647949,6.0,1.1428571939468384
2026-09-11 22:00:00+00:00,12.0,2.6504709720611572,5.0,0.3333333432674408
2026-09-11 23:00:00+00:00,13.0,2.1077613830566406,4.0,0.0
2026-09-12 00:00:00+00:00,14.0,2.143817901611328,4.0,2.0
2026-09-12 01:00:00+00:00,15.0,1.6602131128311157,3.0,2.3333332538604736
2026-09-12 02:00:00+00:00,16.0,1.6864004135131836,3.0,2.799999952316284
2026-09-12 03:00:00+00:00,17.0,1.3150560855865479,2.0,4.166666507720947
2026-09-12 04:00:00+00:00,18.0,1.3513739109039307,2.0,6.5
2026-09-12 05:00:00+00:00,19.0,2.4703855514526367,4.0,5.75
2026-09-12 06:00:00+00:00,20.0,3.4597527980804443,5.0,6.75
2026-09-12 07:00:00+00:00,21.0,3.7902841567993164,5.0,9.5
2026-09-12 08:00:00+00:00,22.0,6.213655471801758,7.0,10.166666984558105
2026-09-12 09:00:00+00:00,23.0,8.252178192138672,9.0,12.333333015441895
2026-09-12 10:00:00+00:00,24.0,8.58315658569336,9.0,14.5
2026-09-11 12:00:00+00:00,1.0,6.054888725280762,7.0,7.25
2026-09-11 13:00:00+00:00,2.0,5.737401962280273,7.0,7.5
2026-09-11 14:00:00+00:00,3.0,5.4156413078308105,7.0,7.714285850524902
2026-09-11 15:00:00+00:00,4.0,5.665238380432129,8.0,7.5
2026-09-11 16:00:00+00:00,5.0,4.618998050689697,7.0,5.142857074737549
2026-09-11 17:00:00+00:00,6.0,3.0468387603759766,5.0,5.25
2026-09-11 18:00:00+00:00,7.0,4.052435398101807,7.0,3.5999999046325684
2026-09-11 19:00:00+00:00,8.0,3.3807499408721924,6.0,2.5
2026-09-11 20:00:00+00:00,9.0,2.7364237308502197,5.0,2.0
2026-09-11 21:00:00+00:00,10.0,3.1584603786468506,6.0,1.1428571939468384
2026-09-11 22:00:00+00:00,11.0,2.5989110469818115,5.0,0.3333333432674408
2026-09-11 23:00:00+00:00,12.0,1.5833208560943604,3.0,0.0
2026-09-12 00:00:00+00:00,13.0,1.5672060251235962,3.0,2.0
2026-09-12 01:00:00+00:00,14.0,2.116628408432007,4.0,2.3333332538604736
2026-09-12 02:00:00+00:00,15.0,1.7150651216506958,3.0,2.799999952316284
2026-09-12 03:00:00+00:00,16.0,1.7811455726623535,3.0,4.166666507720947
2026-09-12 04:00:00+00:00,17.0,1.8697586059570312,3.0,6.5
2026-09-12 05:00:00+00:00,18.0,2.36444091796875,4.0,5.75
2026-09-12 06:00:00+00:00,19.0,2.7697274684906006,4.0,6.75
2026-09-12 07:00:00+00:00,20.0,3.9425339698791504,5.0,9.5
2026-09-12 08:00:00+00:00,21.0,6.006679534912109,7.0,10.166666984558105
2026-09-12 09:00:00+00:00,22.0,7.220796585083008,8.0,12.333333015441895
2026-09-12 10:00:00+00:00,23.0,8.360023498535156,9.0,14.5
2026-09-12 11:00:00+00:00,24.0,9.93973445892334,11.0,14.666666984558105
2026-09-11 13:00:00+00:00,1.0,5.664143085479736,7.0,7.5
2026-09-11 14:00:00+00:00,2.0,5.357285022735596,7.0,7.714285850524902
2026-09-11 15:00:00+00:00,3.0,5.610184669494629,8.0,7.5
2026-09-11 16:00:00+00:00,4.0,4.588354587554932,7.0,5.142857074737549
2026-09-11 17:00:00+00:00,5.0,3.024510622024536,5.0,5.25
2026-09-11 18:00:00+00:00,6.0,4.023675918579102,7.0,3.5999999046325684
2026-09-11 19:00:00+00:00,7.0,3.359985589981079,6.0,2.5
2026-09-11 20:00:00+00:00,8.0,2.7219507694244385,5.0,2.0
2026-09-11 21:00:00+00:00,9.0,3.14422869682312,6.0,1.1428571939468384
2026-09-11 22:00:00+00:00,10.0,2.587656021118164,5.0,0.3333333432674408
2026-09-11 23:00:00+00:00,11.0,1.5769824981689453,3.0,0.0
2026-09-12 00:00:00+00:00,12.0,1.561132788658142,3.0,2.0
2026-09-12 01:00:00+00:00,13.0,2.1084201335906982,4.0,2.3333332538604736
2026-09-12 02:00:00+00:00,14.0,1.7077312469482422,3.0,2.799999952316284
2026-09-12 03:00:00+00:00,15.0,1.7711671590805054,3.0,4.166666507720947
2026-09-12 04:00:00+00:00,16.0,1.8553682565689087,3.0,6.5
2026-09-12 05:00:00+00:00,17.0,2.3420114517211914,4.0,5.75
2026-09-12 06:00:00+00:00,18.0,2.7371702194213867,4.0,6.75
2026-09-12 07:00:00+00:00,19.0,3.8916168212890625,5.0,9.5
2026-09-12 08:00:00+00:00,20.0,5.937530994415283,7.0,10.166666984558105
2026-09-12 09:00:00+00:00,21.0,7.127449989318848,8.0,12.333333015441895
2026-09-12 10:00:00+00:00,22.0,8.237260818481445,9.0,14.5
2026-09-12 11:00:00+00:00,23.0,9.782821655273438,11.0,14.666666984558105
2026-09-12 12:00:00+00:00,24.0,11.363659858703613,13.0,16.25
2026-09-11 14:00:00+00:00,1.0,5.31564474105835,7.0,7.714285850524902
2026-09-11 15:00:00+00:00,2.0,5.579456806182861,8.0,7.5
2026-09-11 16:00:00+00:00,3.0,4.575817584991455,7.0,5.142857074737549
2026-09-11 17:00:00+00:00,4.0,3.017449140548706,5.0,5.25
2026-09-11 18:00:00+00:00,5.0,4.015425682067871,7.0,3.5999999046325684
2026-09-11 19:00:00+00:00,6.0,3.358535051345825,6.0,2.5
2026-09-11 20:00:00+00:00,7.0,2.724687337875366,5.0,2.0
2026-09-11 21:00:00+00:00,8.0,3.1499147415161133,6.0,1.1428571939468384
2026-09-11 22:00:00+00:00,9.0,2.5947678089141846,5.0,0.3333333432674408
2026-09-11 23:00:00+00:00,10.0,1.5819305181503296,3.0,0.0
2026-09-12 00:00:00+00:00,11.0,1.565893530845642,3.0,2.0
2026-09-12 01:00:00+00:00,12.0,2.1150553226470947,4.0,2.3333332538604736
2026-09-12 02:00:00+00:00,13.0,1.71222722530365,3.0,2.799999952316284
2026-09-12 03:00:00+00:00,14.0,1.7747048139572144,3.0,4.166666507720947
2026-09-12 04:00:00+00:00,15.0,1.8590309619903564,3.0,6.5
2026-09-12 05:00:00+00:00,16.0,2.3487420082092285,4.0,5.75
2026-09-12 06:00:00+00:00,17.0,2.7341907024383545,4.0,6.75
2026-09-12 07:00:00+00:00,18.0,3.8751556873321533,5.0,9.5
2026-09-12 08:00:00+00:00,19.0,5.898904800415039,7.0,10.166666984558105
2026-09-12 09:00:00+00:00,20.0,7.072455406188965,8.0,12.333333015441895
2026-09-12 10:00:00+00:00,21.0,8.156227111816406,9.0,14.5
2026-09-12 11:00:00+00:00,22.0,9.656949043273926,11.0,14.666666984558105
2026-09-12 12:00:00+00:00,23.0,11.21731948852539,13.0,16.25
2026-09-12 13:00:00+00:00,24.0,10.865821838378906,13.0,16.0
2026-09-11 15:00:00+00:00,1.0,5.561830997467041,8.0,7.5
2026-09-11 16:00:00+00:00,2.0,4.565501689910889,7.0,5.142857074737549
2026-09-11 17:00:00+00:00,3.0,3.0124619007110596,5.0,5.25
2026-09-11 18:00:00+00:00,4.0,4.0106401443481445,7.0,3.5999999046325684
2026-09-11 19:00:00+00:00,5.0,3.358797311782837,6.0,2.5
2026-09-11 20:00:00+00:00,6.0,2.7284560203552246,5.0,2.0
2026-09-11 21:00:00+00:00,7.0,3.156567096710205,6.0,1.1428571939468384
2026-09-11 22:00:00+00:00,8.0,2.6021809577941895,5.0,0.3333333432674408
2026-09-11 23:00:00+00:00,9.0,1.5868723392486572,3.0,0.0
2026-09-12 00:00:00+00:00,10.0,1.5710060596466064,3.0,2.0
2026-09-12 01:00:00+00:00,11.0,2.1210529804229736,4.0,2.3333332538604736
2026-09-12 02:00:00+00:00,12.0,1.7171152830123901,3.0,2.799999952316284
2026-09-12 03:00:00+00:00,13.0,1.7785439491271973,3.0,4.166666507720947
2026-09-12 04:00:00+00:00,14.0,1.8617520332336426,3.0,6.5
2026-09-12 05:00:00+00:00,15.0,2.3527324199676514,4.0,5.75
2026-09-12 06:00:00+00:00,16.0,2.728940963745117,4.0,6.75
2026-09-12 07:00:00+00:00,17.0,3.856034755706787,5.0,9.5
2026-09-12 08:00:00+00:00,18.0,5.856297969818115,7.0,10.166666984558105
2026-09-12 09:00:00+00:00,19.0,7.015650272369385,8.0,12.333333015441895
2026-09-12 10:00:00+00:00,20.0,8.078556060791016,9.0,14.5
2026-09-12 11:00:00+00:00,21.0,9.545610427856445,11.0,14.666666984558105
2026-09-12 12:00:00+00:00,22.0,11.086861610412598,13.0,16.25
2026-09-12 13:00:00+00:00,23.0,10.742734909057617,13.0,16.0
2026-09-12 14:00:00+00:00,24.0,10.43838119506836,13.0,16.0
2026-09-11 16:00:00+00:00,1.0,3.8710243701934814,6.0,5.142857074737549
2026-09-11 17:00:00+00:00,2.0,3.0370330810546875,5.0,5.25
2026-09-11 18:00:00+00:00,3.0,3.4509124755859375,6.0,3.5999999046325684
2026-09-11 19:00:00+00:00,4.0,2.7573604583740234,5.0,2.5
2026-09-11 20:00:00+00:00,5.0,3.193765163421631,6.0,2.0
2026-09-11 21:00:00+00:00,6.0,2.5880887508392334,5.0,1.1428571939468384
2026-09-11 22:00:00+00:00,7.0,2.5496885776519775,5.0,0.3333333432674408
2026-09-11 23:00:00+00:00,8.0,1.4624090194702148,3.0,0.0
2026-09-12 00:00:00+00:00,9.0,1.0451067686080933,2.0,2.0
2026-09-12 01:00:00+00:00,10.0,1.0794700384140015,2.0,2.3333332538604736
2026-09-12 02:00:00+00:00,11.0,0.5315595269203186,1.0,2.799999952316284
2026-09-12 03:00:00+00:00,12.0,2.1395132541656494,4.0,4.166666507720947
2026-09-12 04:00:00+00:00,13.0,2.2737624645233154,4.0,6.5
2026-09-12 05:00:00+00:00,14.0,3.073333501815796,5.0,5.75
2026-09-12 06:00:00+00:00,15.0,3.271042585372925,5.0,6.75
2026-09-12 07:00:00+00:00,16.0,3.7335104942321777,5.0,9.5
2026-09-12 08:00:00+00:00,17.0,6.5145745277404785,8.0,10.166666984558105
2026-09-12 09:00:00+00:00,18.0,6.162987232208252,7.0,12.333333015441895
2026-09-12 10:00:00+00:00,19.0,7.154458522796631,8.0,14.5
2026-09-12 11:00:00+00:00,20.0,9.315731048583984,11.0,14.666666984558105
2026-09-12 12:00:00+00:00,21.0,11.140188217163086,13.0,16.25
2026-09-12 13:00:00+00:00,22.0,10.726214408874512,13.0,16.0
2026-09-12 14:00:00+00:00,23.0,9.736414909362793,12.0,16.0
2026-09-12 15:00:00+00:00,24.0,10.07304573059082,13.0,16.200000762939453
2026-09-11 17:00:00+00:00,1.0,3.84496808052063,6.0,5.25
2026-09-11 18:00:00+00:00,2.0,3.62129807472229,6.0,3.5999999046325684
2026-09-11 19:00:00+00:00,3.0,2.979562759399414,5.0,2.5
2026-09-11 20:00:00+00:00,4.0,3.2561118602752686,6.0,2.0
2026-09-11 21:00:00+00:00,5.0,3.1822726726531982,6.0,1.1428571939468384
2026-09-11 22:00:00+00:00,6.0,2.117008686065674,4.0,0.3333333432674408
2026-09-11 23:00:00+00:00,7.0,1.0864262580871582,2.0,0.0
2026-09-12 00:00:00+00:00,8.0,0.6330267190933228,1.0,2.0
2026-09-12 01:00:00+00:00,9.0,1.1859086751937866,2.0,2.3333332538604736
2026-09-12 02:00:00+00:00,10.0,1.2579472064971924,2.0,2.799999952316284
2026-09-12 03:00:00+00:00,11.0,1.3172385692596436,2.0,4.166666507720947
2026-09-12 04:00:00+00:00,12.0,2.8738253116607666,5.0,6.5
2026-09-12 05:00:00+00:00,13.0,3.2022597789764404,5.0,5.75
2026-09-12 06:00:00+00:00,14.0,3.6218509674072266,5.0,6.75
2026-09-12 07:00:00+00:00,15.0,5.558325290679932,7.0,9.5
2026-09-12 08:00:00+00:00,16.0,6.707623481750488,8.0,10.166666984558105
2026-09-12 09:00:00+00:00,17.0,6.926329135894775,8.0,12.333333015441895
2026-09-12 10:00:00+00:00,18.0,7.306994438171387,8.0,14.5
2026-09-12 11:00:00+00:00,19.0,10.1459321975708,12.0,14.666666984558105
2026-09-12 12:00:00+00:00,20.0,9.846725463867188,12.0,16.25
2026-09-12 13:00:00+00:00,21.0,8.994401931762695,11.0,16.0
2026-09-12 14:00:00+00:00,22.0,9.541117668151855,12.0,16.0
2026-09-12 15:00:00+00:00,23.0,10.18344783782959,13.0,16.200000762939453
2026-09-12 16:00:00+00:00,24.0,11.459366798400879,15.0,16.5
2026-09-11 18:00:00+00:00,1.0,4.04267692565918,7.0,3.5999999046325684
2026-09-11 19:00:00+00:00,2.0,3.3419597148895264,6.0,2.5
2026-09-11 20:00:00+00:00,3.0,2.727062702178955,5.0,2.0
2026-09-11 21:00:00+00:00,4.0,2.6256821155548096,5.0,1.1428571939468384
2026-09-11 22:00:00+00:00,5.0,2.0938541889190674,4.0,0.3333333432674408
2026-09-11 23:00:00+00:00,6.0,0.9813666939735413,2.0,0.0
2026-09-12 00:00:00+00:00,7.0,1.5809868574142456,3.0,2.0
2026-09-12 01:00:00+00:00,8.0,1.593026876449585,3.0,2.3333332538604736
2026-09-12 02:00:00+00:00,9.0,1.0943657159805298,2.0,2.799999952316284
2026-09-12 03:00:00+00:00,10.0,1.785019874572754,3.0,4.166666507720947
2026-09-12 04:00:00+00:00,11.0,1.9188103675842285,3.0,6.5
2026-09-12 05:00:00+00:00,12.0,1.9217180013656616,3.0,5.75
2026-09-12 06:00:00+00:00,13.0,3.402240514755249,5.0,6.75
2026-09-12 07:00:00+00:00,14.0,3.7939939498901367,5.0,9.5
2026-09-12 08:00:00+00:00,15.0,4.9022040367126465,6.0,10.166666984558105
2026-09-12 09:00:00+00:00,16.0,7.486211776733398,9.0,12.333333015441895
2026-09-12 10:00:00+00:00,17.0,7.613291263580322,9.0,14.5
2026-09-12 11:00:00+00:00,18.0,9.041754722595215,11.0,14.666666984558105
2026-09-12 12:00:00+00:00,19.0,9.031072616577148,11.0,16.25
2026-09-12 13:00:00+00:00,20.0,7.966623783111572,10.0,16.0
2026-09-12 14:00:00+00:00,21.0,9.340898513793945,12.0,16.0
2026-09-12 15:00:00+00:00,22.0,9.758925437927246,13.0,16.200000762939453
2026-09-12 16:00:00+00:00,23.0,11.067875862121582,15.0,16.5
2026-09-12 17:00:00+00:00,24.0,11.650437355041504,16.0,16.399999618530273
2026-09-11 19:00:00+00:00,1.0,3.3629372119903564,6.0,2.5
2026-09-11 20:00:00+00:00,2.0,2.745906114578247,5.0,2.0
2026-09-11 21:00:00+00:00,3.0,2.6439883708953857,5.0,1.1428571939468384
2026-09-11 22:00:00+00:00,4.0,2.105466842651367,4.0,0.3333333432674408
2026-09-11 23:00:00+00:00,5.0,0.9896586537361145,2.0,0.0
2026-09-12 00:00:00+00:00,6.0,1.5890756845474243,3.0,2.0
2026-09-12 01:00:00+00:00,7.0,1.6028538942337036,3.0,2.3333332538604736
2026-09-12 02:00:00+00:00,8.0,1.1006417274475098,2.0,2.799999952316284
2026-09-12 03:00:00+00:00,9.0,1.7908662557601929,3.0,4.166666507720947
2026-09-12 04:00:00+00:00,10.0,1.923491358757019,3.0,6.5
2026-09-12 05:00:00+00:00,11.0,1.924642562866211,3.0,5.75
2026-09-12 06:00:00+00:00,12.0,3.4032719135284424,5.0,6.75
2026-09-12 07:00:00+00:00,13.0,3.7910196781158447,5.0,9.5
2026-09-12 08:00:00+00:00,14.0,4.899392127990723,6.0,10.166666984558105
2026-09-12 09:00:00+00:00,15.0,7.461451053619385,9.0,12.333333015441895
2026-09-12 10:00:00+00:00,16.0,7.586617469787598,9.0,14.5
2026-09-12 11:00:00+00:00,17.0,8.991650581359863,11.0,14.666666984558105
2026-09-12 12:00:00+00:00,18.0,8.968646049499512,11.0,16.25
2026-09-12 13:00:00+00:00,19.0,7.9107584953308105,10.0,16.0
2026-09-12 14:00:00+00:00,20.0,9.253884315490723,12.0,16.0
2026-09-12 15:00:00+00:00,21.0,9.665525436401367,13.0,16.200000762939453
2026-09-12 16:00:00+00:00,22.0,11.000507354736328,15.0,16.5
2026-09-12 17:00:00+00:00,23.0,11.588190078735352,16.0,16.399999618530273
2026-09-12 18:00:00+00:00,24.0,10.727605819702148,15.0,16.22222137451172
2026-09-11 20:00:00+00:00,1.0,3.2818050384521484,6.0,2.0
2026-09-11 21:00:00+00:00,2.0,2.692233085632324,5.0,1.1428571939468384
2026-09-11 22:00:00+00:00,3.0,2.125319480895996,4.0,0.3333333432674408
2026-09-11 23:00:00+00:00,4.0,1.5722908973693848,3.0,0.0
2026-09-12 00:00:00+00:00,5.0,0.6277744770050049,1.0,2.0
2026-09-12 01:00:00+00:00,6.0,1.666312575340271,3.0,2.3333332538604736
2026-09-12 02:00:00+00:00,7.0,2.29992413520813,4.0,2.799999952316284
2026-09-12 03:00:00+00:00,8.0,1.878359079360962,3.0,4.166666507720947
2026-09-12 04:00:00+00:00,9.0,2.569179058074951,4.0,6.5
2026-09-12 05:00:00+00:00,10.0,2.7049527168273926,4.0,5.75
2026-09-12 06:00:00+00:00,11.0,2.8060576915740967,4.0,6.75
2026-09-12 07:00:00+00:00,12.0,4.583285808563232,6.0,9.5
2026-09-12 08:00:00+00:00,13.0,5.788777828216553,7.0,10.166666984558105
2026-09-12 09:00:00+00:00,14.0,7.5218329429626465,9.0,12.333333015441895
2026-09-12 10:00:00+00:00,15.0,8.337010383605957,10.0,14.5
2026-09-12 11:00:00+00:00,16.0,9.964125633239746,12.0,14.666666984558105
2026-09-12 12:00:00+00:00,17.0,10.535202026367188,13.0,16.25
2026-09-12 13:00:00+00:00,18.0,9.002002716064453,11.0,16.0
2026-09-12 14:00:00+00:00,19.0,10.169428825378418,13.0,16.0
2026-09-12 15:00:00+00:00,20.0,10.86488151550293,14.0,16.200000762939453
2026-09-12 16:00:00+00:00,21.0,11.16214656829834,15.0,16.5
2026-09-12 17:00:00+00:00,22.0,11.003984451293945,15.0,16.399999618530273
2026-09-12 18:00:00+00:00,23.0,10.87216854095459,15.0,16.22222137451172
2026-09-12 19:00:00+00:00,24.0,11.439019203186035,16.0,16.600000381469727
2026-09-11 21:00:00+00:00,1.0,2.152921676635742,4.0,1.1428571939468384
2026-09-11 22:00:00+00:00,2.0,1.6097878217697144,3.0,0.3333333432674408
2026-09-11 23:00:00+00:00,3.0,0.532463014125824,1.0,0.0
2026-09-12 00:00:00+00:00,4.0,1.6539640426635742,3.0,2.0
2026-09-12 01:00:00+00:00,5.0,1.7159831523895264,3.0,2.3333332538604736
2026-09-12 02:00:00+00:00,6.0,2.3386318683624268,4.0,2.799999952316284
2026-09-12 03:00:00+00:00,7.0,2.452810764312744,4.0,4.166666507720947
2026-09-12 04:00:00+00:00,8.0,3.180330753326416,5.0,6.5
2026-09-12 05:00:00+00:00,9.0,2.6085245609283447,4.0,5.75
2026-09-12 06:00:00+00:00,10.0,4.194396495819092,6.0,6.75
2026-09-12 07:00:00+00:00,11.0,5.468551158905029,7.0,9.5
2026-09-12 08:00:00+00:00,12.0,6.418814659118652,8.0,10.166666984558105
2026-09-12 09:00:00+00:00,13.0,6.778966903686523,8.0,12.333333015441895
2026-09-12 10:00:00+00:00,14.0,6.979844093322754,8.0,14.5
2026-09-12 11:00:00+00:00,15.0,9.064083099365234,11.0,14.666666984558105
2026-09-12 12:00:00+00:00,16.0,9.544991493225098,12.0,16.25
2026-09-12 13:00:00+00:00,17.0,9.442395210266113,12.0,16.0
2026-09-12 14:00:00+00:00,18.0,9.990184783935547,13.0,16.0
2026-09-12 15:00:00+00:00,19.0,10.570051193237305,14.0,16.200000762939453
2026-09-12 16:00:00+00:00,20.0,11.030080795288086,15.0,16.5
2026-09-12 17:00:00+00:00,21.0,11.663155555725098,16.0,16.399999618530273
2026-09-12 18:00:00+00:00,22.0,11.242613792419434,16.0,16.22222137451172
2026-09-12 19:00:00+00:00,23.0,10.481759071350098,15.0,16.600000381469727
2026-09-12 20:00:00+00:00,24.0,9.739291191101074,15.0,16.22222137451172
2026-09-11 22:00:00+00:00,1.0,1.0962520837783813,2.0,0.3333333432674408
2026-09-11 23:00:00+00:00,2.0,1.6982347965240479,3.0,0.0
2026-09-12 00:00:00+00:00,3.0,1.6535886526107788,3.0,2.0
2026-09-12 01:00:00+00:00,4.0,2.3013594150543213,4.0,2.3333332538604736
2026-09-12 02:00:00+00:00,5.0,1.8044694662094116,3.0,2.799999952316284
2026-09-12 03:00:00+00:00,6.0,2.2306020259857178,4.0,4.166666507720947
2026-09-12 04:00:00+00:00,7.0,3.659364938735962,6.0,6.5
2026-09-12 05:00:00+00:00,8.0,3.263638496398926,5.0,5.75
2026-09-12 06:00:00+00:00,9.0,4.858578205108643,7.0,6.75
2026-09-12 07:00:00+00:00,10.0,5.344502925872803,7.0,9.5
2026-09-12 08:00:00+00:00,11.0,7.772435188293457,10.0,10.166666984558105
2026-09-12 09:00:00+00:00,12.0,6.820056915283203,8.0,12.333333015441895
2026-09-12 10:00:00+00:00,13.0,7.635486125946045,9.0,14.5
2026-09-12 11:00:00+00:00,14.0,10.511996269226074,13.0,14.666666984558105
2026-09-12 12:00:00+00:00,15.0,9.251588821411133,12.0,16.25
2026-09-12 13:00:00+00:00,16.0,10.107970237731934,13.0,16.0
2026-09-12 14:00:00+00:00,17.0,10.901805877685547,14.0,16.0
2026-09-12 15:00:00+00:00,18.0,11.382434844970703,15.0,16.200000762939453
2026-09-12 16:00:00+00:00,19.0,11.772883415222168,16.0,16.5
2026-09-12 17:00:00+00:00,20.0,10.725619316101074,15.0,16.399999618530273
2026-09-12 18:00:00+00:00,21.0,11.522512435913086,16.0,16.22222137451172
2026-09-12 19:00:00+00:00,22.0,11.818204879760742,17.0,16.600000381469727
2026-09-12 20:00:00+00:00,23.0,10.143609046936035,15.0,16.22222137451172
2026-09-12 21:00:00+00:00,24.0,9.251097679138184,14.0,14.571428298950195
2026-09-11 23:00:00+00:00,2.0,1.683833360671997,3.0,0.0
2026-09-12 00:00:00+00:00,3.0,1.6383386850357056,3.0,2.0
2026-09-12 01:00:00+00:00,4.0,2.283109426498413,4.0,2.3333332538604736
2026-09-12 02:00:00+00:00,5.0,1.7901135683059692,3.0,2.799999952316284
2026-09-12 03:00:00+00:00,6.0,2.2098686695098877,4.0,4.166666507720947
2026-09-12 04:00:00+00:00,7.0,3.6299233436584473,6.0,6.5
2026-09-12 05:00:00+00:00,8.0,3.23260235786438,5.0,5.75
2026-09-12 06:00:00+00:00,9.0,4.802457332611084,7.0,6.75
2026-09-12 07:00:00+00:00,10.0,5.282112121582031,7.0,9.5
2026-09-12 08:00:00+00:00,11.0,7.720500946044922,10.0,10.166666984558105
2026-09-12 09:00:00+00:00,12.0,6.764857769012451,8.0,12.333333015441895
2026-09-12 10:00:00+00:00,13.0,7.599913120269775,9.0,14.5
2026-09-12 11:00:00+00:00,14.0,10.451584815979004,13.0,14.666666984558105
2026-09-12 12:00:00+00:00,15.0,9.218003273010254,12.0,16.25
2026-09-12 13:00:00+00:00,16.0,10.055665969848633,13.0,16.0
2026-09-12 14:00:00+00:00,17.0,10.85432243347168,14.0,16.0
2026-09-12 15:00:00+00:00,18.0,11.325112342834473,15.0,16.200000762939453
2026-09-12 16:00:00+00:00,19.0,11.69902229309082,16.0,16.5
2026-09-12 17:00:00+00:00,20.0,10.660475730895996,15.0,16.399999618530273
2026-09-12 18:00:00+00:00,21.0,11.452852249145508,16.0,16.22222137451172
2026-09-12 19:00:00+00:00,22.0,11.743324279785156,17.0,16.600000381469727
2026-09-12 20:00:00+00:00,23.0,10.111079216003418,15.0,16.22222137451172
2026-09-12 21:00:00+00:00,24.0,9.219017028808594,14.0,14.571428298950195
2026-09-12 22:00:00+00:00,25.0,9.468582153320312,15.0,13.285714149475098
2026-09-12 00:00:00+00:00,3.0,1.5950367450714111,3.0,2.0
2026-09-12 01:00:00+00:00,4.0,2.2243261337280273,4.0,2.3333332538604736
2026-09-12 02:00:00+00:00,5.0,1.7370569705963135,3.0,2.799999952316284
2026-09-12 03:00:00+00:00,6.0,2.1471364498138428,4.0,4.166666507720947
2026-09-12 04:00:00+00:00,7.0,3.538304328918457,6.0,6.5
2026-09-12 05:00:00+00:00,8.0,3.1544575691223145,5.0,5.75
2026-09-12 06:00:00+00:00,9.0,4.694302082061768,7.0,6.75
2026-09-12 07:00:00+00:00,10.0,5.196061611175537,7.0,9.5
2026-09-12 08:00:00+00:00,11.0,7.726987361907959,10.0,10.166666984558105
2026-09-12 09:00:00+00:00,12.0,6.784517765045166,8.0,12.333333015441895
2026-09-12 10:00:00+00:00,13.0,7.65452241897583,9.0,14.5
2026-09-12 11:00:00+00:00,14.0,10.672664642333984,13.0,14.666666984558105
2026-09-12 12:00:00+00:00,15.0,9.40099811553955,12.0,16.25
2026-09-12 13:00:00+00:00,16.0,10.283367156982422,13.0,16.0
2026-09-12 14:00:00+00:00,17.0,11.133770942687988,14.0,16.0
2026-09-12 15:00:00+00:00,18.0,11.606514930725098,15.0,16.200000762939453
2026-09-12 16:00:00+00:00,19.0,11.972519874572754,16.0,16.5
2026-09-12 17:00:00+00:00,20.0,10.874408721923828,15.0,16.399999618530273
2026-09-12 18:00:00+00:00,21.0,11.664633750915527,16.0,16.22222137451172
2026-09-12 19:00:00+00:00,22.0,11.942049980163574,17.0,16.600000381469727
2026-09-12 20:00:00+00:00,23.0,10.267168998718262,15.0,16.22222137451172
2026-09-12 21:00:00+00:00,24.0,9.2629976272583,14.0,14.571428298950195
2026-09-12 22:00:00+00:00,25.0,9.4822359085083,15.0,13.285714149475098
2026-09-12 23:00:00+00:00,26.0,7.49326229095459,12.0,9.833333015441895
2026-09-12 01:00:00+00:00,4.0,2.115370988845825,4.0,2.3333332538604736
2026-09-12 02:00:00+00:00,5.0,1.6451653242111206,3.0,2.799999952316284
2026-09-12 03:00:00+00:00,6.0,2.0394604206085205,4.0,4.166666507720947
2026-09-12 04:00:00+00:00,7.0,3.374577283859253,6.0,6.5
2026-09-12 05:00:00+00:00,8.0,2.9968678951263428,5.0,5.75
2026-09-12 06:00:00+00:00,9.0,4.485950946807861,7.0,6.75
2026-09-12 07:00:00+00:00,10.0,4.993652820587158,7.0,9.5
2026-09-12 08:00:00+00:00,11.0,7.637242794036865,10.0,10.166666984558105
2026-09-12 09:00:00+00:00,12.0,6.691906929016113,8.0,12.333333015441895
2026-09-12 10:00:00+00:00,13.0,7.6381754875183105,9.0,14.5
2026-09-12 11:00:00+00:00,14.0,10.841135025024414,13.0,14.666666984558105
2026-09-12 12:00:00+00:00,15.0,9.56125545501709,12.0,16.25
2026-09-12 13:00:00+00:00,16.0,10.479453086853027,13.0,16.0
2026-09-12 14:00:00+00:00,17.0,11.37206745147705,14.0,16.0
2026-09-12 15:00:00+00:00,18.0,11.891035079956055,15.0,16.200000762939453
2026-09-12 16:00:00+00:00,19.0,12.250933647155762,16.0,16.5
2026-09-12 17:00:00+00:00,20.0,11.098230361938477,15.0,16.399999618530273
2026-09-12 18:00:00+00:00,21.0,11.820324897766113,16.0,16.22222137451172
2026-09-12 19:00:00+00:00,22.0,12.051864624023438,17.0,16.600000381469727
2026-09-12 20:00:00+00:00,23.0,10.341532707214355,15.0,16.22222137451172
2026-09-12 21:00:00+00:00,24.0,9.249070167541504,14.0,14.571428298950195
2026-09-12 22:00:00+00:00,25.0,9.452445983886719,15.0,13.285714149475098
2026-09-12 23:00:00+00:00,26.0,7.440090179443359,12.0,9.833333015441895
2026-09-13 00:00:00+00:00,27.0,7.0775837898254395,12.0,9.75
2026-09-12 02:00:00+00:00,5.0,1.6124106645584106,3.0,2.799999952316284
2026-09-12 03:00:00+00:00,6.0,1.9996469020843506,4.0,4.166666507720947
2026-09-12 04:00:00+00:00,7.0,3.3156650066375732,6.0,6.5
2026-09-12 05:00:00+00:00,8.0,2.949725389480591,5.0,5.75
2026-09-12 06:00:00+00:00,9.0,4.420127868652344,7.0,6.75
2026-09-12 07:00:00+00:00,10.0,4.940817356109619,7.0,9.5
2026-09-12 08:00:00+00:00,11.0,7.619048595428467,10.0,10.166666984558105
2026-09-12 09:00:00+00:00,12.0,6.669425964355469,8.0,12.333333015441895
2026-09-12 10:00:00+00:00,13.0,7.64608907699585,9.0,14.5
2026-09-12 11:00:00+00:00,14.0,10.95267105102539,13.0,14.666666984558105
2026-09-12 12:00:00+00:00,15.0,9.652042388916016,12.0,16.25
2026-09-12 13:00:00+00:00,16.0,10.592378616333008,13.0,16.0
2026-09-12 14:00:00+00:00,17.0,11.508672714233398,14.0,16.0
2026-09-12 15:00:00+00:00,18.0,12.04323673248291,15.0,16.200000762939453
2026-09-12 16:00:00+00:00,19.0,12.40462875366211,16.0,16.5
2026-09-12 17:00:00+00:00,20.0,11.20228385925293,15.0,16.399999618530273
2026-09-12 18:00:00+00:00,21.0,11.896062850952148,16.0,16.22222137451172
2026-09-12 19:00:00+00:00,22.0,12.099695205688477,17.0,16.600000381469727
2026-09-12 20:00:00+00:00,23.0,10.357237815856934,15.0,16.22222137451172
2026-09-12 21:00:00+00:00,24.0,9.252105712890625,14.0,14.571428298950195
2026-09-12 22:00:00+00:00,25.0,9.454019546508789,15.0,13.285714149475098
2026-09-12 23:00:00+00:00,26.0,7.418430805206299,12.0,9.833333015441895
2026-09-13 00:00:00+00:00,27.0,7.040696144104004,12.0,9.75
2026-09-13 01:00:00+00:00,28.0,7.116278648376465,12.0,9.428571701049805
2026-09-12 03:00:00+00:00,6.0,1.9694440364837646,4.0,4.166666507720947
2026-09-12 04:00:00+00:00,7.0,3.2721855640411377,6.0,6.5
2026-09-12 05:00:00+00:00,8.0,2.909280300140381,5.0,5.75
2026-09-12 06:00:00+00:00,9.0,4.3801469802856445,7.0,6.75
2026-09-12 07:00:00+00:00,10.0,4.898239612579346,7.0,9.5
2026-09-12 08:00:00+00:00,11.0,7.59092378616333,10.0,10.166666984558105
2026-09-12 09:00:00+00:00,12.0,6.644191265106201,8.0,12.333333015441895
2026-09-12 10:00:00+00:00,13.0,7.637392520904541,9.0,14.5
2026-09-12 11:00:00+00:00,14.0,11.012777328491211,13.0,14.666666984558105
2026-09-12 12:00:00+00:00,15.0,9.701813697814941,12.0,16.25
2026-09-12 13:00:00+00:00,16.0,10.651185035705566,13.0,16.0
2026-09-12 14:00:00+00:00,17.0,11.581565856933594,14.0,16.0
2026-09-12 15:00:00+00:00,18.0,12.11079216003418,15.0,16.200000762939453
2026-09-12 16:00:00+00:00,19.0,12.46686840057373,16.0,16.5
2026-09-12 17:00:00+00:00,20.0,11.232430458068848,15.0,16.399999618530273
2026-09-12 18:00:00+00:00,21.0,11.906987190246582,16.0,16.22222137451172
2026-09-12 19:00:00+00:00,22.0,12.102044105529785,17.0,16.600000381469727
2026-09-12 20:00:00+00:00,23.0,10.342828750610352,15.0,16.22222137451172
2026-09-12 21:00:00+00:00,24.0,9.236357688903809,14.0,14.571428298950195
2026-09-12 22:00:00+00:00,25.0,9.433016777038574,15.0,13.285714149475098
2026-09-12 23:00:00+00:00,26.0,7.390083312988281,12.0,9.833333015441895
2026-09-13 00:00:00+00:00,27.0,7.003517150878906,12.0,9.75
2026-09-13 01:00:00+00:00,28.0,7.072427272796631,12.0,9.428571701049805
2026-09-13 02:00:00+00:00,29.0,6.138823509216309,11.0,9.0
2026-09-12 04:00:00+00:00,7.0,3.175760269165039,6.0,6.5
2026-09-12 05:00:00+00:00,8.0,2.814380168914795,5.0,5.75
2026-09-12 06:00:00+00:00,9.0,4.259181499481201,7.0,6.75
2026-09-12 07:00:00+00:00,10.0,4.757177352905273,7.0,9.5
2026-09-12 08:00:00+00:00,11.0,7.437191486358643,10.0,10.166666984558105
2026-09-12 09:00:00+00:00,12.0,6.487702369689941,8.0,12.333333015441895
2026-09-12 10:00:00+00:00,13.0,7.482266902923584,9.0,14.5
2026-09-12 11:00:00+00:00,14.0,10.975765228271484,13.0,14.666666984558105
2026-09-12 12:00:00+00:00,15.0,9.68093490600586,12.0,16.25
2026-09-12 13:00:00+00:00,16.0,10.626008033752441,13.0,16.0
2026-09-12 14:00:00+00:00,17.0,11.581995964050293,14.0,16.0
2026-09-12 15:00:00+00:00,18.0,12.133191108703613,15.0,16.200000762939453
2026-09-12 16:00:00+00:00,19.0,12.467811584472656,16.0,16.5
2026-09-12 17:00:00+00:00,20.0,11.192936897277832,15.0,16.399999618530273
2026-09-12 18:00:00+00:00,21.0,11.852227210998535,16.0,16.22222137451172
2026-09-12 19:00:00+00:00,22.0,12.089887619018555,17.0,16.600000381469727
2026-09-12 20:00:00+00:00,23.0,10.316211700439453,15.0,16.22222137451172
2026-09-12 21:00:00+00:00,24.0,9.199776649475098,14.0,14.571428298950195
2026-09-12 22:00:00+00:00,25.0,9.374059677124023,15.0,13.285714149475098
2026-09-12 23:00:00+00:00,26.0,7.334437370300293,12.0,9.833333015441895
2026-09-13 00:00:00+00:00,27.0,6.923288345336914,12.0,9.75
2026-09-13 01:00:00+00:00,28.0,6.988367557525635,12.0,9.428571701049805
2026-09-13 02:00:00+00:00,29.0,6.066565036773682,11.0,9.0
2026-09-13 03:00:00+00:00,30.0,5.7009406089782715,10.0,10.0
2026-09-12 05:00:00+00:00,8.0,2.807650566101074,5.0,5.75
2026-09-12 06:00:00+00:00,9.0,4.256908893585205,7.0,6.75
2026-09-12 07:00:00+00:00,10.0,4.760226726531982,7.0,9.5
2026-09-12 08:00:00+00:00,11.0,7.457942008972168,10.0,10.166666984558105
2026-09-12 09:00:00+00:00,12.0,6.493589878082275,8.0,12.333333015441895
2026-09-12 10:00:00+00:00,13.0,7.4787163734436035,9.0,14.5
2026-09-12 11:00:00+00:00,14.0,11.04139518737793,13.0,14.666666984558105
2026-09-12 12:00:00+00:00,15.0,9.74321460723877,12.0,16.25
2026-09-12 13:00:00+00:00,16.0,10.676810264587402,13.0,16.0
2026-09-12 14:00:00+00:00,17.0,11.649703979492188,14.0,16.0
2026-09-12 15:00:00+00:00,18.0,12.203474044799805,15.0,16.200000762939453
2026-09-12 16:00:00+00:00,19.0,12.537602424621582,16.0,16.5
2026-09-12 17:00:00+00:00,20.0,11.254201889038086,15.0,16.399999618530273
2026-09-12 18:00:00+00:00,21.0,11.90695858001709,16.0,16.22222137451172
2026-09-12 19:00:00+00:00,22.0,12.147978782653809,17.0,16.600000381469727
2026-09-12 20:00:00+00:00,23.0,10.347524642944336,15.0,16.22222137451172
2026-09-12 21:00:00+00:00,24.0,9.22709846496582,14.0,14.571428298950195
2026-09-12 22:00:00+00:00,25.0,9.40457820892334,15.0,13.285714149475098
2026-09-12 23:00:00+00:00,26.0,7.334666728973389,12.0,9.833333015441895
2026-09-13 00:00:00+00:00,27.0,6.924212455749512,12.0,9.75
2026-09-13 01:00:00+00:00,28.0,6.988343715667725,12.0,9.428571701049805
2026-09-13 02:00:00+00:00,29.0,6.064977645874023,11.0,9.0
2026-09-13 03:00:00+00:00,30.0,5.697764873504639,10.0,10.0
2026-09-13 04:00:00+00:00,31.0,5.151089191436768,9.0,8.25
2026-09-12 06:00:00+00:00,9.0,4.242854118347168,7.0,6.75
2026-09-12 07:00:00+00:00,10.0,4.745732307434082,7.0,9.5
2026-09-12 08:00:00+00:00,11.0,7.452641487121582,10.0,10.166666984558105
2026-09-12 09:00:00+00:00,12.0,6.480096340179443,8.0,12.333333015441895
2026-09-12 10:00:00+00:00,13.0,7.465876579284668,9.0,14.5
2026-09-12 11:00:00+00:00,14.0,11.068028450012207,13.0,14.666666984558105
2026-09-12 12:00:00+00:00,15.0,9.764097213745117,12.0,16.25
2026-09-12 13:00:00+00:00,16.0,10.705913543701172,13.0,16.0
2026-09-12 14:00:00+00:00,17.0,11.682064056396484,14.0,16.0
2026-09-12 15:00:00+00:00,18.0,12.235295295715332,15.0,16.200000762939453
2026-09-12 16:00:00+00:00,19.0,12.559765815734863,16.0,16.5
2026-09-12 17:00:00+00:00,20.0,11.27487564086914,15.0,16.399999618530273
2026-09-12 18:00:00+00:00,21.0,11.921122550964355,16.0,16.22222137451172
2026-09-12 19:00:00+00:00,22.0,12.167682647705078,17.0,16.600000381469727
2026-09-12 20:00:00+00:00,23.0,10.352907180786133,15.0,16.22222137451172
2026-09-12 21:00:00+00:00,24.0,9.227272033691406,14.0,14.571428298950195
2026-09-12 22:00:00+00:00,25.0,9.405869483947754,15.0,13.285714149475098
2026-09-12 23:00:00+00:00,26.0,7.320575714111328,12.0,9.833333015441895
2026-09-13 00:00:00+00:00,27.0,6.913056373596191,12.0,9.75
2026-09-13 01:00:00+00:00,28.0,6.980008602142334,12.0,9.428571701049805
2026-09-13 02:00:00+00:00,29.0,6.052773475646973,11.0,9.0
2026-09-13 03:00:00+00:00,30.0,5.686748504638672,10.0,10.0
2026-09-13 04:00:00+00:00,31.0,5.132846832275391,9.0,8.25
2026-09-13 05:00:00+00:00,32.0,4.725470066070557,8.0,6.0
2026-09-12 07:00:00+00:00,1.0,4.715930461883545,7.0,9.5
2026-09-12 08:00:00+00:00,2.0,6.091272354125977,8.0,10.166666984558105
2026-09-12 09:00:00+00:00,3.0,6.436751842498779,8.0,12.333333015441895
2026-09-12 10:00:00+00:00,4.0,8.330870628356934,10.0,14.5
2026-09-12 11:00:00+00:00,5.0,11.0929536819458,13.0,14.666666984558105
2026-09-12 12:00:00+00:00,6.0,9.96696949005127,12.0,16.25
2026-09-12 13:00:00+00:00,7.0,11.9985933303833,14.0,16.0
2026-09-12 14:00:00+00:00,8.0,12.187092781066895,14.0,16.0
2026-09-12 15:00:00+00:00,9.0,13.71990966796875,16.0,16.200000762939453
2026-09-12 16:00:00+00:00,10.0,13.096489906311035,16.0,16.5
2026-09-12 17:00:00+00:00,11.0,11.760939598083496,15.0,16.399999618530273
2026-09-12 18:00:00+00:00,12.0,12.750978469848633,17.0,16.22222137451172
2026-09-12 19:00:00+00:00,13.0,12.741211891174316,17.0,16.600000381469727
2026-09-12 20:00:00+00:00,14.0,10.561319351196289,15.0,16.22222137451172
2026-09-12 21:00:00+00:00,15.0,10.195990562438965,15.0,14.571428298950195
2026-09-12 22:00:00+00:00,16.0,9.26031494140625,14.0,13.285714149475098
2026-09-12 23:00:00+00:00,17.0,8.422974586486816,13.0,9.833333015441895
2026-09-13 00:00:00+00:00,18.0,7.941129684448242,13.0,9.75
2026-09-13 01:00:00+00:00,19.0,7.866408348083496,13.0,9.428571701049805
2026-09-13 02:00:00+00:00,20.0,6.6137824058532715,11.0,9.0
2026-09-13 03:00:00+00:00,21.0,6.381351947784424,11.0,10.0
2026-09-13 04:00:00+00:00,22.0,5.359114646911621,9.0,8.25
2026-09-13 05:00:00+00:00,23.0,5.354212760925293,9.0,6.0
2026-09-13 06:00:00+00:00,24.0,5.56485652923584,9.0,6.25
2026-09-12 08:00:00+00:00,1.0,5.099763870239258,7.0,10.166666984558105
2026-09-12 09:00:00+00:00,2.0,6.399862766265869,8.0,12.333333015441895
2026-09-12 10:00:00+00:00,3.0,8.384333610534668,10.0,14.5
2026-09-12 11:00:00+00:00,4.0,10.99542236328125,13.0,14.666666984558105
2026-09-12 12:00:00+00:00,5.0,10.969029426574707,13.0,16.25
2026-09-12 13:00:00+00:00,6.0,12.157362937927246,14.0,16.0
2026-09-12 14:00:00+00:00,7.0,13.01282787322998,15.0,16.0
2026-09-12 15:00:00+00:00,8.0,13.731138229370117,16.0,16.200000762939453
2026-09-12 16:00:00+00:00,9.0,15.112010955810547,18.0,16.5
2026-09-12 17:00:00+00:00,10.0,13.731117248535156,17.0,16.399999618530273
2026-09-12 18:00:00+00:00,11.0,12.934921264648438,17.0,16.22222137451172
2026-09-12 19:00:00+00:00,12.0,13.412352561950684,18.0,16.600000381469727
2026-09-12 20:00:00+00:00,13.0,11.576300621032715,16.0,16.22222137451172
2026-09-12 21:00:00+00:00,14.0,9.413236618041992,14.0,14.571428298950195
2026-09-12 22:00:00+00:00,15.0,9.114204406738281,14.0,13.285714149475098
2026-09-12 23:00:00+00:00,16.0,8.982293128967285,14.0,9.833333015441895
2026-09-13 00:00:00+00:00,17.0,7.901351451873779,13.0,9.75
2026-09-13 01:00:00+00:00,18.0,7.87710428237915,13.0,9.428571701049805
2026-09-13 02:00:00+00:00,19.0,7.54659366607666,12.0,9.0
2026-09-13 03:00:00+00:00,20.0,6.526769638061523,11.0,10.0
2026-09-13 04:00:00+00:00,21.0,5.948840141296387,10.0,8.25
2026-09-13 05:00:00+00:00,22.0,5.959160327911377,10.0,6.0
2026-09-13 06:00:00+00:00,23.0,5.0567402839660645,8.0,6.25
2026-09-13 07:00:00+00:00,24.0,5.139081954956055,8.0,4.833333492279053
2026-09-12 09:00:00+00:00,1.0,6.549646377563477,8.0,12.333333015441895
2026-09-12 10:00:00+00:00,2.0,10.399327278137207,12.0,14.5
2026-09-12 11:00:00+00:00,3.0,10.737318992614746,13.0,14.666666984558105
2026-09-12 12:00:00+00:00,4.0,12.126930236816406,14.0,16.25
2026-09-12 13:00:00+00:00,5.0,12.31365966796875,14.0,16.0
2026-09-12 14:00:00+00:00,6.0,12.313287734985352,14.0,16.0
2026-09-12 15:00:00+00:00,7.0,13.766005516052246,16.0,16.200000762939453
2026-09-12 16:00:00+00:00,8.0,15.389418601989746,18.0,16.5
2026-09-12 17:00:00+00:00,9.0,14.086709022521973,17.0,16.399999618530273
2026-09-12 18:00:00+00:00,10.0,13.226728439331055,17.0,16.22222137451172
2026-09-12 19:00:00+00:00,11.0,13.676888465881348,18.0,16.600000381469727
2026-09-12 20:00:00+00:00,12.0,13.022741317749023,18.0,16.22222137451172
2026-09-12 21:00:00+00:00,13.0,9.812113761901855,14.0,14.571428298950195
2026-09-12 22:00:00+00:00,14.0,9.068706512451172,14.0,13.285714149475098
2026-09-12 23:00:00+00:00,15.0,8.203438758850098,13.0,9.833333015441895
2026-09-13 00:00:00+00:00,16.0,7.434989929199219,12.0,9.75
2026-09-13 01:00:00+00:00,17.0,8.699446678161621,14.0,9.428571701049805
2026-09-13 02:00:00+00:00,18.0,7.548333644866943,12.0,9.0
2026-09-13 03:00:00+00:00,19.0,8.019023895263672,13.0,10.0
2026-09-13 04:00:00+00:00,20.0,7.420478343963623,12.0,8.25
2026-09-13 05:00:00+00:00,21.0,5.805599212646484,9.0,6.0
2026-09-13 06:00:00+00:00,22.0,6.194728374481201,10.0,6.25
2026-09-13 07:00:00+00:00,23.0,5.776347637176514,9.0,4.833333492279053
2026-09-13 08:00:00+00:00,24.0,5.241698741912842,8.0,4.0
2026-09-12 10:00:00+00:00,1.0,9.709742546081543,11.0,14.5
2026-09-12 11:00:00+00:00,2.0,11.944302558898926,13.0,14.666666984558105
2026-09-12 12:00:00+00:00,3.0,12.261075973510742,14.0,16.25
2026-09-12 13:00:00+00:00,4.0,12.474348068237305,14.0,16.0
2026-09-12 14:00:00+00:00,5.0,12.628219604492188,14.0,16.0
2026-09-12 15:00:00+00:00,6.0,14.179791450500488,16.0,16.200000762939453
2026-09-12 16:00:00+00:00,7.0,15.674836158752441,18.0,16.5
2026-09-12 17:00:00+00:00,8.0,13.706816673278809,17.0,16.399999618530273
2026-09-12 18:00:00+00:00,9.0,12.763893127441406,16.0,16.22222137451172
2026-09-12 19:00:00+00:00,10.0,13.074813842773438,17.0,16.600000381469727
2026-09-12 20:00:00+00:00,11.0,12.581269264221191,17.0,16.22222137451172
2026-09-12 21:00:00+00:00,12.0,12.332696914672852,17.0,14.571428298950195
2026-09-12 22:00:00+00:00,13.0,10.42178726196289,15.0,13.285714149475098
2026-09-12 23:00:00+00:00,14.0,9.234763145446777,14.0,9.833333015441895
2026-09-13 00:00:00+00:00,15.0,9.18720817565918,14.0,9.75
2026-09-13 01:00:00+00:00,16.0,8.890571594238281,14.0,9.428571701049805
2026-09-13 02:00:00+00:00,17.0,6.96332311630249,11.0,9.0
2026-09-13 03:00:00+00:00,18.0,5.421309471130371,9.0,10.0
2026-09-13 04:00:00+00:00,19.0,5.46627140045166,9.0,8.25
2026-09-13 05:00:00+00:00,20.0,5.535798072814941,9.0,6.0
2026-09-13 06:00:00+00:00,21.0,5.311685562133789,8.0,6.25
2026-09-13 07:00:00+00:00,22.0,6.0701584815979,9.0,4.833333492279053
2026-09-13 08:00:00+00:00,23.0,5.528271675109863,8.0,4.0
2026-09-13 09:00:00+00:00,24.0,4.632680416107178,7.0,3.3333332538604736
2026-09-12 11:00:00+00:00,1.0,10.990893363952637,12.0,14.666666984558105
2026-09-12 12:00:00+00:00,2.0,11.75674057006836,13.0,16.25
2026-09-12 13:00:00+00:00,3.0,13.57947063446045,15.0,16.0
2026-09-12 14:00:00+00:00,4.0,13.650237083435059,15.0,16.0
2026-09-12 15:00:00+00:00,5.0,14.257986068725586,16.0,16.200000762939453
2026-09-12 16:00:00+00:00,6.0,14.982787132263184,17.0,16.5
2026-09-12 17:00:00+00:00,7.0,15.239227294921875,18.0,16.399999618530273
2026-09-12 18:00:00+00:00,8.0,13.759610176086426,17.0,16.22222137451172
2026-09-12 19:00:00+00:00,9.0,13.892757415771484,18.0,16.600000381469727
2026-09-12 20:00:00+00:00,10.0,13.478404998779297,18.0,16.22222137451172
2026-09-12 21:00:00+00:00,11.0,12.308497428894043,17.0,14.571428298950195
2026-09-12 22:00:00+00:00,12.0,11.291560173034668,16.0,13.285714149475098
2026-09-12 23:00:00+00:00,13.0,11.755167961120605,17.0,9.833333015441895
2026-09-13 00:00:00+00:00,14.0,10.216419219970703,15.0,9.75
2026-09-13 01:00:00+00:00,15.0,8.523689270019531,13.0,9.428571701049805
2026-09-13 02:00:00+00:00,16.0,7.880138874053955,13.0,9.0
2026-09-13 03:00:00+00:00,17.0,6.7771315574646,11.0,10.0
2026-09-13 04:00:00+00:00,18.0,5.966977596282959,10.0,8.25
2026-09-13 05:00:00+00:00,19.0,8.090249061584473,13.0,6.0
2026-09-13 06:00:00+00:00,20.0,4.761288166046143,7.0,6.25
2026-09-13 07:00:00+00:00,21.0,4.696329116821289,7.0,4.833333492279053
2026-09-13 08:00:00+00:00,22.0,4.629916667938232,7.0,4.0
2026-09-13 09:00:00+00:00,23.0,4.077066898345947,6.0,3.3333332538604736
2026-09-13 10:00:00+00:00,24.0,4.371391773223877,6.0,4.4285712242126465
2026-09-12 12:00:00+00:00,1.0,12.78469181060791,14.0,16.25
2026-09-12 13:00:00+00:00,2.0,13.902303695678711,15.0,16.0
2026-09-12 14:00:00+00:00,3.0,13.902220726013184,15.0,16.0
2026-09-12 15:00:00+00:00,4.0,14.540063858032227,16.0,16.200000762939453
2026-09-12 16:00:00+00:00,5.0,15.77034854888916,18.0,16.5
2026-09-12 17:00:00+00:00,6.0,14.438365936279297,17.0,16.399999618530273
2026-09-12 18:00:00+00:00,7.0,13.924003601074219,17.0,16.22222137451172
2026-09-12 19:00:00+00:00,8.0,14.146560668945312,18.0,16.600000381469727
2026-09-12 20:00:00+00:00,9.0,13.036170959472656,17.0,16.22222137451172
2026-09-12 21:00:00+00:00,10.0,11.891239166259766,16.0,14.571428298950195
2026-09-12 22:00:00+00:00,11.0,11.542113304138184,16.0,13.285714149475098
2026-09-12 23:00:00+00:00,12.0,10.531022071838379,15.0,9.833333015441895
2026-09-13 00:00:00+00:00,13.0,10.281492233276367,15.0,9.75
2026-09-13 01:00:00+00:00,14.0,8.530888557434082,13.0,9.428571701049805
2026-09-13 02:00:00+00:00,15.0,7.213414669036865,11.0,9.0
2026-09-13 03:00:00+00:00,16.0,6.323371887207031,10.0,10.0
2026-09-13 04:00:00+00:00,17.0,6.390338897705078,10.0,8.25
2026-09-13 05:00:00+00:00,18.0,5.911203384399414,9.0,6.0
2026-09-13 06:00:00+00:00,19.0,5.4759521484375,8.0,6.25
2026-09-13 07:00:00+00:00,20.0,6.149635314941406,9.0,4.833333492279053
2026-09-13 08:00:00+00:00,21.0,6.094961643218994,9.0,4.0
2026-09-13 09:00:00+00:00,22.0,4.267992973327637,6.0,3.3333332538604736
2026-09-13 10:00:00+00:00,23.0,5.104866027832031,7.0,4.4285712242126465
2026-09-13 11:00:00+00:00,24.0,4.652634620666504,6.0,4.888888835906982
2026-09-12 13:00:00+00:00,1.0,14.110823631286621,15.0,16.0
2026-09-12 14:00:00+00:00,2.0,14.196691513061523,15.0,16.0
2026-09-12 15:00:00+00:00,3.0,14.88868522644043,16.0,16.200000762939453
2026-09-12 16:00:00+00:00,4.0,16.182531356811523,18.0,16.5
2026-09-12 17:00:00+00:00,5.0,16.34008026123047,19.0,16.399999618530273
2026-09-12 18:00:00+00:00,6.0,14.025368690490723,16.0,16.22222137451172
2026-09-12 19:00:00+00:00,7.0,13.781012535095215,17.0,16.600000381469727
2026-09-12 20:00:00+00:00,8.0,13.546331405639648,17.0,16.22222137451172
2026-09-12 21:00:00+00:00,9.0,11.922717094421387,16.0,14.571428298950195
2026-09-12 22:00:00+00:00,10.0,10.764852523803711,15.0,13.285714149475098
2026-09-12 23:00:00+00:00,11.0,11.144447326660156,16.0,9.833333015441895
2026-09-13 00:00:00+00:00,12.0,9.787209510803223,14.0,9.75
2026-09-13 01:00:00+00:00,13.0,8.634520530700684,13.0,9.428571701049805
2026-09-13 02:00:00+00:00,14.0,7.233791828155518,11.0,9.0
2026-09-13 03:00:00+00:00,15.0,6.434399127960205,10.0,10.0
2026-09-13 04:00:00+00:00,16.0,5.351467609405518,8.0,8.25
2026-09-13 05:00:00+00:00,17.0,4.94708251953125,7.0,6.0
2026-09-13 06:00:00+00:00,18.0,5.124161243438721,7.0,6.25
2026-09-13 07:00:00+00:00,19.0,5.160127639770508,7.0,4.833333492279053
2026-09-13 08:00:00+00:00,20.0,5.848119258880615,8.0,4.0
2026-09-13 09:00:00+00:00,21.0,4.253195285797119,6.0,3.3333332538604736
2026-09-13 10:00:00+00:00,22.0,3.693845510482788,5.0,4.4285712242126465
2026-09-13 11:00:00+00:00,23.0,3.940635919570923,5.0,4.888888835906982
2026-09-13 12:00:00+00:00,24.0,4.721266746520996,6.0,6.166666507720947
2026-09-12 14:00:00+00:00,1.0,15.375821113586426,16.0,16.0
2026-09-12 15:00:00+00:00,2.0,16.05753517150879,17.0,16.200000762939453
2026-09-12 16:00:00+00:00,3.0,15.506596565246582,17.0,16.5
2026-09-12 17:00:00+00:00,4.0,16.189197540283203,18.0,16.399999618530273
2026-09-12 18:00:00+00:00,5.0,14.618647575378418,17.0,16.22222137451172
2026-09-12 19:00:00+00:00,6.0,14.838834762573242,18.0,16.600000381469727
2026-09-12 20:00:00+00:00,7.0,12.676654815673828,16.0,16.22222137451172
2026-09-12 21:00:00+00:00,8.0,11.875102996826172,16.0,14.571428298950195
2026-09-12 22:00:00+00:00,9.0,9.68530559539795,13.0,13.285714149475098
2026-09-12 23:00:00+00:00,10.0,10.414368629455566,15.0,9.833333015441895
2026-09-13 00:00:00+00:00,11.0,10.388633728027344,15.0,9.75
2026-09-13 01:00:00+00:00,12.0,9.537940979003906,14.0,9.428571701049805
2026-09-13 02:00:00+00:00,13.0,8.287084579467773,13.0,9.0
2026-09-13 03:00:00+00:00,14.0,6.3744025230407715,10.0,10.0
2026-09-13 04:00:00+00:00,15.0,6.381044387817383,10.0,8.25
2026-09-13 05:00:00+00:00,16.0,5.433762073516846,8.0,6.0
2026-09-13 06:00:00+00:00,17.0,5.6654744148254395,8.0,6.25
2026-09-13 07:00:00+00:00,18.0,6.445477485656738,9.0,4.833333492279053
2026-09-13 08:00:00+00:00,19.0,5.6677327156066895,8.0,4.0
2026-09-13 09:00:00+00:00,20.0,5.9107890129089355,8.0,3.3333332538604736
2026-09-13 10:00:00+00:00,21.0,4.767558574676514,6.0,4.4285712242126465
2026-09-13 11:00:00+00:00,22.0,5.979838848114014,8.0,4.888888835906982
2026-09-13 12:00:00+00:00,23.0,6.015197277069092,8.0,6.166666507720947
2026-09-13 13:00:00+00:00,24.0,6.043231964111328,8.0,5.0
2026-09-12 15:00:00+00:00,1.0,16.121044158935547,17.0,16.200000762939453
2026-09-12 16:00:00+00:00,2.0,17.60064697265625,19.0,16.5
2026-09-12 17:00:00+00:00,3.0,17.925580978393555,20.0,16.399999618530273
2026-09-12 18:00:00+00:00,4.0,14.935375213623047,17.0,16.22222137451172
2026-09-12 19:00:00+00:00,5.0,14.68807315826416,18.0,16.600000381469727
2026-09-12 20:00:00+00:00,6.0,13.031126976013184,16.0,16.22222137451172
2026-09-12 21:00:00+00:00,7.0,13.185399055480957,17.0,14.571428298950195
2026-09-12 22:00:00+00:00,8.0,12.151812553405762,16.0,13.285714149475098
2026-09-12 23:00:00+00:00,9.0,12.568662643432617,17.0,9.833333015441895
2026-09-13 00:00:00+00:00,10.0,11.434924125671387,16.0,9.75
2026-09-13 01:00:00+00:00,11.0,8.94589900970459,13.0,9.428571701049805
2026-09-13 02:00:00+00:00,12.0,7.899343490600586,12.0,9.0
2026-09-13 03:00:00+00:00,13.0,7.246819496154785,11.0,10.0
2026-09-13 04:00:00+00:00,14.0,5.967105388641357,9.0,8.25
2026-09-13 05:00:00+00:00,15.0,5.648119926452637,8.0,6.0
2026-09-13 06:00:00+00:00,16.0,6.9074201583862305,10.0,6.25
2026-09-13 07:00:00+00:00,17.0,6.559689044952393,9.0,4.833333492279053
2026-09-13 08:00:00+00:00,18.0,5.707974910736084,8.0,4.0
2026-09-13 09:00:00+00:00,19.0,3.137702465057373,4.0,3.3333332538604736
2026-09-13 10:00:00+00:00,20.0,4.193769931793213,5.0,4.4285712242126465
2026-09-13 11:00:00+00:00,21.0,5.721789360046387,7.0,4.888888835906982
2026-09-13 12:00:00+00:00,22.0,5.650146484375,7.0,6.166666507720947
2026-09-13 13:00:00+00:00,23.0,5.484837055206299,7.0,5.0
2026-09-13 14:00:00+00:00,24.0,5.552117824554443,7.0,3.799999952316284
2026-09-12 16:00:00+00:00,1.0,15.728353500366211,17.0,16.5
2026-09-12 17:00:00+00:00,2.0,16.549541473388672,18.0,16.399999618530273
2026-09-12 18:00:00+00:00,3.0,15.282257080078125,17.0,16.22222137451172
2026-09-12 19:00:00+00:00,4.0,14.432087898254395,17.0,16.600000381469727
2026-09-12 20:00:00+00:00,5.0,13.66447639465332,17.0,16.22222137451172
2026-09-12 21:00:00+00:00,6.0,12.181900978088379,16.0,14.571428298950195
2026-09-12 22:00:00+00:00,7.0,12.851325988769531,17.0,13.285714149475098
2026-09-12 23:00:00+00:00,8.0,12.525227546691895,17.0,9.833333015441895
2026-09-13 00:00:00+00:00,9.0,9.993507385253906,14.0,9.75
2026-09-13 01:00:00+00:00,10.0,9.66939640045166,14.0,9.428571701049805
2026-09-13 02:00:00+00:00,11.0,8.90861988067627,13.0,9.0
2026-09-13 03:00:00+00:00,12.0,7.327612400054932,11.0,10.0
2026-09-13 04:00:00+00:00,13.0,5.89390230178833,9.0,8.25
2026-09-13 05:00:00+00:00,14.0,6.783149719238281,10.0,6.0
2026-09-13 06:00:00+00:00,15.0,5.72159481048584,8.0,6.25
2026-09-13 07:00:00+00:00,16.0,6.59283971786499,9.0,4.833333492279053
2026-09-13 08:00:00+00:00,17.0,6.087669849395752,8.0,4.0
2026-09-13 09:00:00+00:00,18.0,5.991335868835449,8.0,3.3333332538604736
2026-09-13 10:00:00+00:00,19.0,4.948004722595215,6.0,4.4285712242126465
2026-09-13 11:00:00+00:00,20.0,5.83521842956543,7.0,4.888888835906982
2026-09-13 12:00:00+00:00,21.0,6.931230545043945,9.0,6.166666507720947
2026-09-13 13:00:00+00:00,22.0,6.078760147094727,8.0,5.0
2026-09-13 14:00:00+00:00,23.0,5.950875759124756,8.0,3.799999952316284
2026-09-13 15:00:00+00:00,24.0,5.048826694488525,7.0,3.0
2026-09-12 17:00:00+00:00,1.0,17.188276290893555,19.0,16.399999618530273
2026-09-12 18:00:00+00:00,2.0,15.816957473754883,18.0,16.22222137451172
2026-09-12 19:00:00+00:00,3.0,14.057600021362305,17.0,16.600000381469727
2026-09-12 20:00:00+00:00,4.0,12.908430099487305,16.0,16.22222137451172
2026-09-12 21:00:00+00:00,5.0,12.349722862243652,16.0,14.571428298950195
2026-09-12 22:00:00+00:00,6.0,11.222768783569336,15.0,13.285714149475098
2026-09-12 23:00:00+00:00,7.0,10.3101806640625,14.0,9.833333015441895
2026-09-13 00:00:00+00:00,8.0,10.631855010986328,15.0,9.75
2026-09-13 01:00:00+00:00,9.0,10.182485580444336,15.0,9.428571701049805
2026-09-13 02:00:00+00:00,10.0,8.203048706054688,12.0,9.0
2026-09-13 03:00:00+00:00,11.0,7.815784931182861,12.0,10.0
2026-09-13 04:00:00+00:00,12.0,6.5906219482421875,10.0,8.25
2026-09-13 05:00:00+00:00,13.0,6.345431804656982,9.0,6.0
2026-09-13 06:00:00+00:00,14.0,5.84863805770874,8.0,6.25
2026-09-13 07:00:00+00:00,15.0,6.136358261108398,8.0,4.833333492279053
2026-09-13 08:00:00+00:00,16.0,4.95084810256958,6.0,4.0
2026-09-13 09:00:00+00:00,17.0,3.9241943359375,5.0,3.3333332538604736
2026-09-13 10:00:00+00:00,18.0,4.4791998863220215,6.0,4.4285712242126465
2026-09-13 11:00:00+00:00,19.0,3.348085880279541,4.0,4.888888835906982
2026-09-13 12:00:00+00:00,20.0,5.842804908752441,8.0,6.166666507720947
2026-09-13 13:00:00+00:00,21.0,5.109405040740967,7.0,5.0
2026-09-13 14:00:00+00:00,22.0,5.708950996398926,8.0,3.799999952316284
2026-09-13 15:00:00+00:00,23.0,5.574750900268555,8.0,3.0
2026-09-13 16:00:00+00:00,24.0,5.375770568847656,8.0,3.875
2026-09-12 18:00:00+00:00,1.0,15.672929763793945,18.0,16.22222137451172
2026-09-12 19:00:00+00:00,2.0,13.629749298095703,16.0,16.600000381469727
2026-09-12 20:00:00+00:00,3.0,11.902905464172363,15.0,16.22222137451172
2026-09-12 21:00:00+00:00,4.0,11.101821899414062,14.0,14.571428298950195
2026-09-12 22:00:00+00:00,5.0,10.80647087097168,14.0,13.285714149475098
2026-09-12 23:00:00+00:00,6.0,12.177835464477539,16.0,9.833333015441895
2026-09-13 00:00:00+00:00,7.0,9.41540813446045,13.0,9.75
2026-09-13 01:00:00+00:00,8.0,8.478409767150879,12.0,9.428571701049805
2026-09-13 02:00:00+00:00,9.0,8.471041679382324,12.0,9.0
2026-09-13 03:00:00+00:00,10.0,7.590851306915283,11.0,10.0
2026-09-13 04:00:00+00:00,11.0,7.4424567222595215,11.0,8.25
2026-09-13 05:00:00+00:00,12.0,7.677799224853516,11.0,6.0
2026-09-13 06:00:00+00:00,13.0,7.337963581085205,10.0,6.25
2026-09-13 07:00:00+00:00,14.0,7.70150089263916,10.0,4.833333492279053
2026-09-13 08:00:00+00:00,15.0,6.7453107833862305,9.0,4.0
2026-09-13 09:00:00+00:00,16.0,4.825576305389404,6.0,3.3333332538604736
2026-09-13 10:00:00+00:00,17.0,5.575832366943359,7.0,4.4285712242126465
2026-09-13 11:00:00+00:00,18.0,4.6704421043396,6.0,4.888888835906982
2026-09-13 12:00:00+00:00,19.0,4.610702991485596,6.0,6.166666507720947
2026-09-13 13:00:00+00:00,20.0,3.982301950454712,5.0,5.0
2026-09-13 14:00:00+00:00,21.0,3.9701454639434814,5.0,3.799999952316284
2026-09-13 15:00:00+00:00,22.0,4.464958667755127,6.0,3.0
2026-09-13 16:00:00+00:00,23.0,3.668086528778076,5.0,3.875
2026-09-13 17:00:00+00:00,24.0,2.221980094909668,3.0,2.857142925262451
2026-09-12 19:00:00+00:00,1.0,15.452051162719727,18.0,16.600000381469727
2026-09-12 20:00:00+00:00,2.0,13.016373634338379,16.0,16.22222137451172
2026-09-12 21:00:00+00:00,3.0,12.965936660766602,17.0,14.571428298950195
2026-09-12 22:00:00+00:00,4.0,12.14745807647705,16.0,13.285714149475098
2026-09-12 23:00:00+00:00,5.0,10.614595413208008,14.0,9.833333015441895
2026-09-13 00:00:00+00:00,6.0,9.887418746948242,14.0,9.75
2026-09-13 01:00:00+00:00,7.0,9.78130054473877,14.0,9.428571701049805
2026-09-13 02:00:00+00:00,8.0,8.455137252807617,12.0,9.0
2026-09-13 03:00:00+00:00,9.0,7.856444835662842,11.0,10.0
2026-09-13 04:00:00+00:00,10.0,6.991018772125244,10.0,8.25
2026-09-13 05:00:00+00:00,11.0,6.544371128082275,9.0,6.0
2026-09-13 06:00:00+00:00,12.0,6.043613910675049,8.0,6.25
2026-09-13 07:00:00+00:00,13.0,6.3111491203308105,8.0,4.833333492279053
2026-09-13 08:00:00+00:00,14.0,6.3651323318481445,8.0,4.0
2026-09-13 09:00:00+00:00,15.0,4.914867877960205,6.0,3.3333332538604736
2026-09-13 10:00:00+00:00,16.0,3.205850601196289,4.0,4.4285712242126465
2026-09-13 11:00:00+00:00,17.0,3.8714523315429688,5.0,4.888888835906982
2026-09-13 12:00:00+00:00,18.0,3.956271171569824,5.0,6.166666507720947
2026-09-13 13:00:00+00:00,19.0,4.891978740692139,6.0,5.0
2026-09-13 14:00:00+00:00,20.0,4.765157699584961,6.0,3.799999952316284
2026-09-13 15:00:00+00:00,21.0,3.9504103660583496,5.0,3.0
2026-09-13 16:00:00+00:00,22.0,4.06064510345459,6.0,3.875
2026-09-13 17:00:00+00:00,23.0,3.2230451107025146,5.0,2.857142925262451
2026-09-13 18:00:00+00:00,24.0,2.5044617652893066,4.0,2.700000047683716
2026-09-12 20:00:00+00:00,1.0,13.020859718322754,16.0,16.22222137451172
2026-09-12 21:00:00+00:00,2.0,13.309953689575195,17.0,14.571428298950195
2026-09-12 22:00:00+00:00,3.0,10.102808952331543,13.0,13.285714149475098
2026-09-12 23:00:00+00:00,4.0,9.427413940429688,13.0,9.833333015441895
2026-09-13 00:00:00+00:00,5.0,10.074902534484863,14.0,9.75
2026-09-13 01:00:00+00:00,6.0,9.287590980529785,13.0,9.428571701049805
2026-09-13 02:00:00+00:00,7.0,7.978379249572754,11.0,9.0
2026-09-13 03:00:00+00:00,8.0,7.54742431640625,11.0,10.0
2026-09-13 04:00:00+00:00,9.0,8.283772468566895,12.0,8.25
2026-09-13 05:00:00+00:00,10.0,6.570863723754883,9.0,6.0
2026-09-13 06:00:00+00:00,11.0,6.120603561401367,8.0,6.25
2026-09-13 07:00:00+00:00,12.0,6.354276180267334,8.0,4.833333492279053
2026-09-13 08:00:00+00:00,13.0,5.9648284912109375,7.0,4.0
2026-09-13 09:00:00+00:00,14.0,6.613885402679443,7.0,3.3333332538604736
2026-09-13 10:00:00+00:00,15.0,6.514932155609131,7.0,4.4285712242126465
2026-09-13 11:00:00+00:00,16.0,9.15089225769043,11.0,4.888888835906982
2026-09-13 12:00:00+00:00,17.0,7.683732986450195,11.0,6.166666507720947
2026-09-13 13:00:00+00:00,18.0,3.064979314804077,4.0,5.0
2026-09-13 14:00:00+00:00,19.0,4.488778591156006,6.0,3.799999952316284
2026-09-13 15:00:00+00:00,20.0,4.398559093475342,6.0,3.0
2026-09-13 16:00:00+00:00,21.0,4.778553009033203,7.0,3.875
2026-09-13 17:00:00+00:00,22.0,4.519645690917969,7.0,2.857142925262451
2026-09-13 18:00:00+00:00,23.0,3.764824628829956,6.0,2.700000047683716
2026-09-13 19:00:00+00:00,24.0,3.06037974357605,5.0,1.8333333730697632
2026-09-12 21:00:00+00:00,1.0,11.643924713134766,15.0,14.571428298950195
2026-09-12 22:00:00+00:00,2.0,11.400406837463379,15.0,13.285714149475098
2026-09-12 23:00:00+00:00,3.0,10.951017379760742,15.0,9.833333015441895
2026-09-13 00:00:00+00:00,4.0,9.797500610351562,14.0,9.75
2026-09-13 01:00:00+00:00,5.0,7.933579444885254,11.0,9.428571701049805
2026-09-13 02:00:00+00:00,6.0,8.867424964904785,12.0,9.0
2026-09-13 03:00:00+00:00,7.0,8.859899520874023,12.0,10.0
2026-09-13 04:00:00+00:00,8.0,7.871211051940918,11.0,8.25
2026-09-13 05:00:00+00:00,9.0,7.3103485107421875,10.0,6.0
2026-09-13 06:00:00+00:00,10.0,6.2594170570373535,8.0,6.25
2026-09-13 07:00:00+00:00,11.0,6.988116264343262,9.0,4.833333492279053
2026-09-13 08:00:00+00:00,12.0,5.505279541015625,7.0,4.0
2026-09-13 09:00:00+00:00,13.0,3.789029121398926,4.0,3.3333332538604736
2026-09-13 10:00:00+00:00,14.0,4.309815406799316,5.0,4.4285712242126465
2026-09-13 11:00:00+00:00,15.0,3.865915536880493,5.0,4.888888835906982
2026-09-13 12:00:00+00:00,16.0,5.213378429412842,7.0,6.166666507720947
2026-09-13 13:00:00+00:00,17.0,3.779235363006592,5.0,5.0
2026-09-13 14:00:00+00:00,18.0,4.352969169616699,6.0,3.799999952316284
2026-09-13 15:00:00+00:00,19.0,2.9591665267944336,4.0,3.0
2026-09-13 16:00:00+00:00,20.0,2.9337880611419678,4.0,3.875
2026-09-13 17:00:00+00:00,21.0,3.503424644470215,5.0,2.857142925262451
2026-09-13 18:00:00+00:00,22.0,3.3475141525268555,5.0,2.700000047683716
2026-09-13 19:00:00+00:00,23.0,2.0635640621185303,3.0,1.8333333730697632
2026-09-13 20:00:00+00:00,24.0,1.963632345199585,3.0,2.5714285373687744
2026-09-12 22:00:00+00:00,1.0,12.51357364654541,16.0,13.285714149475098
2026-09-12 23:00:00+00:00,2.0,10.490890502929688,14.0,9.833333015441895
2026-09-13 00:00:00+00:00,3.0,9.25070858001709,13.0,9.75
2026-09-13 01:00:00+00:00,4.0,9.016009330749512,13.0,9.428571701049805
2026-09-13 02:00:00+00:00,5.0,8.619285583496094,12.0,9.0
2026-09-13 03:00:00+00:00,6.0,6.6292314529418945,9.0,10.0
2026-09-13 04:00:00+00:00,7.0,6.802835464477539,9.0,8.25
2026-09-13 05:00:00+00:00,8.0,8.53908634185791,11.0,6.0
2026-09-13 06:00:00+00:00,9.0,7.7096357345581055,10.0,6.25
2026-09-13 07:00:00+00:00,10.0,6.991821765899658,9.0,4.833333492279053
2026-09-13 08:00:00+00:00,11.0,6.592652320861816,8.0,4.0
2026-09-13 09:00:00+00:00,12.0,6.682679653167725,8.0,3.3333332538604736
2026-09-13 10:00:00+00:00,13.0,7.02960729598999,9.0,4.4285712242126465
2026-09-13 11:00:00+00:00,14.0,5.876071929931641,8.0,4.888888835906982
2026-09-13 12:00:00+00:00,15.0,6.1358795166015625,8.0,6.166666507720947
2026-09-13 13:00:00+00:00,16.0,5.9508538246154785,8.0,5.0
2026-09-13 14:00:00+00:00,17.0,5.134697437286377,7.0,3.799999952316284
2026-09-13 15:00:00+00:00,18.0,5.0290117263793945,7.0,3.0
2026-09-13 16:00:00+00:00,19.0,4.160363674163818,6.0,3.875
2026-09-13 17:00:00+00:00,20.0,3.9246368408203125,6.0,2.857142925262451
2026-09-13 18:00:00+00:00,21.0,3.129150629043579,5.0,2.700000047683716
2026-09-13 19:00:00+00:00,22.0,2.377229690551758,4.0,1.8333333730697632
2026-09-13 20:00:00+00:00,23.0,2.8494961261749268,5.0,2.5714285373687744
2026-09-13 21:00:00+00:00,24.0,1.7213548421859741,3.0,1.0
2026-09-12 23:00:00+00:00,2.0,10.425111770629883,14.0,9.833333015441895
2026-09-13 00:00:00+00:00,3.0,9.206620216369629,13.0,9.75
2026-09-13 01:00:00+00:00,4.0,8.98741626739502,13.0,9.428571701049805
2026-09-13 02:00:00+00:00,5.0,8.592653274536133,12.0,9.0
2026-09-13 03:00:00+00:00,6.0,6.610110759735107,9.0,10.0
2026-09-13 04:00:00+00:00,7.0,6.774717330932617,9.0,8.25
2026-09-13 05:00:00+00:00,8.0,8.505765914916992,11.0,6.0
2026-09-13 06:00:00+00:00,9.0,7.685553073883057,10.0,6.25
2026-09-13 07:00:00+00:00,10.0,6.967421531677246,9.0,4.833333492279053
2026-09-13 08:00:00+00:00,11.0,6.568789958953857,8.0,4.0
2026-09-13 09:00:00+00:00,12.0,6.6582159996032715,8.0,3.3333332538604736
2026-09-13 10:00:00+00:00,13.0,7.014315605163574,9.0,4.4285712242126465
2026-09-13 11:00:00+00:00,14.0,5.861272811889648,8.0,4.888888835906982
2026-09-13 12:00:00+00:00,15.0,6.119792461395264,8.0,6.166666507720947
2026-09-13 13:00:00+00:00,16.0,5.934630393981934,8.0,5.0
2026-09-13 14:00:00+00:00,17.0,5.117062568664551,7.0,3.799999952316284
2026-09-13 15:00:00+00:00,18.0,5.011961460113525,7.0,3.0
2026-09-13 16:00:00+00:00,19.0,4.148465633392334,6.0,3.875
2026-09-13 17:00:00+00:00,20.0,3.915281295776367,6.0,2.857142925262451
2026-09-13 18:00:00+00:00,21.0,3.121809720993042,5.0,2.700000047683716
2026-09-13 19:00:00+00:00,22.0,2.3712399005889893,4.0,1.8333333730697632
2026-09-13 20:00:00+00:00,23.0,2.842639923095703,5.0,2.5714285373687744
2026-09-13 21:00:00+00:00,24.0,1.7171686887741089,3.0,1.0
2026-09-13 22:00:00+00:00,25.0,1.7237656116485596,3.0,0.800000011920929
2026-09-13 00:00:00+00:00,3.0,9.140043258666992,13.0,9.75
2026-09-13 01:00:00+00:00,4.0,8.93930721282959,13.0,9.428571701049805
2026-09-13 02:00:00+00:00,5.0,8.543425559997559,12.0,9.0
2026-09-13 03:00:00+00:00,6.0,6.570417881011963,9.0,10.0
2026-09-13 04:00:00+00:00,7.0,6.730414867401123,9.0,8.25
2026-09-13 05:00:00+00:00,8.0,8.437236785888672,11.0,6.0
2026-09-13 06:00:00+00:00,9.0,7.635735988616943,10.0,6.25
2026-09-13 07:00:00+00:00,10.0,6.915387153625488,9.0,4.833333492279053
2026-09-13 08:00:00+00:00,11.0,6.519063949584961,8.0,4.0
2026-09-13 09:00:00+00:00,12.0,6.606181621551514,8.0,3.3333332538604736
2026-09-13 10:00:00+00:00,13.0,6.979856014251709,9.0,4.4285712242126465
2026-09-13 11:00:00+00:00,14.0,5.840095043182373,8.0,4.888888835906982
2026-09-13 12:00:00+00:00,15.0,6.08824348449707,8.0,6.166666507720947
2026-09-13 13:00:00+00:00,16.0,5.904494762420654,8.0,5.0
2026-09-13 14:00:00+00:00,17.0,5.088052749633789,7.0,3.799999952316284
2026-09-13 15:00:00+00:00,18.0,4.9889655113220215,7.0,3.0
2026-09-13 16:00:00+00:00,19.0,4.132094860076904,6.0,3.875
2026-09-13 17:00:00+00:00,20.0,3.906620979309082,6.0,2.857142925262451
2026-09-13 18:00:00+00:00,21.0,3.1158268451690674,5.0,2.700000047683716
2026-09-13 19:00:00+00:00,22.0,2.3699514865875244,4.0,1.8333333730697632
2026-09-13 20:00:00+00:00,23.0,2.83891224861145,5.0,2.5714285373687744
2026-09-13 21:00:00+00:00,24.0,1.7146865129470825,3.0,1.0
2026-09-13 22:00:00+00:00,25.0,1.716469645500183,3.0,0.800000011920929
2026-09-13 23:00:00+00:00,26.0,2.2879068851470947,4.0,2.0
2026-09-13 01:00:00+00:00,4.0,8.861207008361816,13.0,9.428571701049805
2026-09-13 02:00:00+00:00,5.0,8.460684776306152,12.0,9.0
2026-09-13 03:00:00+00:00,6.0,6.512866020202637,9.0,10.0
2026-09-13 04:00:00+00:00,7.0,6.672354698181152,9.0,8.25
2026-09-13 05:00:00+00:00,8.0,8.348591804504395,11.0,6.0
2026-09-13 06:00:00+00:00,9.0,7.569829940795898,10.0,6.25
2026-09-13 07:00:00+00:00,10.0,6.855329513549805,9.0,4.833333492279053
2026-09-13 08:00:00+00:00,11.0,6.460750579833984,8.0,4.0
2026-09-13 09:00:00+00:00,12.0,6.541823387145996,8.0,3.3333332538604736
2026-09-13 10:00:00+00:00,13.0,6.947270393371582,9.0,4.4285712242126465
2026-09-13 11:00:00+00:00,14.0,5.806787014007568,8.0,4.888888835906982
2026-09-13 12:00:00+00:00,15.0,6.051224231719971,8.0,6.166666507720947
2026-09-13 13:00:00+00:00,16.0,5.868086338043213,8.0,5.0
2026-09-13 14:00:00+00:00,17.0,5.0486040115356445,7.0,3.799999952316284
2026-09-13 15:00:00+00:00,18.0,4.956066131591797,7.0,3.0
2026-09-13 16:00:00+00:00,19.0,4.105387210845947,6.0,3.875
2026-09-13 17:00:00+00:00,20.0,3.8802545070648193,6.0,2.857142925262451
2026-09-13 18:00:00+00:00,21.0,3.09391713142395,5.0,2.700000047683716
2026-09-13 19:00:00+00:00,22.0,2.3575100898742676,4.0,1.8333333730697632
2026-09-13 20:00:00+00:00,23.0,2.819354295730591,5.0,2.5714285373687744
2026-09-13 21:00:00+00:00,24.0,1.701345682144165,3.0,1.0
2026-09-13 22:00:00+00:00,25.0,1.7001392841339111,3.0,0.800000011920929
2026-09-13 23:00:00+00:00,26.0,2.2666399478912354,4.0,2.0
2026-09-14 00:00:00+00:00,27.0,1.7090157270431519,3.0,0.8333333134651184
2026-09-13 02:00:00+00:00,5.0,8.390143394470215,12.0,9.0
2026-09-13 03:00:00+00:00,6.0,6.451674938201904,9.0,10.0
2026-09-13 04:00:00+00:00,7.0,6.610045433044434,9.0,8.25
2026-09-13 05:00:00+00:00,8.0,8.262939453125,11.0,6.0
2026-09-13 06:00:00+00:00,9.0,7.494345188140869,10.0,6.25
2026-09-13 07:00:00+00:00,10.0,6.7982096672058105,9.0,4.833333492279053
2026-09-13 08:00:00+00:00,11.0,6.412160873413086,8.0,4.0
2026-09-13 09:00:00+00:00,12.0,6.485212802886963,8.0,3.3333332538604736
2026-09-13 10:00:00+00:00,13.0,6.915877342224121,9.0,4.4285712242126465
2026-09-13 11:00:00+00:00,14.0,5.7694172859191895,8.0,4.888888835906982
2026-09-13 12:00:00+00:00,15.0,6.013593673706055,8.0,6.166666507720947
2026-09-13 13:00:00+00:00,16.0,5.831078052520752,8.0,5.0
2026-09-13 14:00:00+00:00,17.0,5.0192389488220215,7.0,3.799999952316284
2026-09-13 15:00:00+00:00,18.0,4.924030303955078,7.0,3.0
2026-09-13 16:00:00+00:00,19.0,4.0794830322265625,6.0,3.875
2026-09-13 17:00:00+00:00,20.0,3.853874921798706,6.0,2.857142925262451
2026-09-13 18:00:00+00:00,21.0,3.077207565307617,5.0,2.700000047683716
2026-09-13 19:00:00+00:00,22.0,2.3443713188171387,4.0,1.8333333730697632
2026-09-13 20:00:00+00:00,23.0,2.800825357437134,5.0,2.5714285373687744
2026-09-13 21:00:00+00:00,24.0,1.6874866485595703,3.0,1.0
2026-09-13 22:00:00+00:00,25.0,1.6881111860275269,3.0,0.800000011920929
2026-09-13 23:00:00+00:00,26.0,2.248607873916626,4.0,2.0
2026-09-14 00:00:00+00:00,27.0,1.6962946653366089,3.0,0.8333333134651184
2026-09-14 01:00:00+00:00,28.0,1.688535213470459,3.0,2.1666667461395264
2026-09-13 03:00:00+00:00,6.0,6.399267196655273,9.0,10.0
2026-09-13 04:00:00+00:00,7.0,6.5669379234313965,9.0,8.25
2026-09-13 05:00:00+00:00,8.0,8.204856872558594,11.0,6.0
2026-09-13 06:00:00+00:00,9.0,7.438676357269287,10.0,6.25
2026-09-13 07:00:00+00:00,10.0,6.761054039001465,9.0,4.833333492279053
2026-09-13 08:00:00+00:00,11.0,6.384666442871094,8.0,4.0
2026-09-13 09:00:00+00:00,12.0,6.459552764892578,8.0,3.3333332538604736
2026-09-13 10:00:00+00:00,13.0,6.895524978637695,9.0,4.4285712242126465
2026-09-13 11:00:00+00:00,14.0,5.738822937011719,8.0,4.888888835906982
2026-09-13 12:00:00+00:00,15.0,5.983852386474609,8.0,6.166666507720947
2026-09-13 13:00:00+00:00,16.0,5.8047356605529785,8.0,5.0
2026-09-13 14:00:00+00:00,17.0,4.9973602294921875,7.0,3.799999952316284
2026-09-13 15:00:00+00:00,18.0,4.899392127990723,7.0,3.0
2026-09-13 16:00:00+00:00,19.0,4.056937217712402,6.0,3.875
2026-09-13 17:00:00+00:00,20.0,3.828843355178833,6.0,2.857142925262451
2026-09-13 18:00:00+00:00,21.0,3.0575242042541504,5.0,2.700000047683716
2026-09-13 19:00:00+00:00,22.0,2.3289082050323486,4.0,1.8333333730697632
2026-09-13 20:00:00+00:00,23.0,2.780195474624634,5.0,2.5714285373687744
2026-09-13 21:00:00+00:00,24.0,1.6715526580810547,3.0,1.0
2026-09-13 22:00:00+00:00,25.0,1.6727560758590698,3.0,0.800000011920929
2026-09-13 23:00:00+00:00,26.0,2.229163646697998,4.0,2.0
2026-09-14 00:00:00+00:00,27.0,1.6797107458114624,3.0,0.8333333134651184
2026-09-14 01:00:00+00:00,28.0,1.6714476346969604,3.0,2.1666667461395264
2026-09-14 02:00:00+00:00,29.0,2.3266689777374268,4.0,2.799999952316284
2026-09-13 04:00:00+00:00,7.0,6.485199451446533,9.0,8.25
2026-09-13 05:00:00+00:00,8.0,8.12929916381836,11.0,6.0
2026-09-13 06:00:00+00:00,9.0,7.364283561706543,10.0,6.25
2026-09-13 07:00:00+00:00,10.0,6.712589263916016,9.0,4.833333492279053
2026-09-13 08:00:00+00:00,11.0,6.345167636871338,8.0,4.0
2026-09-13 09:00:00+00:00,12.0,6.430657863616943,8.0,3.3333332538604736
2026-09-13 10:00:00+00:00,13.0,6.861561298370361,9.0,4.4285712242126465
2026-09-13 11:00:00+00:00,14.0,5.703364372253418,8.0,4.888888835906982
2026-09-13 12:00:00+00:00,15.0,5.9461350440979,8.0,6.166666507720947
2026-09-13 13:00:00+00:00,16.0,5.774364471435547,8.0,5.0
2026-09-13 14:00:00+00:00,17.0,4.962520122528076,7.0,3.799999952316284
2026-09-13 15:00:00+00:00,18.0,4.862710475921631,7.0,3.0
2026-09-13 16:00:00+00:00,19.0,4.020625114440918,6.0,3.875
2026-09-13 17:00:00+00:00,20.0,3.78204345703125,6.0,2.857142925262451
2026-09-13 18:00:00+00:00,21.0,3.0186691284179688,5.0,2.700000047683716
2026-09-13 19:00:00+00:00,22.0,2.2950801849365234,4.0,1.8333333730697632
2026-09-13 20:00:00+00:00,23.0,2.7375597953796387,5.0,2.5714285373687744
2026-09-13 21:00:00+00:00,24.0,1.641189694404602,3.0,1.0
2026-09-13 22:00:00+00:00,25.0,1.643144130706787,3.0,0.800000011920929
2026-09-13 23:00:00+00:00,26.0,2.191443920135498,4.0,2.0
2026-09-14 00:00:00+00:00,27.0,1.6487163305282593,3.0,0.8333333134651184
2026-09-14 01:00:00+00:00,28.0,1.637171983718872,3.0,2.1666667461395264
2026-09-14 02:00:00+00:00,29.0,2.278716564178467,4.0,2.799999952316284
2026-09-14 03:00:00+00:00,30.0,3.021692991256714,5.0,3.3333332538604736
2026-09-13 05:00:00+00:00,8.0,8.055856704711914,11.0,6.0
2026-09-13 06:00:00+00:00,9.0,7.290732383728027,10.0,6.25
2026-09-13 07:00:00+00:00,10.0,6.667184352874756,9.0,4.833333492279053
2026-09-13 08:00:00+00:00,11.0,6.310050010681152,8.0,4.0
2026-09-13 09:00:00+00:00,12.0,6.419559955596924,8.0,3.3333332538604736
2026-09-13 10:00:00+00:00,13.0,6.829796314239502,9.0,4.4285712242126465
2026-09-13 11:00:00+00:00,14.0,5.681193828582764,8.0,4.888888835906982
2026-09-13 12:00:00+00:00,15.0,5.916935920715332,8.0,6.166666507720947
2026-09-13 13:00:00+00:00,16.0,5.746356010437012,8.0,5.0
2026-09-13 14:00:00+00:00,17.0,4.941162586212158,7.0,3.799999952316284
2026-09-13 15:00:00+00:00,18.0,4.835670471191406,7.0,3.0
2026-09-13 16:00:00+00:00,19.0,3.993173599243164,6.0,3.875
2026-09-13 17:00:00+00:00,20.0,3.748837947845459,6.0,2.857142925262451
2026-09-13 18:00:00+00:00,21.0,2.987908363342285,5.0,2.700000047683716
2026-09-13 19:00:00+00:00,22.0,2.2708141803741455,4.0,1.8333333730697632
2026-09-13 20:00:00+00:00,23.0,2.705038547515869,5.0,2.5714285373687744
2026-09-13 21:00:00+00:00,24.0,1.6178202629089355,3.0,1.0
2026-09-13 22:00:00+00:00,25.0,1.6215381622314453,3.0,0.800000011920929
2026-09-13 23:00:00+00:00,26.0,2.1657986640930176,4.0,2.0
2026-09-14 00:00:00+00:00,27.0,1.6255656480789185,3.0,0.8333333134651184
2026-09-14 01:00:00+00:00,28.0,1.6099257469177246,3.0,2.1666667461395264
2026-09-14 02:00:00+00:00,29.0,2.237501382827759,4.0,2.799999952316284
2026-09-14 03:00:00+00:00,30.0,2.970024824142456,5.0,3.3333332538604736
2026-09-14 04:00:00+00:00,31.0,3.017747402191162,5.0,3.4000000953674316
2026-09-13 06:00:00+00:00,9.0,7.263163089752197,10.0,6.25
2026-09-13 07:00:00+00:00,10.0,6.643530368804932,9.0,4.833333492279053
2026-09-13 08:00:00+00:00,11.0,6.299142837524414,8.0,4.0
2026-09-13 09:00:00+00:00,12.0,6.418984889984131,8.0,3.3333332538604736
2026-09-13 10:00:00+00:00,13.0,6.817410469055176,9.0,4.4285712242126465
2026-09-13 11:00:00+00:00,14.0,5.671329021453857,8.0,4.888888835906982
2026-09-13 12:00:00+00:00,15.0,5.909187316894531,8.0,6.166666507720947
2026-09-13 13:00:00+00:00,16.0,5.743521690368652,8.0,5.0
2026-09-13 14:00:00+00:00,17.0,4.9433369636535645,7.0,3.799999952316284
2026-09-13 15:00:00+00:00,18.0,4.834466934204102,7.0,3.0
2026-09-13 16:00:00+00:00,19.0,3.9928746223449707,6.0,3.875
2026-09-13 17:00:00+00:00,20.0,3.7493600845336914,6.0,2.857142925262451
2026-09-13 18:00:00+00:00,21.0,2.9860000610351562,5.0,2.700000047683716
2026-09-13 19:00:00+00:00,22.0,2.2712461948394775,4.0,1.8333333730697632
2026-09-13 20:00:00+00:00,23.0,2.707651376724243,5.0,2.5714285373687744
2026-09-13 21:00:00+00:00,24.0,1.6184499263763428,3.0,1.0
2026-09-13 22:00:00+00:00,25.0,1.6204140186309814,3.0,0.800000011920929
2026-09-13 23:00:00+00:00,26.0,2.164794683456421,4.0,2.0
2026-09-14 00:00:00+00:00,27.0,1.6231292486190796,3.0,0.8333333134651184
2026-09-14 01:00:00+00:00,28.0,1.607166051864624,3.0,2.1666667461395264
2026-09-14 02:00:00+00:00,29.0,2.233025074005127,4.0,2.799999952316284
2026-09-14 03:00:00+00:00,30.0,2.9664840698242188,5.0,3.3333332538604736
2026-09-14 04:00:00+00:00,31.0,3.012664556503296,5.0,3.4000000953674316
2026-09-14 05:00:00+00:00,32.0,3.218921661376953,5.0,3.6666667461395264
2026-09-13 07:00:00+00:00,1.0,5.979244709014893,8.0,4.833333492279053
2026-09-13 08:00:00+00:00,2.0,5.858677864074707,8.0,4.0
2026-09-13 09:00:00+00:00,3.0,3.7461557388305664,5.0,3.3333332538604736
2026-09-13 10:00:00+00:00,4.0,4.14858341217041,5.0,4.4285712242126465
2026-09-13 11:00:00+00:00,5.0,4.1053009033203125,5.0,4.888888835906982
2026-09-13 12:00:00+00:00,6.0,5.236560821533203,7.0,6.166666507720947
2026-09-13 13:00:00+00:00,7.0,5.767662048339844,8.0,5.0
2026-09-13 14:00:00+00:00,8.0,5.582948207855225,8.0,3.799999952316284
2026-09-13 15:00:00+00:00,9.0,4.11381196975708,6.0,3.0
2026-09-13 16:00:00+00:00,10.0,3.3014354705810547,5.0,3.875
2026-09-13 17:00:00+00:00,11.0,3.168992042541504,5.0,2.857142925262451
2026-09-13 18:00:00+00:00,12.0,2.9320068359375,5.0,2.700000047683716
2026-09-13 19:00:00+00:00,13.0,2.7783772945404053,5.0,1.8333333730697632
2026-09-13 20:00:00+00:00,14.0,2.169220447540283,4.0,2.5714285373687744
2026-09-13 21:00:00+00:00,15.0,1.593675136566162,3.0,1.0
2026-09-13 22:00:00+00:00,16.0,1.0249801874160767,2.0,0.800000011920929
2026-09-13 23:00:00+00:00,17.0,1.6862317323684692,3.0,2.0
2026-09-14 00:00:00+00:00,18.0,1.6547287702560425,3.0,0.8333333134651184
2026-09-14 01:00:00+00:00,19.0,2.2159712314605713,4.0,2.1666667461395264
2026-09-14 02:00:00+00:00,20.0,2.3535804748535156,4.0,2.799999952316284
2026-09-14 03:00:00+00:00,21.0,1.8464651107788086,3.0,3.3333332538604736
2026-09-14 04:00:00+00:00,22.0,1.898353934288025,3.0,3.4000000953674316
2026-09-14 05:00:00+00:00,23.0,1.9472529888153076,3.0,3.6666667461395264
2026-09-14 06:00:00+00:00,24.0,2.6554648876190186,4.0,5.0
2026-09-13 08:00:00+00:00,1.0,5.396233558654785,7.0,4.0
2026-09-13 09:00:00+00:00,2.0,7.004948139190674,10.0,3.3333332538604736
2026-09-13 10:00:00+00:00,3.0,3.8122916221618652,5.0,4.4285712242126465
2026-09-13 11:00:00+00:00,4.0,3.980443239212036,5.0,4.888888835906982
2026-09-13 12:00:00+00:00,5.0,5.220879077911377,7.0,6.166666507720947
2026-09-13 13:00:00+00:00,6.0,5.735996723175049,8.0,5.0
2026-09-13 14:00:00+00:00,7.0,5.667728900909424,8.0,3.799999952316284
2026-09-13 15:00:00+00:00,8.0,4.1981635093688965,6.0,3.0
2026-09-13 16:00:00+00:00,9.0,3.889056921005249,6.0,3.875
2026-09-13 17:00:00+00:00,10.0,3.0829970836639404,5.0,2.857142925262451
2026-09-13 18:00:00+00:00,11.0,2.3875577449798584,4.0,2.700000047683716
2026-09-13 19:00:00+00:00,12.0,2.279714345932007,4.0,1.8333333730697632
2026-09-13 20:00:00+00:00,13.0,1.6471096277236938,3.0,2.5714285373687744
2026-09-13 21:00:00+00:00,14.0,1.0910251140594482,2.0,1.0
2026-09-13 22:00:00+00:00,15.0,2.0718090534210205,4.0,0.800000011920929
2026-09-13 23:00:00+00:00,16.0,1.037641167640686,2.0,2.0
2026-09-14 00:00:00+00:00,17.0,1.5682233572006226,3.0,0.8333333134651184
2026-09-14 01:00:00+00:00,18.0,1.633371353149414,3.0,2.1666667461395264
2026-09-14 02:00:00+00:00,19.0,2.2173640727996826,4.0,2.799999952316284
2026-09-14 03:00:00+00:00,20.0,1.7736715078353882,3.0,3.3333332538604736
2026-09-14 04:00:00+00:00,21.0,1.2678476572036743,2.0,3.4000000953674316
2026-09-14 05:00:00+00:00,22.0,1.9928197860717773,3.0,3.6666667461395264
2026-09-14 06:00:00+00:00,23.0,1.9795562028884888,3.0,5.0
2026-09-14 07:00:00+00:00,24.0,2.76554274559021,4.0,5.5
2026-09-13 09:00:00+00:00,1.0,6.127923488616943,8.0,3.3333332538604736
2026-09-13 10:00:00+00:00,2.0,5.138812065124512,7.0,4.4285712242126465
2026-09-13 11:00:00+00:00,3.0,4.552409648895264,6.0,4.888888835906982
2026-09-13 12:00:00+00:00,4.0,3.14845609664917,4.0,6.166666507720947
2026-09-13 13:00:00+00:00,5.0,3.1894145011901855,4.0,5.0
2026-09-13 14:00:00+00:00,6.0,4.381180286407471,6.0,3.799999952316284
2026-09-13 15:00:00+00:00,7.0,3.5811009407043457,5.0,3.0
2026-09-13 16:00:00+00:00,8.0,3.344817876815796,5.0,3.875
2026-09-13 17:00:00+00:00,9.0,3.04449462890625,5.0,2.857142925262451
2026-09-13 18:00:00+00:00,10.0,2.3490679264068604,4.0,2.700000047683716
2026-09-13 19:00:00+00:00,11.0,2.2576937675476074,4.0,1.8333333730697632
2026-09-13 20:00:00+00:00,12.0,1.6546971797943115,3.0,2.5714285373687744
2026-09-13 21:00:00+00:00,13.0,1.0641270875930786,2.0,1.0
2026-09-13 22:00:00+00:00,14.0,1.625640630722046,3.0,0.800000011920929
2026-09-13 23:00:00+00:00,15.0,1.7012429237365723,3.0,2.0
2026-09-14 00:00:00+00:00,16.0,1.6860442161560059,3.0,0.8333333134651184
2026-09-14 01:00:00+00:00,17.0,1.6307306289672852,3.0,2.1666667461395264
2026-09-14 02:00:00+00:00,18.0,2.3474020957946777,4.0,2.799999952316284
2026-09-14 03:00:00+00:00,19.0,1.9236924648284912,3.0,3.3333332538604736
2026-09-14 04:00:00+00:00,20.0,2.5182836055755615,4.0,3.4000000953674316
2026-09-14 05:00:00+00:00,21.0,2.0460875034332275,3.0,3.6666667461395264
2026-09-14 06:00:00+00:00,22.0,2.6950323581695557,4.0,5.0
2026-09-14 07:00:00+00:00,23.0,3.5453121662139893,5.0,5.5
2026-09-14 08:00:00+00:00,24.0,4.197193622589111,5.0,4.400000095367432
2026-09-13 10:00:00+00:00,1.0,4.128625392913818,5.0,4.4285712242126465
2026-09-13 11:00:00+00:00,2.0,3.9554150104522705,5.0,4.888888835906982
2026-09-13 12:00:00+00:00,3.0,5.146600723266602,7.0,6.166666507720947
2026-09-13 13:00:00+00:00,4.0,5.156795978546143,7.0,5.0
2026-09-13 14:00:00+00:00,5.0,4.342538356781006,6.0,3.799999952316284
2026-09-13 15:00:00+00:00,6.0,4.841941833496094,7.0,3.0
2026-09-13 16:00:00+00:00,7.0,4.088991165161133,6.0,3.875
2026-09-13 17:00:00+00:00,8.0,2.614008665084839,4.0,2.857142925262451
2026-09-13 18:00:00+00:00,9.0,1.7920606136322021,3.0,2.700000047683716
2026-09-13 19:00:00+00:00,10.0,1.6876024007797241,3.0,1.8333333730697632
2026-09-13 20:00:00+00:00,11.0,1.6449041366577148,3.0,2.5714285373687744
2026-09-13 21:00:00+00:00,12.0,1.0632741451263428,2.0,1.0
2026-09-13 22:00:00+00:00,13.0,1.0967488288879395,2.0,0.800000011920929
2026-09-13 23:00:00+00:00,14.0,0.9881182312965393,2.0,2.0
2026-09-14 00:00:00+00:00,15.0,2.172180652618408,4.0,0.8333333134651184
2026-09-14 01:00:00+00:00,16.0,1.6683070659637451,3.0,2.1666667461395264
2026-09-14 02:00:00+00:00,17.0,1.1216524839401245,2.0,2.799999952316284
2026-09-14 03:00:00+00:00,18.0,2.479539155960083,4.0,3.3333332538604736
2026-09-14 04:00:00+00:00,19.0,1.8076461553573608,3.0,3.4000000953674316
2026-09-14 05:00:00+00:00,20.0,2.472087860107422,4.0,3.6666667461395264
2026-09-14 06:00:00+00:00,21.0,3.353142023086548,5.0,5.0
2026-09-14 07:00:00+00:00,22.0,3.573620557785034,5.0,5.5
2026-09-14 08:00:00+00:00,23.0,3.6858437061309814,5.0,4.400000095367432
2026-09-14 09:00:00+00:00,24.0,5.087438106536865,6.0,8.600000381469727
2026-09-13 11:00:00+00:00,1.0,3.9016470909118652,5.0,4.888888835906982
2026-09-13 12:00:00+00:00,2.0,5.980845928192139,8.0,6.166666507720947
2026-09-13 13:00:00+00:00,3.0,4.5317912101745605,6.0,5.0
2026-09-13 14:00:00+00:00,4.0,5.071603298187256,7.0,3.799999952316284
2026-09-13 15:00:00+00:00,5.0,4.7569146156311035,7.0,3.0
2026-09-13 16:00:00+00:00,6.0,3.367069959640503,5.0,3.875
2026-09-13 17:00:00+00:00,7.0,2.59791898727417,4.0,2.857142925262451
2026-09-13 18:00:00+00:00,8.0,1.890580177307129,3.0,2.700000047683716
2026-09-13 19:00:00+00:00,9.0,1.1351404190063477,2.0,1.8333333730697632
2026-09-13 20:00:00+00:00,10.0,1.0583984851837158,2.0,2.5714285373687744
2026-09-13 21:00:00+00:00,11.0,1.525747537612915,3.0,1.0
2026-09-13 22:00:00+00:00,12.0,1.583315372467041,3.0,0.800000011920929
2026-09-13 23:00:00+00:00,13.0,1.525164008140564,3.0,2.0
2026-09-14 00:00:00+00:00,14.0,1.5475109815597534,3.0,0.8333333134651184
2026-09-14 01:00:00+00:00,15.0,1.5139751434326172,3.0,2.1666667461395264
2026-09-14 02:00:00+00:00,16.0,1.6049822568893433,3.0,2.799999952316284
2026-09-14 03:00:00+00:00,17.0,1.1320174932479858,2.0,3.3333332538604736
2026-09-14 04:00:00+00:00,18.0,1.7061066627502441,3.0,3.4000000953674316
2026-09-14 05:00:00+00:00,19.0,1.2359579801559448,2.0,3.6666667461395264
2026-09-14 06:00:00+00:00,20.0,1.2917386293411255,2.0,5.0
2026-09-14 07:00:00+00:00,21.0,1.3431737422943115,2.0,5.5
2026-09-14 08:00:00+00:00,22.0,3.0293660163879395,4.0,4.400000095367432
2026-09-14 09:00:00+00:00,23.0,3.5461862087249756,4.0,8.600000381469727
2026-09-14 10:00:00+00:00,24.0,5.442246437072754,6.0,11.0
2026-09-13 12:00:00+00:00,1.0,4.563797950744629,6.0,6.166666507720947
2026-09-13 13:00:00+00:00,2.0,5.1004638671875,7.0,5.0
2026-09-13 14:00:00+00:00,3.0,3.6054699420928955,5.0,3.799999952316284
2026-09-13 15:00:00+00:00,4.0,3.4300804138183594,5.0,3.0
2026-09-13 16:00:00+00:00,5.0,2.70339298248291,4.0,3.875
2026-09-13 17:00:00+00:00,6.0,2.4001431465148926,4.0,2.857142925262451
2026-09-13 18:00:00+00:00,7.0,1.7190167903900146,3.0,2.700000047683716
2026-09-13 19:00:00+00:00,8.0,1.1197404861450195,2.0,1.8333333730697632
2026-09-13 20:00:00+00:00,9.0,1.5168030261993408,3.0,2.5714285373687744
2026-09-13 21:00:00+00:00,10.0,1.9865187406539917,4.0,1.0
2026-09-13 22:00:00+00:00,11.0,1.9884754419326782,4.0,0.800000011920929
2026-09-13 23:00:00+00:00,12.0,1.4705618619918823,3.0,2.0
2026-09-14 00:00:00+00:00,13.0,1.434423804283142,3.0,0.8333333134651184
2026-09-14 01:00:00+00:00,14.0,1.5448647737503052,3.0,2.1666667461395264
2026-09-14 02:00:00+00:00,15.0,2.053929567337036,4.0,2.799999952316284
2026-09-14 03:00:00+00:00,16.0,1.5414068698883057,3.0,3.3333332538604736
2026-09-14 04:00:00+00:00,17.0,2.1332015991210938,4.0,3.4000000953674316
2026-09-14 05:00:00+00:00,18.0,1.728769063949585,3.0,3.6666667461395264
2026-09-14 06:00:00+00:00,19.0,2.9769341945648193,5.0,5.0
2026-09-14 07:00:00+00:00,20.0,3.362610101699829,5.0,5.5
2026-09-14 08:00:00+00:00,21.0,4.3281426429748535,6.0,4.400000095367432
2026-09-14 09:00:00+00:00,22.0,4.075068950653076,5.0,8.600000381469727
2026-09-14 10:00:00+00:00,23.0,4.3504319190979,5.0,11.0
2026-09-14 11:00:00+00:00,24.0,5.543350696563721,6.0,10.5
2026-09-13 13:00:00+00:00,1.0,5.21836519241333,7.0,5.0
2026-09-13 14:00:00+00:00,2.0,4.838596343994141,7.0,3.799999952316284
2026-09-13 15:00:00+00:00,3.0,4.656441688537598,7.0,3.0
2026-09-13 16:00:00+00:00,4.0,3.902707099914551,6.0,3.875
2026-09-13 17:00:00+00:00,5.0,3.0992414951324463,5.0,2.857142925262451
2026-09-13 18:00:00+00:00,6.0,1.7916876077651978,3.0,2.700000047683716
2026-09-13 19:00:00+00:00,7.0,1.1790215969085693,2.0,1.8333333730697632
2026-09-13 20:00:00+00:00,8.0,1.1019272804260254,2.0,2.5714285373687744
2026-09-13 21:00:00+00:00,9.0,1.0299756526947021,2.0,1.0
2026-09-13 22:00:00+00:00,10.0,0.48699668049812317,1.0,0.800000011920929
2026-09-13 23:00:00+00:00,11.0,2.056497097015381,4.0,2.0
2026-09-14 00:00:00+00:00,12.0,2.088347911834717,4.0,0.8333333134651184
2026-09-14 01:00:00+00:00,13.0,2.1578891277313232,4.0,2.1666667461395264
2026-09-14 02:00:00+00:00,14.0,2.0613152980804443,4.0,2.799999952316284
2026-09-14 03:00:00+00:00,15.0,2.1772711277008057,4.0,3.3333332538604736
2026-09-14 04:00:00+00:00,16.0,1.574311375617981,3.0,3.4000000953674316
2026-09-14 05:00:00+00:00,17.0,2.316697359085083,4.0,3.6666667461395264
2026-09-14 06:00:00+00:00,18.0,2.348116159439087,4.0,5.0
2026-09-14 07:00:00+00:00,19.0,2.6224119663238525,4.0,5.5
2026-09-14 08:00:00+00:00,20.0,3.65554141998291,5.0,4.400000095367432
2026-09-14 09:00:00+00:00,21.0,4.7674455642700195,6.0,8.600000381469727
2026-09-14 10:00:00+00:00,22.0,6.1550493240356445,7.0,11.0
2026-09-14 11:00:00+00:00,23.0,6.973761081695557,8.0,10.5
2026-09-14 12:00:00+00:00,24.0,6.969393253326416,8.0,12.0
2026-09-13 14:00:00+00:00,1.0,5.088510036468506,7.0,3.799999952316284
2026-09-13 15:00:00+00:00,2.0,4.206515312194824,6.0,3.0
2026-09-13 16:00:00+00:00,3.0,3.9230875968933105,6.0,3.875
2026-09-13 17:00:00+00:00,4.0,3.0559256076812744,5.0,2.857142925262451
2026-09-13 18:00:00+00:00,5.0,1.1983743906021118,2.0,2.700000047683716
2026-09-13 19:00:00+00:00,6.0,1.089202642440796,2.0,1.8333333730697632
2026-09-13 20:00:00+00:00,7.0,1.0282886028289795,2.0,2.5714285373687744
2026-09-13 21:00:00+00:00,8.0,1.4429789781570435,3.0,1.0
2026-09-13 22:00:00+00:00,9.0,1.4878915548324585,3.0,0.800000011920929
2026-09-13 23:00:00+00:00,10.0,1.4528511762619019,3.0,2.0
2026-09-14 00:00:00+00:00,11.0,1.4831410646438599,3.0,0.8333333134651184
2026-09-14 01:00:00+00:00,12.0,1.906532883644104,4.0,2.1666667461395264
2026-09-14 02:00:00+00:00,13.0,1.541145920753479,3.0,2.799999952316284
2026-09-14 03:00:00+00:00,14.0,1.5715850591659546,3.0,3.3333332538604736
2026-09-14 04:00:00+00:00,15.0,1.5956780910491943,3.0,3.4000000953674316
2026-09-14 05:00:00+00:00,16.0,1.7216044664382935,3.0,3.6666667461395264
2026-09-14 06:00:00+00:00,17.0,2.357577323913574,4.0,5.0
2026-09-14 07:00:00+00:00,18.0,2.5901007652282715,4.0,5.5
2026-09-14 08:00:00+00:00,19.0,2.2194764614105225,3.0,4.400000095367432
2026-09-14 09:00:00+00:00,20.0,4.205539703369141,5.0,8.600000381469727
2026-09-14 10:00:00+00:00,21.0,4.46335506439209,5.0,11.0
2026-09-14 11:00:00+00:00,22.0,5.555447101593018,6.0,10.5
2026-09-14 12:00:00+00:00,23.0,5.615612506866455,6.0,12.0
2026-09-14 13:00:00+00:00,24.0,5.371878147125244,6.0,11.800000190734863
2026-09-13 15:00:00+00:00,1.0,2.7396676540374756,4.0,3.0
2026-09-13 16:00:00+00:00,2.0,2.5186221599578857,4.0,3.875
2026-09-13 17:00:00+00:00,3.0,1.8270374536514282,3.0,2.857142925262451
2026-09-13 18:00:00+00:00,4.0,2.2766852378845215,4.0,2.700000047683716
2026-09-13 19:00:00+00:00,5.0,2.1890132427215576,4.0,1.8333333730697632
2026-09-13 20:00:00+00:00,6.0,1.565958023071289,3.0,2.5714285373687744
2026-09-13 21:00:00+00:00,7.0,1.9823133945465088,4.0,1.0
2026-09-13 22:00:00+00:00,8.0,1.9465779066085815,4.0,0.800000011920929
2026-09-13 23:00:00+00:00,9.0,1.0516480207443237,2.0,2.0
2026-09-14 00:00:00+00:00,10.0,1.465962290763855,3.0,0.8333333134651184
2026-09-14 01:00:00+00:00,11.0,1.979316234588623,4.0,2.1666667461395264
2026-09-14 02:00:00+00:00,12.0,1.609439730644226,3.0,2.799999952316284
2026-09-14 03:00:00+00:00,13.0,2.050206422805786,4.0,3.3333332538604736
2026-09-14 04:00:00+00:00,14.0,1.6360528469085693,3.0,3.4000000953674316
2026-09-14 05:00:00+00:00,15.0,2.23874568939209,4.0,3.6666667461395264
2026-09-14 06:00:00+00:00,16.0,2.915651321411133,5.0,5.0
2026-09-14 07:00:00+00:00,17.0,3.8505771160125732,6.0,5.5
2026-09-14 08:00:00+00:00,18.0,4.42528772354126,6.0,4.400000095367432
2026-09-14 09:00:00+00:00,19.0,4.654058456420898,6.0,8.600000381469727
2026-09-14 10:00:00+00:00,20.0,5.930553913116455,7.0,11.0
2026-09-14 11:00:00+00:00,21.0,6.306094646453857,7.0,10.5
2026-09-14 12:00:00+00:00,22.0,7.109072685241699,8.0,12.0
2026-09-14 13:00:00+00:00,23.0,6.141931533813477,7.0,11.800000190734863
2026-09-14 14:00:00+00:00,24.0,8.109977722167969,10.0,10.571428298950195
2026-09-13 16:00:00+00:00,1.0,2.657754421234131,4.0,3.875
2026-09-13 17:00:00+00:00,2.0,1.894287347793579,3.0,2.857142925262451
2026-09-13 18:00:00+00:00,3.0,1.7584878206253052,3.0,2.700000047683716
2026-09-13 19:00:00+00:00,4.0,1.1237694025039673,2.0,1.8333333730697632
2026-09-13 20:00:00+00:00,5.0,1.0637773275375366,2.0,2.5714285373687744
2026-09-13 21:00:00+00:00,6.0,0.9912866353988647,2.0,1.0
2026-09-13 22:00:00+00:00,7.0,1.4584542512893677,3.0,0.800000011920929
2026-09-13 23:00:00+00:00,8.0,1.9992507696151733,4.0,2.0
2026-09-14 00:00:00+00:00,9.0,2.2035820484161377,4.0,0.8333333134651184
2026-09-14 01:00:00+00:00,10.0,1.5540502071380615,3.0,2.1666667461395264
2026-09-14 02:00:00+00:00,11.0,2.0637171268463135,4.0,2.799999952316284
2026-09-14 03:00:00+00:00,12.0,1.7437468767166138,3.0,3.3333332538604736
2026-09-14 04:00:00+00:00,13.0,1.6536060571670532,3.0,3.4000000953674316
2026-09-14 05:00:00+00:00,14.0,2.3164103031158447,4.0,3.6666667461395264
2026-09-14 06:00:00+00:00,15.0,2.520745038986206,4.0,5.0
2026-09-14 07:00:00+00:00,16.0,3.3583643436431885,5.0,5.5
2026-09-14 08:00:00+00:00,17.0,3.8069214820861816,5.0,4.400000095367432
2026-09-14 09:00:00+00:00,18.0,4.835219860076904,6.0,8.600000381469727
2026-09-14 10:00:00+00:00,19.0,6.918611526489258,8.0,11.0
2026-09-14 11:00:00+00:00,20.0,6.422972679138184,7.0,10.5
2026-09-14 12:00:00+00:00,21.0,7.114801406860352,8.0,12.0
2026-09-14 13:00:00+00:00,22.0,7.591498851776123,9.0,11.800000190734863
2026-09-14 14:00:00+00:00,23.0,8.795205116271973,11.0,10.571428298950195
2026-09-14 15:00:00+00:00,24.0,7.2253618240356445,9.0,9.714285850524902
2026-09-13 17:00:00+00:00,1.0,2.5903639793395996,4.0,2.857142925262451
2026-09-13 18:00:00+00:00,2.0,1.8643379211425781,3.0,2.700000047683716
2026-09-13 19:00:00+00:00,3.0,1.1086461544036865,2.0,1.8333333730697632
2026-09-13 20:00:00+00:00,4.0,2.016324996948242,4.0,2.5714285373687744
2026-09-13 21:00:00+00:00,5.0,1.9789365530014038,4.0,1.0
2026-09-13 22:00:00+00:00,6.0,1.9519771337509155,4.0,0.800000011920929
2026-09-13 23:00:00+00:00,7.0,1.4402580261230469,3.0,2.0
2026-09-14 00:00:00+00:00,8.0,1.4215980768203735,3.0,0.8333333134651184
2026-09-14 01:00:00+00:00,9.0,1.9452999830245972,4.0,2.1666667461395264
2026-09-14 02:00:00+00:00,10.0,2.600548505783081,5.0,2.799999952316284
2026-09-14 03:00:00+00:00,11.0,2.17375111579895,4.0,3.3333332538604736
2026-09-14 04:00:00+00:00,12.0,2.3726229667663574,4.0,3.4000000953674316
2026-09-14 05:00:00+00:00,13.0,1.2799268960952759,2.0,3.6666667461395264
2026-09-14 06:00:00+00:00,14.0,1.2379707098007202,2.0,5.0
2026-09-14 07:00:00+00:00,15.0,2.797818660736084,4.0,5.5
2026-09-14 08:00:00+00:00,16.0,3.0442817211151123,4.0,4.400000095367432
2026-09-14 09:00:00+00:00,17.0,4.074291706085205,5.0,8.600000381469727
2026-09-14 10:00:00+00:00,18.0,4.500365734100342,5.0,11.0
2026-09-14 11:00:00+00:00,19.0,3.750760316848755,4.0,10.5
2026-09-14 12:00:00+00:00,20.0,5.546184539794922,6.0,12.0
2026-09-14 13:00:00+00:00,21.0,7.464091777801514,9.0,11.800000190734863
2026-09-14 14:00:00+00:00,22.0,7.3160905838012695,9.0,10.571428298950195
2026-09-14 15:00:00+00:00,23.0,6.988800525665283,9.0,9.714285850524902
2026-09-14 16:00:00+00:00,24.0,6.209961891174316,8.0,8.666666984558105
2026-09-13 18:00:00+00:00,1.0,2.2304728031158447,4.0,2.700000047683716
2026-09-13 19:00:00+00:00,2.0,2.1626522541046143,4.0,1.8333333730697632
2026-09-13 20:00:00+00:00,3.0,1.5950225591659546,3.0,2.5714285373687744
2026-09-13 21:00:00+00:00,4.0,2.4873640537261963,5.0,1.0
2026-09-13 22:00:00+00:00,5.0,1.9418991804122925,4.0,0.800000011920929
2026-09-13 23:00:00+00:00,6.0,1.4574291706085205,3.0,2.0
2026-09-14 00:00:00+00:00,7.0,1.4676735401153564,3.0,0.8333333134651184
2026-09-14 01:00:00+00:00,8.0,1.5356255769729614,3.0,2.1666667461395264
2026-09-14 02:00:00+00:00,9.0,2.503951072692871,5.0,2.799999952316284
2026-09-14 03:00:00+00:00,10.0,2.0703697204589844,4.0,3.3333332538604736
2026-09-14 04:00:00+00:00,11.0,2.173072338104248,4.0,3.4000000953674316
2026-09-14 05:00:00+00:00,12.0,2.265376567840576,4.0,3.6666667461395264
2026-09-14 06:00:00+00:00,13.0,2.3378663063049316,4.0,5.0
2026-09-14 07:00:00+00:00,14.0,2.5343832969665527,4.0,5.5
2026-09-14 08:00:00+00:00,15.0,2.8300259113311768,4.0,4.400000095367432
2026-09-14 09:00:00+00:00,16.0,3.669644594192505,5.0,8.600000381469727
2026-09-14 10:00:00+00:00,17.0,4.209963321685791,5.0,11.0
2026-09-14 11:00:00+00:00,18.0,6.814971923828125,8.0,10.5
2026-09-14 12:00:00+00:00,19.0,6.6974778175354,8.0,12.0
2026-09-14 13:00:00+00:00,20.0,6.675748348236084,8.0,11.800000190734863
2026-09-14 14:00:00+00:00,21.0,7.22789192199707,9.0,10.571428298950195
2026-09-14 15:00:00+00:00,22.0,7.579424858093262,10.0,9.714285850524902
2026-09-14 16:00:00+00:00,23.0,6.122328758239746,8.0,8.666666984558105
2026-09-14 17:00:00+00:00,24.0,4.993492603302002,7.0,8.142857551574707
2026-09-13 19:00:00+00:00,1.0,1.572393774986267,3.0,1.8333333730697632
2026-09-13 20:00:00+00:00,2.0,1.4940651655197144,3.0,2.5714285373687744
2026-09-13 21:00:00+00:00,3.0,1.8988049030303955,4.0,1.0
2026-09-13 22:00:00+00:00,4.0,1.8666155338287354,4.0,0.800000011920929
2026-09-13 23:00:00+00:00,5.0,1.8875285387039185,4.0,2.0
2026-09-14 00:00:00+00:00,6.0,1.4797159433364868,3.0,0.8333333134651184
2026-09-14 01:00:00+00:00,7.0,1.3849018812179565,3.0,2.1666667461395264
2026-09-14 02:00:00+00:00,8.0,1.9515506029129028,4.0,2.799999952316284
2026-09-14 03:00:00+00:00,9.0,1.996649146080017,4.0,3.3333332538604736
2026-09-14 04:00:00+00:00,10.0,2.1395633220672607,4.0,3.4000000953674316
2026-09-14 05:00:00+00:00,11.0,2.7543349266052246,5.0,3.6666667461395264
2026-09-14 06:00:00+00:00,12.0,2.841535806655884,5.0,5.0
2026-09-14 07:00:00+00:00,13.0,2.5468006134033203,4.0,5.5
2026-09-14 08:00:00+00:00,14.0,4.111243724822998,6.0,4.400000095367432
2026-09-14 09:00:00+00:00,15.0,4.314530849456787,6.0,8.600000381469727
2026-09-14 10:00:00+00:00,16.0,5.625892162322998,7.0,11.0
2026-09-14 11:00:00+00:00,17.0,6.609147071838379,8.0,10.5
2026-09-14 12:00:00+00:00,18.0,6.0972700119018555,7.0,12.0
2026-09-14 13:00:00+00:00,19.0,7.213863849639893,9.0,11.800000190734863
2026-09-14 14:00:00+00:00,20.0,6.968025207519531,9.0,10.571428298950195
2026-09-14 15:00:00+00:00,21.0,7.504805088043213,10.0,9.714285850524902
2026-09-14 16:00:00+00:00,22.0,5.482983589172363,7.0,8.666666984558105
2026-09-14 17:00:00+00:00,23.0,4.9837493896484375,7.0,8.142857551574707
2026-09-14 18:00:00+00:00,24.0,6.04257345199585,9.0,7.44444465637207
2026-09-13 20:00:00+00:00,1.0,0.4786966145038605,1.0,2.5714285373687744
2026-09-13 21:00:00+00:00,2.0,1.8268018960952759,4.0,1.0
2026-09-13 22:00:00+00:00,3.0,1.7971378564834595,4.0,0.800000011920929
2026-09-13 23:00:00+00:00,4.0,1.7635544538497925,4.0,2.0
2026-09-14 00:00:00+00:00,5.0,1.7858526706695557,4.0,0.8333333134651184
2026-09-14 01:00:00+00:00,6.0,1.8061784505844116,4.0,2.1666667461395264
2026-09-14 02:00:00+00:00,7.0,2.398789167404175,5.0,2.799999952316284
2026-09-14 03:00:00+00:00,8.0,2.02357816696167,4.0,3.3333332538604736
2026-09-14 04:00:00+00:00,9.0,1.5076971054077148,3.0,3.4000000953674316
2026-09-14 05:00:00+00:00,10.0,1.5411732196807861,3.0,3.6666667461395264
2026-09-14 06:00:00+00:00,11.0,2.172747850418091,4.0,5.0
2026-09-14 07:00:00+00:00,12.0,2.34834885597229,4.0,5.5
2026-09-14 08:00:00+00:00,13.0,2.7627458572387695,4.0,4.400000095367432
2026-09-14 09:00:00+00:00,14.0,3.4265854358673096,5.0,8.600000381469727
2026-09-14 10:00:00+00:00,15.0,5.550390243530273,7.0,11.0
2026-09-14 11:00:00+00:00,16.0,4.129256248474121,5.0,10.5
2026-09-14 12:00:00+00:00,17.0,4.052534103393555,5.0,12.0
2026-09-14 13:00:00+00:00,18.0,7.086987495422363,9.0,11.800000190734863
2026-09-14 14:00:00+00:00,19.0,7.715056419372559,10.0,10.571428298950195
2026-09-14 15:00:00+00:00,20.0,6.7547454833984375,9.0,9.714285850524902
2026-09-14 16:00:00+00:00,21.0,5.192835807800293,7.0,8.666666984558105
2026-09-14 17:00:00+00:00,22.0,4.17030668258667,6.0,8.142857551574707
2026-09-14 18:00:00+00:00,23.0,5.217766284942627,8.0,7.44444465637207
2026-09-14 19:00:00+00:00,24.0,5.01607084274292,8.0,5.75
2026-09-13 21:00:00+00:00,1.0,1.4413655996322632,3.0,1.0
2026-09-13 22:00:00+00:00,2.0,1.8036636114120483,4.0,0.800000011920929
2026-09-13 23:00:00+00:00,3.0,1.7851988077163696,4.0,2.0
2026-09-14 00:00:00+00:00,4.0,1.797690749168396,4.0,0.8333333134651184
2026-09-14 01:00:00+00:00,5.0,1.3849815130233765,3.0,2.1666667461395264
2026-09-14 02:00:00+00:00,6.0,2.2865984439849854,5.0,2.799999952316284
2026-09-14 03:00:00+00:00,7.0,1.908829927444458,4.0,3.3333332538604736
2026-09-14 04:00:00+00:00,8.0,1.9821956157684326,4.0,3.4000000953674316
2026-09-14 05:00:00+00:00,9.0,2.079531669616699,4.0,3.6666667461395264
2026-09-14 06:00:00+00:00,10.0,2.1755003929138184,4.0,5.0
2026-09-14 07:00:00+00:00,11.0,2.413235664367676,4.0,5.5
2026-09-14 08:00:00+00:00,12.0,2.589655637741089,4.0,4.400000095367432
2026-09-14 09:00:00+00:00,13.0,3.5135135650634766,5.0,8.600000381469727
2026-09-14 10:00:00+00:00,14.0,4.5786848068237305,6.0,11.0
2026-09-14 11:00:00+00:00,15.0,6.248101711273193,8.0,10.5
2026-09-14 12:00:00+00:00,16.0,6.173997402191162,8.0,12.0
2026-09-14 13:00:00+00:00,17.0,6.960757255554199,9.0,11.800000190734863
2026-09-14 14:00:00+00:00,18.0,7.508242607116699,10.0,10.571428298950195
2026-09-14 15:00:00+00:00,19.0,7.218744277954102,10.0,9.714285850524902
2026-09-14 16:00:00+00:00,20.0,5.2437920570373535,7.0,8.666666984558105
2026-09-14 17:00:00+00:00,21.0,5.275351047515869,8.0,8.142857551574707
2026-09-14 18:00:00+00:00,22.0,5.785171985626221,9.0,7.44444465637207
2026-09-14 19:00:00+00:00,23.0,5.044427871704102,8.0,5.75
2026-09-14 20:00:00+00:00,24.0,3.5779597759246826,6.0,7.599999904632568
2026-09-13 22:00:00+00:00,1.0,1.3043159246444702,3.0,0.800000011920929
2026-09-13 23:00:00+00:00,2.0,0.8539590835571289,2.0,2.0
2026-09-14 00:00:00+00:00,3.0,1.287150502204895,3.0,0.8333333134651184
2026-09-14 01:00:00+00:00,4.0,1.2462918758392334,3.0,2.1666667461395264
2026-09-14 02:00:00+00:00,5.0,1.7877649068832397,4.0,2.799999952316284
2026-09-14 03:00:00+00:00,6.0,1.9130221605300903,4.0,3.3333332538604736
2026-09-14 04:00:00+00:00,7.0,1.834005355834961,4.0,3.4000000953674316
2026-09-14 05:00:00+00:00,8.0,1.487508773803711,3.0,3.6666667461395264
2026-09-14 06:00:00+00:00,9.0,2.0303072929382324,4.0,5.0
2026-09-14 07:00:00+00:00,10.0,2.798055410385132,5.0,5.5
2026-09-14 08:00:00+00:00,11.0,3.068237543106079,5.0,4.400000095367432
2026-09-14 09:00:00+00:00,12.0,3.32161545753479,5.0,8.600000381469727
2026-09-14 10:00:00+00:00,13.0,6.182920932769775,8.0,11.0
2026-09-14 11:00:00+00:00,14.0,7.235358715057373,9.0,10.5
2026-09-14 12:00:00+00:00,15.0,5.885514259338379,7.0,12.0
2026-09-14 13:00:00+00:00,16.0,7.0462822914123535,9.0,11.800000190734863
2026-09-14 14:00:00+00:00,17.0,7.00175142288208,9.0,10.571428298950195
2026-09-14 15:00:00+00:00,18.0,6.771768569946289,9.0,9.714285850524902
2026-09-14 16:00:00+00:00,19.0,5.798436641693115,8.0,8.666666984558105
2026-09-14 17:00:00+00:00,20.0,5.297137260437012,8.0,8.142857551574707
2026-09-14 18:00:00+00:00,21.0,5.743262767791748,9.0,7.44444465637207
2026-09-14 19:00:00+00:00,22.0,4.944273471832275,8.0,5.75
2026-09-14 20:00:00+00:00,23.0,4.590890884399414,8.0,7.599999904632568
2026-09-14 21:00:00+00:00,24.0,5.041916370391846,9.0,7.666666507720947
2026-09-13 23:00:00+00:00,2.0,0.8305480480194092,2.0,2.0
2026-09-14 00:00:00+00:00,3.0,1.2516932487487793,3.0,0.8333333134651184
2026-09-14 01:00:00+00:00,4.0,1.2137227058410645,3.0,2.1666667461395264
2026-09-14 02:00:00+00:00,5.0,1.7381342649459839,4.0,2.799999952316284
2026-09-14 03:00:00+00:00,6.0,1.8590794801712036,4.0,3.3333332538604736
2026-09-14 04:00:00+00:00,7.0,1.7831989526748657,4.0,3.4000000953674316
2026-09-14 05:00:00+00:00,8.0,1.4429582357406616,3.0,3.6666667461395264
2026-09-14 06:00:00+00:00,9.0,1.9740126132965088,4.0,5.0
2026-09-14 07:00:00+00:00,10.0,2.734102725982666,5.0,5.5
2026-09-14 08:00:00+00:00,11.0,2.9986157417297363,5.0,4.400000095367432
2026-09-14 09:00:00+00:00,12.0,3.2458178997039795,5.0,8.600000381469727
2026-09-14 10:00:00+00:00,13.0,6.078904151916504,8.0,11.0
2026-09-14 11:00:00+00:00,14.0,7.131237506866455,9.0,10.5
2026-09-14 12:00:00+00:00,15.0,5.808326244354248,7.0,12.0
2026-09-14 13:00:00+00:00,16.0,6.985319137573242,9.0,11.800000190734863
2026-09-14 14:00:00+00:00,17.0,6.944450378417969,9.0,10.571428298950195
2026-09-14 15:00:00+00:00,18.0,6.705027103424072,9.0,9.714285850524902
2026-09-14 16:00:00+00:00,19.0,5.708681106567383,8.0,8.666666984558105
2026-09-14 17:00:00+00:00,20.0,5.220373630523682,8.0,8.142857551574707
2026-09-14 18:00:00+00:00,21.0,5.692332744598389,9.0,7.44444465637207
2026-09-14 19:00:00+00:00,22.0,4.8791890144348145,8.0,5.75
2026-09-14 20:00:00+00:00,23.0,4.504510402679443,8.0,7.599999904632568
2026-09-14 21:00:00+00:00,24.0,4.958731651306152,9.0,7.666666507720947
2026-09-14 22:00:00+00:00,25.0,4.999790191650391,9.0,7.666666507720947
2026-09-14 00:00:00+00:00,3.0,1.2220373153686523,3.0,0.8333333134651184
2026-09-14 01:00:00+00:00,4.0,1.1870677471160889,3.0,2.1666667461395264
2026-09-14 02:00:00+00:00,5.0,1.6975573301315308,4.0,2.799999952316284
2026-09-14 03:00:00+00:00,6.0,1.8136593103408813,4.0,3.3333332538604736
2026-09-14 04:00:00+00:00,7.0,1.7410950660705566,4.0,3.4000000953674316
2026-09-14 05:00:00+00:00,8.0,1.4069417715072632,3.0,3.6666667461395264
2026-09-14 06:00:00+00:00,9.0,1.9325555562973022,4.0,5.0
2026-09-14 07:00:00+00:00,10.0,2.6752705574035645,5.0,5.5
2026-09-14 08:00:00+00:00,11.0,2.935026168823242,5.0,4.400000095367432
2026-09-14 09:00:00+00:00,12.0,3.180370807647705,5.0,8.600000381469727
2026-09-14 10:00:00+00:00,13.0,5.970582485198975,8.0,11.0
2026-09-14 11:00:00+00:00,14.0,7.011284351348877,9.0,10.5
2026-09-14 12:00:00+00:00,15.0,5.695565223693848,7.0,12.0
2026-09-14 13:00:00+00:00,16.0,6.8928327560424805,9.0,11.800000190734863
2026-09-14 14:00:00+00:00,17.0,6.855655193328857,9.0,10.571428298950195
2026-09-14 15:00:00+00:00,18.0,6.613570213317871,9.0,9.714285850524902
2026-09-14 16:00:00+00:00,19.0,5.6174845695495605,8.0,8.666666984558105
2026-09-14 17:00:00+00:00,20.0,5.128143310546875,8.0,8.142857551574707
2026-09-14 18:00:00+00:00,21.0,5.617842674255371,9.0,7.44444465637207
2026-09-14 19:00:00+00:00,22.0,4.801172733306885,8.0,5.75
2026-09-14 20:00:00+00:00,23.0,4.4182891845703125,8.0,7.599999904632568
2026-09-14 21:00:00+00:00,24.0,4.870273590087891,9.0,7.666666507720947
2026-09-14 22:00:00+00:00,25.0,4.918995380401611,9.0,7.666666507720947
2026-09-14 23:00:00+00:00,26.0,5.3704915046691895,10.0,6.833333492279053
2026-09-14 01:00:00+00:00,4.0,1.1782621145248413,3.0,2.1666667461395264
2026-09-14 02:00:00+00:00,5.0,1.6835228204727173,4.0,2.799999952316284
2026-09-14 03:00:00+00:00,6.0,1.7983393669128418,4.0,3.3333332538604736
2026-09-14 04:00:00+00:00,7.0,1.7264552116394043,4.0,3.4000000953674316
2026-09-14 05:00:00+00:00,8.0,1.3989439010620117,3.0,3.6666667461395264
2026-09-14 06:00:00+00:00,9.0,1.9219353199005127,4.0,5.0
2026-09-14 07:00:00+00:00,10.0,2.6581995487213135,5.0,5.5
2026-09-14 08:00:00+00:00,11.0,2.924429416656494,5.0,4.400000095367432
2026-09-14 09:00:00+00:00,12.0,3.1708316802978516,5.0,8.600000381469727
2026-09-14 10:00:00+00:00,13.0,5.9630937576293945,8.0,11.0
2026-09-14 11:00:00+00:00,14.0,7.006267070770264,9.0,10.5
2026-09-14 12:00:00+00:00,15.0,5.682091236114502,7.0,12.0
2026-09-14 13:00:00+00:00,16.0,6.886343479156494,9.0,11.800000190734863
2026-09-14 14:00:00+00:00,17.0,6.851253986358643,9.0,10.571428298950195
2026-09-14 15:00:00+00:00,18.0,6.602405071258545,9.0,9.714285850524902
2026-09-14 16:00:00+00:00,19.0,5.603583812713623,8.0,8.666666984558105
2026-09-14 17:00:00+00:00,20.0,5.103115558624268,8.0,8.142857551574707
2026-09-14 18:00:00+00:00,21.0,5.593283653259277,9.0,7.44444465637207
2026-09-14 19:00:00+00:00,22.0,4.779364585876465,8.0,5.75
2026-09-14 20:00:00+00:00,23.0,4.3930768966674805,8.0,7.599999904632568
2026-09-14 21:00:00+00:00,24.0,4.843290328979492,9.0,7.666666507720947
2026-09-14 22:00:00+00:00,25.0,4.890983581542969,9.0,7.666666507720947
2026-09-14 23:00:00+00:00,26.0,5.339841842651367,10.0,6.833333492279053
2026-09-15 00:00:00+00:00,27.0,5.311336517333984,10.0,7.0
2026-09-14 02:00:00+00:00,5.0,1.662988543510437,4.0,2.799999952316284
2026-09-14 03:00:00+00:00,6.0,1.7751491069793701,4.0,3.3333332538604736
2026-09-14 04:00:00+00:00,7.0,1.7065458297729492,4.0,3.4000000953674316
2026-09-14 05:00:00+00:00,8.0,1.3863102197647095,3.0,3.6666667461395264
2026-09-14 06:00:00+00:00,9.0,1.904251217842102,4.0,5.0
2026-09-14 07:00:00+00:00,10.0,2.631661891937256,5.0,5.5
2026-09-14 08:00:00+00:00,11.0,2.893932580947876,5.0,4.400000095367432
2026-09-14 09:00:00+00:00,12.0,3.141341209411621,5.0,8.600000381469727
2026-09-14 10:00:00+00:00,13.0,5.893371105194092,8.0,11.0
2026-09-14 11:00:00+00:00,14.0,6.9342780113220215,9.0,10.5
2026-09-14 12:00:00+00:00,15.0,5.613205909729004,7.0,12.0
2026-09-14 13:00:00+00:00,16.0,6.833642482757568,9.0,11.800000190734863
2026-09-14 14:00:00+00:00,17.0,6.797688007354736,9.0,10.571428298950195
2026-09-14 15:00:00+00:00,18.0,6.5556535720825195,9.0,9.714285850524902
2026-09-14 16:00:00+00:00,19.0,5.560737133026123,8.0,8.666666984558105
2026-09-14 17:00:00+00:00,20.0,5.067180156707764,8.0,8.142857551574707
2026-09-14 18:00:00+00:00,21.0,5.543612957000732,9.0,7.44444465637207
2026-09-14 19:00:00+00:00,22.0,4.735748767852783,8.0,5.75
2026-09-14 20:00:00+00:00,23.0,4.347148895263672,8.0,7.599999904632568
2026-09-14 21:00:00+00:00,24.0,4.795929908752441,9.0,7.666666507720947
2026-09-14 22:00:00+00:00,25.0,4.850534439086914,9.0,7.666666507720947
2026-09-14 23:00:00+00:00,26.0,5.295849323272705,10.0,6.833333492279053
2026-09-15 00:00:00+00:00,27.0,5.268466472625732,10.0,7.0
2026-09-15 01:00:00+00:00,28.0,5.911369323730469,11.0,7.833333492279053
2026-09-14 03:00:00+00:00,6.0,1.7847849130630493,4.0,3.3333332538604736
2026-09-14 04:00:00+00:00,7.0,1.7173573970794678,4.0,3.4000000953674316
2026-09-14 05:00:00+00:00,8.0,1.396829605102539,3.0,3.6666667461395264
2026-09-14 06:00:00+00:00,9.0,1.9192601442337036,4.0,5.0
2026-09-14 07:00:00+00:00,10.0,2.653433322906494,5.0,5.5
2026-09-14 08:00:00+00:00,11.0,2.921334981918335,5.0,4.400000095367432
2026-09-14 09:00:00+00:00,12.0,3.1722190380096436,5.0,8.600000381469727
2026-09-14 10:00:00+00:00,13.0,5.955114364624023,8.0,11.0
2026-09-14 11:00:00+00:00,14.0,7.0009918212890625,9.0,10.5
2026-09-14 12:00:00+00:00,15.0,5.663461685180664,7.0,12.0
2026-09-14 13:00:00+00:00,16.0,6.8827223777771,9.0,11.800000190734863
2026-09-14 14:00:00+00:00,17.0,6.841352939605713,9.0,10.571428298950195
2026-09-14 15:00:00+00:00,18.0,6.600241184234619,9.0,9.714285850524902
2026-09-14 16:00:00+00:00,19.0,5.600393295288086,8.0,8.666666984558105
2026-09-14 17:00:00+00:00,20.0,5.100691318511963,8.0,8.142857551574707
2026-09-14 18:00:00+00:00,21.0,5.56596565246582,9.0,7.44444465637207
2026-09-14 19:00:00+00:00,22.0,4.758040904998779,8.0,5.75
2026-09-14 20:00:00+00:00,23.0,4.374023914337158,8.0,7.599999904632568
2026-09-14 21:00:00+00:00,24.0,4.818493366241455,9.0,7.666666507720947
2026-09-14 22:00:00+00:00,25.0,4.86816930770874,9.0,7.666666507720947
2026-09-14 23:00:00+00:00,26.0,5.314916133880615,10.0,6.833333492279053
2026-09-15 00:00:00+00:00,27.0,5.288073539733887,10.0,7.0
2026-09-15 01:00:00+00:00,28.0,5.937308311462402,11.0,7.833333492279053
2026-09-15 02:00:00+00:00,29.0,5.4669647216796875,10.0,8.375
2026-09-14 04:00:00+00:00,7.0,1.7321330308914185,4.0,3.4000000953674316
2026-09-14 05:00:00+00:00,8.0,1.4108905792236328,3.0,3.6666667461395264
2026-09-14 06:00:00+00:00,9.0,1.9396941661834717,4.0,5.0
2026-09-14 07:00:00+00:00,10.0,2.683988094329834,5.0,5.5
2026-09-14 08:00:00+00:00,11.0,2.9560036659240723,5.0,4.400000095367432
2026-09-14 09:00:00+00:00,12.0,3.2119357585906982,5.0,8.600000381469727
2026-09-14 10:00:00+00:00,13.0,6.027550220489502,8.0,11.0
2026-09-14 11:00:00+00:00,14.0,7.083169460296631,9.0,10.5
2026-09-14 12:00:00+00:00,15.0,5.729621887207031,7.0,12.0
2026-09-14 13:00:00+00:00,16.0,6.94242000579834,9.0,11.800000190734863
2026-09-14 14:00:00+00:00,17.0,6.895849227905273,9.0,10.571428298950195
2026-09-14 15:00:00+00:00,18.0,6.652188301086426,9.0,9.714285850524902
2026-09-14 16:00:00+00:00,19.0,5.658738136291504,8.0,8.666666984558105
2026-09-14 17:00:00+00:00,20.0,5.144937992095947,8.0,8.142857551574707
2026-09-14 18:00:00+00:00,21.0,5.599494934082031,9.0,7.44444465637207
2026-09-14 19:00:00+00:00,22.0,4.789702892303467,8.0,5.75
2026-09-14 20:00:00+00:00,23.0,4.412106990814209,8.0,7.599999904632568
2026-09-14 21:00:00+00:00,24.0,4.851620197296143,9.0,7.666666507720947
2026-09-14 22:00:00+00:00,25.0,4.896209716796875,9.0,7.666666507720947
2026-09-14 23:00:00+00:00,26.0,5.345530033111572,10.0,6.833333492279053
2026-09-15 00:00:00+00:00,27.0,5.319232940673828,10.0,7.0
2026-09-15 01:00:00+00:00,28.0,5.975274562835693,11.0,7.833333492279053
2026-09-15 02:00:00+00:00,29.0,5.501483917236328,10.0,8.375
2026-09-15 03:00:00+00:00,30.0,5.64595365524292,10.0,9.5
2026-09-14 05:00:00+00:00,8.0,1.4027427434921265,3.0,3.6666667461395264
2026-09-14 06:00:00+00:00,9.0,1.9280836582183838,4.0,5.0
2026-09-14 07:00:00+00:00,10.0,2.666015625,5.0,5.5
2026-09-14 08:00:00+00:00,11.0,2.9273781776428223,5.0,4.400000095367432
2026-09-14 09:00:00+00:00,12.0,3.1858975887298584,5.0,8.600000381469727
2026-09-14 10:00:00+00:00,13.0,5.949319839477539,8.0,11.0
2026-09-14 11:00:00+00:00,14.0,6.997866630554199,9.0,10.5
2026-09-14 12:00:00+00:00,15.0,5.662298679351807,7.0,12.0
2026-09-14 13:00:00+00:00,16.0,6.8825554847717285,9.0,11.800000190734863
2026-09-14 14:00:00+00:00,17.0,6.833089828491211,9.0,10.571428298950195
2026-09-14 15:00:00+00:00,18.0,6.615152835845947,9.0,9.714285850524902
2026-09-14 16:00:00+00:00,19.0,5.621664524078369,8.0,8.666666984558105
2026-09-14 17:00:00+00:00,20.0,5.115321636199951,8.0,8.142857551574707
2026-09-14 18:00:00+00:00,21.0,5.565829277038574,9.0,7.44444465637207
2026-09-14 19:00:00+00:00,22.0,4.757980823516846,8.0,5.75
2026-09-14 20:00:00+00:00,23.0,4.385660648345947,8.0,7.599999904632568
2026-09-14 21:00:00+00:00,24.0,4.819876670837402,9.0,7.666666507720947
2026-09-14 22:00:00+00:00,25.0,4.873320579528809,9.0,7.666666507720947
2026-09-14 23:00:00+00:00,26.0,5.321239948272705,10.0,6.833333492279053
2026-09-15 00:00:00+00:00,27.0,5.299089431762695,10.0,7.0
2026-09-15 01:00:00+00:00,28.0,5.952672958374023,11.0,7.833333492279053
2026-09-15 02:00:00+00:00,29.0,5.4740190505981445,10.0,8.375
2026-09-15 03:00:00+00:00,30.0,5.607198238372803,10.0,9.5
2026-09-15 04:00:00+00:00,31.0,5.166259765625,9.0,8.5
2026-09-14 06:00:00+00:00,9.0,1.9161219596862793,4.0,5.0
2026-09-14 07:00:00+00:00,10.0,2.6491639614105225,5.0,5.5
2026-09-14 08:00:00+00:00,11.0,2.905353546142578,5.0,4.400000095367432
2026-09-14 09:00:00+00:00,12.0,3.161625623703003,5.0,8.600000381469727
2026-09-14 10:00:00+00:00,13.0,5.907705783843994,8.0,11.0
2026-09-14 11:00:00+00:00,14.0,6.948917865753174,9.0,10.5
2026-09-14 12:00:00+00:00,15.0,5.624533653259277,7.0,12.0
2026-09-14 13:00:00+00:00,16.0,6.853208541870117,9.0,11.800000190734863
2026-09-14 14:00:00+00:00,17.0,6.806788921356201,9.0,10.571428298950195
2026-09-14 15:00:00+00:00,18.0,6.5858941078186035,9.0,9.714285850524902
2026-09-14 16:00:00+00:00,19.0,5.596539497375488,8.0,8.666666984558105
2026-09-14 17:00:00+00:00,20.0,5.0901288986206055,8.0,8.142857551574707
2026-09-14 18:00:00+00:00,21.0,5.53846549987793,9.0,7.44444465637207
2026-09-14 19:00:00+00:00,22.0,4.732438087463379,8.0,5.75
2026-09-14 20:00:00+00:00,23.0,4.360080718994141,8.0,7.599999904632568
2026-09-14 21:00:00+00:00,24.0,4.789531707763672,9.0,7.666666507720947
2026-09-14 22:00:00+00:00,25.0,4.846510887145996,9.0,7.666666507720947
2026-09-14 23:00:00+00:00,26.0,5.2957234382629395,10.0,6.833333492279053
2026-09-15 00:00:00+00:00,27.0,5.276271820068359,10.0,7.0
2026-09-15 01:00:00+00:00,28.0,5.926685810089111,11.0,7.833333492279053
2026-09-15 02:00:00+00:00,29.0,5.449250221252441,10.0,8.375
2026-09-15 03:00:00+00:00,30.0,5.575809478759766,10.0,9.5
2026-09-15 04:00:00+00:00,31.0,5.128134250640869,9.0,8.5
2026-09-15 05:00:00+00:00,32.0,6.52739143371582,11.0,6.166666507720947
2026-09-14 07:00:00+00:00,1.0,2.629812717437744,5.0,5.5
2026-09-14 08:00:00+00:00,2.0,2.9947104454040527,5.0,4.400000095367432
2026-09-14 09:00:00+00:00,3.0,3.979253053665161,6.0,8.600000381469727
2026-09-14 10:00:00+00:00,4.0,6.004061222076416,8.0,11.0
2026-09-14 11:00:00+00:00,5.0,6.980160236358643,9.0,10.5
2026-09-14 12:00:00+00:00,6.0,6.266879558563232,8.0,12.0
2026-09-14 13:00:00+00:00,7.0,6.175567626953125,8.0,11.800000190734863
2026-09-14 14:00:00+00:00,8.0,7.641088485717773,10.0,10.571428298950195
2026-09-14 15:00:00+00:00,9.0,6.692939758300781,9.0,9.714285850524902
2026-09-14 16:00:00+00:00,10.0,5.589059829711914,8.0,8.666666984558105
2026-09-14 17:00:00+00:00,11.0,5.156801700592041,8.0,8.142857551574707
2026-09-14 18:00:00+00:00,12.0,5.607522964477539,9.0,7.44444465637207
2026-09-14 19:00:00+00:00,13.0,4.718993186950684,8.0,5.75
2026-09-14 20:00:00+00:00,14.0,3.870208978652954,7.0,7.599999904632568
2026-09-14 21:00:00+00:00,15.0,3.118478775024414,6.0,7.666666507720947
2026-09-14 22:00:00+00:00,16.0,3.4711086750030518,7.0,7.666666507720947
2026-09-14 23:00:00+00:00,17.0,3.476943016052246,7.0,6.833333492279053
2026-09-15 00:00:00+00:00,18.0,3.4666759967803955,7.0,7.0
2026-09-15 01:00:00+00:00,19.0,3.994452953338623,8.0,7.833333492279053
2026-09-15 02:00:00+00:00,20.0,4.811073303222656,9.0,8.375
2026-09-15 03:00:00+00:00,21.0,4.92362117767334,9.0,9.5
2026-09-15 04:00:00+00:00,22.0,5.076770305633545,9.0,8.5
2026-09-15 05:00:00+00:00,23.0,5.27675199508667,9.0,6.166666507720947
2026-09-15 06:00:00+00:00,24.0,6.21891975402832,10.0,7.333333492279053
2026-09-14 08:00:00+00:00,1.0,2.9691009521484375,5.0,4.400000095367432
2026-09-14 09:00:00+00:00,2.0,3.944561719894409,6.0,8.600000381469727
2026-09-14 10:00:00+00:00,3.0,5.976439952850342,8.0,11.0
2026-09-14 11:00:00+00:00,4.0,6.948644638061523,9.0,10.5
2026-09-14 12:00:00+00:00,5.0,6.232270240783691,8.0,12.0
2026-09-14 13:00:00+00:00,6.0,6.141054153442383,8.0,11.800000190734863
2026-09-14 14:00:00+00:00,7.0,7.616332054138184,10.0,10.571428298950195
2026-09-14 15:00:00+00:00,8.0,6.665811061859131,9.0,9.714285850524902
2026-09-14 16:00:00+00:00,9.0,5.561211585998535,8.0,8.666666984558105
2026-09-14 17:00:00+00:00,10.0,5.134243011474609,8.0,8.142857551574707
2026-09-14 18:00:00+00:00,11.0,5.584014415740967,9.0,7.44444465637207
2026-09-14 19:00:00+00:00,12.0,4.686468124389648,8.0,5.75
2026-09-14 20:00:00+00:00,13.0,3.841958522796631,7.0,7.599999904632568
2026-09-14 21:00:00+00:00,14.0,3.0930070877075195,6.0,7.666666507720947
2026-09-14 22:00:00+00:00,15.0,3.440295696258545,7.0,7.666666507720947
2026-09-14 23:00:00+00:00,16.0,3.4475088119506836,7.0,6.833333492279053
2026-09-15 00:00:00+00:00,17.0,3.4361584186553955,7.0,7.0
2026-09-15 01:00:00+00:00,18.0,3.9638211727142334,8.0,7.833333492279053
2026-09-15 02:00:00+00:00,19.0,4.778404235839844,9.0,8.375
2026-09-15 03:00:00+00:00,20.0,4.8892059326171875,9.0,9.5
2026-09-15 04:00:00+00:00,21.0,5.036860466003418,9.0,8.5
2026-09-15 05:00:00+00:00,22.0,5.238571643829346,9.0,6.166666507720947
2026-09-15 06:00:00+00:00,23.0,6.171771049499512,10.0,7.333333492279053
2026-09-15 07:00:00+00:00,24.0,6.505013942718506,10.0,9.25
2026-09-14 09:00:00+00:00,1.0,3.3025901317596436,5.0,8.600000381469727
2026-09-14 10:00:00+00:00,2.0,5.966446876525879,8.0,11.0
2026-09-14 11:00:00+00:00,3.0,5.631696701049805,7.0,10.5
2026-09-14 12:00:00+00:00,4.0,6.280416965484619,8.0,12.0
2026-09-14 13:00:00+00:00,5.0,6.168452739715576,8.0,11.800000190734863
2026-09-14 14:00:00+00:00,6.0,6.951282024383545,9.0,10.571428298950195
2026-09-14 15:00:00+00:00,7.0,6.036227703094482,8.0,9.714285850524902
2026-09-14 16:00:00+00:00,8.0,6.428654670715332,9.0,8.666666984558105
2026-09-14 17:00:00+00:00,9.0,6.015597820281982,9.0,8.142857551574707
2026-09-14 18:00:00+00:00,10.0,6.450123310089111,10.0,7.44444465637207
2026-09-14 19:00:00+00:00,11.0,5.431325435638428,9.0,5.75
2026-09-14 20:00:00+00:00,12.0,4.4918694496154785,8.0,7.599999904632568
2026-09-14 21:00:00+00:00,13.0,4.963123321533203,9.0,7.666666507720947
2026-09-14 22:00:00+00:00,14.0,3.677639961242676,7.0,7.666666507720947
2026-09-14 23:00:00+00:00,15.0,3.984450340270996,8.0,6.833333492279053
2026-09-15 00:00:00+00:00,16.0,5.263920783996582,10.0,7.0
2026-09-15 01:00:00+00:00,17.0,5.376375675201416,10.0,7.833333492279053
2026-09-15 02:00:00+00:00,18.0,4.813323020935059,9.0,8.375
2026-09-15 03:00:00+00:00,19.0,4.929678916931152,9.0,9.5
2026-09-15 04:00:00+00:00,20.0,4.445132255554199,8.0,8.5
2026-09-15 05:00:00+00:00,21.0,4.545349597930908,8.0,6.166666507720947
2026-09-15 06:00:00+00:00,22.0,4.807079315185547,8.0,7.333333492279053
2026-09-15 07:00:00+00:00,23.0,3.8889501094818115,6.0,9.25
2026-09-15 08:00:00+00:00,24.0,5.372485160827637,8.0,10.428571701049805
2026-09-14 10:00:00+00:00,1.0,6.158710956573486,8.0,11.0
2026-09-14 11:00:00+00:00,2.0,7.137537002563477,9.0,10.5
2026-09-14 12:00:00+00:00,3.0,6.3715500831604,8.0,12.0
2026-09-14 13:00:00+00:00,4.0,5.7085652351379395,7.0,11.800000190734863
2026-09-14 14:00:00+00:00,5.0,7.001486301422119,9.0,10.571428298950195
2026-09-14 15:00:00+00:00,6.0,6.11456823348999,8.0,9.714285850524902
2026-09-14 16:00:00+00:00,7.0,5.649205207824707,8.0,8.666666984558105
2026-09-14 17:00:00+00:00,8.0,5.193832874298096,8.0,8.142857551574707
2026-09-14 18:00:00+00:00,9.0,4.992629528045654,8.0,7.44444465637207
2026-09-14 19:00:00+00:00,10.0,4.6177544593811035,8.0,5.75
2026-09-14 20:00:00+00:00,11.0,3.828705310821533,7.0,7.599999904632568
2026-09-14 21:00:00+00:00,12.0,3.569387197494507,7.0,7.666666507720947
2026-09-14 22:00:00+00:00,13.0,3.4783105850219727,7.0,7.666666507720947
2026-09-14 23:00:00+00:00,14.0,3.3981547355651855,7.0,6.833333492279053
2026-09-15 00:00:00+00:00,15.0,3.973179817199707,8.0,7.0
2026-09-15 01:00:00+00:00,16.0,4.690151691436768,9.0,7.833333492279053
2026-09-15 02:00:00+00:00,17.0,4.8472161293029785,9.0,8.375
2026-09-15 03:00:00+00:00,18.0,5.609764575958252,10.0,9.5
2026-09-15 04:00:00+00:00,19.0,5.229056358337402,9.0,8.5
2026-09-15 05:00:00+00:00,20.0,5.378114700317383,9.0,6.166666507720947
2026-09-15 06:00:00+00:00,21.0,7.0014190673828125,11.0,7.333333492279053
2026-09-15 07:00:00+00:00,22.0,6.1517791748046875,9.0,9.25
2026-09-15 08:00:00+00:00,23.0,6.180407524108887,9.0,10.428571701049805
2026-09-15 09:00:00+00:00,24.0,6.561920642852783,9.0,10.833333015441895
2026-09-14 11:00:00+00:00,2.0,7.433506488800049,9.0,10.5
2026-09-14 12:00:00+00:00,3.0,6.594108581542969,8.0,12.0
2026-09-14 13:00:00+00:00,4.0,5.907317638397217,7.0,11.800000190734863
2026-09-14 14:00:00+00:00,5.0,7.235653400421143,9.0,10.571428298950195
2026-09-14 15:00:00+00:00,6.0,6.340331554412842,8.0,9.714285850524902
2026-09-14 16:00:00+00:00,7.0,5.8385396003723145,8.0,8.666666984558105
2026-09-14 17:00:00+00:00,8.0,5.371129512786865,8.0,8.142857551574707
2026-09-14 18:00:00+00:00,9.0,5.16840124130249,8.0,7.44444465637207
2026-09-14 19:00:00+00:00,10.0,4.789636611938477,8.0,5.75
2026-09-14 20:00:00+00:00,11.0,3.975522518157959,7.0,7.599999904632568
2026-09-14 21:00:00+00:00,12.0,3.6845622062683105,7.0,7.666666507720947
2026-09-14 22:00:00+00:00,13.0,3.59260892868042,7.0,7.666666507720947
2026-09-14 23:00:00+00:00,14.0,3.514557361602783,7.0,6.833333492279053
2026-09-15 00:00:00+00:00,15.0,4.102238655090332,8.0,7.0
2026-09-15 01:00:00+00:00,16.0,4.832005977630615,9.0,7.833333492279053
2026-09-15 02:00:00+00:00,17.0,4.998054504394531,9.0,8.375
2026-09-15 03:00:00+00:00,18.0,5.803025722503662,10.0,9.5
2026-09-15 04:00:00+00:00,19.0,5.445313930511475,9.0,8.5
2026-09-15 05:00:00+00:00,20.0,5.604022979736328,9.0,6.166666507720947
2026-09-15 06:00:00+00:00,21.0,7.279516696929932,11.0,7.333333492279053
2026-09-15 07:00:00+00:00,22.0,6.391490936279297,9.0,9.25
2026-09-15 08:00:00+00:00,23.0,6.422636032104492,9.0,10.428571701049805
2026-09-15 09:00:00+00:00,24.0,6.860443115234375,9.0,10.833333015441895
2026-09-15 10:00:00+00:00,25.0,7.17149543762207,9.0,12.666666984558105
2026-09-14 12:00:00+00:00,3.0,6.8113508224487305,8.0,12.0
2026-09-14 13:00:00+00:00,4.0,6.085867404937744,7.0,11.800000190734863
2026-09-14 14:00:00+00:00,5.0,7.449282169342041,9.0,10.571428298950195
2026-09-14 15:00:00+00:00,6.0,6.555274486541748,8.0,9.714285850524902
2026-09-14 16:00:00+00:00,7.0,6.0299811363220215,8.0,8.666666984558105
2026-09-14 17:00:00+00:00,8.0,5.531296730041504,8.0,8.142857551574707
2026-09-14 18:00:00+00:00,9.0,5.334522247314453,8.0,7.44444465637207
2026-09-14 19:00:00+00:00,10.0,4.965961933135986,8.0,5.75
2026-09-14 20:00:00+00:00,11.0,4.12928581237793,7.0,7.599999904632568
2026-09-14 21:00:00+00:00,12.0,3.81925892829895,7.0,7.666666507720947
2026-09-14 22:00:00+00:00,13.0,3.713047981262207,7.0,7.666666507720947
2026-09-14 23:00:00+00:00,14.0,3.62611722946167,7.0,6.833333492279053
2026-09-15 00:00:00+00:00,15.0,4.231488227844238,8.0,7.0
2026-09-15 01:00:00+00:00,16.0,4.9825758934021,9.0,7.833333492279053
2026-09-15 02:00:00+00:00,17.0,5.166480541229248,9.0,8.375
2026-09-15 03:00:00+00:00,18.0,6.019898414611816,10.0,9.5
2026-09-15 04:00:00+00:00,19.0,5.64625358581543,9.0,8.5
2026-09-15 05:00:00+00:00,20.0,5.815985679626465,9.0,6.166666507720947
2026-09-15 06:00:00+00:00,21.0,7.554559707641602,11.0,7.333333492279053
2026-09-15 07:00:00+00:00,22.0,6.62679386138916,9.0,9.25
2026-09-15 08:00:00+00:00,23.0,6.691318035125732,9.0,10.428571701049805
2026-09-15 09:00:00+00:00,24.0,7.144583225250244,9.0,10.833333015441895
2026-09-15 10:00:00+00:00,25.0,7.44890022277832,9.0,12.666666984558105
2026-09-15 11:00:00+00:00,26.0,6.902403831481934,8.0,10.25
2026-09-14 13:00:00+00:00,4.0,6.222262859344482,7.0,11.800000190734863
2026-09-14 14:00:00+00:00,5.0,7.583004474639893,9.0,10.571428298950195
2026-09-14 15:00:00+00:00,6.0,6.702064037322998,8.0,9.714285850524902
2026-09-14 16:00:00+00:00,7.0,6.179145812988281,8.0,8.666666984558105
2026-09-14 17:00:00+00:00,8.0,5.639450550079346,8.0,8.142857551574707
2026-09-14 18:00:00+00:00,9.0,5.462859153747559,8.0,7.44444465637207
2026-09-14 19:00:00+00:00,10.0,5.110556602478027,8.0,5.75
2026-09-14 20:00:00+00:00,11.0,4.255675792694092,7.0,7.599999904632568
2026-09-14 21:00:00+00:00,12.0,3.9413766860961914,7.0,7.666666507720947
2026-09-14 22:00:00+00:00,13.0,3.8254127502441406,7.0,7.666666507720947
2026-09-14 23:00:00+00:00,14.0,3.731776475906372,7.0,6.833333492279053
2026-09-15 00:00:00+00:00,15.0,4.337334632873535,8.0,7.0
2026-09-15 01:00:00+00:00,16.0,5.113768577575684,9.0,7.833333492279053
2026-09-15 02:00:00+00:00,17.0,5.321642875671387,9.0,8.375
2026-09-15 03:00:00+00:00,18.0,6.197323799133301,10.0,9.5
2026-09-15 04:00:00+00:00,19.0,5.812248229980469,9.0,8.5
2026-09-15 05:00:00+00:00,20.0,5.986825466156006,9.0,6.166666507720947
2026-09-15 06:00:00+00:00,21.0,7.773558616638184,11.0,7.333333492279053
2026-09-15 07:00:00+00:00,22.0,6.836003303527832,9.0,9.25
2026-09-15 08:00:00+00:00,23.0,6.897304058074951,9.0,10.428571701049805
2026-09-15 09:00:00+00:00,24.0,7.334055423736572,9.0,10.833333015441895
2026-09-15 10:00:00+00:00,25.0,7.646981716156006,9.0,12.666666984558105
2026-09-15 11:00:00+00:00,26.0,7.090760707855225,8.0,10.25
2026-09-15 12:00:00+00:00,27.0,7.015008926391602,8.0,11.0
2026-09-14 14:00:00+00:00,5.0,7.672184944152832,9.0,10.571428298950195
2026-09-14 15:00:00+00:00,6.0,6.7878737449646,8.0,9.714285850524902
2026-09-14 16:00:00+00:00,7.0,6.278308868408203,8.0,8.666666984558105
2026-09-14 17:00:00+00:00,8.0,5.718386650085449,8.0,8.142857551574707
2026-09-14 18:00:00+00:00,9.0,5.549314022064209,8.0,7.44444465637207
2026-09-14 19:00:00+00:00,10.0,5.213098049163818,8.0,5.75
2026-09-14 20:00:00+00:00,11.0,4.347153663635254,7.0,7.599999904632568
2026-09-14 21:00:00+00:00,12.0,4.029171943664551,7.0,7.666666507720947
2026-09-14 22:00:00+00:00,13.0,3.9132239818573,7.0,7.666666507720947
2026-09-14 23:00:00+00:00,14.0,3.8099756240844727,7.0,6.833333492279053
2026-09-15 00:00:00+00:00,15.0,4.423941135406494,8.0,7.0
2026-09-15 01:00:00+00:00,16.0,5.216940402984619,9.0,7.833333492279053
2026-09-15 02:00:00+00:00,17.0,5.432315349578857,9.0,8.375
2026-09-15 03:00:00+00:00,18.0,6.318553924560547,10.0,9.5
2026-09-15 04:00:00+00:00,19.0,5.9255571365356445,9.0,8.5
2026-09-15 05:00:00+00:00,20.0,6.11800479888916,9.0,6.166666507720947
2026-09-15 06:00:00+00:00,21.0,7.927105903625488,11.0,7.333333492279053
2026-09-15 07:00:00+00:00,22.0,6.999506950378418,9.0,9.25
2026-09-15 08:00:00+00:00,23.0,7.055243492126465,9.0,10.428571701049805
2026-09-15 09:00:00+00:00,24.0,7.455759048461914,9.0,10.833333015441895
2026-09-15 10:00:00+00:00,25.0,7.792309284210205,9.0,12.666666984558105
2026-09-15 11:00:00+00:00,26.0,7.224002361297607,8.0,10.25
2026-09-15 12:00:00+00:00,27.0,7.147601127624512,8.0,11.0
2026-09-15 13:00:00+00:00,28.0,7.134343147277832,8.0,12.0
2026-09-14 15:00:00+00:00,6.0,6.874426364898682,8.0,9.714285850524902
2026-09-14 16:00:00+00:00,7.0,6.378920078277588,8.0,8.666666984558105
2026-09-14 17:00:00+00:00,8.0,5.805421352386475,8.0,8.142857551574707
2026-09-14 18:00:00+00:00,9.0,5.640100002288818,8.0,7.44444465637207
2026-09-14 19:00:00+00:00,10.0,5.315314292907715,8.0,5.75
2026-09-14 20:00:00+00:00,11.0,4.437558174133301,7.0,7.599999904632568
2026-09-14 21:00:00+00:00,12.0,4.117630958557129,7.0,7.666666507720947
2026-09-14 22:00:00+00:00,13.0,4.002144813537598,7.0,7.666666507720947
2026-09-14 23:00:00+00:00,14.0,3.8920819759368896,7.0,6.833333492279053
2026-09-15 00:00:00+00:00,15.0,4.522424697875977,8.0,7.0
2026-09-15 01:00:00+00:00,16.0,5.333261966705322,9.0,7.833333492279053
2026-09-15 02:00:00+00:00,17.0,5.553380966186523,9.0,8.375
2026-09-15 03:00:00+00:00,18.0,6.437790393829346,10.0,9.5
2026-09-15 04:00:00+00:00,19.0,6.049404621124268,9.0,8.5
2026-09-15 05:00:00+00:00,20.0,6.2524638175964355,9.0,6.166666507720947
2026-09-15 06:00:00+00:00,21.0,8.068188667297363,11.0,7.333333492279053
2026-09-15 07:00:00+00:00,22.0,7.158655166625977,9.0,9.25
2026-09-15 08:00:00+00:00,23.0,7.210673809051514,9.0,10.428571701049805
2026-09-15 09:00:00+00:00,24.0,7.572512149810791,9.0,10.833333015441895
2026-09-15 10:00:00+00:00,25.0,7.913222789764404,9.0,12.666666984558105
2026-09-15 11:00:00+00:00,26.0,7.339744567871094,8.0,10.25
2026-09-15 12:00:00+00:00,27.0,7.262767314910889,8.0,11.0
2026-09-15 13:00:00+00:00,28.0,7.242279529571533,8.0,12.0
2026-09-15 14:00:00+00:00,29.0,9.894624710083008,12.0,11.5
2026-09-14 16:00:00+00:00,1.0,7.165981292724609,9.0,8.666666984558105
2026-09-14 17:00:00+00:00,2.0,6.7931742668151855,9.0,8.142857551574707
2026-09-14 18:00:00+00:00,3.0,7.500250816345215,10.0,7.44444465637207
2026-09-14 19:00:00+00:00,4.0,6.337812423706055,9.0,5.75
2026-09-14 20:00:00+00:00,5.0,5.285104274749756,8.0,7.599999904632568
2026-09-14 21:00:00+00:00,6.0,4.930270671844482,8.0,7.666666507720947
2026-09-14 22:00:00+00:00,7.0,5.530436992645264,9.0,7.666666507720947
2026-09-14 23:00:00+00:00,8.0,5.432290077209473,9.0,6.833333492279053
2026-09-15 00:00:00+00:00,9.0,5.39499044418335,9.0,7.0
2026-09-15 01:00:00+00:00,10.0,6.053615093231201,10.0,7.833333492279053
2026-09-15 02:00:00+00:00,11.0,5.5737128257751465,9.0,8.375
2026-09-15 03:00:00+00:00,12.0,4.498526573181152,7.0,9.5
2026-09-15 04:00:00+00:00,13.0,5.029281139373779,8.0,8.5
2026-09-15 05:00:00+00:00,14.0,5.359949588775635,8.0,6.166666507720947
2026-09-15 06:00:00+00:00,15.0,5.843958854675293,8.0,7.333333492279053
2026-09-15 07:00:00+00:00,16.0,5.392822265625,7.0,9.25
2026-09-15 08:00:00+00:00,17.0,7.331601142883301,9.0,10.428571701049805
2026-09-15 09:00:00+00:00,18.0,9.356892585754395,11.0,10.833333015441895
2026-09-15 10:00:00+00:00,19.0,8.868927001953125,10.0,12.666666984558105
2026-09-15 11:00:00+00:00,20.0,7.4992265701293945,8.0,10.25
2026-09-15 12:00:00+00:00,21.0,8.172384262084961,9.0,11.0
2026-09-15 13:00:00+00:00,22.0,7.348331928253174,8.0,12.0
2026-09-15 14:00:00+00:00,23.0,9.460411071777344,11.0,11.5
2026-09-15 15:00:00+00:00,24.0,9.928050994873047,12.0,10.857142448425293
2026-09-14 17:00:00+00:00,2.0,6.821483612060547,9.0,8.142857551574707
2026-09-14 18:00:00+00:00,3.0,7.533775806427002,10.0,7.44444465637207
2026-09-14 19:00:00+00:00,4.0,6.385000228881836,9.0,5.75
2026-09-14 20:00:00+00:00,5.0,5.33286190032959,8.0,7.599999904632568
2026-09-14 21:00:00+00:00,6.0,4.975309371948242,8.0,7.666666507720947
2026-09-14 22:00:00+00:00,7.0,5.582040786743164,9.0,7.666666507720947
2026-09-14 23:00:00+00:00,8.0,5.484696865081787,9.0,6.833333492279053
2026-09-15 00:00:00+00:00,9.0,5.453546047210693,9.0,7.0
2026-09-15 01:00:00+00:00,10.0,6.109971046447754,10.0,7.833333492279053
2026-09-15 02:00:00+00:00,11.0,5.631884574890137,9.0,8.375
2026-09-15 03:00:00+00:00,12.0,4.551880359649658,7.0,9.5
2026-09-15 04:00:00+00:00,13.0,5.084790229797363,8.0,8.5
2026-09-15 05:00:00+00:00,14.0,5.4188995361328125,8.0,6.166666507720947
2026-09-15 06:00:00+00:00,15.0,5.909148216247559,8.0,7.333333492279053
2026-09-15 07:00:00+00:00,16.0,5.456515789031982,7.0,9.25
2026-09-15 08:00:00+00:00,17.0,7.4044904708862305,9.0,10.428571701049805
2026-09-15 09:00:00+00:00,18.0,9.399042129516602,11.0,10.833333015441895
2026-09-15 10:00:00+00:00,19.0,8.912939071655273,10.0,12.666666984558105
2026-09-15 11:00:00+00:00,20.0,7.538862228393555,8.0,10.25
2026-09-15 12:00:00+00:00,21.0,8.220666885375977,9.0,11.0
2026-09-15 13:00:00+00:00,22.0,7.392825126647949,8.0,12.0
2026-09-15 14:00:00+00:00,23.0,9.485159873962402,11.0,11.5
2026-09-15 15:00:00+00:00,24.0,9.947266578674316,12.0,10.857142448425293
2026-09-15 16:00:00+00:00,25.0,9.266167640686035,12.0,9.399999618530273
2026-09-14 18:00:00+00:00,3.0,7.562584400177002,10.0,7.44444465637207
2026-09-14 19:00:00+00:00,4.0,6.432514667510986,9.0,5.75
2026-09-14 20:00:00+00:00,5.0,5.391048431396484,8.0,7.599999904632568
2026-09-14 21:00:00+00:00,6.0,5.029469966888428,8.0,7.666666507720947
2026-09-14 22:00:00+00:00,7.0,5.649962425231934,9.0,7.666666507720947
2026-09-14 23:00:00+00:00,8.0,5.551823616027832,9.0,6.833333492279053
2026-09-15 00:00:00+00:00,9.0,5.526556491851807,9.0,7.0
2026-09-15 01:00:00+00:00,10.0,6.181774616241455,10.0,7.833333492279053
2026-09-15 02:00:00+00:00,11.0,5.711859703063965,9.0,8.375
2026-09-15 03:00:00+00:00,12.0,4.621069431304932,7.0,9.5
2026-09-15 04:00:00+00:00,13.0,5.159565448760986,8.0,8.5
2026-09-15 05:00:00+00:00,14.0,5.493382930755615,8.0,6.166666507720947
2026-09-15 06:00:00+00:00,15.0,5.994925022125244,8.0,7.333333492279053
2026-09-15 07:00:00+00:00,16.0,5.545379161834717,7.0,9.25
2026-09-15 08:00:00+00:00,17.0,7.50002384185791,9.0,10.428571701049805
2026-09-15 09:00:00+00:00,18.0,9.441046714782715,11.0,10.833333015441895
2026-09-15 10:00:00+00:00,19.0,8.959218978881836,10.0,12.666666984558105
2026-09-15 11:00:00+00:00,20.0,7.581518173217773,8.0,10.25
2026-09-15 12:00:00+00:00,21.0,8.274067878723145,9.0,11.0
2026-09-15 13:00:00+00:00,22.0,7.4377312660217285,8.0,12.0
2026-09-15 14:00:00+00:00,23.0,9.489007949829102,11.0,11.5
2026-09-15 15:00:00+00:00,24.0,9.937629699707031,12.0,10.857142448425293
2026-09-15 16:00:00+00:00,25.0,9.269647598266602,12.0,9.399999618530273
2026-09-15 17:00:00+00:00,26.0,8.845136642456055,12.0,7.5
2026-09-14 19:00:00+00:00,4.0,6.485851764678955,9.0,5.75
2026-09-14 20:00:00+00:00,5.0,5.44853401184082,8.0,7.599999904632568
2026-09-14 21:00:00+00:00,6.0,5.085345268249512,8.0,7.666666507720947
2026-09-14 22:00:00+00:00,7.0,5.723008632659912,9.0,7.666666507720947
2026-09-14 23:00:00+00:00,8.0,5.622289657592773,9.0,6.833333492279053
2026-09-15 00:00:00+00:00,9.0,5.597722053527832,9.0,7.0
2026-09-15 01:00:00+00:00,10.0,6.264803409576416,10.0,7.833333492279053
2026-09-15 02:00:00+00:00,11.0,5.787348747253418,9.0,8.375
2026-09-15 03:00:00+00:00,12.0,4.684144020080566,7.0,9.5
2026-09-15 04:00:00+00:00,13.0,5.232199192047119,8.0,8.5
2026-09-15 05:00:00+00:00,14.0,5.559056282043457,8.0,6.166666507720947
2026-09-15 06:00:00+00:00,15.0,6.070170879364014,8.0,7.333333492279053
2026-09-15 07:00:00+00:00,16.0,5.621294975280762,7.0,9.25
2026-09-15 08:00:00+00:00,17.0,7.595582962036133,9.0,10.428571701049805
2026-09-15 09:00:00+00:00,18.0,9.529899597167969,11.0,10.833333015441895
2026-09-15 10:00:00+00:00,19.0,9.033879280090332,10.0,12.666666984558105
2026-09-15 11:00:00+00:00,20.0,7.636336326599121,8.0,10.25
2026-09-15 12:00:00+00:00,21.0,8.353410720825195,9.0,11.0
2026-09-15 13:00:00+00:00,22.0,7.499800682067871,8.0,12.0
2026-09-15 14:00:00+00:00,23.0,9.536638259887695,11.0,11.5
2026-09-15 15:00:00+00:00,24.0,9.968780517578125,12.0,10.857142448425293
2026-09-15 16:00:00+00:00,25.0,9.301995277404785,12.0,9.399999618530273
2026-09-15 17:00:00+00:00,26.0,8.884063720703125,12.0,7.5
2026-09-15 18:00:00+00:00,27.0,8.31648063659668,13.0,8.399999618530273
2026-09-14 20:00:00+00:00,5.0,5.4555511474609375,8.0,7.599999904632568
2026-09-14 21:00:00+00:00,6.0,5.095802307128906,8.0,7.666666507720947
2026-09-14 22:00:00+00:00,7.0,5.741347312927246,9.0,7.666666507720947
2026-09-14 23:00:00+00:00,8.0,5.640534400939941,9.0,6.833333492279053
2026-09-15 00:00:00+00:00,9.0,5.617459774017334,9.0,7.0
2026-09-15 01:00:00+00:00,10.0,6.284248352050781,10.0,7.833333492279053
2026-09-15 02:00:00+00:00,11.0,5.811423301696777,9.0,8.375
2026-09-15 03:00:00+00:00,12.0,4.703629970550537,7.0,9.5
2026-09-15 04:00:00+00:00,13.0,5.253847122192383,8.0,8.5
2026-09-15 05:00:00+00:00,14.0,5.580320835113525,8.0,6.166666507720947
2026-09-15 06:00:00+00:00,15.0,6.0932135581970215,8.0,7.333333492279053
2026-09-15 07:00:00+00:00,16.0,5.6445631980896,7.0,9.25
2026-09-15 08:00:00+00:00,17.0,7.629270076751709,9.0,10.428571701049805
2026-09-15 09:00:00+00:00,18.0,9.547776222229004,11.0,10.833333015441895
2026-09-15 10:00:00+00:00,19.0,9.047572135925293,10.0,12.666666984558105
2026-09-15 11:00:00+00:00,20.0,7.649219036102295,8.0,10.25
2026-09-15 12:00:00+00:00,21.0,8.38005542755127,9.0,11.0
2026-09-15 13:00:00+00:00,22.0,7.518928527832031,8.0,12.0
2026-09-15 14:00:00+00:00,23.0,9.528087615966797,11.0,11.5
2026-09-15 15:00:00+00:00,24.0,9.951772689819336,12.0,10.857142448425293
2026-09-15 16:00:00+00:00,25.0,9.267793655395508,12.0,9.399999618530273
2026-09-15 17:00:00+00:00,26.0,8.865583419799805,12.0,7.5
2026-09-15 18:00:00+00:00,27.0,8.310096740722656,13.0,8.399999618530273
2026-09-15 19:00:00+00:00,28.0,5.894769668579102,10.0,4.375
2026-09-14 21:00:00+00:00,6.0,5.050384521484375,8.0,7.666666507720947
2026-09-14 22:00:00+00:00,7.0,5.693661689758301,9.0,7.666666507720947
2026-09-14 23:00:00+00:00,8.0,5.594028472900391,9.0,6.833333492279053
2026-09-15 00:00:00+00:00,9.0,5.570969104766846,9.0,7.0
2026-09-15 01:00:00+00:00,10.0,6.232892036437988,10.0,7.833333492279053
2026-09-15 02:00:00+00:00,11.0,5.759041786193848,9.0,8.375
2026-09-15 03:00:00+00:00,12.0,4.66818380355835,7.0,9.5
2026-09-15 04:00:00+00:00,13.0,5.211297512054443,8.0,8.5
2026-09-15 05:00:00+00:00,14.0,5.5385565757751465,8.0,6.166666507720947
2026-09-15 06:00:00+00:00,15.0,6.041536331176758,8.0,7.333333492279053
2026-09-15 07:00:00+00:00,16.0,5.592094421386719,7.0,9.25
2026-09-15 08:00:00+00:00,17.0,7.590435028076172,9.0,10.428571701049805
2026-09-15 09:00:00+00:00,18.0,9.5174560546875,11.0,10.833333015441895
2026-09-15 10:00:00+00:00,19.0,9.013137817382812,10.0,12.666666984558105
2026-09-15 11:00:00+00:00,20.0,7.618943214416504,8.0,10.25
2026-09-15 12:00:00+00:00,21.0,8.352472305297852,9.0,11.0
2026-09-15 13:00:00+00:00,22.0,7.489843368530273,8.0,12.0
2026-09-15 14:00:00+00:00,23.0,9.50460433959961,11.0,11.5
2026-09-15 15:00:00+00:00,24.0,9.934430122375488,12.0,10.857142448425293
2026-09-15 16:00:00+00:00,25.0,9.22923469543457,12.0,9.399999618530273
2026-09-15 17:00:00+00:00,26.0,8.821578979492188,12.0,7.5
2026-09-15 18:00:00+00:00,27.0,8.274964332580566,13.0,8.399999618530273
2026-09-15 19:00:00+00:00,28.0,5.8736796379089355,10.0,4.375
2026-09-15 20:00:00+00:00,29.0,4.9723358154296875,9.0,1.8571428060531616
2026-09-14 22:00:00+00:00,7.0,5.645249843597412,9.0,7.666666507720947
2026-09-14 23:00:00+00:00,8.0,5.549020290374756,9.0,6.833333492279053
2026-09-15 00:00:00+00:00,9.0,5.527746200561523,9.0,7.0
2026-09-15 01:00:00+00:00,10.0,6.186792373657227,10.0,7.833333492279053
2026-09-15 02:00:00+00:00,11.0,5.711347579956055,9.0,8.375
2026-09-15 03:00:00+00:00,12.0,4.6334357261657715,7.0,9.5
2026-09-15 04:00:00+00:00,13.0,5.173061847686768,8.0,8.5
2026-09-15 05:00:00+00:00,14.0,5.495955944061279,8.0,6.166666507720947
2026-09-15 06:00:00+00:00,15.0,5.991339206695557,8.0,7.333333492279053
2026-09-15 07:00:00+00:00,16.0,5.544640064239502,7.0,9.25
2026-09-15 08:00:00+00:00,17.0,7.540408134460449,9.0,10.428571701049805
2026-09-15 09:00:00+00:00,18.0,9.477042198181152,11.0,10.833333015441895
2026-09-15 10:00:00+00:00,19.0,8.961934089660645,10.0,12.666666984558105
2026-09-15 11:00:00+00:00,20.0,7.581040859222412,8.0,10.25
2026-09-15 12:00:00+00:00,21.0,8.31193733215332,9.0,11.0
2026-09-15 13:00:00+00:00,22.0,7.454659938812256,8.0,12.0
2026-09-15 14:00:00+00:00,23.0,9.46199893951416,11.0,11.5
2026-09-15 15:00:00+00:00,24.0,9.896082878112793,12.0,10.857142448425293
2026-09-15 16:00:00+00:00,25.0,9.170226097106934,12.0,9.399999618530273
2026-09-15 17:00:00+00:00,26.0,8.773941040039062,12.0,7.5
2026-09-15 18:00:00+00:00,27.0,8.236394882202148,13.0,8.399999618530273
2026-09-15 19:00:00+00:00,28.0,5.853080749511719,10.0,4.375
2026-09-15 20:00:00+00:00,29.0,4.959965705871582,9.0,1.8571428060531616
2026-09-15 21:00:00+00:00,30.0,5.362658500671387,10.0,1.1428571939468384
2026-09-14 23:00:00+00:00,8.0,5.578481674194336,9.0,6.833333492279053
2026-09-15 00:00:00+00:00,9.0,5.559822082519531,9.0,7.0
2026-09-15 01:00:00+00:00,10.0,6.221421718597412,10.0,7.833333492279053
2026-09-15 02:00:00+00:00,11.0,5.745917797088623,9.0,8.375
2026-09-15 03:00:00+00:00,12.0,4.662142276763916,7.0,9.5
2026-09-15 04:00:00+00:00,13.0,5.212395191192627,8.0,8.5
2026-09-15 05:00:00+00:00,14.0,5.524513244628906,8.0,6.166666507720947
2026-09-15 06:00:00+00:00,15.0,6.0237884521484375,8.0,7.333333492279053
2026-09-15 07:00:00+00:00,16.0,5.583804607391357,7.0,9.25
2026-09-15 08:00:00+00:00,17.0,7.5781097412109375,9.0,10.428571701049805
2026-09-15 09:00:00+00:00,18.0,9.505450248718262,11.0,10.833333015441895
2026-09-15 10:00:00+00:00,19.0,8.979171752929688,10.0,12.666666984558105
2026-09-15 11:00:00+00:00,20.0,7.589993476867676,8.0,10.25
2026-09-15 12:00:00+00:00,21.0,8.333442687988281,9.0,11.0
2026-09-15 13:00:00+00:00,22.0,7.470477104187012,8.0,12.0
2026-09-15 14:00:00+00:00,23.0,9.450759887695312,11.0,11.5
2026-09-15 15:00:00+00:00,24.0,9.872088432312012,12.0,10.857142448425293
2026-09-15 16:00:00+00:00,25.0,9.14712142944336,12.0,9.399999618530273
2026-09-15 17:00:00+00:00,26.0,8.76489543914795,12.0,7.5
2026-09-15 18:00:00+00:00,27.0,8.23410701751709,13.0,8.399999618530273
2026-09-15 19:00:00+00:00,28.0,5.859501838684082,10.0,4.375
2026-09-15 20:00:00+00:00,29.0,4.975952625274658,9.0,1.8571428060531616
2026-09-15 21:00:00+00:00,30.0,5.3828887939453125,10.0,1.1428571939468384
2026-09-15 22:00:00+00:00,31.0,4.81970739364624,9.0,2.0
2026-09-15 00:00:00+00:00,9.0,5.59946870803833,9.0,7.0
2026-09-15 01:00:00+00:00,10.0,6.264227867126465,10.0,7.833333492279053
2026-09-15 02:00:00+00:00,11.0,5.7869720458984375,9.0,8.375
2026-09-15 03:00:00+00:00,12.0,4.701467514038086,7.0,9.5
2026-09-15 04:00:00+00:00,13.0,5.258330345153809,8.0,8.5
2026-09-15 05:00:00+00:00,14.0,5.559822082519531,8.0,6.166666507720947
2026-09-15 06:00:00+00:00,15.0,6.065865993499756,8.0,7.333333492279053
2026-09-15 07:00:00+00:00,16.0,5.634279251098633,7.0,9.25
2026-09-15 08:00:00+00:00,17.0,7.616600513458252,9.0,10.428571701049805
2026-09-15 09:00:00+00:00,18.0,9.527843475341797,11.0,10.833333015441895
2026-09-15 10:00:00+00:00,19.0,8.99924087524414,10.0,12.666666984558105
2026-09-15 11:00:00+00:00,20.0,7.605312347412109,8.0,10.25
2026-09-15 12:00:00+00:00,21.0,8.358539581298828,9.0,11.0
2026-09-15 13:00:00+00:00,22.0,7.489363193511963,8.0,12.0
2026-09-15 14:00:00+00:00,23.0,9.417681694030762,11.0,11.5
2026-09-15 15:00:00+00:00,24.0,9.834701538085938,12.0,10.857142448425293
2026-09-15 16:00:00+00:00,25.0,9.113478660583496,12.0,9.399999618530273
2026-09-15 17:00:00+00:00,26.0,8.750459671020508,12.0,7.5
2026-09-15 18:00:00+00:00,27.0,8.232732772827148,13.0,8.399999618530273
2026-09-15 19:00:00+00:00,28.0,5.867247581481934,10.0,4.375
2026-09-15 20:00:00+00:00,29.0,4.990289211273193,9.0,1.8571428060531616
2026-09-15 21:00:00+00:00,30.0,5.402408123016357,10.0,1.1428571939468384
2026-09-15 22:00:00+00:00,31.0,4.840064525604248,9.0,2.0
2026-09-15 23:00:00+00:00,32.0,5.287987232208252,10.0,1.399999976158142
2026-09-15 01:00:00+00:00,10.0,6.291186809539795,10.0,7.833333492279053
2026-09-15 02:00:00+00:00,11.0,5.813148021697998,9.0,8.375
2026-09-15 03:00:00+00:00,12.0,4.727386951446533,7.0,9.5
2026-09-15 04:00:00+00:00,13.0,5.286126613616943,8.0,8.5
2026-09-15 05:00:00+00:00,14.0,5.576343059539795,8.0,6.166666507720947
2026-09-15 06:00:00+00:00,15.0,6.0863776206970215,8.0,7.333333492279053
2026-09-15 07:00:00+00:00,16.0,5.662015914916992,7.0,9.25
2026-09-15 08:00:00+00:00,17.0,7.639701843261719,9.0,10.428571701049805
2026-09-15 09:00:00+00:00,18.0,9.540916442871094,11.0,10.833333015441895
2026-09-15 10:00:00+00:00,19.0,9.024476051330566,10.0,12.666666984558105
2026-09-15 11:00:00+00:00,20.0,7.6195068359375,8.0,10.25
2026-09-15 12:00:00+00:00,21.0,8.372819900512695,9.0,11.0
2026-09-15 13:00:00+00:00,22.0,7.502767562866211,8.0,12.0
2026-09-15 14:00:00+00:00,23.0,9.402358055114746,11.0,11.5
2026-09-15 15:00:00+00:00,24.0,9.808439254760742,12.0,10.857142448425293
2026-09-15 16:00:00+00:00,25.0,9.09811019897461,12.0,9.399999618530273
2026-09-15 17:00:00+00:00,26.0,8.733579635620117,12.0,7.5
2026-09-15 18:00:00+00:00,27.0,8.23410701751709,13.0,8.399999618530273
2026-09-15 19:00:00+00:00,28.0,5.872888565063477,10.0,4.375
2026-09-15 20:00:00+00:00,29.0,4.999245643615723,9.0,1.8571428060531616
2026-09-15 21:00:00+00:00,30.0,5.414349555969238,10.0,1.1428571939468384
2026-09-15 22:00:00+00:00,31.0,4.852636337280273,9.0,2.0
2026-09-15 23:00:00+00:00,32.0,5.304290294647217,10.0,1.399999976158142
2026-09-16 00:00:00+00:00,33.0,5.384666442871094,10.0,0.8571428656578064
2026-09-15 02:00:00+00:00,11.0,5.835821151733398,9.0,8.375
2026-09-15 03:00:00+00:00,12.0,4.745766639709473,7.0,9.5
2026-09-15 04:00:00+00:00,13.0,5.307563781738281,8.0,8.5
2026-09-15 05:00:00+00:00,14.0,5.5888800621032715,8.0,6.166666507720947
2026-09-15 06:00:00+00:00,15.0,6.101539611816406,8.0,7.333333492279053
2026-09-15 07:00:00+00:00,16.0,5.684474468231201,7.0,9.25
2026-09-15 08:00:00+00:00,17.0,7.659165382385254,9.0,10.428571701049805
2026-09-15 09:00:00+00:00,18.0,9.57257080078125,11.0,10.833333015441895
2026-09-15 10:00:00+00:00,19.0,9.065313339233398,10.0,12.666666984558105
2026-09-15 11:00:00+00:00,20.0,7.637344837188721,8.0,10.25
2026-09-15 12:00:00+00:00,21.0,8.390047073364258,9.0,11.0
2026-09-15 13:00:00+00:00,22.0,7.517698764801025,8.0,12.0
2026-09-15 14:00:00+00:00,23.0,9.405462265014648,11.0,11.5
2026-09-15 15:00:00+00:00,24.0,9.800678253173828,12.0,10.857142448425293
2026-09-15 16:00:00+00:00,25.0,9.108128547668457,12.0,9.399999618530273
2026-09-15 17:00:00+00:00,26.0,8.738194465637207,12.0,7.5
2026-09-15 18:00:00+00:00,27.0,8.2535982131958,13.0,8.399999618530273
2026-09-15 19:00:00+00:00,28.0,5.8822736740112305,10.0,4.375
2026-09-15 20:00:00+00:00,29.0,5.0090718269348145,9.0,1.8571428060531616
2026-09-15 21:00:00+00:00,30.0,5.428784370422363,10.0,1.1428571939468384
2026-09-15 22:00:00+00:00,31.0,4.865681171417236,9.0,2.0
2026-09-15 23:00:00+00:00,32.0,5.318051815032959,10.0,1.399999976158142
2026-09-16 00:00:00+00:00,33.0,5.394387245178223,10.0,0.8571428656578064
2026-09-16 01:00:00+00:00,34.0,4.364370822906494,8.0,4.0
2026-09-15 03:00:00+00:00,12.0,4.749277591705322,7.0,9.5
2026-09-15 04:00:00+00:00,13.0,5.306888103485107,8.0,8.5
2026-09-15 05:00:00+00:00,14.0,5.586731433868408,8.0,6.166666507720947
2026-09-15 06:00:00+00:00,15.0,6.0974440574646,8.0,7.333333492279053
2026-09-15 07:00:00+00:00,16.0,5.6891279220581055,7.0,9.25
2026-09-15 08:00:00+00:00,17.0,7.655190944671631,9.0,10.428571701049805
2026-09-15 09:00:00+00:00,18.0,9.577668190002441,11.0,10.833333015441895
2026-09-15 10:00:00+00:00,19.0,9.065752029418945,10.0,12.666666984558105
2026-09-15 11:00:00+00:00,20.0,7.642407417297363,8.0,10.25
2026-09-15 12:00:00+00:00,21.0,8.389394760131836,9.0,11.0
2026-09-15 13:00:00+00:00,22.0,7.522008419036865,8.0,12.0
2026-09-15 14:00:00+00:00,23.0,9.390039443969727,11.0,11.5
2026-09-15 15:00:00+00:00,24.0,9.784106254577637,12.0,10.857142448425293
2026-09-15 16:00:00+00:00,25.0,9.088726043701172,12.0,9.399999618530273
2026-09-15 17:00:00+00:00,26.0,8.712550163269043,12.0,7.5
2026-09-15 18:00:00+00:00,27.0,8.24280834197998,13.0,8.399999618530273
2026-09-15 19:00:00+00:00,28.0,5.8774309158325195,10.0,4.375
2026-09-15 20:00:00+00:00,29.0,5.008938312530518,9.0,1.8571428060531616
2026-09-15 21:00:00+00:00,30.0,5.42899751663208,10.0,1.1428571939468384
2026-09-15 22:00:00+00:00,31.0,4.866785526275635,9.0,2.0
2026-09-15 23:00:00+00:00,32.0,5.31952428817749,10.0,1.399999976158142
2026-09-16 00:00:00+00:00,33.0,5.397252082824707,10.0,0.8571428656578064
2026-09-16 01:00:00+00:00,34.0,4.366581439971924,8.0,4.0
2026-09-16 02:00:00+00:00,35.0,5.490421772003174,10.0,4.875
2026-09-15 04:00:00+00:00,13.0,5.2587056159973145,8.0,8.5
2026-09-15 05:00:00+00:00,14.0,5.536405086517334,8.0,6.166666507720947
2026-09-15 06:00:00+00:00,15.0,6.035325050354004,8.0,7.333333492279053
2026-09-15 07:00:00+00:00,16.0,5.635820388793945,7.0,9.25
2026-09-15 08:00:00+00:00,17.0,7.590930461883545,9.0,10.428571701049805
2026-09-15 09:00:00+00:00,18.0,9.527559280395508,11.0,10.833333015441895
2026-09-15 10:00:00+00:00,19.0,9.006375312805176,10.0,12.666666984558105
2026-09-15 11:00:00+00:00,20.0,7.617127418518066,8.0,10.25
2026-09-15 12:00:00+00:00,21.0,8.355525970458984,9.0,11.0
2026-09-15 13:00:00+00:00,22.0,7.496064186096191,8.0,12.0
2026-09-15 14:00:00+00:00,23.0,9.367227554321289,11.0,11.5
2026-09-15 15:00:00+00:00,24.0,9.763555526733398,12.0,10.857142448425293
2026-09-15 16:00:00+00:00,25.0,9.050008773803711,12.0,9.399999618530273
2026-09-15 17:00:00+00:00,26.0,8.674957275390625,12.0,7.5
2026-09-15 18:00:00+00:00,27.0,8.20971393585205,13.0,8.399999618530273
2026-09-15 19:00:00+00:00,28.0,5.8582048416137695,10.0,4.375
2026-09-15 20:00:00+00:00,29.0,4.9855732917785645,9.0,1.8571428060531616
2026-09-15 21:00:00+00:00,30.0,5.402508735656738,10.0,1.1428571939468384
2026-09-15 22:00:00+00:00,31.0,4.8445258140563965,9.0,2.0
2026-09-15 23:00:00+00:00,32.0,5.298276424407959,10.0,1.399999976158142
2026-09-16 00:00:00+00:00,33.0,5.380128860473633,10.0,0.8571428656578064
2026-09-16 01:00:00+00:00,34.0,4.347157001495361,8.0,4.0
2026-09-16 02:00:00+00:00,35.0,5.474240779876709,10.0,4.875
2026-09-16 03:00:00+00:00,36.0,5.589378356933594,10.0,5.857142925262451
2026-09-15 05:00:00+00:00,14.0,5.455044746398926,8.0,6.166666507720947
2026-09-15 06:00:00+00:00,15.0,5.935835361480713,8.0,7.333333492279053
2026-09-15 07:00:00+00:00,16.0,5.539744853973389,7.0,9.25
2026-09-15 08:00:00+00:00,17.0,7.5002007484436035,9.0,10.428571701049805
2026-09-15 09:00:00+00:00,18.0,9.472341537475586,11.0,10.833333015441895
2026-09-15 10:00:00+00:00,19.0,8.944104194641113,10.0,12.666666984558105
2026-09-15 11:00:00+00:00,20.0,7.565830230712891,8.0,10.25
2026-09-15 12:00:00+00:00,21.0,8.298306465148926,9.0,11.0
2026-09-15 13:00:00+00:00,22.0,7.444979667663574,8.0,12.0
2026-09-15 14:00:00+00:00,23.0,9.355359077453613,11.0,11.5
2026-09-15 15:00:00+00:00,24.0,9.751340866088867,12.0,10.857142448425293
2026-09-15 16:00:00+00:00,25.0,9.031882286071777,12.0,9.399999618530273
2026-09-15 17:00:00+00:00,26.0,8.650365829467773,12.0,7.5
2026-09-15 18:00:00+00:00,27.0,8.184272766113281,13.0,8.399999618530273
2026-09-15 19:00:00+00:00,28.0,5.835968017578125,10.0,4.375
2026-09-15 20:00:00+00:00,29.0,4.95675802230835,9.0,1.8571428060531616
2026-09-15 21:00:00+00:00,30.0,5.368936061859131,10.0,1.1428571939468384
2026-09-15 22:00:00+00:00,31.0,4.8145833015441895,9.0,2.0
2026-09-15 23:00:00+00:00,32.0,5.272237777709961,10.0,1.399999976158142
2026-09-16 00:00:00+00:00,33.0,5.354499816894531,10.0,0.8571428656578064
2026-09-16 01:00:00+00:00,34.0,4.324516773223877,8.0,4.0
2026-09-16 02:00:00+00:00,35.0,5.4459662437438965,10.0,4.875
2026-09-16 03:00:00+00:00,36.0,5.5658111572265625,10.0,5.857142925262451
2026-09-16 04:00:00+00:00,37.0,4.66563606262207,8.0,6.142857074737549
2026-09-15 06:00:00+00:00,15.0,5.9149627685546875,8.0,7.333333492279053
2026-09-15 07:00:00+00:00,16.0,5.520437717437744,7.0,9.25
2026-09-15 08:00:00+00:00,17.0,7.4766340255737305,9.0,10.428571701049805
2026-09-15 09:00:00+00:00,18.0,9.436043739318848,11.0,10.833333015441895
2026-09-15 10:00:00+00:00,19.0,8.90988826751709,10.0,12.666666984558105
2026-09-15 11:00:00+00:00,20.0,7.543684959411621,8.0,10.25
2026-09-15 12:00:00+00:00,21.0,8.272089958190918,9.0,11.0
2026-09-15 13:00:00+00:00,22.0,7.423096179962158,8.0,12.0
2026-09-15 14:00:00+00:00,23.0,9.329912185668945,11.0,11.5
2026-09-15 15:00:00+00:00,24.0,9.71573257446289,12.0,10.857142448425293
2026-09-15 16:00:00+00:00,25.0,8.992720603942871,12.0,9.399999618530273
2026-09-15 17:00:00+00:00,26.0,8.61270809173584,12.0,7.5
2026-09-15 18:00:00+00:00,27.0,8.155385971069336,13.0,8.399999618530273
2026-09-15 19:00:00+00:00,28.0,5.819685459136963,10.0,4.375
2026-09-15 20:00:00+00:00,29.0,4.944909572601318,9.0,1.8571428060531616
2026-09-15 21:00:00+00:00,30.0,5.360349655151367,10.0,1.1428571939468384
2026-09-15 22:00:00+00:00,31.0,4.806371688842773,9.0,2.0
2026-09-15 23:00:00+00:00,32.0,5.266483306884766,10.0,1.399999976158142
2026-09-16 00:00:00+00:00,33.0,5.348501682281494,10.0,0.8571428656578064
2026-09-16 01:00:00+00:00,34.0,4.322452068328857,8.0,4.0
2026-09-16 02:00:00+00:00,35.0,5.442504405975342,10.0,4.875
2026-09-16 03:00:00+00:00,36.0,5.566949367523193,10.0,5.857142925262451
2026-09-16 04:00:00+00:00,37.0,4.660373687744141,8.0,6.142857074737549
2026-09-16 05:00:00+00:00,38.0,5.631507396697998,9.0,6.25
2026-09-15 07:00:00+00:00,16.0,5.539722442626953,7.0,9.25
2026-09-15 08:00:00+00:00,17.0,7.489994049072266,9.0,10.428571701049805
2026-09-15 09:00:00+00:00,18.0,9.43435001373291,11.0,10.833333015441895
2026-09-15 10:00:00+00:00,19.0,8.91124153137207,10.0,12.666666984558105
2026-09-15 11:00:00+00:00,20.0,7.550631999969482,8.0,10.25
2026-09-15 12:00:00+00:00,21.0,8.281417846679688,9.0,11.0
2026-09-15 13:00:00+00:00,22.0,7.431540489196777,8.0,12.0
2026-09-15 14:00:00+00:00,23.0,9.316957473754883,11.0,11.5
2026-09-15 15:00:00+00:00,24.0,9.699018478393555,12.0,10.857142448425293
2026-09-15 16:00:00+00:00,25.0,8.976710319519043,12.0,9.399999618530273
2026-09-15 17:00:00+00:00,26.0,8.60311222076416,12.0,7.5
2026-09-15 18:00:00+00:00,27.0,8.152077674865723,13.0,8.399999618530273
2026-09-15 19:00:00+00:00,28.0,5.825808048248291,10.0,4.375
2026-09-15 20:00:00+00:00,29.0,4.949770927429199,9.0,1.8571428060531616
2026-09-15 21:00:00+00:00,30.0,5.369750499725342,10.0,1.1428571939468384
2026-09-15 22:00:00+00:00,31.0,4.81487512588501,9.0,2.0
2026-09-15 23:00:00+00:00,32.0,5.2746195793151855,10.0,1.399999976158142
2026-09-16 00:00:00+00:00,33.0,5.357057571411133,10.0,0.8571428656578064
2026-09-16 01:00:00+00:00,34.0,4.332758903503418,8.0,4.0
2026-09-16 02:00:00+00:00,35.0,5.456989288330078,10.0,4.875
2026-09-16 03:00:00+00:00,36.0,5.580026149749756,10.0,5.857142925262451
2026-09-16 04:00:00+00:00,37.0,4.6663498878479,8.0,6.142857074737549
2026-09-16 05:00:00+00:00,38.0,5.641757011413574,9.0,6.25
2026-09-16 06:00:00+00:00,39.0,6.623879432678223,10.0,6.5
2026-09-15 08:00:00+00:00,17.0,7.3889923095703125,9.0,10.428571701049805
2026-09-15 09:00:00+00:00,18.0,9.378520011901855,11.0,10.833333015441895
2026-09-15 10:00:00+00:00,19.0,8.860665321350098,10.0,12.666666984558105
2026-09-15 11:00:00+00:00,20.0,7.501516819000244,8.0,10.25
2026-09-15 12:00:00+00:00,21.0,8.218731880187988,9.0,11.0
2026-09-15 13:00:00+00:00,22.0,7.381485939025879,8.0,12.0
2026-09-15 14:00:00+00:00,23.0,9.306170463562012,11.0,11.5
2026-09-15 15:00:00+00:00,24.0,9.693697929382324,12.0,10.857142448425293
2026-09-15 16:00:00+00:00,25.0,8.979043006896973,12.0,9.399999618530273
2026-09-15 17:00:00+00:00,26.0,8.596303939819336,12.0,7.5
2026-09-15 18:00:00+00:00,27.0,8.150940895080566,13.0,8.399999618530273
2026-09-15 19:00:00+00:00,28.0,5.814549922943115,10.0,4.375
2026-09-15 20:00:00+00:00,29.0,4.92246675491333,9.0,1.8571428060531616
2026-09-15 21:00:00+00:00,30.0,5.337059020996094,10.0,1.1428571939468384
2026-09-15 22:00:00+00:00,31.0,4.7846479415893555,9.0,2.0
2026-09-15 23:00:00+00:00,32.0,5.249835014343262,10.0,1.399999976158142
2026-09-16 00:00:00+00:00,33.0,5.334824085235596,10.0,0.8571428656578064
2026-09-16 01:00:00+00:00,34.0,4.309384346008301,8.0,4.0
2026-09-16 02:00:00+00:00,35.0,5.436335563659668,10.0,4.875
2026-09-16 03:00:00+00:00,36.0,5.557801246643066,10.0,5.857142925262451
2026-09-16 04:00:00+00:00,37.0,4.640910625457764,8.0,6.142857074737549
2026-09-16 05:00:00+00:00,38.0,5.6007080078125,9.0,6.25
2026-09-16 06:00:00+00:00,39.0,6.590029716491699,10.0,6.5
2026-09-16 07:00:00+00:00,40.0,7.442873477935791,11.0,8.5
2026-09-15 09:00:00+00:00,1.0,9.529122352600098,11.0,10.833333015441895
2026-09-15 10:00:00+00:00,2.0,9.005931854248047,10.0,12.666666984558105
2026-09-15 11:00:00+00:00,3.0,8.956896781921387,10.0,10.25
2026-09-15 12:00:00+00:00,4.0,10.29024887084961,11.0,11.0
2026-09-15 13:00:00+00:00,5.0,9.347350120544434,10.0,12.0
2026-09-15 14:00:00+00:00,6.0,10.49869155883789,12.0,11.5
2026-09-15 15:00:00+00:00,7.0,10.08397388458252,12.0,10.857142448425293
2026-09-15 16:00:00+00:00,8.0,9.733611106872559,12.0,9.399999618530273
2026-09-15 17:00:00+00:00,9.0,9.115562438964844,12.0,7.5
2026-09-15 18:00:00+00:00,10.0,6.985752105712891,10.0,8.399999618530273
2026-09-15 19:00:00+00:00,11.0,6.214694499969482,11.0,4.375
2026-09-15 20:00:00+00:00,12.0,2.7211008071899414,5.0,1.8571428060531616
2026-09-15 21:00:00+00:00,13.0,2.060548782348633,4.0,1.1428571939468384
2026-09-15 22:00:00+00:00,14.0,2.023420810699463,4.0,2.0
2026-09-15 23:00:00+00:00,15.0,3.84183669090271,7.0,1.399999976158142
2026-09-16 00:00:00+00:00,16.0,5.381448268890381,10.0,0.8571428656578064
2026-09-16 01:00:00+00:00,17.0,6.057357311248779,11.0,4.0
2026-09-16 02:00:00+00:00,18.0,6.186474323272705,11.0,4.875
2026-09-16 03:00:00+00:00,19.0,5.704370975494385,10.0,5.857142925262451
2026-09-16 04:00:00+00:00,20.0,5.374514102935791,9.0,6.142857074737549
2026-09-16 05:00:00+00:00,21.0,4.972803592681885,8.0,6.25
2026-09-16 06:00:00+00:00,22.0,5.261753082275391,8.0,6.5
2026-09-16 07:00:00+00:00,23.0,5.464197158813477,8.0,8.5
2026-09-16 08:00:00+00:00,24.0,6.369471549987793,9.0,9.857142448425293
2026-09-15 10:00:00+00:00,1.0,8.06531047821045,9.0,12.666666984558105
2026-09-15 11:00:00+00:00,2.0,7.57208776473999,8.0,10.25
2026-09-15 12:00:00+00:00,3.0,8.356633186340332,9.0,11.0
2026-09-15 13:00:00+00:00,4.0,9.201836585998535,10.0,12.0
2026-09-15 14:00:00+00:00,5.0,10.54909610748291,12.0,11.5
2026-09-15 15:00:00+00:00,6.0,8.482413291931152,10.0,10.857142448425293
2026-09-15 16:00:00+00:00,7.0,7.5840559005737305,10.0,9.399999618530273
2026-09-15 17:00:00+00:00,8.0,7.341085910797119,10.0,7.5
2026-09-15 18:00:00+00:00,9.0,7.052328109741211,10.0,8.399999618530273
2026-09-15 19:00:00+00:00,10.0,5.280831336975098,9.0,4.375
2026-09-15 20:00:00+00:00,11.0,2.7157773971557617,5.0,1.8571428060531616
2026-09-15 21:00:00+00:00,12.0,1.5433552265167236,3.0,1.1428571939468384
2026-09-15 22:00:00+00:00,13.0,1.5651369094848633,3.0,2.0
2026-09-15 23:00:00+00:00,14.0,3.11521053314209,6.0,1.399999976158142
2026-09-16 00:00:00+00:00,15.0,4.411597728729248,8.0,0.8571428656578064
2026-09-16 01:00:00+00:00,16.0,6.092350482940674,11.0,4.0
2026-09-16 02:00:00+00:00,17.0,5.503573417663574,10.0,4.875
2026-09-16 03:00:00+00:00,18.0,5.600215911865234,10.0,5.857142925262451
2026-09-16 04:00:00+00:00,19.0,6.297591209411621,11.0,6.142857074737549
2026-09-16 05:00:00+00:00,20.0,5.493268966674805,9.0,6.25
2026-09-16 06:00:00+00:00,21.0,5.77910852432251,9.0,6.5
2026-09-16 07:00:00+00:00,22.0,6.329166412353516,9.0,8.5
2026-09-16 08:00:00+00:00,23.0,5.314562797546387,7.0,9.857142448425293
2026-09-16 09:00:00+00:00,24.0,6.795917510986328,10.0,10.333333015441895
2026-09-15 11:00:00+00:00,1.0,7.612635612487793,8.0,10.25
2026-09-15 12:00:00+00:00,2.0,7.668209552764893,8.0,11.0
2026-09-15 13:00:00+00:00,3.0,9.12044620513916,10.0,12.0
2026-09-15 14:00:00+00:00,4.0,10.421799659729004,12.0,11.5
2026-09-15 15:00:00+00:00,5.0,8.555000305175781,10.0,10.857142448425293
2026-09-15 16:00:00+00:00,6.0,7.382484436035156,10.0,9.399999618530273
2026-09-15 17:00:00+00:00,7.0,6.001380443572998,8.0,7.5
2026-09-15 18:00:00+00:00,8.0,5.441494941711426,8.0,8.399999618530273
2026-09-15 19:00:00+00:00,9.0,4.973804473876953,9.0,4.375
2026-09-15 20:00:00+00:00,10.0,3.783905029296875,7.0,1.8571428060531616
2026-09-15 21:00:00+00:00,11.0,2.656083583831787,5.0,1.1428571939468384
2026-09-15 22:00:00+00:00,12.0,2.1749513149261475,4.0,2.0
2026-09-15 23:00:00+00:00,13.0,2.109525442123413,4.0,1.399999976158142
2026-09-16 00:00:00+00:00,14.0,4.880026340484619,9.0,0.8571428656578064
2026-09-16 01:00:00+00:00,15.0,4.847137928009033,9.0,4.0
2026-09-16 02:00:00+00:00,16.0,4.91132926940918,9.0,4.875
2026-09-16 03:00:00+00:00,17.0,5.061926364898682,9.0,5.857142925262451
2026-09-16 04:00:00+00:00,18.0,6.411177635192871,11.0,6.142857074737549
2026-09-16 05:00:00+00:00,19.0,5.505793571472168,9.0,6.25
2026-09-16 06:00:00+00:00,20.0,5.274357318878174,8.0,6.5
2026-09-16 07:00:00+00:00,21.0,6.405269622802734,9.0,8.5
2026-09-16 08:00:00+00:00,22.0,6.794987201690674,9.0,9.857142448425293
2026-09-16 09:00:00+00:00,23.0,8.515533447265625,11.0,10.333333015441895
2026-09-16 10:00:00+00:00,24.0,6.458864212036133,9.0,10.5
2026-09-15 12:00:00+00:00,1.0,10.401328086853027,11.0,11.0
2026-09-15 13:00:00+00:00,2.0,9.584318161010742,10.0,12.0
2026-09-15 14:00:00+00:00,3.0,11.02758502960205,12.0,11.5
2026-09-15 15:00:00+00:00,4.0,11.084001541137695,13.0,10.857142448425293
2026-09-15 16:00:00+00:00,5.0,8.703828811645508,11.0,9.399999618530273
2026-09-15 17:00:00+00:00,6.0,7.508537769317627,10.0,7.5
2026-09-15 18:00:00+00:00,7.0,7.189403533935547,10.0,8.399999618530273
2026-09-15 19:00:00+00:00,8.0,6.029560565948486,10.0,4.375
2026-09-15 20:00:00+00:00,9.0,4.954038143157959,9.0,1.8571428060531616
2026-09-15 21:00:00+00:00,10.0,2.169674873352051,4.0,1.1428571939468384
2026-09-15 22:00:00+00:00,11.0,1.0644209384918213,2.0,2.0
2026-09-15 23:00:00+00:00,12.0,2.3016529083251953,4.0,1.399999976158142
2026-09-16 00:00:00+00:00,13.0,6.128991603851318,11.0,0.8571428656578064
2026-09-16 01:00:00+00:00,14.0,6.132782936096191,11.0,4.0
2026-09-16 02:00:00+00:00,15.0,8.757698059082031,15.0,4.875
2026-09-16 03:00:00+00:00,16.0,7.171428680419922,12.0,5.857142925262451
2026-09-16 04:00:00+00:00,17.0,5.463240623474121,9.0,6.142857074737549
2026-09-16 05:00:00+00:00,18.0,4.567912578582764,7.0,6.25
2026-09-16 06:00:00+00:00,19.0,6.197512626647949,9.0,6.5
2026-09-16 07:00:00+00:00,20.0,7.103599548339844,9.0,8.5
2026-09-16 08:00:00+00:00,21.0,9.343996047973633,13.0,9.857142448425293
2026-09-16 09:00:00+00:00,22.0,8.920632362365723,13.0,10.333333015441895
2026-09-16 10:00:00+00:00,23.0,9.596590042114258,13.0,10.5
2026-09-16 11:00:00+00:00,24.0,8.515179634094238,11.0,12.0
2026-09-15 13:00:00+00:00,1.0,10.424142837524414,11.0,12.0
2026-09-15 14:00:00+00:00,2.0,10.523242950439453,12.0,11.5
2026-09-15 15:00:00+00:00,3.0,9.074481964111328,11.0,10.857142448425293
2026-09-15 16:00:00+00:00,4.0,7.516722202301025,10.0,9.399999618530273
2026-09-15 17:00:00+00:00,5.0,7.281820774078369,10.0,7.5
2026-09-15 18:00:00+00:00,6.0,7.894816875457764,13.0,8.399999618530273
2026-09-15 19:00:00+00:00,7.0,5.782609939575195,10.0,4.375
2026-09-15 20:00:00+00:00,8.0,2.727299213409424,5.0,1.8571428060531616
2026-09-15 21:00:00+00:00,9.0,2.278965950012207,4.0,1.1428571939468384
2026-09-15 22:00:00+00:00,10.0,2.7188658714294434,5.0,2.0
2026-09-15 23:00:00+00:00,11.0,3.283139705657959,6.0,1.399999976158142
2026-09-16 00:00:00+00:00,12.0,6.0262227058410645,11.0,0.8571428656578064
2026-09-16 01:00:00+00:00,13.0,6.119895935058594,11.0,4.0
2026-09-16 02:00:00+00:00,14.0,6.2490234375,11.0,4.875
2026-09-16 03:00:00+00:00,15.0,5.840389728546143,10.0,5.857142925262451
2026-09-16 04:00:00+00:00,16.0,5.882367134094238,10.0,6.142857074737549
2026-09-16 05:00:00+00:00,17.0,5.512088298797607,9.0,6.25
2026-09-16 06:00:00+00:00,18.0,6.459869384765625,10.0,6.5
2026-09-16 07:00:00+00:00,19.0,6.307697296142578,9.0,8.5
2026-09-16 08:00:00+00:00,20.0,4.840407848358154,7.0,9.857142448425293
2026-09-16 09:00:00+00:00,21.0,8.018304824829102,12.0,10.333333015441895
2026-09-16 10:00:00+00:00,22.0,7.544921875,11.0,10.5
2026-09-16 11:00:00+00:00,23.0,6.941988468170166,10.0,12.0
2026-09-16 12:00:00+00:00,24.0,6.153838157653809,9.0,11.5
2026-09-15 14:00:00+00:00,1.0,10.358410835266113,12.0,11.5
2026-09-15 15:00:00+00:00,2.0,10.434249877929688,12.0,10.857142448425293
2026-09-15 16:00:00+00:00,3.0,9.382380485534668,12.0,9.399999618530273
2026-09-15 17:00:00+00:00,4.0,7.614099025726318,10.0,7.5
2026-09-15 18:00:00+00:00,5.0,6.683199405670166,11.0,8.399999618530273
2026-09-15 19:00:00+00:00,6.0,4.096264839172363,7.0,4.375
2026-09-15 20:00:00+00:00,7.0,4.40180778503418,8.0,1.8571428060531616
2026-09-15 21:00:00+00:00,8.0,4.392904758453369,8.0,1.1428571939468384
2026-09-15 22:00:00+00:00,9.0,2.174715042114258,4.0,2.0
2026-09-15 23:00:00+00:00,10.0,2.7820749282836914,5.0,1.399999976158142
2026-09-16 00:00:00+00:00,11.0,4.88764762878418,9.0,0.8571428656578064
2026-09-16 01:00:00+00:00,12.0,6.198220252990723,11.0,4.0
2026-09-16 02:00:00+00:00,13.0,6.882750034332275,12.0,4.875
2026-09-16 03:00:00+00:00,14.0,6.417294979095459,11.0,5.857142925262451
2026-09-16 04:00:00+00:00,15.0,5.360884666442871,9.0,6.142857074737549
2026-09-16 05:00:00+00:00,16.0,6.066788196563721,10.0,6.25
2026-09-16 06:00:00+00:00,17.0,7.383063793182373,12.0,6.5
2026-09-16 07:00:00+00:00,18.0,7.118947982788086,11.0,8.5
2026-09-16 08:00:00+00:00,19.0,6.626054763793945,10.0,9.857142448425293
2026-09-16 09:00:00+00:00,20.0,7.540251731872559,11.0,10.333333015441895
2026-09-16 10:00:00+00:00,21.0,8.328227043151855,12.0,10.5
2026-09-16 11:00:00+00:00,22.0,7.495413303375244,11.0,12.0
2026-09-16 12:00:00+00:00,23.0,5.320056438446045,7.0,11.5
2026-09-16 13:00:00+00:00,24.0,8.456087112426758,12.0,10.166666984558105
2026-09-15 15:00:00+00:00,1.0,12.21193790435791,14.0,10.857142448425293
2026-09-15 16:00:00+00:00,2.0,9.772926330566406,12.0,9.399999618530273
2026-09-15 17:00:00+00:00,3.0,7.604473114013672,10.0,7.5
2026-09-15 18:00:00+00:00,4.0,6.343611717224121,9.0,8.399999618530273
2026-09-15 19:00:00+00:00,5.0,5.264383316040039,9.0,4.375
2026-09-15 20:00:00+00:00,6.0,3.8454370498657227,7.0,1.8571428060531616
2026-09-15 21:00:00+00:00,7.0,2.7844314575195312,5.0,1.1428571939468384
2026-09-15 22:00:00+00:00,8.0,3.3586578369140625,6.0,2.0
2026-09-15 23:00:00+00:00,9.0,5.0018815994262695,9.0,1.399999976158142
2026-09-16 00:00:00+00:00,10.0,5.025921821594238,9.0,0.8571428656578064
2026-09-16 01:00:00+00:00,11.0,6.756632328033447,12.0,4.0
2026-09-16 02:00:00+00:00,12.0,6.973668575286865,12.0,4.875
2026-09-16 03:00:00+00:00,13.0,6.510505676269531,11.0,5.857142925262451
2026-09-16 04:00:00+00:00,14.0,5.455082893371582,9.0,6.142857074737549
2026-09-16 05:00:00+00:00,15.0,5.135056018829346,8.0,6.25
2026-09-16 06:00:00+00:00,16.0,5.757874965667725,9.0,6.5
2026-09-16 07:00:00+00:00,17.0,9.497596740722656,13.0,8.5
2026-09-16 08:00:00+00:00,18.0,7.728782653808594,12.0,9.857142448425293
2026-09-16 09:00:00+00:00,19.0,7.748611927032471,11.0,10.333333015441895
2026-09-16 10:00:00+00:00,20.0,8.887502670288086,12.0,10.5
2026-09-16 11:00:00+00:00,21.0,10.570725440979004,15.0,12.0
2026-09-16 12:00:00+00:00,22.0,7.770081043243408,11.0,11.5
2026-09-16 13:00:00+00:00,23.0,5.758570194244385,8.0,10.166666984558105
2026-09-16 14:00:00+00:00,24.0,5.601467609405518,8.0,10.333333015441895
2026-09-15 16:00:00+00:00,1.0,9.552421569824219,12.0,9.399999618530273
2026-09-15 17:00:00+00:00,2.0,8.443477630615234,11.0,7.5
2026-09-15 18:00:00+00:00,3.0,7.240085124969482,11.0,8.399999618530273
2026-09-15 19:00:00+00:00,4.0,5.921286582946777,10.0,4.375
2026-09-15 20:00:00+00:00,5.0,2.8615922927856445,5.0,1.8571428060531616
2026-09-15 21:00:00+00:00,6.0,0.6302804946899414,1.0,1.1428571939468384
2026-09-15 22:00:00+00:00,7.0,2.3650479316711426,4.0,2.0
2026-09-15 23:00:00+00:00,8.0,2.99484920501709,5.0,1.399999976158142
2026-09-16 00:00:00+00:00,9.0,5.044413089752197,9.0,0.8571428656578064
2026-09-16 01:00:00+00:00,10.0,5.680243015289307,10.0,4.0
2026-09-16 02:00:00+00:00,11.0,6.426422595977783,11.0,4.875
2026-09-16 03:00:00+00:00,12.0,5.983486175537109,10.0,5.857142925262451
2026-09-16 04:00:00+00:00,13.0,5.032949924468994,8.0,6.142857074737549
2026-09-16 05:00:00+00:00,14.0,3.873481035232544,6.0,6.25
2026-09-16 06:00:00+00:00,15.0,3.3534085750579834,5.0,6.5
2026-09-16 07:00:00+00:00,16.0,7.293786525726318,11.0,8.5
2026-09-16 08:00:00+00:00,17.0,7.191407203674316,10.0,9.857142448425293
2026-09-16 09:00:00+00:00,18.0,7.713439464569092,11.0,10.333333015441895
2026-09-16 10:00:00+00:00,19.0,7.598455429077148,10.0,10.5
2026-09-16 11:00:00+00:00,20.0,8.527350425720215,12.0,12.0
2026-09-16 12:00:00+00:00,21.0,8.858089447021484,12.0,11.5
2026-09-16 13:00:00+00:00,22.0,8.667949676513672,12.0,10.166666984558105
2026-09-16 14:00:00+00:00,23.0,8.64232349395752,12.0,10.333333015441895
2026-09-16 15:00:00+00:00,24.0,8.379178047180176,12.0,9.0
2026-09-15 17:00:00+00:00,1.0,7.739616870880127,10.0,7.5
2026-09-15 18:00:00+00:00,2.0,7.742701053619385,12.0,8.399999618530273
2026-09-15 19:00:00+00:00,3.0,5.261684417724609,9.0,4.375
2026-09-15 20:00:00+00:00,4.0,2.9349918365478516,5.0,1.8571428060531616
2026-09-15 21:00:00+00:00,5.0,2.824362277984619,5.0,1.1428571939468384
2026-09-15 22:00:00+00:00,6.0,2.906820774078369,5.0,2.0
2026-09-15 23:00:00+00:00,7.0,3.0493674278259277,5.0,1.399999976158142
2026-09-16 00:00:00+00:00,8.0,8.121013641357422,14.0,0.8571428656578064
2026-09-16 01:00:00+00:00,9.0,6.371617317199707,11.0,4.0
2026-09-16 02:00:00+00:00,10.0,5.225645065307617,9.0,4.875
2026-09-16 03:00:00+00:00,11.0,5.922242164611816,10.0,5.857142925262451
2026-09-16 04:00:00+00:00,12.0,4.953378677368164,8.0,6.142857074737549
2026-09-16 05:00:00+00:00,13.0,5.796139240264893,9.0,6.25
2026-09-16 06:00:00+00:00,14.0,6.190501689910889,9.0,6.5
2026-09-16 07:00:00+00:00,15.0,4.918294429779053,7.0,8.5
2026-09-16 08:00:00+00:00,16.0,6.686598300933838,10.0,9.857142448425293
2026-09-16 09:00:00+00:00,17.0,8.266016006469727,12.0,10.333333015441895
2026-09-16 10:00:00+00:00,18.0,7.02982759475708,10.0,10.5
2026-09-16 11:00:00+00:00,19.0,7.1419291496276855,10.0,12.0
2026-09-16 12:00:00+00:00,20.0,7.344127655029297,10.0,11.5
2026-09-16 13:00:00+00:00,21.0,4.80075216293335,6.0,10.166666984558105
2026-09-16 14:00:00+00:00,22.0,3.472728967666626,5.0,10.333333015441895
2026-09-16 15:00:00+00:00,23.0,7.408452987670898,11.0,9.0
2026-09-16 16:00:00+00:00,24.0,6.630963325500488,10.0,7.0
2026-09-15 18:00:00+00:00,1.0,7.119570732116699,10.0,8.399999618530273
2026-09-15 19:00:00+00:00,2.0,5.969784736633301,10.0,4.375
2026-09-15 20:00:00+00:00,3.0,4.477023124694824,8.0,1.8571428060531616
2026-09-15 21:00:00+00:00,4.0,1.8171128034591675,3.0,1.1428571939468384
2026-09-15 22:00:00+00:00,5.0,2.1551177501678467,4.0,2.0
2026-09-15 23:00:00+00:00,6.0,2.487239122390747,4.0,1.399999976158142
2026-09-16 00:00:00+00:00,7.0,2.249774694442749,4.0,0.8571428656578064
2026-09-16 01:00:00+00:00,8.0,7.526364803314209,13.0,4.0
2026-09-16 02:00:00+00:00,9.0,5.879432201385498,10.0,4.875
2026-09-16 03:00:00+00:00,10.0,6.556423187255859,11.0,5.857142925262451
2026-09-16 04:00:00+00:00,11.0,5.57647705078125,9.0,6.142857074737549
2026-09-16 05:00:00+00:00,12.0,5.7194743156433105,9.0,6.25
2026-09-16 06:00:00+00:00,13.0,8.626256942749023,13.0,6.5
2026-09-16 07:00:00+00:00,14.0,6.295607566833496,9.0,8.5
2026-09-16 08:00:00+00:00,15.0,6.3145623207092285,8.0,9.857142448425293
2026-09-16 09:00:00+00:00,16.0,9.469006538391113,14.0,10.333333015441895
2026-09-16 10:00:00+00:00,17.0,8.574705123901367,12.0,10.5
2026-09-16 11:00:00+00:00,18.0,8.491354942321777,12.0,12.0
2026-09-16 12:00:00+00:00,19.0,7.2372941970825195,10.0,11.5
2026-09-16 13:00:00+00:00,20.0,4.322871685028076,6.0,10.166666984558105
2026-09-16 14:00:00+00:00,21.0,5.381664276123047,8.0,10.333333015441895
2026-09-16 15:00:00+00:00,22.0,5.458725929260254,8.0,9.0
2026-09-16 16:00:00+00:00,23.0,5.867803573608398,9.0,7.0
2026-09-16 17:00:00+00:00,24.0,5.264921188354492,8.0,5.25
2026-09-15 19:00:00+00:00,1.0,6.477399826049805,11.0,4.375
2026-09-15 20:00:00+00:00,2.0,3.9890332221984863,7.0,1.8571428060531616
2026-09-15 21:00:00+00:00,3.0,1.0822086334228516,2.0,1.1428571939468384
2026-09-15 22:00:00+00:00,4.0,2.270911455154419,4.0,2.0
2026-09-15 23:00:00+00:00,5.0,3.4731996059417725,6.0,1.399999976158142
2026-09-16 00:00:00+00:00,6.0,2.384305953979492,4.0,0.8571428656578064
2026-09-16 01:00:00+00:00,7.0,5.6948652267456055,10.0,4.0
2026-09-16 02:00:00+00:00,8.0,6.396348476409912,11.0,4.875
2026-09-16 03:00:00+00:00,9.0,6.518008708953857,11.0,5.857142925262451
2026-09-16 04:00:00+00:00,10.0,4.897363185882568,8.0,6.142857074737549
2026-09-16 05:00:00+00:00,11.0,5.030573844909668,8.0,6.25
2026-09-16 06:00:00+00:00,12.0,7.122411251068115,10.0,6.5
2026-09-16 07:00:00+00:00,13.0,6.715989589691162,10.0,8.5
2026-09-16 08:00:00+00:00,14.0,8.217453002929688,12.0,9.857142448425293
2026-09-16 09:00:00+00:00,15.0,7.802921772003174,11.0,10.333333015441895
2026-09-16 10:00:00+00:00,16.0,8.836443901062012,12.0,10.5
2026-09-16 11:00:00+00:00,17.0,11.897031784057617,17.0,12.0
2026-09-16 12:00:00+00:00,18.0,7.556848526000977,10.0,11.5
2026-09-16 13:00:00+00:00,19.0,5.206884860992432,7.0,10.166666984558105
2026-09-16 14:00:00+00:00,20.0,6.971264362335205,10.0,10.333333015441895
2026-09-16 15:00:00+00:00,21.0,6.988221168518066,10.0,9.0
2026-09-16 16:00:00+00:00,22.0,5.940443992614746,9.0,7.0
2026-09-16 17:00:00+00:00,23.0,6.625235080718994,10.0,5.25
2026-09-16 18:00:00+00:00,24.0,5.30630350112915,8.0,3.4285714626312256
2026-09-15 20:00:00+00:00,1.0,4.052112579345703,7.0,1.8571428060531616
2026-09-15 21:00:00+00:00,2.0,1.7754509449005127,3.0,1.1428571939468384
2026-09-15 22:00:00+00:00,3.0,2.24456787109375,4.0,2.0
2026-09-15 23:00:00+00:00,4.0,4.250219821929932,7.0,1.399999976158142
2026-09-16 00:00:00+00:00,5.0,3.0411462783813477,5.0,0.8571428656578064
2026-09-16 01:00:00+00:00,6.0,5.935715675354004,10.0,4.0
2026-09-16 02:00:00+00:00,7.0,5.272894859313965,9.0,4.875
2026-09-16 03:00:00+00:00,8.0,5.9634199142456055,10.0,5.857142925262451
2026-09-16 04:00:00+00:00,9.0,5.493723392486572,9.0,6.142857074737549
2026-09-16 05:00:00+00:00,10.0,5.083590507507324,8.0,6.25
2026-09-16 06:00:00+00:00,11.0,6.171601295471191,9.0,6.5
2026-09-16 07:00:00+00:00,12.0,6.708441734313965,9.0,8.5
2026-09-16 08:00:00+00:00,13.0,6.680254936218262,10.0,9.857142448425293
2026-09-16 09:00:00+00:00,14.0,6.792144298553467,10.0,10.333333015441895
2026-09-16 10:00:00+00:00,15.0,6.557698726654053,9.0,10.5
2026-09-16 11:00:00+00:00,16.0,6.2985734939575195,9.0,12.0
2026-09-16 12:00:00+00:00,17.0,8.767043113708496,13.0,11.5
2026-09-16 13:00:00+00:00,18.0,7.7049970626831055,11.0,10.166666984558105
2026-09-16 14:00:00+00:00,19.0,7.612634181976318,10.0,10.333333015441895
2026-09-16 15:00:00+00:00,20.0,7.254358291625977,11.0,9.0
2026-09-16 16:00:00+00:00,21.0,6.601931095123291,10.0,7.0
2026-09-16 17:00:00+00:00,22.0,5.788802146911621,9.0,5.25
2026-09-16 18:00:00+00:00,23.0,4.894261837005615,8.0,3.4285714626312256
2026-09-16 19:00:00+00:00,24.0,4.782921314239502,8.0,3.3333332538604736
2026-09-15 21:00:00+00:00,1.0,2.2439043521881104,4.0,1.1428571939468384
2026-09-15 22:00:00+00:00,2.0,1.6240527629852295,3.0,2.0
2026-09-15 23:00:00+00:00,3.0,2.412304162979126,4.0,1.399999976158142
2026-09-16 00:00:00+00:00,4.0,3.0586507320404053,5.0,0.8571428656578064
2026-09-16 01:00:00+00:00,5.0,7.04813289642334,12.0,4.0
2026-09-16 02:00:00+00:00,6.0,7.197952747344971,12.0,4.875
2026-09-16 03:00:00+00:00,7.0,6.667018413543701,11.0,5.857142925262451
2026-09-16 04:00:00+00:00,8.0,6.177379131317139,10.0,6.142857074737549
2026-09-16 05:00:00+00:00,9.0,6.2557172775268555,10.0,6.25
2026-09-16 06:00:00+00:00,10.0,6.5557684898376465,10.0,6.5
2026-09-16 07:00:00+00:00,11.0,7.511202812194824,11.0,8.5
2026-09-16 08:00:00+00:00,12.0,8.639795303344727,13.0,9.857142448425293
2026-09-16 09:00:00+00:00,13.0,7.609696388244629,11.0,10.333333015441895
2026-09-16 10:00:00+00:00,14.0,9.50320053100586,14.0,10.5
2026-09-16 11:00:00+00:00,15.0,7.052949905395508,10.0,12.0
2026-09-16 12:00:00+00:00,16.0,9.616722106933594,14.0,11.5
2026-09-16 13:00:00+00:00,17.0,8.08471965789795,11.0,10.166666984558105
2026-09-16 14:00:00+00:00,18.0,6.6501264572143555,10.0,10.333333015441895
2026-09-16 15:00:00+00:00,19.0,5.808718204498291,9.0,9.0
2026-09-16 16:00:00+00:00,20.0,6.576583385467529,10.0,7.0
2026-09-16 17:00:00+00:00,21.0,6.4062418937683105,10.0,5.25
2026-09-16 18:00:00+00:00,22.0,5.5377373695373535,9.0,3.4285714626312256
2026-09-16 19:00:00+00:00,23.0,4.861561298370361,8.0,3.3333332538604736
2026-09-16 20:00:00+00:00,24.0,4.151764869689941,7.0,3.375
2026-09-15 22:00:00+00:00,1.0,2.808119535446167,5.0,2.0
2026-09-15 23:00:00+00:00,2.0,3.016850233078003,5.0,1.399999976158142
2026-09-16 00:00:00+00:00,3.0,2.906458616256714,5.0,0.8571428656578064
2026-09-16 01:00:00+00:00,4.0,5.227781772613525,9.0,4.0
2026-09-16 02:00:00+00:00,5.0,5.320894241333008,9.0,4.875
2026-09-16 03:00:00+00:00,6.0,5.4029741287231445,9.0,5.857142925262451
2026-09-16 04:00:00+00:00,7.0,6.1211676597595215,10.0,6.142857074737549
2026-09-16 05:00:00+00:00,8.0,5.730371952056885,9.0,6.25
2026-09-16 06:00:00+00:00,9.0,5.853384971618652,9.0,6.5
2026-09-16 07:00:00+00:00,10.0,7.179170608520508,11.0,8.5
2026-09-16 08:00:00+00:00,11.0,7.920111656188965,12.0,9.857142448425293
2026-09-16 09:00:00+00:00,12.0,7.448202610015869,11.0,10.333333015441895
2026-09-16 10:00:00+00:00,13.0,7.65799617767334,11.0,10.5
2026-09-16 11:00:00+00:00,14.0,7.589378356933594,11.0,12.0
2026-09-16 12:00:00+00:00,15.0,9.079537391662598,13.0,11.5
2026-09-16 13:00:00+00:00,16.0,8.827942848205566,13.0,10.166666984558105
2026-09-16 14:00:00+00:00,17.0,7.400872707366943,11.0,10.333333015441895
2026-09-16 15:00:00+00:00,18.0,6.702322959899902,10.0,9.0
2026-09-16 16:00:00+00:00,19.0,7.207645893096924,11.0,7.0
2026-09-16 17:00:00+00:00,20.0,6.992964267730713,11.0,5.25
2026-09-16 18:00:00+00:00,21.0,6.132749080657959,10.0,3.4285714626312256
2026-09-16 19:00:00+00:00,22.0,5.407560348510742,9.0,3.3333332538604736
2026-09-16 20:00:00+00:00,23.0,4.702934741973877,8.0,3.375
2026-09-16 21:00:00+00:00,24.0,4.09768009185791,7.0,5.599999904632568
2026-09-15 23:00:00+00:00,2.0,2.9943082332611084,5.0,1.399999976158142
2026-09-16 00:00:00+00:00,3.0,2.8829376697540283,5.0,0.8571428656578064
2026-09-16 01:00:00+00:00,4.0,5.166202068328857,9.0,4.0
2026-09-16 02:00:00+00:00,5.0,5.273174285888672,9.0,4.875
2026-09-16 03:00:00+00:00,6.0,5.356520652770996,9.0,5.857142925262451
2026-09-16 04:00:00+00:00,7.0,6.085259914398193,10.0,6.142857074737549
2026-09-16 05:00:00+00:00,8.0,5.707037448883057,9.0,6.25
2026-09-16 06:00:00+00:00,9.0,5.826362609863281,9.0,6.5
2026-09-16 07:00:00+00:00,10.0,7.158010482788086,11.0,8.5
2026-09-16 08:00:00+00:00,11.0,7.903480052947998,12.0,9.857142448425293
2026-09-16 09:00:00+00:00,12.0,7.440762042999268,11.0,10.333333015441895
2026-09-16 10:00:00+00:00,13.0,7.633194923400879,11.0,10.5
2026-09-16 11:00:00+00:00,14.0,7.558623313903809,11.0,12.0
2026-09-16 12:00:00+00:00,15.0,9.057652473449707,13.0,11.5
2026-09-16 13:00:00+00:00,16.0,8.78854751586914,13.0,10.166666984558105
2026-09-16 14:00:00+00:00,17.0,7.370568752288818,11.0,10.333333015441895
2026-09-16 15:00:00+00:00,18.0,6.672765254974365,10.0,9.0
2026-09-16 16:00:00+00:00,19.0,7.145900726318359,11.0,7.0
2026-09-16 17:00:00+00:00,20.0,6.926997661590576,11.0,5.25
2026-09-16 18:00:00+00:00,21.0,6.074507713317871,10.0,3.4285714626312256
2026-09-16 19:00:00+00:00,22.0,5.35786247253418,9.0,3.3333332538604736
2026-09-16 20:00:00+00:00,23.0,4.663351058959961,8.0,3.375
2026-09-16 21:00:00+00:00,24.0,4.052829265594482,7.0,5.599999904632568
2026-09-16 22:00:00+00:00,25.0,3.5062174797058105,6.0,6.800000190734863
2026-09-16 00:00:00+00:00,3.0,2.8372273445129395,5.0,0.8571428656578064
2026-09-16 01:00:00+00:00,4.0,5.089968681335449,9.0,4.0
2026-09-16 02:00:00+00:00,5.0,5.209620952606201,9.0,4.875
2026-09-16 03:00:00+00:00,6.0,5.295210838317871,9.0,5.857142925262451
2026-09-16 04:00:00+00:00,7.0,6.033183574676514,10.0,6.142857074737549
2026-09-16 05:00:00+00:00,8.0,5.671534538269043,9.0,6.25
2026-09-16 06:00:00+00:00,9.0,5.804052829742432,9.0,6.5
2026-09-16 07:00:00+00:00,10.0,7.146189212799072,11.0,8.5
2026-09-16 08:00:00+00:00,11.0,7.919929027557373,12.0,9.857142448425293
2026-09-16 09:00:00+00:00,12.0,7.470203399658203,11.0,10.333333015441895
2026-09-16 10:00:00+00:00,13.0,7.666506290435791,11.0,10.5
2026-09-16 11:00:00+00:00,14.0,7.608351707458496,11.0,12.0
2026-09-16 12:00:00+00:00,15.0,9.152003288269043,13.0,11.5
2026-09-16 13:00:00+00:00,16.0,8.871228218078613,13.0,10.166666984558105
2026-09-16 14:00:00+00:00,17.0,7.419929027557373,11.0,10.333333015441895
2026-09-16 15:00:00+00:00,18.0,6.694882392883301,10.0,9.0
2026-09-16 16:00:00+00:00,19.0,7.146639347076416,11.0,7.0
2026-09-16 17:00:00+00:00,20.0,6.921553611755371,11.0,5.25
2026-09-16 18:00:00+00:00,21.0,6.052773475646973,10.0,3.4285714626312256
2026-09-16 19:00:00+00:00,22.0,5.315906524658203,9.0,3.3333332538604736
2026-09-16 20:00:00+00:00,23.0,4.617323875427246,8.0,3.375
2026-09-16 21:00:00+00:00,24.0,4.005773067474365,7.0,5.599999904632568
2026-09-16 22:00:00+00:00,25.0,3.459918975830078,6.0,6.800000190734863
2026-09-16 23:00:00+00:00,26.0,4.10888671875,7.0,6.833333492279053
2026-09-16 01:00:00+00:00,4.0,5.063865661621094,9.0,4.0
2026-09-16 02:00:00+00:00,5.0,5.17919921875,9.0,4.875
2026-09-16 03:00:00+00:00,6.0,5.272922992706299,9.0,5.857142925262451
2026-09-16 04:00:00+00:00,7.0,6.005796432495117,10.0,6.142857074737549
2026-09-16 05:00:00+00:00,8.0,5.653319358825684,9.0,6.25
2026-09-16 06:00:00+00:00,9.0,5.792387008666992,9.0,6.5
2026-09-16 07:00:00+00:00,10.0,7.129948139190674,11.0,8.5
2026-09-16 08:00:00+00:00,11.0,7.920627593994141,12.0,9.857142448425293
2026-09-16 09:00:00+00:00,12.0,7.477348327636719,11.0,10.333333015441895
2026-09-16 10:00:00+00:00,13.0,7.663760662078857,11.0,10.5
2026-09-16 11:00:00+00:00,14.0,7.613491058349609,11.0,12.0
2026-09-16 12:00:00+00:00,15.0,9.157055854797363,13.0,11.5
2026-09-16 13:00:00+00:00,16.0,8.868043899536133,13.0,10.166666984558105
2026-09-16 14:00:00+00:00,17.0,7.412766456604004,11.0,10.333333015441895
2026-09-16 15:00:00+00:00,18.0,6.682798385620117,10.0,9.0
2026-09-16 16:00:00+00:00,19.0,7.123976707458496,11.0,7.0
2026-09-16 17:00:00+00:00,20.0,6.89166784286499,11.0,5.25
2026-09-16 18:00:00+00:00,21.0,6.027765274047852,10.0,3.4285714626312256
2026-09-16 19:00:00+00:00,22.0,5.294917106628418,9.0,3.3333332538604736
2026-09-16 20:00:00+00:00,23.0,4.601747989654541,8.0,3.375
2026-09-16 21:00:00+00:00,24.0,3.9927899837493896,7.0,5.599999904632568
2026-09-16 22:00:00+00:00,25.0,3.4516940116882324,6.0,6.800000190734863
2026-09-16 23:00:00+00:00,26.0,4.099416732788086,7.0,6.833333492279053
2026-09-17 00:00:00+00:00,27.0,4.79636287689209,8.0,5.75
2026-09-16 02:00:00+00:00,5.0,5.2608323097229,9.0,4.875
2026-09-16 03:00:00+00:00,6.0,5.351816177368164,9.0,5.857142925262451
2026-09-16 04:00:00+00:00,7.0,6.072005748748779,10.0,6.142857074737549
2026-09-16 05:00:00+00:00,8.0,5.686588287353516,9.0,6.25
2026-09-16 06:00:00+00:00,9.0,5.828454494476318,9.0,6.5
2026-09-16 07:00:00+00:00,10.0,7.175682544708252,11.0,8.5
2026-09-16 08:00:00+00:00,11.0,7.931564807891846,12.0,9.857142448425293
2026-09-16 09:00:00+00:00,12.0,7.4636921882629395,11.0,10.333333015441895
2026-09-16 10:00:00+00:00,13.0,7.6475725173950195,11.0,10.5
2026-09-16 11:00:00+00:00,14.0,7.586396217346191,11.0,12.0
2026-09-16 12:00:00+00:00,15.0,9.057437896728516,13.0,11.5
2026-09-16 13:00:00+00:00,16.0,8.791964530944824,13.0,10.166666984558105
2026-09-16 14:00:00+00:00,17.0,7.374622344970703,11.0,10.333333015441895
2026-09-16 15:00:00+00:00,18.0,6.678415298461914,10.0,9.0
2026-09-16 16:00:00+00:00,19.0,7.137302398681641,11.0,7.0
2026-09-16 17:00:00+00:00,20.0,6.897371292114258,11.0,5.25
2026-09-16 18:00:00+00:00,21.0,6.054301738739014,10.0,3.4285714626312256
2026-09-16 19:00:00+00:00,22.0,5.349006175994873,9.0,3.3333332538604736
2026-09-16 20:00:00+00:00,23.0,4.659244060516357,8.0,3.375
2026-09-16 21:00:00+00:00,24.0,4.06733512878418,7.0,5.599999904632568
2026-09-16 22:00:00+00:00,25.0,3.5250020027160645,6.0,6.800000190734863
2026-09-16 23:00:00+00:00,26.0,4.191405773162842,7.0,6.833333492279053
2026-09-17 00:00:00+00:00,27.0,4.905761241912842,8.0,5.75
2026-09-17 01:00:00+00:00,28.0,4.3782758712768555,7.0,7.166666507720947
2026-09-16 03:00:00+00:00,6.0,5.420837879180908,9.0,5.857142925262451
2026-09-16 04:00:00+00:00,7.0,6.142660617828369,10.0,6.142857074737549
2026-09-16 05:00:00+00:00,8.0,5.741244792938232,9.0,6.25
2026-09-16 06:00:00+00:00,9.0,5.880960464477539,9.0,6.5
2026-09-16 07:00:00+00:00,10.0,7.21021842956543,11.0,8.5
2026-09-16 08:00:00+00:00,11.0,7.942968368530273,12.0,9.857142448425293
2026-09-16 09:00:00+00:00,12.0,7.459334373474121,11.0,10.333333015441895
2026-09-16 10:00:00+00:00,13.0,7.629859924316406,11.0,10.5
2026-09-16 11:00:00+00:00,14.0,7.571776390075684,11.0,12.0
2026-09-16 12:00:00+00:00,15.0,8.994112968444824,13.0,11.5
2026-09-16 13:00:00+00:00,16.0,8.753681182861328,13.0,10.166666984558105
2026-09-16 14:00:00+00:00,17.0,7.3506951332092285,11.0,10.333333015441895
2026-09-16 15:00:00+00:00,18.0,6.667068958282471,10.0,9.0
2026-09-16 16:00:00+00:00,19.0,7.150581359863281,11.0,7.0
2026-09-16 17:00:00+00:00,20.0,6.923303604125977,11.0,5.25
2026-09-16 18:00:00+00:00,21.0,6.078434944152832,10.0,3.4285714626312256
2026-09-16 19:00:00+00:00,22.0,5.382941722869873,9.0,3.3333332538604736
2026-09-16 20:00:00+00:00,23.0,4.714473724365234,8.0,3.375
2026-09-16 21:00:00+00:00,24.0,4.123085021972656,7.0,5.599999904632568
2026-09-16 22:00:00+00:00,25.0,3.5880303382873535,6.0,6.800000190734863
2026-09-16 23:00:00+00:00,26.0,4.271369457244873,7.0,6.833333492279053
2026-09-17 00:00:00+00:00,27.0,5.008110046386719,8.0,5.75
2026-09-17 01:00:00+00:00,28.0,4.490911483764648,7.0,7.166666507720947
2026-09-17 02:00:00+00:00,29.0,5.90989875793457,9.0,10.800000190734863
2026-09-16 04:00:00+00:00,7.0,6.188247203826904,10.0,6.142857074737549
2026-09-16 05:00:00+00:00,8.0,5.781765937805176,9.0,6.25
2026-09-16 06:00:00+00:00,9.0,5.910139560699463,9.0,6.5
2026-09-16 07:00:00+00:00,10.0,7.226386070251465,11.0,8.5
2026-09-16 08:00:00+00:00,11.0,7.953979015350342,12.0,9.857142448425293
2026-09-16 09:00:00+00:00,12.0,7.465009689331055,11.0,10.333333015441895
2026-09-16 10:00:00+00:00,13.0,7.635805130004883,11.0,10.5
2026-09-16 11:00:00+00:00,14.0,7.57665491104126,11.0,12.0
2026-09-16 12:00:00+00:00,15.0,8.994166374206543,13.0,11.5
2026-09-16 13:00:00+00:00,16.0,8.75816822052002,13.0,10.166666984558105
2026-09-16 14:00:00+00:00,17.0,7.350169658660889,11.0,10.333333015441895
2026-09-16 15:00:00+00:00,18.0,6.666383266448975,10.0,9.0
2026-09-16 16:00:00+00:00,19.0,7.152867794036865,11.0,7.0
2026-09-16 17:00:00+00:00,20.0,6.945770740509033,11.0,5.25
2026-09-16 18:00:00+00:00,21.0,6.100368976593018,10.0,3.4285714626312256
2026-09-16 19:00:00+00:00,22.0,5.401763439178467,9.0,3.3333332538604736
2026-09-16 20:00:00+00:00,23.0,4.738749980926514,8.0,3.375
2026-09-16 21:00:00+00:00,24.0,4.154028415679932,7.0,5.599999904632568
2026-09-16 22:00:00+00:00,25.0,3.621161460876465,6.0,6.800000190734863
2026-09-16 23:00:00+00:00,26.0,4.321981906890869,7.0,6.833333492279053
2026-09-17 00:00:00+00:00,27.0,5.075436115264893,8.0,5.75
2026-09-17 01:00:00+00:00,28.0,4.559445858001709,7.0,7.166666507720947
2026-09-17 02:00:00+00:00,29.0,5.9576802253723145,9.0,10.800000190734863
2026-09-17 03:00:00+00:00,30.0,7.583240509033203,11.0,12.166666984558105
2026-09-16 05:00:00+00:00,8.0,5.813807964324951,9.0,6.25
2026-09-16 06:00:00+00:00,9.0,5.925497531890869,9.0,6.5
2026-09-16 07:00:00+00:00,10.0,7.240188121795654,11.0,8.5
2026-09-16 08:00:00+00:00,11.0,7.9659199714660645,12.0,9.857142448425293
2026-09-16 09:00:00+00:00,12.0,7.468632221221924,11.0,10.333333015441895
2026-09-16 10:00:00+00:00,13.0,7.647949695587158,11.0,10.5
2026-09-16 11:00:00+00:00,14.0,7.587608814239502,11.0,12.0
2026-09-16 12:00:00+00:00,15.0,9.003427505493164,13.0,11.5
2026-09-16 13:00:00+00:00,16.0,8.769362449645996,13.0,10.166666984558105
2026-09-16 14:00:00+00:00,17.0,7.3583502769470215,11.0,10.333333015441895
2026-09-16 15:00:00+00:00,18.0,6.672286510467529,10.0,9.0
2026-09-16 16:00:00+00:00,19.0,7.16291618347168,11.0,7.0
2026-09-16 17:00:00+00:00,20.0,6.9649810791015625,11.0,5.25
2026-09-16 18:00:00+00:00,21.0,6.1206183433532715,10.0,3.4285714626312256
2026-09-16 19:00:00+00:00,22.0,5.418398857116699,9.0,3.3333332538604736
2026-09-16 20:00:00+00:00,23.0,4.758493900299072,8.0,3.375
2026-09-16 21:00:00+00:00,24.0,4.174017906188965,7.0,5.599999904632568
2026-09-16 22:00:00+00:00,25.0,3.648738384246826,6.0,6.800000190734863
2026-09-16 23:00:00+00:00,26.0,4.3662428855896,7.0,6.833333492279053
2026-09-17 00:00:00+00:00,27.0,5.134391784667969,8.0,5.75
2026-09-17 01:00:00+00:00,28.0,4.614232063293457,7.0,7.166666507720947
2026-09-17 02:00:00+00:00,29.0,6.005906581878662,9.0,10.800000190734863
2026-09-17 03:00:00+00:00,30.0,7.613912105560303,11.0,12.166666984558105
2026-09-17 04:00:00+00:00,31.0,7.841470241546631,11.0,14.0
2026-09-16 06:00:00+00:00,9.0,5.9239044189453125,9.0,6.5
2026-09-16 07:00:00+00:00,10.0,7.23328161239624,11.0,8.5
2026-09-16 08:00:00+00:00,11.0,7.957965850830078,12.0,9.857142448425293
2026-09-16 09:00:00+00:00,12.0,7.467587471008301,11.0,10.333333015441895
2026-09-16 10:00:00+00:00,13.0,7.657192707061768,11.0,10.5
2026-09-16 11:00:00+00:00,14.0,7.597604274749756,11.0,12.0
2026-09-16 12:00:00+00:00,15.0,9.013678550720215,13.0,11.5
2026-09-16 13:00:00+00:00,16.0,8.777353286743164,13.0,10.166666984558105
2026-09-16 14:00:00+00:00,17.0,7.364386558532715,11.0,10.333333015441895
2026-09-16 15:00:00+00:00,18.0,6.678868770599365,10.0,9.0
2026-09-16 16:00:00+00:00,19.0,7.169193744659424,11.0,7.0
2026-09-16 17:00:00+00:00,20.0,6.97106409072876,11.0,5.25
2026-09-16 18:00:00+00:00,21.0,6.123969554901123,10.0,3.4285714626312256
2026-09-16 19:00:00+00:00,22.0,5.425062656402588,9.0,3.3333332538604736
2026-09-16 20:00:00+00:00,23.0,4.762206554412842,8.0,3.375
2026-09-16 21:00:00+00:00,24.0,4.179445743560791,7.0,5.599999904632568
2026-09-16 22:00:00+00:00,25.0,3.6567041873931885,6.0,6.800000190734863
2026-09-16 23:00:00+00:00,26.0,4.379434585571289,7.0,6.833333492279053
2026-09-17 00:00:00+00:00,27.0,5.157875061035156,8.0,5.75
2026-09-17 01:00:00+00:00,28.0,4.632723808288574,7.0,7.166666507720947
2026-09-17 02:00:00+00:00,29.0,6.027154922485352,9.0,10.800000190734863
2026-09-17 03:00:00+00:00,30.0,7.625006198883057,11.0,12.166666984558105
2026-09-17 04:00:00+00:00,31.0,7.8562164306640625,11.0,14.0
2026-09-17 05:00:00+00:00,32.0,10.341554641723633,14.0,14.600000381469727
2026-09-16 07:00:00+00:00,1.0,6.484367370605469,9.0,8.5
2026-09-16 08:00:00+00:00,2.0,8.150734901428223,12.0,9.857142448425293
2026-09-16 09:00:00+00:00,3.0,8.59121322631836,12.0,10.333333015441895
2026-09-16 10:00:00+00:00,4.0,8.357762336730957,12.0,10.5
2026-09-16 11:00:00+00:00,5.0,8.295275688171387,12.0,12.0
2026-09-16 12:00:00+00:00,6.0,8.779285430908203,13.0,11.5
2026-09-16 13:00:00+00:00,7.0,10.408085823059082,15.0,10.166666984558105
2026-09-16 14:00:00+00:00,8.0,8.758393287658691,13.0,10.333333015441895
2026-09-16 15:00:00+00:00,9.0,7.3511810302734375,11.0,9.0
2026-09-16 16:00:00+00:00,10.0,7.842761993408203,12.0,7.0
2026-09-16 17:00:00+00:00,11.0,7.073151111602783,11.0,5.25
2026-09-16 18:00:00+00:00,12.0,6.2016825675964355,10.0,3.4285714626312256
2026-09-16 19:00:00+00:00,13.0,5.993322849273682,10.0,3.3333332538604736
2026-09-16 20:00:00+00:00,14.0,4.188039779663086,7.0,3.375
2026-09-16 21:00:00+00:00,15.0,3.0958786010742188,5.0,5.599999904632568
2026-09-16 22:00:00+00:00,16.0,3.119218111038208,5.0,6.800000190734863
2026-09-16 23:00:00+00:00,17.0,2.6007790565490723,4.0,6.833333492279053
2026-09-17 00:00:00+00:00,18.0,6.000741004943848,10.0,5.75
2026-09-17 01:00:00+00:00,19.0,5.003647327423096,8.0,7.166666507720947
2026-09-17 02:00:00+00:00,20.0,7.217244625091553,11.0,10.800000190734863
2026-09-17 03:00:00+00:00,21.0,6.329171180725098,9.0,12.166666984558105
2026-09-17 04:00:00+00:00,22.0,7.095684051513672,10.0,14.0
2026-09-17 05:00:00+00:00,23.0,8.162628173828125,11.0,14.600000381469727
2026-09-17 06:00:00+00:00,24.0,11.597050666809082,16.0,18.33333396911621
2026-09-16 08:00:00+00:00,1.0,7.401230335235596,11.0,9.857142448425293
2026-09-16 09:00:00+00:00,2.0,7.642031669616699,11.0,10.333333015441895
2026-09-16 10:00:00+00:00,3.0,8.492692947387695,12.0,10.5
2026-09-16 11:00:00+00:00,4.0,9.426807403564453,13.0,12.0
2026-09-16 12:00:00+00:00,5.0,9.287251472473145,13.0,11.5
2026-09-16 13:00:00+00:00,6.0,8.245312690734863,12.0,10.166666984558105
2026-09-16 14:00:00+00:00,7.0,8.146462440490723,12.0,10.333333015441895
2026-09-16 15:00:00+00:00,8.0,7.440962791442871,11.0,9.0
2026-09-16 16:00:00+00:00,9.0,7.273695945739746,11.0,7.0
2026-09-16 17:00:00+00:00,10.0,6.474120140075684,10.0,5.25
2026-09-16 18:00:00+00:00,11.0,5.609092712402344,9.0,3.4285714626312256
2026-09-16 19:00:00+00:00,12.0,5.388326644897461,9.0,3.3333332538604736
2026-09-16 20:00:00+00:00,13.0,4.169265270233154,7.0,3.375
2026-09-16 21:00:00+00:00,14.0,3.607930898666382,6.0,5.599999904632568
2026-09-16 22:00:00+00:00,15.0,3.5622451305389404,6.0,6.800000190734863
2026-09-16 23:00:00+00:00,16.0,3.6687185764312744,6.0,6.833333492279053
2026-09-17 00:00:00+00:00,17.0,3.4088473320007324,5.0,5.75
2026-09-17 01:00:00+00:00,18.0,5.398257255554199,9.0,7.166666507720947
2026-09-17 02:00:00+00:00,19.0,5.684616565704346,9.0,10.800000190734863
2026-09-17 03:00:00+00:00,20.0,5.713820934295654,8.0,12.166666984558105
2026-09-17 04:00:00+00:00,21.0,6.96404504776001,10.0,14.0
2026-09-17 05:00:00+00:00,22.0,8.044361114501953,11.0,14.600000381469727
2026-09-17 06:00:00+00:00,23.0,11.82326602935791,16.0,18.33333396911621
2026-09-17 07:00:00+00:00,24.0,12.228923797607422,16.0,18.33333396911621
2026-09-16 09:00:00+00:00,1.0,7.69622802734375,10.0,10.333333015441895
2026-09-16 10:00:00+00:00,2.0,8.565390586853027,12.0,10.5
2026-09-16 11:00:00+00:00,3.0,10.061761856079102,14.0,12.0
2026-09-16 12:00:00+00:00,4.0,8.858107566833496,12.0,11.5
2026-09-16 13:00:00+00:00,5.0,9.194101333618164,13.0,10.166666984558105
2026-09-16 14:00:00+00:00,6.0,7.770569324493408,11.0,10.333333015441895
2026-09-16 15:00:00+00:00,7.0,7.618740558624268,11.0,9.0
2026-09-16 16:00:00+00:00,8.0,7.353928565979004,11.0,7.0
2026-09-16 17:00:00+00:00,9.0,6.657145023345947,10.0,5.25
2026-09-16 18:00:00+00:00,10.0,6.36169958114624,10.0,3.4285714626312256
2026-09-16 19:00:00+00:00,11.0,5.534647464752197,9.0,3.3333332538604736
2026-09-16 20:00:00+00:00,12.0,3.6903200149536133,6.0,3.375
2026-09-16 21:00:00+00:00,13.0,3.1321613788604736,5.0,5.599999904632568
2026-09-16 22:00:00+00:00,14.0,3.8361430168151855,6.0,6.800000190734863
2026-09-16 23:00:00+00:00,15.0,5.0255303382873535,8.0,6.833333492279053
2026-09-17 00:00:00+00:00,16.0,4.416213035583496,7.0,5.75
2026-09-17 01:00:00+00:00,17.0,5.716237545013428,9.0,7.166666507720947
2026-09-17 02:00:00+00:00,18.0,4.8874077796936035,7.0,10.800000190734863
2026-09-17 03:00:00+00:00,19.0,7.015470504760742,10.0,12.166666984558105
2026-09-17 04:00:00+00:00,20.0,8.036463737487793,11.0,14.0
2026-09-17 05:00:00+00:00,21.0,7.605268478393555,10.0,14.600000381469727
2026-09-17 06:00:00+00:00,22.0,11.657525062561035,16.0,18.33333396911621
2026-09-17 07:00:00+00:00,23.0,12.206131935119629,16.0,18.33333396911621
2026-09-17 08:00:00+00:00,24.0,13.307278633117676,17.0,17.0
2026-09-16 10:00:00+00:00,1.0,9.379449844360352,13.0,10.5
2026-09-16 11:00:00+00:00,2.0,8.091187477111816,11.0,12.0
2026-09-16 12:00:00+00:00,3.0,8.483322143554688,12.0,11.5
2026-09-16 13:00:00+00:00,4.0,9.912579536437988,14.0,10.166666984558105
2026-09-16 14:00:00+00:00,5.0,8.39201545715332,12.0,10.333333015441895
2026-09-16 15:00:00+00:00,6.0,8.192090034484863,12.0,9.0
2026-09-16 16:00:00+00:00,7.0,7.386035442352295,11.0,7.0
2026-09-16 17:00:00+00:00,8.0,6.592974662780762,10.0,5.25
2026-09-16 18:00:00+00:00,9.0,5.801143169403076,9.0,3.4285714626312256
2026-09-16 19:00:00+00:00,10.0,5.002769947052002,8.0,3.3333332538604736
2026-09-16 20:00:00+00:00,11.0,3.6643338203430176,6.0,3.375
2026-09-16 21:00:00+00:00,12.0,3.7871971130371094,6.0,5.599999904632568
2026-09-16 22:00:00+00:00,13.0,4.482602596282959,7.0,6.800000190734863
2026-09-16 23:00:00+00:00,14.0,5.1839704513549805,8.0,6.833333492279053
2026-09-17 00:00:00+00:00,15.0,5.0367207527160645,8.0,5.75
2026-09-17 01:00:00+00:00,16.0,6.343503952026367,9.0,7.166666507720947
2026-09-17 02:00:00+00:00,17.0,6.722066402435303,10.0,10.800000190734863
2026-09-17 03:00:00+00:00,18.0,5.110790252685547,7.0,12.166666984558105
2026-09-17 04:00:00+00:00,19.0,7.522611141204834,10.0,14.0
2026-09-17 05:00:00+00:00,20.0,7.70544958114624,10.0,14.600000381469727
2026-09-17 06:00:00+00:00,21.0,12.524136543273926,17.0,18.33333396911621
2026-09-17 07:00:00+00:00,22.0,11.458549499511719,15.0,18.33333396911621
2026-09-17 08:00:00+00:00,23.0,14.307123184204102,18.0,17.0
2026-09-17 09:00:00+00:00,24.0,14.025411605834961,16.0,17.16666603088379
2026-09-16 11:00:00+00:00,1.0,9.588504791259766,13.0,12.0
2026-09-16 12:00:00+00:00,2.0,7.766037464141846,11.0,11.5
2026-09-16 13:00:00+00:00,3.0,9.041243553161621,13.0,10.166666984558105
2026-09-16 14:00:00+00:00,4.0,7.50855016708374,11.0,10.333333015441895
2026-09-16 15:00:00+00:00,5.0,8.069241523742676,12.0,9.0
2026-09-16 16:00:00+00:00,6.0,7.324705123901367,11.0,7.0
2026-09-16 17:00:00+00:00,7.0,5.9291911125183105,9.0,5.25
2026-09-16 18:00:00+00:00,8.0,5.703300952911377,9.0,3.4285714626312256
2026-09-16 19:00:00+00:00,9.0,4.891580104827881,8.0,3.3333332538604736
2026-09-16 20:00:00+00:00,10.0,3.7253735065460205,6.0,3.375
2026-09-16 21:00:00+00:00,11.0,3.689818859100342,6.0,5.599999904632568
2026-09-16 22:00:00+00:00,12.0,3.8252828121185303,6.0,6.800000190734863
2026-09-16 23:00:00+00:00,13.0,6.249972343444824,10.0,6.833333492279053
2026-09-17 00:00:00+00:00,14.0,5.50335693359375,9.0,5.75
2026-09-17 01:00:00+00:00,15.0,5.25289249420166,8.0,7.166666507720947
2026-09-17 02:00:00+00:00,16.0,7.609380722045898,11.0,10.800000190734863
2026-09-17 03:00:00+00:00,17.0,7.892261028289795,11.0,12.166666984558105
2026-09-17 04:00:00+00:00,18.0,7.438629627227783,10.0,14.0
2026-09-17 05:00:00+00:00,19.0,9.141742706298828,12.0,14.600000381469727
2026-09-17 06:00:00+00:00,20.0,13.413946151733398,18.0,18.33333396911621
2026-09-17 07:00:00+00:00,21.0,12.260093688964844,16.0,18.33333396911621
2026-09-17 08:00:00+00:00,22.0,13.042546272277832,16.0,17.0
2026-09-17 09:00:00+00:00,23.0,12.916675567626953,15.0,17.16666603088379
2026-09-17 10:00:00+00:00,24.0,13.82689094543457,16.0,16.83333396911621
2026-09-16 12:00:00+00:00,1.0,9.27720832824707,12.0,11.5
2026-09-16 13:00:00+00:00,2.0,9.660837173461914,13.0,10.166666984558105
2026-09-16 14:00:00+00:00,3.0,8.55064582824707,12.0,10.333333015441895
2026-09-16 15:00:00+00:00,4.0,8.342105865478516,12.0,9.0
2026-09-16 16:00:00+00:00,5.0,7.5395402908325195,11.0,7.0
2026-09-16 17:00:00+00:00,6.0,6.087018966674805,9.0,5.25
2026-09-16 18:00:00+00:00,7.0,5.218725681304932,8.0,3.4285714626312256
2026-09-16 19:00:00+00:00,8.0,4.407761573791504,7.0,3.3333332538604736
2026-09-16 20:00:00+00:00,9.0,3.1841373443603516,5.0,3.375
2026-09-16 21:00:00+00:00,10.0,4.416695594787598,7.0,5.599999904632568
2026-09-16 22:00:00+00:00,11.0,2.7404181957244873,4.0,6.800000190734863
2026-09-16 23:00:00+00:00,12.0,4.388360500335693,7.0,6.833333492279053
2026-09-17 00:00:00+00:00,13.0,4.992599010467529,8.0,5.75
2026-09-17 01:00:00+00:00,14.0,4.019934177398682,6.0,7.166666507720947
2026-09-17 02:00:00+00:00,15.0,7.09205436706543,10.0,10.800000190734863
2026-09-17 03:00:00+00:00,16.0,6.529390811920166,9.0,12.166666984558105
2026-09-17 04:00:00+00:00,17.0,6.6461663246154785,9.0,14.0
2026-09-17 05:00:00+00:00,18.0,8.460549354553223,11.0,14.600000381469727
2026-09-17 06:00:00+00:00,19.0,12.818634986877441,17.0,18.33333396911621
2026-09-17 07:00:00+00:00,20.0,11.600000381469727,15.0,18.33333396911621
2026-09-17 08:00:00+00:00,21.0,13.678929328918457,17.0,17.0
2026-09-17 09:00:00+00:00,22.0,12.401341438293457,14.0,17.16666603088379
2026-09-17 10:00:00+00:00,23.0,13.340326309204102,15.0,16.83333396911621
2026-09-17 11:00:00+00:00,24.0,14.401111602783203,16.0,17.0
2026-09-16 13:00:00+00:00,1.0,9.551419258117676,13.0,10.166666984558105
2026-09-16 14:00:00+00:00,2.0,8.611431121826172,12.0,10.333333015441895
2026-09-16 15:00:00+00:00,3.0,7.619833946228027,11.0,9.0
2026-09-16 16:00:00+00:00,4.0,7.407144069671631,11.0,7.0
2026-09-16 17:00:00+00:00,5.0,7.265832424163818,11.0,5.25
2026-09-16 18:00:00+00:00,6.0,6.459835529327393,10.0,3.4285714626312256
2026-09-16 19:00:00+00:00,7.0,5.938520431518555,9.0,3.3333332538604736
2026-09-16 20:00:00+00:00,8.0,4.931005477905273,8.0,3.375
2026-09-16 21:00:00+00:00,9.0,3.7188050746917725,6.0,5.599999904632568
2026-09-16 22:00:00+00:00,10.0,3.8374311923980713,6.0,6.800000190734863
2026-09-16 23:00:00+00:00,11.0,5.789933681488037,9.0,6.833333492279053
2026-09-17 00:00:00+00:00,12.0,5.887684345245361,9.0,5.75
2026-09-17 01:00:00+00:00,13.0,5.932004451751709,9.0,7.166666507720947
2026-09-17 02:00:00+00:00,14.0,7.204962730407715,10.0,10.800000190734863
2026-09-17 03:00:00+00:00,15.0,6.699991226196289,9.0,12.166666984558105
2026-09-17 04:00:00+00:00,16.0,7.597162246704102,10.0,14.0
2026-09-17 05:00:00+00:00,17.0,7.729004383087158,10.0,14.600000381469727
2026-09-17 06:00:00+00:00,18.0,12.388482093811035,16.0,18.33333396911621
2026-09-17 07:00:00+00:00,19.0,11.356697082519531,15.0,18.33333396911621
2026-09-17 08:00:00+00:00,20.0,13.028702735900879,16.0,17.0
2026-09-17 09:00:00+00:00,21.0,14.15464973449707,16.0,17.16666603088379
2026-09-17 10:00:00+00:00,22.0,13.392448425292969,15.0,16.83333396911621
2026-09-17 11:00:00+00:00,23.0,13.627484321594238,15.0,17.0
2026-09-17 12:00:00+00:00,24.0,12.51347541809082,14.0,18.399999618530273
2026-09-16 14:00:00+00:00,1.0,7.20816707611084,10.0,10.333333015441895
2026-09-16 15:00:00+00:00,2.0,8.282452583312988,12.0,9.0
2026-09-16 16:00:00+00:00,3.0,7.460536956787109,11.0,7.0
2026-09-16 17:00:00+00:00,4.0,6.0763139724731445,9.0,5.25
2026-09-16 18:00:00+00:00,5.0,5.1865949630737305,8.0,3.4285714626312256
2026-09-16 19:00:00+00:00,6.0,4.427657604217529,7.0,3.3333332538604736
2026-09-16 20:00:00+00:00,7.0,3.2007405757904053,5.0,3.375
2026-09-16 21:00:00+00:00,8.0,3.972771406173706,6.0,5.599999904632568
2026-09-16 22:00:00+00:00,9.0,4.707659721374512,7.0,6.800000190734863
2026-09-16 23:00:00+00:00,10.0,4.511191368103027,7.0,6.833333492279053
2026-09-17 00:00:00+00:00,11.0,5.077564716339111,8.0,5.75
2026-09-17 01:00:00+00:00,12.0,5.3976898193359375,8.0,7.166666507720947
2026-09-17 02:00:00+00:00,13.0,7.285584926605225,10.0,10.800000190734863
2026-09-17 03:00:00+00:00,14.0,6.646036624908447,9.0,12.166666984558105
2026-09-17 04:00:00+00:00,15.0,9.114078521728516,12.0,14.0
2026-09-17 05:00:00+00:00,16.0,10.657784461975098,14.0,14.600000381469727
2026-09-17 06:00:00+00:00,17.0,12.272054672241211,16.0,18.33333396911621
2026-09-17 07:00:00+00:00,18.0,12.503371238708496,16.0,18.33333396911621
2026-09-17 08:00:00+00:00,19.0,13.16740608215332,16.0,17.0
2026-09-17 09:00:00+00:00,20.0,13.09412670135498,15.0,17.16666603088379
2026-09-17 10:00:00+00:00,21.0,14.07165241241455,16.0,16.83333396911621
2026-09-17 11:00:00+00:00,22.0,13.438698768615723,15.0,17.0
2026-09-17 12:00:00+00:00,23.0,13.826189041137695,16.0,18.399999618530273
2026-09-17 13:00:00+00:00,24.0,14.15340518951416,16.0,17.5
2026-09-16 15:00:00+00:00,1.0,8.407702445983887,12.0,9.0
2026-09-16 16:00:00+00:00,2.0,7.470962047576904,11.0,7.0
2026-09-16 17:00:00+00:00,3.0,6.126992702484131,9.0,5.25
2026-09-16 18:00:00+00:00,4.0,4.707912921905518,7.0,3.4285714626312256
2026-09-16 19:00:00+00:00,5.0,3.8523778915405273,6.0,3.3333332538604736
2026-09-16 20:00:00+00:00,6.0,3.2444276809692383,5.0,3.375
2026-09-16 21:00:00+00:00,7.0,3.9464399814605713,6.0,5.599999904632568
2026-09-16 22:00:00+00:00,8.0,6.598008632659912,10.0,6.800000190734863
2026-09-16 23:00:00+00:00,9.0,7.164425373077393,11.0,6.833333492279053
2026-09-17 00:00:00+00:00,10.0,5.23118257522583,8.0,5.75
2026-09-17 01:00:00+00:00,11.0,7.892005443572998,11.0,7.166666507720947
2026-09-17 02:00:00+00:00,12.0,7.362958908081055,10.0,10.800000190734863
2026-09-17 03:00:00+00:00,13.0,8.276601791381836,11.0,12.166666984558105
2026-09-17 04:00:00+00:00,14.0,9.16199016571045,12.0,14.0
2026-09-17 05:00:00+00:00,15.0,11.063427925109863,14.0,14.600000381469727
2026-09-17 06:00:00+00:00,16.0,13.682223320007324,18.0,18.33333396911621
2026-09-17 07:00:00+00:00,17.0,13.413594245910645,17.0,18.33333396911621
2026-09-17 08:00:00+00:00,18.0,13.224438667297363,16.0,17.0
2026-09-17 09:00:00+00:00,19.0,14.108242988586426,16.0,17.16666603088379
2026-09-17 10:00:00+00:00,20.0,14.346723556518555,16.0,16.83333396911621
2026-09-17 11:00:00+00:00,21.0,13.319329261779785,15.0,17.0
2026-09-17 12:00:00+00:00,22.0,12.906220436096191,15.0,18.399999618530273
2026-09-17 13:00:00+00:00,23.0,13.251023292541504,15.0,17.5
2026-09-17 14:00:00+00:00,24.0,12.78140640258789,15.0,20.799999237060547
2026-09-16 16:00:00+00:00,1.0,7.531421661376953,11.0,7.0
2026-09-16 17:00:00+00:00,2.0,6.666264533996582,10.0,5.25
2026-09-16 18:00:00+00:00,3.0,5.875510215759277,9.0,3.4285714626312256
2026-09-16 19:00:00+00:00,4.0,4.503391742706299,7.0,3.3333332538604736
2026-09-16 20:00:00+00:00,5.0,4.327264785766602,7.0,3.375
2026-09-16 21:00:00+00:00,6.0,3.255441427230835,5.0,5.599999904632568
2026-09-16 22:00:00+00:00,7.0,4.705565452575684,7.0,6.800000190734863
2026-09-16 23:00:00+00:00,8.0,5.375138759613037,8.0,6.833333492279053
2026-09-17 00:00:00+00:00,9.0,6.455186367034912,10.0,5.75
2026-09-17 01:00:00+00:00,10.0,7.562062740325928,11.0,7.166666507720947
2026-09-17 02:00:00+00:00,11.0,7.889416217803955,11.0,10.800000190734863
2026-09-17 03:00:00+00:00,12.0,6.788748741149902,9.0,12.166666984558105
2026-09-17 04:00:00+00:00,13.0,9.074053764343262,12.0,14.0
2026-09-17 05:00:00+00:00,14.0,10.274027824401855,13.0,14.600000381469727
2026-09-17 06:00:00+00:00,15.0,10.507759094238281,13.0,18.33333396911621
2026-09-17 07:00:00+00:00,16.0,12.652935981750488,16.0,18.33333396911621
2026-09-17 08:00:00+00:00,17.0,13.064271926879883,16.0,17.0
2026-09-17 09:00:00+00:00,18.0,13.093790054321289,15.0,17.16666603088379
2026-09-17 10:00:00+00:00,19.0,14.335214614868164,16.0,16.83333396911621
2026-09-17 11:00:00+00:00,20.0,14.347436904907227,16.0,17.0
2026-09-17 12:00:00+00:00,21.0,13.738183975219727,15.0,18.399999618530273
2026-09-17 13:00:00+00:00,22.0,13.344782829284668,15.0,17.5
2026-09-17 14:00:00+00:00,23.0,14.41248893737793,16.0,20.799999237060547
2026-09-17 15:00:00+00:00,24.0,17.201969146728516,19.0,18.428571701049805
2026-09-16 17:00:00+00:00,1.0,6.095475196838379,9.0,5.25
2026-09-16 18:00:00+00:00,2.0,5.144410133361816,8.0,3.4285714626312256
2026-09-16 19:00:00+00:00,3.0,4.364385604858398,7.0,3.3333332538604736
2026-09-16 20:00:00+00:00,4.0,3.805959463119507,6.0,3.375
2026-09-16 21:00:00+00:00,5.0,3.2701926231384277,5.0,5.599999904632568
2026-09-16 22:00:00+00:00,6.0,3.959832191467285,6.0,6.800000190734863
2026-09-16 23:00:00+00:00,7.0,4.815430641174316,7.0,6.833333492279053
2026-09-17 00:00:00+00:00,8.0,4.578330039978027,7.0,5.75
2026-09-17 01:00:00+00:00,9.0,6.795435428619385,10.0,7.166666507720947
2026-09-17 02:00:00+00:00,10.0,6.563910007476807,9.0,10.800000190734863
2026-09-17 03:00:00+00:00,11.0,8.01585865020752,11.0,12.166666984558105
2026-09-17 04:00:00+00:00,12.0,9.11180591583252,12.0,14.0
2026-09-17 05:00:00+00:00,13.0,10.188653945922852,13.0,14.600000381469727
2026-09-17 06:00:00+00:00,14.0,13.642707824707031,18.0,18.33333396911621
2026-09-17 07:00:00+00:00,15.0,11.832959175109863,15.0,18.33333396911621
2026-09-17 08:00:00+00:00,16.0,13.004124641418457,16.0,17.0
2026-09-17 09:00:00+00:00,17.0,14.03335189819336,16.0,17.16666603088379
2026-09-17 10:00:00+00:00,18.0,14.084381103515625,16.0,16.83333396911621
2026-09-17 11:00:00+00:00,19.0,13.413530349731445,15.0,17.0
2026-09-17 12:00:00+00:00,20.0,15.236717224121094,18.0,18.399999618530273
2026-09-17 13:00:00+00:00,21.0,14.352740287780762,16.0,17.5
2026-09-17 14:00:00+00:00,22.0,16.953449249267578,20.0,20.799999237060547
2026-09-17 15:00:00+00:00,23.0,13.523871421813965,15.0,18.428571701049805
2026-09-17 16:00:00+00:00,24.0,16.051334381103516,19.0,14.666666984558105
2026-09-16 18:00:00+00:00,1.0,4.690181255340576,7.0,3.4285714626312256
2026-09-16 19:00:00+00:00,2.0,4.350104331970215,7.0,3.3333332538604736
2026-09-16 20:00:00+00:00,3.0,3.805306911468506,6.0,3.375
2026-09-16 21:00:00+00:00,4.0,3.8639793395996094,6.0,5.599999904632568
2026-09-16 22:00:00+00:00,5.0,5.685368537902832,9.0,6.800000190734863
2026-09-16 23:00:00+00:00,6.0,6.282480716705322,10.0,6.833333492279053
2026-09-17 00:00:00+00:00,7.0,5.798908233642578,9.0,5.75
2026-09-17 01:00:00+00:00,8.0,7.605578899383545,11.0,7.166666507720947
2026-09-17 02:00:00+00:00,9.0,4.597282409667969,6.0,10.800000190734863
2026-09-17 03:00:00+00:00,10.0,8.017528533935547,11.0,12.166666984558105
2026-09-17 04:00:00+00:00,11.0,8.26830768585205,11.0,14.0
2026-09-17 05:00:00+00:00,12.0,9.893539428710938,13.0,14.600000381469727
2026-09-17 06:00:00+00:00,13.0,11.776985168457031,15.0,18.33333396911621
2026-09-17 07:00:00+00:00,14.0,13.269842147827148,17.0,18.33333396911621
2026-09-17 08:00:00+00:00,15.0,13.094346046447754,16.0,17.0
2026-09-17 09:00:00+00:00,16.0,14.013486862182617,16.0,17.16666603088379
2026-09-17 10:00:00+00:00,17.0,14.185407638549805,16.0,16.83333396911621
2026-09-17 11:00:00+00:00,18.0,14.234073638916016,16.0,17.0
2026-09-17 12:00:00+00:00,19.0,14.333176612854004,16.0,18.399999618530273
2026-09-17 13:00:00+00:00,20.0,13.93947696685791,16.0,17.5
2026-09-17 14:00:00+00:00,21.0,16.664386749267578,19.0,20.799999237060547
2026-09-17 15:00:00+00:00,22.0,16.725730895996094,19.0,18.428571701049805
2026-09-17 16:00:00+00:00,23.0,15.792314529418945,18.0,14.666666984558105
2026-09-17 17:00:00+00:00,24.0,9.516329765319824,13.0,13.333333015441895
2026-09-16 19:00:00+00:00,1.0,3.8232581615448,6.0,3.3333332538604736
2026-09-16 20:00:00+00:00,2.0,3.6352531909942627,6.0,3.375
2026-09-16 21:00:00+00:00,3.0,2.6627867221832275,4.0,5.599999904632568
2026-09-16 22:00:00+00:00,4.0,3.2185781002044678,5.0,6.800000190734863
2026-09-16 23:00:00+00:00,5.0,3.768270254135132,6.0,6.833333492279053
2026-09-17 00:00:00+00:00,6.0,6.263105869293213,10.0,5.75
2026-09-17 01:00:00+00:00,7.0,6.4301300048828125,10.0,7.166666507720947
2026-09-17 02:00:00+00:00,8.0,5.510453224182129,8.0,10.800000190734863
2026-09-17 03:00:00+00:00,9.0,7.969582557678223,11.0,12.166666984558105
2026-09-17 04:00:00+00:00,10.0,8.191805839538574,11.0,14.0
2026-09-17 05:00:00+00:00,11.0,11.076319694519043,15.0,14.600000381469727
2026-09-17 06:00:00+00:00,12.0,13.926057815551758,18.0,18.33333396911621
2026-09-17 07:00:00+00:00,13.0,13.230020523071289,17.0,18.33333396911621
2026-09-17 08:00:00+00:00,14.0,13.043986320495605,16.0,17.0
2026-09-17 09:00:00+00:00,15.0,14.167737007141113,16.0,17.16666603088379
2026-09-17 10:00:00+00:00,16.0,14.224016189575195,16.0,16.83333396911621
2026-09-17 11:00:00+00:00,17.0,14.337250709533691,16.0,17.0
2026-09-17 12:00:00+00:00,18.0,13.343192100524902,15.0,18.399999618530273
2026-09-17 13:00:00+00:00,19.0,13.312334060668945,15.0,17.5
2026-09-17 14:00:00+00:00,20.0,15.529924392700195,18.0,20.799999237060547
2026-09-17 15:00:00+00:00,21.0,15.676068305969238,18.0,18.428571701049805
2026-09-17 16:00:00+00:00,22.0,16.04743194580078,19.0,14.666666984558105
2026-09-17 17:00:00+00:00,23.0,10.179777145385742,13.0,13.333333015441895
2026-09-17 18:00:00+00:00,24.0,9.446638107299805,14.0,10.75
2026-09-16 20:00:00+00:00,1.0,3.017533779144287,5.0,3.375
2026-09-16 21:00:00+00:00,2.0,3.087616205215454,5.0,5.599999904632568
2026-09-16 22:00:00+00:00,3.0,3.7419166564941406,6.0,6.800000190734863
2026-09-16 23:00:00+00:00,4.0,2.004401922225952,3.0,6.833333492279053
2026-09-17 00:00:00+00:00,5.0,5.728587627410889,9.0,5.75
2026-09-17 01:00:00+00:00,6.0,5.1323018074035645,8.0,7.166666507720947
2026-09-17 02:00:00+00:00,7.0,7.511468887329102,11.0,10.800000190734863
2026-09-17 03:00:00+00:00,8.0,7.068385601043701,10.0,12.166666984558105
2026-09-17 04:00:00+00:00,9.0,8.06557846069336,11.0,14.0
2026-09-17 05:00:00+00:00,10.0,9.971330642700195,13.0,14.600000381469727
2026-09-17 06:00:00+00:00,11.0,13.697684288024902,18.0,18.33333396911621
2026-09-17 07:00:00+00:00,12.0,12.48561954498291,16.0,18.33333396911621
2026-09-17 08:00:00+00:00,13.0,12.92236042022705,16.0,17.0
2026-09-17 09:00:00+00:00,14.0,15.363134384155273,18.0,17.16666603088379
2026-09-17 10:00:00+00:00,15.0,14.177789688110352,16.0,16.83333396911621
2026-09-17 11:00:00+00:00,16.0,14.073291778564453,16.0,17.0
2026-09-17 12:00:00+00:00,17.0,14.396759033203125,17.0,18.399999618530273
2026-09-17 13:00:00+00:00,18.0,13.927765846252441,16.0,17.5
2026-09-17 14:00:00+00:00,19.0,13.063676834106445,15.0,20.799999237060547
2026-09-17 15:00:00+00:00,20.0,13.248893737792969,15.0,18.428571701049805
2026-09-17 16:00:00+00:00,21.0,14.453782081604004,17.0,14.666666984558105
2026-09-17 17:00:00+00:00,22.0,10.719388008117676,14.0,13.333333015441895
2026-09-17 18:00:00+00:00,23.0,10.16769790649414,15.0,10.75
2026-09-17 19:00:00+00:00,24.0,9.492639541625977,15.0,3.4000000953674316
2026-09-16 21:00:00+00:00,1.0,4.989530563354492,8.0,5.599999904632568
2026-09-16 22:00:00+00:00,2.0,5.498640537261963,9.0,6.800000190734863
2026-09-16 23:00:00+00:00,3.0,5.49880313873291,9.0,6.833333492279053
2026-09-17 00:00:00+00:00,4.0,6.188303470611572,10.0,5.75
2026-09-17 01:00:00+00:00,5.0,4.636933326721191,7.0,7.166666507720947
2026-09-17 02:00:00+00:00,6.0,6.840929985046387,10.0,10.800000190734863
2026-09-17 03:00:00+00:00,7.0,6.894978046417236,10.0,12.166666984558105
2026-09-17 04:00:00+00:00,8.0,8.916817665100098,12.0,14.0
2026-09-17 05:00:00+00:00,9.0,11.91452407836914,16.0,14.600000381469727
2026-09-17 06:00:00+00:00,10.0,13.983016014099121,18.0,18.33333396911621
2026-09-17 07:00:00+00:00,11.0,13.575018882751465,17.0,18.33333396911621
2026-09-17 08:00:00+00:00,12.0,13.13520336151123,16.0,17.0
2026-09-17 09:00:00+00:00,13.0,13.510586738586426,15.0,17.16666603088379
2026-09-17 10:00:00+00:00,14.0,14.55565357208252,16.0,16.83333396911621
2026-09-17 11:00:00+00:00,15.0,16.324949264526367,18.0,17.0
2026-09-17 12:00:00+00:00,16.0,14.583282470703125,16.0,18.399999618530273
2026-09-17 13:00:00+00:00,17.0,13.656532287597656,15.0,17.5
2026-09-17 14:00:00+00:00,18.0,14.740301132202148,17.0,20.799999237060547
2026-09-17 15:00:00+00:00,19.0,15.971443176269531,18.0,18.428571701049805
2026-09-17 16:00:00+00:00,20.0,11.333956718444824,13.0,14.666666984558105
2026-09-17 17:00:00+00:00,21.0,8.490632057189941,11.0,13.333333015441895
2026-09-17 18:00:00+00:00,22.0,7.224003314971924,11.0,10.75
2026-09-17 19:00:00+00:00,23.0,9.127756118774414,14.0,3.4000000953674316
2026-09-17 20:00:00+00:00,24.0,7.050640106201172,11.0,2.75
2026-09-16 22:00:00+00:00,1.0,3.5556957721710205,6.0,6.800000190734863
2026-09-16 23:00:00+00:00,2.0,3.543888807296753,6.0,6.833333492279053
2026-09-17 00:00:00+00:00,3.0,5.999813079833984,10.0,5.75
2026-09-17 01:00:00+00:00,4.0,5.651534080505371,9.0,7.166666507720947
2026-09-17 02:00:00+00:00,5.0,5.108315944671631,8.0,10.800000190734863
2026-09-17 03:00:00+00:00,6.0,6.630142688751221,10.0,12.166666984558105
2026-09-17 04:00:00+00:00,7.0,7.83811092376709,11.0,14.0
2026-09-17 05:00:00+00:00,8.0,9.15034294128418,13.0,14.600000381469727
2026-09-17 06:00:00+00:00,9.0,13.289117813110352,17.0,18.33333396911621
2026-09-17 07:00:00+00:00,10.0,13.506348609924316,17.0,18.33333396911621
2026-09-17 08:00:00+00:00,11.0,13.18822956085205,16.0,17.0
2026-09-17 09:00:00+00:00,12.0,14.247812271118164,16.0,17.16666603088379
2026-09-17 10:00:00+00:00,13.0,14.460031509399414,16.0,16.83333396911621
2026-09-17 11:00:00+00:00,14.0,13.41598892211914,15.0,17.0
2026-09-17 12:00:00+00:00,15.0,13.298602104187012,15.0,18.399999618530273
2026-09-17 13:00:00+00:00,16.0,14.361863136291504,16.0,17.5
2026-09-17 14:00:00+00:00,17.0,13.922012329101562,16.0,20.799999237060547
2026-09-17 15:00:00+00:00,18.0,15.01927375793457,17.0,18.428571701049805
2026-09-17 16:00:00+00:00,19.0,14.474638938903809,17.0,14.666666984558105
2026-09-17 17:00:00+00:00,20.0,7.030572414398193,9.0,13.333333015441895
2026-09-17 18:00:00+00:00,21.0,9.747635841369629,15.0,10.75
2026-09-17 19:00:00+00:00,22.0,7.56925630569458,12.0,3.4000000953674316
2026-09-17 20:00:00+00:00,23.0,5.996131896972656,10.0,2.75
2026-09-17 21:00:00+00:00,24.0,6.3784499168396,11.0,1.5
2026-09-16 23:00:00+00:00,2.0,3.415893793106079,6.0,6.833333492279053
2026-09-17 00:00:00+00:00,3.0,5.901427268981934,10.0,5.75
2026-09-17 01:00:00+00:00,4.0,5.55128812789917,9.0,7.166666507720947
2026-09-17 02:00:00+00:00,5.0,4.954042434692383,8.0,10.800000190734863
2026-09-17 03:00:00+00:00,6.0,6.460016250610352,10.0,12.166666984558105
2026-09-17 04:00:00+00:00,7.0,7.648559093475342,11.0,14.0
2026-09-17 05:00:00+00:00,8.0,9.081208229064941,13.0,14.600000381469727
2026-09-17 06:00:00+00:00,9.0,13.389619827270508,17.0,18.33333396911621
2026-09-17 07:00:00+00:00,10.0,13.720793724060059,17.0,18.33333396911621
2026-09-17 08:00:00+00:00,11.0,13.37865924835205,16.0,17.0
2026-09-17 09:00:00+00:00,12.0,14.429573059082031,16.0,17.16666603088379
2026-09-17 10:00:00+00:00,13.0,14.66044807434082,16.0,16.83333396911621
2026-09-17 11:00:00+00:00,14.0,13.601517677307129,15.0,17.0
2026-09-17 12:00:00+00:00,15.0,13.454200744628906,15.0,18.399999618530273
2026-09-17 13:00:00+00:00,16.0,14.563155174255371,16.0,17.5
2026-09-17 14:00:00+00:00,17.0,14.125515937805176,16.0,20.799999237060547
2026-09-17 15:00:00+00:00,18.0,15.243392944335938,17.0,18.428571701049805
2026-09-17 16:00:00+00:00,19.0,14.710071563720703,17.0,14.666666984558105
2026-09-17 17:00:00+00:00,20.0,7.112135887145996,9.0,13.333333015441895
2026-09-17 18:00:00+00:00,21.0,9.875529289245605,15.0,10.75
2026-09-17 19:00:00+00:00,22.0,7.620949745178223,12.0,3.4000000953674316
2026-09-17 20:00:00+00:00,23.0,5.931999206542969,10.0,2.75
2026-09-17 21:00:00+00:00,24.0,6.308005332946777,11.0,1.5
2026-09-17 22:00:00+00:00,25.0,6.931924819946289,12.0,5.800000190734863
2026-09-17 00:00:00+00:00,3.0,5.832534313201904,10.0,5.75
2026-09-17 01:00:00+00:00,4.0,5.485566139221191,9.0,7.166666507720947
2026-09-17 02:00:00+00:00,5.0,4.856575012207031,8.0,10.800000190734863
2026-09-17 03:00:00+00:00,6.0,6.345273017883301,10.0,12.166666984558105
2026-09-17 04:00:00+00:00,7.0,7.534322738647461,11.0,14.0
2026-09-17 05:00:00+00:00,8.0,9.029695510864258,13.0,14.600000381469727
2026-09-17 06:00:00+00:00,9.0,13.405805587768555,17.0,18.33333396911621
2026-09-17 07:00:00+00:00,10.0,13.80417251586914,17.0,18.33333396911621
2026-09-17 08:00:00+00:00,11.0,13.456599235534668,16.0,17.0
2026-09-17 09:00:00+00:00,12.0,14.48335075378418,16.0,17.16666603088379
2026-09-17 10:00:00+00:00,13.0,14.740776062011719,16.0,16.83333396911621
2026-09-17 11:00:00+00:00,14.0,13.694931983947754,15.0,17.0
2026-09-17 12:00:00+00:00,15.0,13.535836219787598,15.0,18.399999618530273
2026-09-17 13:00:00+00:00,16.0,14.670003890991211,16.0,17.5
2026-09-17 14:00:00+00:00,17.0,14.227689743041992,16.0,20.799999237060547
2026-09-17 15:00:00+00:00,18.0,15.34985065460205,17.0,18.428571701049805
2026-09-17 16:00:00+00:00,19.0,14.837968826293945,17.0,14.666666984558105
2026-09-17 17:00:00+00:00,20.0,7.147973537445068,9.0,13.333333015441895
2026-09-17 18:00:00+00:00,21.0,9.900528907775879,15.0,10.75
2026-09-17 19:00:00+00:00,22.0,7.599459171295166,12.0,3.4000000953674316
2026-09-17 20:00:00+00:00,23.0,5.876803874969482,10.0,2.75
2026-09-17 21:00:00+00:00,24.0,6.249277591705322,11.0,1.5
2026-09-17 22:00:00+00:00,25.0,6.89564847946167,12.0,5.800000190734863
2026-09-17 23:00:00+00:00,26.0,6.886971950531006,12.0,7.400000095367432
2026-09-17 01:00:00+00:00,4.0,5.6040754318237305,9.0,7.166666507720947
2026-09-17 02:00:00+00:00,5.0,5.016689777374268,8.0,10.800000190734863
2026-09-17 03:00:00+00:00,6.0,6.530678749084473,10.0,12.166666984558105
2026-09-17 04:00:00+00:00,7.0,7.746445178985596,11.0,14.0
2026-09-17 05:00:00+00:00,8.0,9.122583389282227,13.0,14.600000381469727
2026-09-17 06:00:00+00:00,9.0,13.475648880004883,17.0,18.33333396911621
2026-09-17 07:00:00+00:00,10.0,13.765910148620605,17.0,18.33333396911621
2026-09-17 08:00:00+00:00,11.0,13.443031311035156,16.0,17.0
2026-09-17 09:00:00+00:00,12.0,14.501668930053711,16.0,17.16666603088379
2026-09-17 10:00:00+00:00,13.0,14.719978332519531,16.0,16.83333396911621
2026-09-17 11:00:00+00:00,14.0,13.68170166015625,15.0,17.0
2026-09-17 12:00:00+00:00,15.0,13.529845237731934,15.0,18.399999618530273
2026-09-17 13:00:00+00:00,16.0,14.63114070892334,16.0,17.5
2026-09-17 14:00:00+00:00,17.0,14.152854919433594,16.0,20.799999237060547
2026-09-17 15:00:00+00:00,18.0,15.270066261291504,17.0,18.428571701049805
2026-09-17 16:00:00+00:00,19.0,14.7634916305542,17.0,14.666666984558105
2026-09-17 17:00:00+00:00,20.0,7.076309680938721,9.0,13.333333015441895
2026-09-17 18:00:00+00:00,21.0,9.835851669311523,15.0,10.75
2026-09-17 19:00:00+00:00,22.0,7.598443031311035,12.0,3.4000000953674316
2026-09-17 20:00:00+00:00,23.0,5.928743362426758,10.0,2.75
2026-09-17 21:00:00+00:00,24.0,6.321495056152344,11.0,1.5
2026-09-17 22:00:00+00:00,25.0,6.928163528442383,12.0,5.800000190734863
2026-09-17 23:00:00+00:00,26.0,6.924624443054199,12.0,7.400000095367432
2026-09-18 00:00:00+00:00,27.0,7.574609279632568,13.0,8.5
2026-09-17 02:00:00+00:00,5.0,5.113232135772705,8.0,10.800000190734863
2026-09-17 03:00:00+00:00,6.0,6.640833377838135,10.0,12.166666984558105
2026-09-17 04:00:00+00:00,7.0,7.871528148651123,11.0,14.0
2026-09-17 05:00:00+00:00,8.0,9.187691688537598,13.0,14.600000381469727
2026-09-17 06:00:00+00:00,9.0,13.556373596191406,17.0,18.33333396911621
2026-09-17 07:00:00+00:00,10.0,13.823205947875977,17.0,18.33333396911621
2026-09-17 08:00:00+00:00,11.0,13.526800155639648,16.0,17.0
2026-09-17 09:00:00+00:00,12.0,14.598237991333008,16.0,17.16666603088379
2026-09-17 10:00:00+00:00,13.0,14.823651313781738,16.0,16.83333396911621
2026-09-17 11:00:00+00:00,14.0,13.785171508789062,15.0,17.0
2026-09-17 12:00:00+00:00,15.0,13.6381196975708,15.0,18.399999618530273
2026-09-17 13:00:00+00:00,16.0,14.738288879394531,16.0,17.5
2026-09-17 14:00:00+00:00,17.0,14.228314399719238,16.0,20.799999237060547
2026-09-17 15:00:00+00:00,18.0,15.34125804901123,17.0,18.428571701049805
2026-09-17 16:00:00+00:00,19.0,14.82718276977539,17.0,14.666666984558105
2026-09-17 17:00:00+00:00,20.0,7.074653148651123,9.0,13.333333015441895
2026-09-17 18:00:00+00:00,21.0,9.84182071685791,15.0,10.75
2026-09-17 19:00:00+00:00,22.0,7.603784084320068,12.0,3.4000000953674316
2026-09-17 20:00:00+00:00,23.0,5.954251289367676,10.0,2.75
2026-09-17 21:00:00+00:00,24.0,6.355060577392578,11.0,1.5
2026-09-17 22:00:00+00:00,25.0,6.965048789978027,12.0,5.800000190734863
2026-09-17 23:00:00+00:00,26.0,6.96799373626709,12.0,7.400000095367432
2026-09-18 00:00:00+00:00,27.0,7.613394260406494,13.0,8.5
2026-09-18 01:00:00+00:00,28.0,7.609402179718018,13.0,8.333333015441895
2026-09-17 03:00:00+00:00,6.0,6.564102649688721,10.0,12.166666984558105
2026-09-17 04:00:00+00:00,7.0,7.799068927764893,11.0,14.0
2026-09-17 05:00:00+00:00,8.0,9.207469940185547,13.0,14.600000381469727
2026-09-17 06:00:00+00:00,9.0,13.695608139038086,17.0,18.33333396911621
2026-09-17 07:00:00+00:00,10.0,13.988286972045898,17.0,18.33333396911621
2026-09-17 08:00:00+00:00,11.0,13.674759864807129,16.0,17.0
2026-09-17 09:00:00+00:00,12.0,14.76379680633545,16.0,17.16666603088379
2026-09-17 10:00:00+00:00,13.0,14.992667198181152,16.0,16.83333396911621
2026-09-17 11:00:00+00:00,14.0,13.936868667602539,15.0,17.0
2026-09-17 12:00:00+00:00,15.0,13.777381896972656,15.0,18.399999618530273
2026-09-17 13:00:00+00:00,16.0,14.923282623291016,16.0,17.5
2026-09-17 14:00:00+00:00,17.0,14.394892692565918,16.0,20.799999237060547
2026-09-17 15:00:00+00:00,18.0,15.534480094909668,17.0,18.428571701049805
2026-09-17 16:00:00+00:00,19.0,15.032322883605957,17.0,14.666666984558105
2026-09-17 17:00:00+00:00,20.0,7.168097496032715,9.0,13.333333015441895
2026-09-17 18:00:00+00:00,21.0,9.955634117126465,15.0,10.75
2026-09-17 19:00:00+00:00,22.0,7.669065475463867,12.0,3.4000000953674316
2026-09-17 20:00:00+00:00,23.0,5.951871871948242,10.0,2.75
2026-09-17 21:00:00+00:00,24.0,6.3429179191589355,11.0,1.5
2026-09-17 22:00:00+00:00,25.0,6.9629411697387695,12.0,5.800000190734863
2026-09-17 23:00:00+00:00,26.0,6.956105709075928,12.0,7.400000095367432
2026-09-18 00:00:00+00:00,27.0,7.603190898895264,13.0,8.5
2026-09-18 01:00:00+00:00,28.0,7.596573829650879,13.0,8.333333015441895
2026-09-18 02:00:00+00:00,29.0,7.748905658721924,13.0,8.0
2026-09-17 04:00:00+00:00,7.0,7.811098098754883,11.0,14.0
2026-09-17 05:00:00+00:00,8.0,9.233805656433105,13.0,14.600000381469727
2026-09-17 06:00:00+00:00,9.0,13.791326522827148,17.0,18.33333396911621
2026-09-17 07:00:00+00:00,10.0,14.096664428710938,17.0,18.33333396911621
2026-09-17 08:00:00+00:00,11.0,13.784667015075684,16.0,17.0
2026-09-17 09:00:00+00:00,12.0,14.889513969421387,16.0,17.16666603088379
2026-09-17 10:00:00+00:00,13.0,15.136592864990234,16.0,16.83333396911621
2026-09-17 11:00:00+00:00,14.0,14.063353538513184,15.0,17.0
2026-09-17 12:00:00+00:00,15.0,13.913054466247559,15.0,18.399999618530273
2026-09-17 13:00:00+00:00,16.0,15.071438789367676,16.0,17.5
2026-09-17 14:00:00+00:00,17.0,14.532768249511719,16.0,20.799999237060547
2026-09-17 15:00:00+00:00,18.0,15.677827835083008,17.0,18.428571701049805
2026-09-17 16:00:00+00:00,19.0,15.185919761657715,17.0,14.666666984558105
2026-09-17 17:00:00+00:00,20.0,7.216148376464844,9.0,13.333333015441895
2026-09-17 18:00:00+00:00,21.0,10.017019271850586,15.0,10.75
2026-09-17 19:00:00+00:00,22.0,7.701018333435059,12.0,3.4000000953674316
2026-09-17 20:00:00+00:00,23.0,5.967121601104736,10.0,2.75
2026-09-17 21:00:00+00:00,24.0,6.353442668914795,11.0,1.5
2026-09-17 22:00:00+00:00,25.0,6.971601963043213,12.0,5.800000190734863
2026-09-17 23:00:00+00:00,26.0,6.966945648193359,12.0,7.400000095367432
2026-09-18 00:00:00+00:00,27.0,7.614837646484375,13.0,8.5
2026-09-18 01:00:00+00:00,28.0,7.60025691986084,13.0,8.333333015441895
2026-09-18 02:00:00+00:00,29.0,7.757268905639648,13.0,8.0
2026-09-18 03:00:00+00:00,30.0,7.99619722366333,13.0,8.800000190734863
2026-09-17 05:00:00+00:00,8.0,9.28120231628418,13.0,14.600000381469727
2026-09-17 06:00:00+00:00,9.0,13.89433479309082,17.0,18.33333396911621
2026-09-17 07:00:00+00:00,10.0,14.210885047912598,17.0,18.33333396911621
2026-09-17 08:00:00+00:00,11.0,13.905207633972168,16.0,17.0
2026-09-17 09:00:00+00:00,12.0,15.02718448638916,16.0,17.16666603088379
2026-09-17 10:00:00+00:00,13.0,15.306614875793457,16.0,16.83333396911621
2026-09-17 11:00:00+00:00,14.0,14.20021915435791,15.0,17.0
2026-09-17 12:00:00+00:00,15.0,14.07801342010498,15.0,18.399999618530273
2026-09-17 13:00:00+00:00,16.0,15.238787651062012,16.0,17.5
2026-09-17 14:00:00+00:00,17.0,14.696167945861816,16.0,20.799999237060547
2026-09-17 15:00:00+00:00,18.0,15.849555015563965,17.0,18.428571701049805
2026-09-17 16:00:00+00:00,19.0,15.340155601501465,17.0,14.666666984558105
2026-09-17 17:00:00+00:00,20.0,7.274362087249756,9.0,13.333333015441895
2026-09-17 18:00:00+00:00,21.0,10.085298538208008,15.0,10.75
2026-09-17 19:00:00+00:00,22.0,7.745108604431152,12.0,3.4000000953674316
2026-09-17 20:00:00+00:00,23.0,6.000524520874023,10.0,2.75
2026-09-17 21:00:00+00:00,24.0,6.376584053039551,11.0,1.5
2026-09-17 22:00:00+00:00,25.0,6.999891757965088,12.0,5.800000190734863
2026-09-17 23:00:00+00:00,26.0,6.9946746826171875,12.0,7.400000095367432
2026-09-18 00:00:00+00:00,27.0,7.645937442779541,13.0,8.5
2026-09-18 01:00:00+00:00,28.0,7.620840072631836,13.0,8.333333015441895
2026-09-18 02:00:00+00:00,29.0,7.785786151885986,13.0,8.0
2026-09-18 03:00:00+00:00,30.0,8.028668403625488,13.0,8.800000190734863
2026-09-18 04:00:00+00:00,31.0,9.58284854888916,15.0,8.0
2026-09-17 06:00:00+00:00,9.0,13.877337455749512,17.0,18.33333396911621
2026-09-17 07:00:00+00:00,10.0,14.164632797241211,17.0,18.33333396911621
2026-09-17 08:00:00+00:00,11.0,13.902685165405273,16.0,17.0
2026-09-17 09:00:00+00:00,12.0,15.052452087402344,16.0,17.16666603088379
2026-09-17 10:00:00+00:00,13.0,15.33131217956543,16.0,16.83333396911621
2026-09-17 11:00:00+00:00,14.0,14.25789737701416,15.0,17.0
2026-09-17 12:00:00+00:00,15.0,14.133866310119629,15.0,18.399999618530273
2026-09-17 13:00:00+00:00,16.0,15.29195785522461,16.0,17.5
2026-09-17 14:00:00+00:00,17.0,14.722076416015625,16.0,20.799999237060547
2026-09-17 15:00:00+00:00,18.0,15.841084480285645,17.0,18.428571701049805
2026-09-17 16:00:00+00:00,19.0,15.291123390197754,17.0,14.666666984558105
2026-09-17 17:00:00+00:00,20.0,7.216663837432861,9.0,13.333333015441895
2026-09-17 18:00:00+00:00,21.0,10.051568984985352,15.0,10.75
2026-09-17 19:00:00+00:00,22.0,7.749153137207031,12.0,3.4000000953674316
2026-09-17 20:00:00+00:00,23.0,6.050417423248291,10.0,2.75
2026-09-17 21:00:00+00:00,24.0,6.441899299621582,11.0,1.5
2026-09-17 22:00:00+00:00,25.0,7.052216053009033,12.0,5.800000190734863
2026-09-17 23:00:00+00:00,26.0,7.047994613647461,12.0,7.400000095367432
2026-09-18 00:00:00+00:00,27.0,7.692193031311035,13.0,8.5
2026-09-18 01:00:00+00:00,28.0,7.683684349060059,13.0,8.333333015441895
2026-09-18 02:00:00+00:00,29.0,7.870408058166504,13.0,8.0
2026-09-18 03:00:00+00:00,30.0,8.100979804992676,13.0,8.800000190734863
2026-09-18 04:00:00+00:00,31.0,9.62883186340332,15.0,8.0
2026-09-18 05:00:00+00:00,32.0,9.322269439697266,14.0,7.0
2026-09-17 07:00:00+00:00,1.0,16.736003875732422,19.0,18.33333396911621
2026-09-17 08:00:00+00:00,2.0,16.21173095703125,18.0,17.0
2026-09-17 09:00:00+00:00,3.0,15.448765754699707,15.0,17.16666603088379
2026-09-17 10:00:00+00:00,4.0,18.315479278564453,18.0,16.83333396911621
2026-09-17 11:00:00+00:00,5.0,17.438589096069336,17.0,17.0
2026-09-17 12:00:00+00:00,6.0,16.359426498413086,16.0,18.399999618530273
2026-09-17 13:00:00+00:00,7.0,17.325956344604492,17.0,17.5
2026-09-17 14:00:00+00:00,8.0,17.015892028808594,17.0,20.799999237060547
2026-09-17 15:00:00+00:00,9.0,20.73555564880371,21.0,18.428571701049805
2026-09-17 16:00:00+00:00,10.0,14.651554107666016,15.0,14.666666984558105
2026-09-17 17:00:00+00:00,11.0,9.924415588378906,13.0,13.333333015441895
2026-09-17 18:00:00+00:00,12.0,9.815954208374023,14.0,10.75
2026-09-17 19:00:00+00:00,13.0,6.453016757965088,10.0,3.4000000953674316
2026-09-17 20:00:00+00:00,14.0,7.549657821655273,12.0,2.75
2026-09-17 21:00:00+00:00,15.0,4.253161430358887,7.0,1.5
2026-09-17 22:00:00+00:00,16.0,6.5960493087768555,11.0,5.800000190734863
2026-09-17 23:00:00+00:00,17.0,7.322925567626953,12.0,7.400000095367432
2026-09-18 00:00:00+00:00,18.0,6.778539657592773,11.0,8.5
2026-09-18 01:00:00+00:00,19.0,7.958217144012451,13.0,8.333333015441895
2026-09-18 02:00:00+00:00,20.0,8.719592094421387,14.0,8.0
2026-09-18 03:00:00+00:00,21.0,8.978739738464355,14.0,8.800000190734863
2026-09-18 04:00:00+00:00,22.0,9.114677429199219,14.0,8.0
2026-09-18 05:00:00+00:00,23.0,9.453899383544922,14.0,7.0
2026-09-18 06:00:00+00:00,24.0,9.721627235412598,14.0,8.5
2026-09-17 08:00:00+00:00,1.0,14.903124809265137,15.0,17.0
2026-09-17 09:00:00+00:00,2.0,14.998799324035645,15.0,17.16666603088379
2026-09-17 10:00:00+00:00,3.0,16.271753311157227,16.0,16.83333396911621
2026-09-17 11:00:00+00:00,4.0,16.562681198120117,16.0,17.0
2026-09-17 12:00:00+00:00,5.0,16.641563415527344,16.0,18.399999618530273
2026-09-17 13:00:00+00:00,6.0,16.31248664855957,16.0,17.5
2026-09-17 14:00:00+00:00,7.0,18.27733612060547,18.0,20.799999237060547
2026-09-17 15:00:00+00:00,8.0,18.813955307006836,19.0,18.428571701049805
2026-09-17 16:00:00+00:00,9.0,13.648476600646973,14.0,14.666666984558105
2026-09-17 17:00:00+00:00,10.0,10.647902488708496,13.0,13.333333015441895
2026-09-17 18:00:00+00:00,11.0,10.58995532989502,14.0,10.75
2026-09-17 19:00:00+00:00,12.0,5.658148288726807,9.0,3.4000000953674316
2026-09-17 20:00:00+00:00,13.0,3.6901259422302246,6.0,2.75
2026-09-17 21:00:00+00:00,14.0,3.898702621459961,6.0,1.5
2026-09-17 22:00:00+00:00,15.0,3.560723304748535,6.0,5.800000190734863
2026-09-17 23:00:00+00:00,16.0,6.625217437744141,11.0,7.400000095367432
2026-09-18 00:00:00+00:00,17.0,7.975894927978516,13.0,8.5
2026-09-18 01:00:00+00:00,18.0,7.34607458114624,12.0,8.333333015441895
2026-09-18 02:00:00+00:00,19.0,7.596044540405273,12.0,8.0
2026-09-18 03:00:00+00:00,20.0,8.339813232421875,13.0,8.800000190734863
2026-09-18 04:00:00+00:00,21.0,8.441183090209961,13.0,8.0
2026-09-18 05:00:00+00:00,22.0,8.81951904296875,13.0,7.0
2026-09-18 06:00:00+00:00,23.0,9.095474243164062,13.0,8.5
2026-09-18 07:00:00+00:00,24.0,9.288082122802734,13.0,10.0
2026-09-17 09:00:00+00:00,1.0,16.355594635009766,16.0,17.16666603088379
2026-09-17 10:00:00+00:00,2.0,17.48012351989746,17.0,16.83333396911621
2026-09-17 11:00:00+00:00,3.0,16.6944580078125,16.0,17.0
2026-09-17 12:00:00+00:00,4.0,15.431907653808594,15.0,18.399999618530273
2026-09-17 13:00:00+00:00,5.0,17.5316162109375,17.0,17.5
2026-09-17 14:00:00+00:00,6.0,18.660215377807617,19.0,20.799999237060547
2026-09-17 15:00:00+00:00,7.0,17.779447555541992,18.0,18.428571701049805
2026-09-17 16:00:00+00:00,8.0,14.806979179382324,15.0,14.666666984558105
2026-09-17 17:00:00+00:00,9.0,10.045907974243164,13.0,13.333333015441895
2026-09-17 18:00:00+00:00,10.0,10.23055362701416,14.0,10.75
2026-09-17 19:00:00+00:00,11.0,6.412186145782471,9.0,3.4000000953674316
2026-09-17 20:00:00+00:00,12.0,6.184399604797363,10.0,2.75
2026-09-17 21:00:00+00:00,13.0,4.41696834564209,7.0,1.5
2026-09-17 22:00:00+00:00,14.0,6.771552562713623,11.0,5.800000190734863
2026-09-17 23:00:00+00:00,15.0,7.3963212966918945,12.0,7.400000095367432
2026-09-18 00:00:00+00:00,16.0,7.934905052185059,13.0,8.5
2026-09-18 01:00:00+00:00,17.0,8.044631958007812,13.0,8.333333015441895
2026-09-18 02:00:00+00:00,18.0,8.770096778869629,14.0,8.0
2026-09-18 03:00:00+00:00,19.0,8.375224113464355,13.0,8.800000190734863
2026-09-18 04:00:00+00:00,20.0,8.575423240661621,13.0,8.0
2026-09-18 05:00:00+00:00,21.0,8.7941312789917,13.0,7.0
2026-09-18 06:00:00+00:00,22.0,8.974295616149902,13.0,8.5
2026-09-18 07:00:00+00:00,23.0,9.498882293701172,13.0,10.0
2026-09-18 08:00:00+00:00,24.0,9.241212844848633,12.0,9.0
2026-09-17 10:00:00+00:00,1.0,17.502397537231445,17.0,16.83333396911621
2026-09-17 11:00:00+00:00,2.0,15.833719253540039,15.0,17.0
2026-09-17 12:00:00+00:00,3.0,15.520455360412598,15.0,18.399999618530273
2026-09-17 13:00:00+00:00,4.0,17.922624588012695,17.0,17.5
2026-09-17 14:00:00+00:00,5.0,18.090978622436523,18.0,20.799999237060547
2026-09-17 15:00:00+00:00,6.0,19.2515811920166,19.0,18.428571701049805
2026-09-17 16:00:00+00:00,7.0,16.125797271728516,16.0,14.666666984558105
2026-09-17 17:00:00+00:00,8.0,9.871406555175781,11.0,13.333333015441895
2026-09-17 18:00:00+00:00,9.0,12.091914176940918,13.0,10.75
2026-09-17 19:00:00+00:00,10.0,7.842194080352783,12.0,3.4000000953674316
2026-09-17 20:00:00+00:00,11.0,10.221664428710938,16.0,2.75
2026-09-17 21:00:00+00:00,12.0,4.192767143249512,6.0,1.5
2026-09-17 22:00:00+00:00,13.0,6.690819263458252,11.0,5.800000190734863
2026-09-17 23:00:00+00:00,14.0,6.703161716461182,11.0,7.400000095367432
2026-09-18 00:00:00+00:00,15.0,7.357008457183838,12.0,8.5
2026-09-18 01:00:00+00:00,16.0,8.059706687927246,13.0,8.333333015441895
2026-09-18 02:00:00+00:00,17.0,8.206903457641602,13.0,8.0
2026-09-18 03:00:00+00:00,18.0,8.390998840332031,13.0,8.800000190734863
2026-09-18 04:00:00+00:00,19.0,9.271130561828613,14.0,8.0
2026-09-18 05:00:00+00:00,20.0,8.357542037963867,12.0,7.0
2026-09-18 06:00:00+00:00,21.0,8.46249008178711,12.0,8.5
2026-09-18 07:00:00+00:00,22.0,10.104059219360352,14.0,10.0
2026-09-18 08:00:00+00:00,23.0,9.217020988464355,12.0,9.0
2026-09-18 09:00:00+00:00,24.0,9.827353477478027,12.0,10.5
2026-09-17 11:00:00+00:00,1.0,18.107213973999023,17.0,17.0
2026-09-17 12:00:00+00:00,2.0,17.009965896606445,16.0,18.399999618530273
2026-09-17 13:00:00+00:00,3.0,17.025157928466797,16.0,17.5
2026-09-17 14:00:00+00:00,4.0,18.95111656188965,18.0,20.799999237060547
2026-09-17 15:00:00+00:00,5.0,20.668527603149414,20.0,18.428571701049805
2026-09-17 16:00:00+00:00,6.0,11.178511619567871,12.0,14.666666984558105
2026-09-17 17:00:00+00:00,7.0,11.291118621826172,14.0,13.333333015441895
2026-09-17 18:00:00+00:00,8.0,10.08984661102295,13.0,10.75
2026-09-17 19:00:00+00:00,9.0,8.459653854370117,11.0,3.4000000953674316
2026-09-17 20:00:00+00:00,10.0,4.5887861251831055,7.0,2.75
2026-09-17 21:00:00+00:00,11.0,5.464668273925781,9.0,1.5
2026-09-17 22:00:00+00:00,12.0,5.353894233703613,9.0,5.800000190734863
2026-09-17 23:00:00+00:00,13.0,7.29369592666626,12.0,7.400000095367432
2026-09-18 00:00:00+00:00,14.0,7.376815319061279,12.0,8.5
2026-09-18 01:00:00+00:00,15.0,7.5091118812561035,12.0,8.333333015441895
2026-09-18 02:00:00+00:00,16.0,7.540034294128418,12.0,8.0
2026-09-18 03:00:00+00:00,17.0,7.772684097290039,12.0,8.800000190734863
2026-09-18 04:00:00+00:00,18.0,8.54853343963623,13.0,8.0
2026-09-18 05:00:00+00:00,19.0,8.242637634277344,12.0,7.0
2026-09-18 06:00:00+00:00,20.0,9.163981437683105,13.0,8.5
2026-09-18 07:00:00+00:00,21.0,9.547667503356934,13.0,10.0
2026-09-18 08:00:00+00:00,22.0,9.995580673217773,13.0,9.0
2026-09-18 09:00:00+00:00,23.0,9.811271667480469,12.0,10.5
2026-09-18 10:00:00+00:00,24.0,11.087252616882324,13.0,12.833333015441895
2026-09-17 12:00:00+00:00,1.0,18.135169982910156,17.0,18.399999618530273
2026-09-17 13:00:00+00:00,2.0,19.265195846557617,18.0,17.5
2026-09-17 14:00:00+00:00,3.0,20.052444458007812,19.0,20.799999237060547
2026-09-17 15:00:00+00:00,4.0,20.552440643310547,20.0,18.428571701049805
2026-09-17 16:00:00+00:00,5.0,10.251060485839844,12.0,14.666666984558105
2026-09-17 17:00:00+00:00,6.0,10.638850212097168,13.0,13.333333015441895
2026-09-17 18:00:00+00:00,7.0,10.319835662841797,13.0,10.75
2026-09-17 19:00:00+00:00,8.0,7.86428165435791,11.0,3.4000000953674316
2026-09-17 20:00:00+00:00,9.0,3.588505983352661,6.0,2.75
2026-09-17 21:00:00+00:00,10.0,4.2062482833862305,7.0,1.5
2026-09-17 22:00:00+00:00,11.0,3.6613667011260986,6.0,5.800000190734863
2026-09-17 23:00:00+00:00,12.0,6.243945598602295,10.0,7.400000095367432
2026-09-18 00:00:00+00:00,13.0,7.889467239379883,12.0,8.5
2026-09-18 01:00:00+00:00,14.0,8.713440895080566,14.0,8.333333015441895
2026-09-18 02:00:00+00:00,15.0,7.688838005065918,12.0,8.0
2026-09-18 03:00:00+00:00,16.0,8.420459747314453,13.0,8.800000190734863
2026-09-18 04:00:00+00:00,17.0,8.575439453125,13.0,8.0
2026-09-18 05:00:00+00:00,18.0,8.403000831604004,12.0,7.0
2026-09-18 06:00:00+00:00,19.0,9.233616828918457,13.0,8.5
2026-09-18 07:00:00+00:00,20.0,9.640295028686523,13.0,10.0
2026-09-18 08:00:00+00:00,21.0,9.975316047668457,13.0,9.0
2026-09-18 09:00:00+00:00,22.0,10.06015682220459,12.0,10.5
2026-09-18 10:00:00+00:00,23.0,11.150115013122559,13.0,12.833333015441895
2026-09-18 11:00:00+00:00,24.0,11.392361640930176,13.0,15.833333015441895
2026-09-17 13:00:00+00:00,1.0,18.104610443115234,17.0,17.5
2026-09-17 14:00:00+00:00,2.0,21.100603103637695,20.0,20.799999237060547
2026-09-17 15:00:00+00:00,3.0,19.199811935424805,19.0,18.428571701049805
2026-09-17 16:00:00+00:00,4.0,17.41130256652832,17.0,14.666666984558105
2026-09-17 17:00:00+00:00,5.0,12.214042663574219,13.0,13.333333015441895
2026-09-17 18:00:00+00:00,6.0,8.826661109924316,11.0,10.75
2026-09-17 19:00:00+00:00,7.0,7.244235515594482,10.0,3.4000000953674316
2026-09-17 20:00:00+00:00,8.0,3.2421932220458984,4.0,2.75
2026-09-17 21:00:00+00:00,9.0,7.214193344116211,11.0,1.5
2026-09-17 22:00:00+00:00,10.0,6.680880069732666,11.0,5.800000190734863
2026-09-17 23:00:00+00:00,11.0,7.300117015838623,12.0,7.400000095367432
2026-09-18 00:00:00+00:00,12.0,7.320806503295898,12.0,8.5
2026-09-18 01:00:00+00:00,13.0,8.07822322845459,13.0,8.333333015441895
2026-09-18 02:00:00+00:00,14.0,8.187752723693848,13.0,8.0
2026-09-18 03:00:00+00:00,15.0,7.645473957061768,12.0,8.800000190734863
2026-09-18 04:00:00+00:00,16.0,8.632516860961914,13.0,8.0
2026-09-18 05:00:00+00:00,17.0,8.993057250976562,13.0,7.0
2026-09-18 06:00:00+00:00,18.0,9.336978912353516,13.0,8.5
2026-09-18 07:00:00+00:00,19.0,9.629263877868652,13.0,10.0
2026-09-18 08:00:00+00:00,20.0,9.294514656066895,12.0,9.0
2026-09-18 09:00:00+00:00,21.0,9.933769226074219,12.0,10.5
2026-09-18 10:00:00+00:00,22.0,10.321531295776367,12.0,12.833333015441895
2026-09-18 11:00:00+00:00,23.0,11.291813850402832,13.0,15.833333015441895
2026-09-18 12:00:00+00:00,24.0,11.288954734802246,13.0,15.25
2026-09-17 14:00:00+00:00,1.0,21.902223587036133,20.0,20.799999237060547
2026-09-17 15:00:00+00:00,2.0,20.869462966918945,20.0,18.428571701049805
2026-09-17 16:00:00+00:00,3.0,15.809033393859863,16.0,14.666666984558105
2026-09-17 17:00:00+00:00,4.0,12.473450660705566,15.0,13.333333015441895
2026-09-17 18:00:00+00:00,5.0,9.94876480102539,11.0,10.75
2026-09-17 19:00:00+00:00,6.0,6.797316074371338,8.0,3.4000000953674316
2026-09-17 20:00:00+00:00,7.0,6.247544765472412,10.0,2.75
2026-09-17 21:00:00+00:00,8.0,9.121172904968262,14.0,1.5
2026-09-17 22:00:00+00:00,9.0,7.495042324066162,12.0,5.800000190734863
2026-09-17 23:00:00+00:00,10.0,7.047589302062988,11.0,7.400000095367432
2026-09-18 00:00:00+00:00,11.0,7.494271755218506,12.0,8.5
2026-09-18 01:00:00+00:00,12.0,8.208298683166504,13.0,8.333333015441895
2026-09-18 02:00:00+00:00,13.0,8.341022491455078,13.0,8.0
2026-09-18 03:00:00+00:00,14.0,8.528753280639648,13.0,8.800000190734863
2026-09-18 04:00:00+00:00,15.0,8.701482772827148,13.0,8.0
2026-09-18 05:00:00+00:00,16.0,8.348761558532715,12.0,7.0
2026-09-18 06:00:00+00:00,17.0,9.323341369628906,13.0,8.5
2026-09-18 07:00:00+00:00,18.0,9.76905345916748,13.0,10.0
2026-09-18 08:00:00+00:00,19.0,9.40359878540039,12.0,9.0
2026-09-18 09:00:00+00:00,20.0,10.018877029418945,12.0,10.5
2026-09-18 10:00:00+00:00,21.0,11.340096473693848,13.0,12.833333015441895
2026-09-18 11:00:00+00:00,22.0,11.545063972473145,13.0,15.833333015441895
2026-09-18 12:00:00+00:00,23.0,10.677136421203613,12.0,15.25
2026-09-18 13:00:00+00:00,24.0,11.610282897949219,13.0,15.5
2026-09-17 15:00:00+00:00,1.0,19.155702590942383,18.0,18.428571701049805
2026-09-17 16:00:00+00:00,2.0,10.432639122009277,10.0,14.666666984558105
2026-09-17 17:00:00+00:00,3.0,10.096580505371094,13.0,13.333333015441895
2026-09-17 18:00:00+00:00,4.0,10.378510475158691,13.0,10.75
2026-09-17 19:00:00+00:00,5.0,9.904804229736328,13.0,3.4000000953674316
2026-09-17 20:00:00+00:00,6.0,5.872400760650635,9.0,2.75
2026-09-17 21:00:00+00:00,7.0,6.9875664710998535,11.0,1.5
2026-09-17 22:00:00+00:00,8.0,8.070425987243652,13.0,5.800000190734863
2026-09-17 23:00:00+00:00,9.0,6.385714530944824,10.0,7.400000095367432
2026-09-18 00:00:00+00:00,10.0,7.031783580780029,11.0,8.5
2026-09-18 01:00:00+00:00,11.0,8.227425575256348,13.0,8.333333015441895
2026-09-18 02:00:00+00:00,12.0,8.35490894317627,13.0,8.0
2026-09-18 03:00:00+00:00,13.0,8.57916259765625,13.0,8.800000190734863
2026-09-18 04:00:00+00:00,14.0,8.838702201843262,13.0,8.0
2026-09-18 05:00:00+00:00,15.0,9.297392845153809,13.0,7.0
2026-09-18 06:00:00+00:00,16.0,9.489943504333496,13.0,8.5
2026-09-18 07:00:00+00:00,17.0,9.928194999694824,13.0,10.0
2026-09-18 08:00:00+00:00,18.0,9.60467529296875,12.0,9.0
2026-09-18 09:00:00+00:00,19.0,11.006267547607422,13.0,10.5
2026-09-18 10:00:00+00:00,20.0,11.307366371154785,13.0,12.833333015441895
2026-09-18 11:00:00+00:00,21.0,11.654840469360352,13.0,15.833333015441895
2026-09-18 12:00:00+00:00,22.0,11.699605941772461,13.0,15.25
2026-09-18 13:00:00+00:00,23.0,12.701010704040527,14.0,15.5
2026-09-18 14:00:00+00:00,24.0,12.880430221557617,14.0,16.33333396911621
2026-09-17 16:00:00+00:00,1.0,15.898065567016602,15.0,14.666666984558105
2026-09-17 17:00:00+00:00,2.0,15.130873680114746,15.0,13.333333015441895
2026-09-17 18:00:00+00:00,3.0,9.523589134216309,11.0,10.75
2026-09-17 19:00:00+00:00,4.0,8.30865478515625,11.0,3.4000000953674316
2026-09-17 20:00:00+00:00,5.0,3.3961737155914307,5.0,2.75
2026-09-17 21:00:00+00:00,6.0,4.484499931335449,7.0,1.5
2026-09-17 22:00:00+00:00,7.0,7.526325225830078,12.0,5.800000190734863
2026-09-17 23:00:00+00:00,8.0,7.586864471435547,12.0,7.400000095367432
2026-09-18 00:00:00+00:00,9.0,8.103199005126953,13.0,8.5
2026-09-18 01:00:00+00:00,10.0,8.296334266662598,13.0,8.333333015441895
2026-09-18 02:00:00+00:00,11.0,8.453327178955078,13.0,8.0
2026-09-18 03:00:00+00:00,12.0,8.59723949432373,13.0,8.800000190734863
2026-09-18 04:00:00+00:00,13.0,8.825541496276855,13.0,8.0
2026-09-18 05:00:00+00:00,14.0,8.438981056213379,12.0,7.0
2026-09-18 06:00:00+00:00,15.0,9.394627571105957,13.0,8.5
2026-09-18 07:00:00+00:00,16.0,9.212886810302734,12.0,10.0
2026-09-18 08:00:00+00:00,17.0,10.290860176086426,13.0,9.0
2026-09-18 09:00:00+00:00,18.0,10.722010612487793,13.0,10.5
2026-09-18 10:00:00+00:00,19.0,11.1320219039917,13.0,12.833333015441895
2026-09-18 11:00:00+00:00,20.0,11.532580375671387,13.0,15.833333015441895
2026-09-18 12:00:00+00:00,21.0,11.85177230834961,13.0,15.25
2026-09-18 13:00:00+00:00,22.0,13.064263343811035,14.0,15.5
2026-09-18 14:00:00+00:00,23.0,12.805902481079102,14.0,16.33333396911621
2026-09-18 15:00:00+00:00,24.0,13.290750503540039,15.0,16.799999237060547
2026-09-17 17:00:00+00:00,1.0,16.64977264404297,17.0,13.333333015441895
2026-09-17 18:00:00+00:00,2.0,14.491255760192871,15.0,10.75
2026-09-17 19:00:00+00:00,3.0,11.879212379455566,13.0,3.4000000953674316
2026-09-17 20:00:00+00:00,4.0,6.462074279785156,10.0,2.75
2026-09-17 21:00:00+00:00,5.0,7.5326619148254395,12.0,1.5
2026-09-17 22:00:00+00:00,6.0,6.846022129058838,11.0,5.800000190734863
2026-09-17 23:00:00+00:00,7.0,5.9277119636535645,9.0,7.400000095367432
2026-09-18 00:00:00+00:00,8.0,8.830500602722168,14.0,8.5
2026-09-18 01:00:00+00:00,9.0,8.325142860412598,13.0,8.333333015441895
2026-09-18 02:00:00+00:00,10.0,8.518256187438965,13.0,8.0
2026-09-18 03:00:00+00:00,11.0,8.698564529418945,13.0,8.800000190734863
2026-09-18 04:00:00+00:00,12.0,8.918498039245605,13.0,8.0
2026-09-18 05:00:00+00:00,13.0,8.418025970458984,12.0,7.0
2026-09-18 06:00:00+00:00,14.0,9.464739799499512,13.0,8.5
2026-09-18 07:00:00+00:00,15.0,9.216764450073242,12.0,10.0
2026-09-18 08:00:00+00:00,16.0,10.378120422363281,13.0,9.0
2026-09-18 09:00:00+00:00,17.0,10.849665641784668,13.0,10.5
2026-09-18 10:00:00+00:00,18.0,11.361644744873047,13.0,12.833333015441895
2026-09-18 11:00:00+00:00,19.0,11.814555168151855,13.0,15.833333015441895
2026-09-18 12:00:00+00:00,20.0,11.708532333374023,13.0,15.25
2026-09-18 13:00:00+00:00,21.0,11.509340286254883,13.0,15.5
2026-09-18 14:00:00+00:00,22.0,12.56393814086914,14.0,16.33333396911621
2026-09-18 15:00:00+00:00,23.0,12.374771118164062,14.0,16.799999237060547
2026-09-18 16:00:00+00:00,24.0,11.690601348876953,14.0,16.0
2026-09-17 18:00:00+00:00,1.0,12.053914070129395,12.0,10.75
2026-09-17 19:00:00+00:00,2.0,7.499756813049316,10.0,3.4000000953674316
2026-09-17 20:00:00+00:00,3.0,5.760192394256592,9.0,2.75
2026-09-17 21:00:00+00:00,4.0,7.467633247375488,12.0,1.5
2026-09-17 22:00:00+00:00,5.0,8.090923309326172,13.0,5.800000190734863
2026-09-17 23:00:00+00:00,6.0,6.179793357849121,10.0,7.400000095367432
2026-09-18 00:00:00+00:00,7.0,6.714850902557373,11.0,8.5
2026-09-18 01:00:00+00:00,8.0,8.099052429199219,13.0,8.333333015441895
2026-09-18 02:00:00+00:00,9.0,7.724295616149902,12.0,8.0
2026-09-18 03:00:00+00:00,10.0,7.8828816413879395,12.0,8.800000190734863
2026-09-18 04:00:00+00:00,11.0,8.051661491394043,12.0,8.0
2026-09-18 05:00:00+00:00,12.0,8.320228576660156,12.0,7.0
2026-09-18 06:00:00+00:00,13.0,8.775662422180176,12.0,8.5
2026-09-18 07:00:00+00:00,14.0,9.02988052368164,12.0,10.0
2026-09-18 08:00:00+00:00,15.0,10.191156387329102,13.0,9.0
2026-09-18 09:00:00+00:00,16.0,9.815967559814453,12.0,10.5
2026-09-18 10:00:00+00:00,17.0,11.000121116638184,13.0,12.833333015441895
2026-09-18 11:00:00+00:00,18.0,11.35990047454834,13.0,15.833333015441895
2026-09-18 12:00:00+00:00,19.0,11.446901321411133,13.0,15.25
2026-09-18 13:00:00+00:00,20.0,11.632546424865723,13.0,15.5
2026-09-18 14:00:00+00:00,21.0,12.421601295471191,14.0,16.33333396911621
2026-09-18 15:00:00+00:00,22.0,12.23756217956543,14.0,16.799999237060547
2026-09-18 16:00:00+00:00,23.0,11.652003288269043,14.0,16.0
2026-09-18 17:00:00+00:00,24.0,11.176888465881348,14.0,19.0
2026-09-17 19:00:00+00:00,1.0,10.437360763549805,12.0,3.4000000953674316
2026-09-17 20:00:00+00:00,2.0,5.599361419677734,9.0,2.75
2026-09-17 21:00:00+00:00,3.0,6.261889457702637,10.0,1.5
2026-09-17 22:00:00+00:00,4.0,7.557041168212891,12.0,5.800000190734863
2026-09-17 23:00:00+00:00,5.0,6.990532398223877,11.0,7.400000095367432
2026-09-18 00:00:00+00:00,6.0,7.525592803955078,12.0,8.5
2026-09-18 01:00:00+00:00,7.0,8.277791023254395,13.0,8.333333015441895
2026-09-18 02:00:00+00:00,8.0,7.884343147277832,12.0,8.0
2026-09-18 03:00:00+00:00,9.0,8.650565147399902,13.0,8.800000190734863
2026-09-18 04:00:00+00:00,10.0,8.797816276550293,13.0,8.0
2026-09-18 05:00:00+00:00,11.0,8.289239883422852,12.0,7.0
2026-09-18 06:00:00+00:00,12.0,8.632317543029785,12.0,8.5
2026-09-18 07:00:00+00:00,13.0,9.029008865356445,12.0,10.0
2026-09-18 08:00:00+00:00,14.0,10.267086029052734,13.0,9.0
2026-09-18 09:00:00+00:00,15.0,10.532048225402832,13.0,10.5
2026-09-18 10:00:00+00:00,16.0,11.076764106750488,13.0,12.833333015441895
2026-09-18 11:00:00+00:00,17.0,11.235209465026855,13.0,15.833333015441895
2026-09-18 12:00:00+00:00,18.0,10.787578582763672,12.0,15.25
2026-09-18 13:00:00+00:00,19.0,12.549121856689453,13.0,15.5
2026-09-18 14:00:00+00:00,20.0,12.402446746826172,14.0,16.33333396911621
2026-09-18 15:00:00+00:00,21.0,13.076605796813965,15.0,16.799999237060547
2026-09-18 16:00:00+00:00,22.0,12.456202507019043,15.0,16.0
2026-09-18 17:00:00+00:00,23.0,11.200945854187012,14.0,19.0
2026-09-18 18:00:00+00:00,24.0,11.208070755004883,14.0,21.200000762939453
2026-09-17 20:00:00+00:00,1.0,5.721014499664307,9.0,2.75
2026-09-17 21:00:00+00:00,2.0,5.703274726867676,9.0,1.5
2026-09-17 22:00:00+00:00,3.0,5.9654622077941895,10.0,5.800000190734863
2026-09-17 23:00:00+00:00,4.0,5.2329421043396,8.0,7.400000095367432
2026-09-18 00:00:00+00:00,5.0,8.126582145690918,13.0,8.5
2026-09-18 01:00:00+00:00,6.0,8.1802978515625,13.0,8.333333015441895
2026-09-18 02:00:00+00:00,7.0,7.725444793701172,12.0,8.0
2026-09-18 03:00:00+00:00,8.0,8.539000511169434,13.0,8.800000190734863
2026-09-18 04:00:00+00:00,9.0,8.67025375366211,13.0,8.0
2026-09-18 05:00:00+00:00,10.0,8.974370956420898,13.0,7.0
2026-09-18 06:00:00+00:00,11.0,9.310776710510254,13.0,8.5
2026-09-18 07:00:00+00:00,12.0,9.76406192779541,13.0,10.0
2026-09-18 08:00:00+00:00,13.0,10.856277465820312,14.0,9.0
2026-09-18 09:00:00+00:00,14.0,10.560916900634766,13.0,10.5
2026-09-18 10:00:00+00:00,15.0,10.983490943908691,13.0,12.833333015441895
2026-09-18 11:00:00+00:00,16.0,11.363372802734375,13.0,15.833333015441895
2026-09-18 12:00:00+00:00,17.0,10.542906761169434,12.0,15.25
2026-09-18 13:00:00+00:00,18.0,11.37440299987793,13.0,15.5
2026-09-18 14:00:00+00:00,19.0,12.196353912353516,14.0,16.33333396911621
2026-09-18 15:00:00+00:00,20.0,11.924171447753906,14.0,16.799999237060547
2026-09-18 16:00:00+00:00,21.0,10.752897262573242,13.0,16.0
2026-09-18 17:00:00+00:00,22.0,11.066927909851074,14.0,19.0
2026-09-18 18:00:00+00:00,23.0,12.173542976379395,15.0,21.200000762939453
2026-09-18 19:00:00+00:00,24.0,12.896895408630371,16.0,20.799999237060547
2026-09-17 21:00:00+00:00,1.0,6.519256591796875,11.0,1.5
2026-09-17 22:00:00+00:00,2.0,7.085887432098389,12.0,5.800000190734863
2026-09-17 23:00:00+00:00,3.0,7.243309020996094,12.0,7.400000095367432
2026-09-18 00:00:00+00:00,4.0,6.6670918464660645,11.0,8.5
2026-09-18 01:00:00+00:00,5.0,7.4163970947265625,12.0,8.333333015441895
2026-09-18 02:00:00+00:00,6.0,7.5137763023376465,12.0,8.0
2026-09-18 03:00:00+00:00,7.0,7.706923484802246,12.0,8.800000190734863
2026-09-18 04:00:00+00:00,8.0,7.834260940551758,12.0,8.0
2026-09-18 05:00:00+00:00,9.0,7.376766204833984,11.0,7.0
2026-09-18 06:00:00+00:00,10.0,7.769964218139648,11.0,8.5
2026-09-18 07:00:00+00:00,11.0,8.681817054748535,12.0,10.0
2026-09-18 08:00:00+00:00,12.0,9.768941879272461,13.0,9.0
2026-09-18 09:00:00+00:00,13.0,9.315939903259277,12.0,10.5
2026-09-18 10:00:00+00:00,14.0,9.74596881866455,12.0,12.833333015441895
2026-09-18 11:00:00+00:00,15.0,10.62865161895752,13.0,15.833333015441895
2026-09-18 12:00:00+00:00,16.0,10.806044578552246,13.0,15.25
2026-09-18 13:00:00+00:00,17.0,10.913281440734863,13.0,15.5
2026-09-18 14:00:00+00:00,18.0,11.757087707519531,14.0,16.33333396911621
2026-09-18 15:00:00+00:00,19.0,12.209281921386719,15.0,16.799999237060547
2026-09-18 16:00:00+00:00,20.0,10.323348999023438,13.0,16.0
2026-09-18 17:00:00+00:00,21.0,9.901386260986328,13.0,19.0
2026-09-18 18:00:00+00:00,22.0,9.059377670288086,12.0,21.200000762939453
2026-09-18 19:00:00+00:00,23.0,9.82820987701416,13.0,20.799999237060547
2026-09-18 20:00:00+00:00,24.0,11.849319458007812,16.0,20.14285659790039
2026-09-17 22:00:00+00:00,1.0,7.525960445404053,12.0,5.800000190734863
2026-09-17 23:00:00+00:00,2.0,7.303489685058594,12.0,7.400000095367432
2026-09-18 00:00:00+00:00,3.0,7.368175029754639,12.0,8.5
2026-09-18 01:00:00+00:00,4.0,7.466211318969727,12.0,8.333333015441895
2026-09-18 02:00:00+00:00,5.0,7.700803279876709,12.0,8.0
2026-09-18 03:00:00+00:00,6.0,8.369099617004395,13.0,8.800000190734863
2026-09-18 04:00:00+00:00,7.0,7.835859775543213,12.0,8.0
2026-09-18 05:00:00+00:00,8.0,7.394092082977295,11.0,7.0
2026-09-18 06:00:00+00:00,9.0,7.488930702209473,11.0,8.5
2026-09-18 07:00:00+00:00,10.0,7.866055488586426,11.0,10.0
2026-09-18 08:00:00+00:00,11.0,8.765057563781738,12.0,9.0
2026-09-18 09:00:00+00:00,12.0,9.116972923278809,12.0,10.5
2026-09-18 10:00:00+00:00,13.0,10.366872787475586,13.0,12.833333015441895
2026-09-18 11:00:00+00:00,14.0,10.462648391723633,13.0,15.833333015441895
2026-09-18 12:00:00+00:00,15.0,9.816274642944336,12.0,15.25
2026-09-18 13:00:00+00:00,16.0,10.717885971069336,13.0,15.5
2026-09-18 14:00:00+00:00,17.0,10.726971626281738,13.0,16.33333396911621
2026-09-18 15:00:00+00:00,18.0,11.168496131896973,14.0,16.799999237060547
2026-09-18 16:00:00+00:00,19.0,10.802763938903809,14.0,16.0
2026-09-18 17:00:00+00:00,20.0,10.375096321105957,14.0,19.0
2026-09-18 18:00:00+00:00,21.0,9.939994812011719,13.0,21.200000762939453
2026-09-18 19:00:00+00:00,22.0,12.128362655639648,16.0,20.799999237060547
2026-09-18 20:00:00+00:00,23.0,12.361442565917969,17.0,20.14285659790039
2026-09-18 21:00:00+00:00,24.0,11.339908599853516,16.0,19.200000762939453
2026-09-17 23:00:00+00:00,2.0,7.368157863616943,12.0,7.400000095367432
2026-09-18 00:00:00+00:00,3.0,7.426913261413574,12.0,8.5
2026-09-18 01:00:00+00:00,4.0,7.520541667938232,12.0,8.333333015441895
2026-09-18 02:00:00+00:00,5.0,7.7405686378479,12.0,8.0
2026-09-18 03:00:00+00:00,6.0,8.410734176635742,13.0,8.800000190734863
2026-09-18 04:00:00+00:00,7.0,7.871070384979248,12.0,8.0
2026-09-18 05:00:00+00:00,8.0,7.375973224639893,11.0,7.0
2026-09-18 06:00:00+00:00,9.0,7.476326942443848,11.0,8.5
2026-09-18 07:00:00+00:00,10.0,7.80687952041626,11.0,10.0
2026-09-18 08:00:00+00:00,11.0,8.663897514343262,12.0,9.0
2026-09-18 09:00:00+00:00,12.0,9.002294540405273,12.0,10.5
2026-09-18 10:00:00+00:00,13.0,10.219022750854492,13.0,12.833333015441895
2026-09-18 11:00:00+00:00,14.0,10.313843727111816,13.0,15.833333015441895
2026-09-18 12:00:00+00:00,15.0,9.683019638061523,12.0,15.25
2026-09-18 13:00:00+00:00,16.0,10.572893142700195,13.0,15.5
2026-09-18 14:00:00+00:00,17.0,10.580292701721191,13.0,16.33333396911621
2026-09-18 15:00:00+00:00,18.0,10.998674392700195,14.0,16.799999237060547
2026-09-18 16:00:00+00:00,19.0,10.656978607177734,14.0,16.0
2026-09-18 17:00:00+00:00,20.0,10.252118110656738,14.0,19.0
2026-09-18 18:00:00+00:00,21.0,9.815756797790527,13.0,21.200000762939453
2026-09-18 19:00:00+00:00,22.0,11.985945701599121,16.0,20.799999237060547
2026-09-18 20:00:00+00:00,23.0,12.20198917388916,17.0,20.14285659790039
2026-09-18 21:00:00+00:00,24.0,11.216207504272461,16.0,19.200000762939453
2026-09-18 22:00:00+00:00,25.0,11.778919219970703,17.0,18.5
2026-09-18 00:00:00+00:00,3.0,7.4399566650390625,12.0,8.5
2026-09-18 01:00:00+00:00,4.0,7.532008171081543,12.0,8.333333015441895
2026-09-18 02:00:00+00:00,5.0,7.7467041015625,12.0,8.0
2026-09-18 03:00:00+00:00,6.0,8.422292709350586,13.0,8.800000190734863
2026-09-18 04:00:00+00:00,7.0,7.874413013458252,12.0,8.0
2026-09-18 05:00:00+00:00,8.0,7.369008541107178,11.0,7.0
2026-09-18 06:00:00+00:00,9.0,7.4778313636779785,11.0,8.5
2026-09-18 07:00:00+00:00,10.0,7.766424655914307,11.0,10.0
2026-09-18 08:00:00+00:00,11.0,8.611431121826172,12.0,9.0
2026-09-18 09:00:00+00:00,12.0,8.941205978393555,12.0,10.5
2026-09-18 10:00:00+00:00,13.0,10.14192008972168,13.0,12.833333015441895
2026-09-18 11:00:00+00:00,14.0,10.229504585266113,13.0,15.833333015441895
2026-09-18 12:00:00+00:00,15.0,9.59980297088623,12.0,15.25
2026-09-18 13:00:00+00:00,16.0,10.483471870422363,13.0,15.5
2026-09-18 14:00:00+00:00,17.0,10.485424041748047,13.0,16.33333396911621
2026-09-18 15:00:00+00:00,18.0,10.880043029785156,14.0,16.799999237060547
2026-09-18 16:00:00+00:00,19.0,10.556719779968262,14.0,16.0
2026-09-18 17:00:00+00:00,20.0,10.15871524810791,14.0,19.0
2026-09-18 18:00:00+00:00,21.0,9.722738265991211,13.0,21.200000762939453
2026-09-18 19:00:00+00:00,22.0,11.858470916748047,16.0,20.799999237060547
2026-09-18 20:00:00+00:00,23.0,12.085190773010254,17.0,20.14285659790039
2026-09-18 21:00:00+00:00,24.0,11.108097076416016,16.0,19.200000762939453
2026-09-18 22:00:00+00:00,25.0,11.694021224975586,17.0,18.5
2026-09-18 23:00:00+00:00,26.0,12.34579086303711,18.0,17.66666603088379
2026-09-18 01:00:00+00:00,4.0,7.5311431884765625,12.0,8.333333015441895
2026-09-18 02:00:00+00:00,5.0,7.744288444519043,12.0,8.0
2026-09-18 03:00:00+00:00,6.0,8.423213958740234,13.0,8.800000190734863
2026-09-18 04:00:00+00:00,7.0,7.874313831329346,12.0,8.0
2026-09-18 05:00:00+00:00,8.0,7.365161895751953,11.0,7.0
2026-09-18 06:00:00+00:00,9.0,7.476458549499512,11.0,8.5
2026-09-18 07:00:00+00:00,10.0,7.740297794342041,11.0,10.0
2026-09-18 08:00:00+00:00,11.0,8.573307037353516,12.0,9.0
2026-09-18 09:00:00+00:00,12.0,8.894034385681152,12.0,10.5
2026-09-18 10:00:00+00:00,13.0,10.080567359924316,13.0,12.833333015441895
2026-09-18 11:00:00+00:00,14.0,10.168288230895996,13.0,15.833333015441895
2026-09-18 12:00:00+00:00,15.0,9.535276412963867,12.0,15.25
2026-09-18 13:00:00+00:00,16.0,10.40898609161377,13.0,15.5
2026-09-18 14:00:00+00:00,17.0,10.407904624938965,13.0,16.33333396911621
2026-09-18 15:00:00+00:00,18.0,10.794363021850586,14.0,16.799999237060547
2026-09-18 16:00:00+00:00,19.0,10.472746849060059,14.0,16.0
2026-09-18 17:00:00+00:00,20.0,10.07582950592041,14.0,19.0
2026-09-18 18:00:00+00:00,21.0,9.648355484008789,13.0,21.200000762939453
2026-09-18 19:00:00+00:00,22.0,11.760079383850098,16.0,20.799999237060547
2026-09-18 20:00:00+00:00,23.0,11.997679710388184,17.0,20.14285659790039
2026-09-18 21:00:00+00:00,24.0,11.030901908874512,16.0,19.200000762939453
2026-09-18 22:00:00+00:00,25.0,11.629684448242188,17.0,18.5
2026-09-18 23:00:00+00:00,26.0,12.288673400878906,18.0,17.66666603088379
2026-09-19 00:00:00+00:00,27.0,12.081433296203613,17.0,20.399999618530273
2026-09-18 02:00:00+00:00,5.0,7.73468017578125,12.0,8.0
2026-09-18 03:00:00+00:00,6.0,8.414630889892578,13.0,8.800000190734863
2026-09-18 04:00:00+00:00,7.0,7.868010997772217,12.0,8.0
2026-09-18 05:00:00+00:00,8.0,7.357663154602051,11.0,7.0
2026-09-18 06:00:00+00:00,9.0,7.467874050140381,11.0,8.5
2026-09-18 07:00:00+00:00,10.0,7.726723670959473,11.0,10.0
2026-09-18 08:00:00+00:00,11.0,8.565731048583984,12.0,9.0
2026-09-18 09:00:00+00:00,12.0,8.881746292114258,12.0,10.5
2026-09-18 10:00:00+00:00,13.0,10.056931495666504,13.0,12.833333015441895
2026-09-18 11:00:00+00:00,14.0,10.15025520324707,13.0,15.833333015441895
2026-09-18 12:00:00+00:00,15.0,9.514908790588379,12.0,15.25
2026-09-18 13:00:00+00:00,16.0,10.375514030456543,13.0,15.5
2026-09-18 14:00:00+00:00,17.0,10.37332534790039,13.0,16.33333396911621
2026-09-18 15:00:00+00:00,18.0,10.75992202758789,14.0,16.799999237060547
2026-09-18 16:00:00+00:00,19.0,10.437439918518066,14.0,16.0
2026-09-18 17:00:00+00:00,20.0,10.034544944763184,14.0,19.0
2026-09-18 18:00:00+00:00,21.0,9.610662460327148,13.0,21.200000762939453
2026-09-18 19:00:00+00:00,22.0,11.71241283416748,16.0,20.799999237060547
2026-09-18 20:00:00+00:00,23.0,11.957685470581055,17.0,20.14285659790039
2026-09-18 21:00:00+00:00,24.0,10.991915702819824,16.0,19.200000762939453
2026-09-18 22:00:00+00:00,25.0,11.606073379516602,17.0,18.5
2026-09-18 23:00:00+00:00,26.0,12.263721466064453,18.0,17.66666603088379
2026-09-19 00:00:00+00:00,27.0,12.051896095275879,17.0,20.399999618530273
2026-09-19 01:00:00+00:00,28.0,11.714041709899902,17.0,19.0
2026-09-18 03:00:00+00:00,6.0,8.398609161376953,13.0,8.800000190734863
2026-09-18 04:00:00+00:00,7.0,7.8573174476623535,12.0,8.0
2026-09-18 05:00:00+00:00,8.0,7.349832534790039,11.0,7.0
2026-09-18 06:00:00+00:00,9.0,7.454441547393799,11.0,8.5
2026-09-18 07:00:00+00:00,10.0,7.722104072570801,11.0,10.0
2026-09-18 08:00:00+00:00,11.0,8.570178031921387,12.0,9.0
2026-09-18 09:00:00+00:00,12.0,8.893132209777832,12.0,10.5
2026-09-18 10:00:00+00:00,13.0,10.070513725280762,13.0,12.833333015441895
2026-09-18 11:00:00+00:00,14.0,10.171222686767578,13.0,15.833333015441895
2026-09-18 12:00:00+00:00,15.0,9.530624389648438,12.0,15.25
2026-09-18 13:00:00+00:00,16.0,10.384050369262695,13.0,15.5
2026-09-18 14:00:00+00:00,17.0,10.386082649230957,13.0,16.33333396911621
2026-09-18 15:00:00+00:00,18.0,10.775420188903809,14.0,16.799999237060547
2026-09-18 16:00:00+00:00,19.0,10.4498872756958,14.0,16.0
2026-09-18 17:00:00+00:00,20.0,10.04026985168457,14.0,19.0
2026-09-18 18:00:00+00:00,21.0,9.610727310180664,13.0,21.200000762939453
2026-09-18 19:00:00+00:00,22.0,11.714207649230957,16.0,20.799999237060547
2026-09-18 20:00:00+00:00,23.0,11.96419906616211,17.0,20.14285659790039
2026-09-18 21:00:00+00:00,24.0,10.990243911743164,16.0,19.200000762939453
2026-09-18 22:00:00+00:00,25.0,11.605741500854492,17.0,18.5
2026-09-18 23:00:00+00:00,26.0,12.267027854919434,18.0,17.66666603088379
2026-09-19 00:00:00+00:00,27.0,12.056307792663574,17.0,20.399999618530273
2026-09-19 01:00:00+00:00,28.0,11.7034330368042,17.0,19.0
2026-09-19 02:00:00+00:00,29.0,13.505187034606934,19.0,19.600000381469727
2026-09-18 04:00:00+00:00,7.0,7.853509902954102,12.0,8.0
2026-09-18 05:00:00+00:00,8.0,7.346931457519531,11.0,7.0
2026-09-18 06:00:00+00:00,9.0,7.442296981811523,11.0,8.5
2026-09-18 07:00:00+00:00,10.0,7.719446182250977,11.0,10.0
2026-09-18 08:00:00+00:00,11.0,8.566999435424805,12.0,9.0
2026-09-18 09:00:00+00:00,12.0,8.8928861618042,12.0,10.5
2026-09-18 10:00:00+00:00,13.0,10.063645362854004,13.0,12.833333015441895
2026-09-18 11:00:00+00:00,14.0,10.168061256408691,13.0,15.833333015441895
2026-09-18 12:00:00+00:00,15.0,9.530817985534668,12.0,15.25
2026-09-18 13:00:00+00:00,16.0,10.377132415771484,13.0,15.5
2026-09-18 14:00:00+00:00,17.0,10.382305145263672,13.0,16.33333396911621
2026-09-18 15:00:00+00:00,18.0,10.779184341430664,14.0,16.799999237060547
2026-09-18 16:00:00+00:00,19.0,10.448631286621094,14.0,16.0
2026-09-18 17:00:00+00:00,20.0,10.031392097473145,14.0,19.0
2026-09-18 18:00:00+00:00,21.0,9.601542472839355,13.0,21.200000762939453
2026-09-18 19:00:00+00:00,22.0,11.703524589538574,16.0,20.799999237060547
2026-09-18 20:00:00+00:00,23.0,11.953873634338379,17.0,20.14285659790039
2026-09-18 21:00:00+00:00,24.0,10.974211692810059,16.0,19.200000762939453
2026-09-18 22:00:00+00:00,25.0,11.591117858886719,17.0,18.5
2026-09-18 23:00:00+00:00,26.0,12.25509262084961,18.0,17.66666603088379
2026-09-19 00:00:00+00:00,27.0,12.029504776000977,17.0,20.399999618530273
2026-09-19 01:00:00+00:00,28.0,11.680549621582031,17.0,19.0
2026-09-19 02:00:00+00:00,29.0,13.477784156799316,19.0,19.600000381469727
2026-09-19 03:00:00+00:00,30.0,12.517659187316895,17.0,19.0
2026-09-18 05:00:00+00:00,8.0,7.339240550994873,11.0,7.0
2026-09-18 06:00:00+00:00,9.0,7.4263691902160645,11.0,8.5
2026-09-18 07:00:00+00:00,10.0,7.708259105682373,11.0,10.0
2026-09-18 08:00:00+00:00,11.0,8.550568580627441,12.0,9.0
2026-09-18 09:00:00+00:00,12.0,8.87452507019043,12.0,10.5
2026-09-18 10:00:00+00:00,13.0,10.0337495803833,13.0,12.833333015441895
2026-09-18 11:00:00+00:00,14.0,10.132777214050293,13.0,15.833333015441895
2026-09-18 12:00:00+00:00,15.0,9.507189750671387,12.0,15.25
2026-09-18 13:00:00+00:00,16.0,10.347599029541016,13.0,15.5
2026-09-18 14:00:00+00:00,17.0,10.353578567504883,13.0,16.33333396911621
2026-09-18 15:00:00+00:00,18.0,10.75394058227539,14.0,16.799999237060547
2026-09-18 16:00:00+00:00,19.0,10.427593231201172,14.0,16.0
2026-09-18 17:00:00+00:00,20.0,10.000972747802734,14.0,19.0
2026-09-18 18:00:00+00:00,21.0,9.581127166748047,13.0,21.200000762939453
2026-09-18 19:00:00+00:00,22.0,11.669615745544434,16.0,20.799999237060547
2026-09-18 20:00:00+00:00,23.0,11.924273490905762,17.0,20.14285659790039
2026-09-18 21:00:00+00:00,24.0,10.946809768676758,16.0,19.200000762939453
2026-09-18 22:00:00+00:00,25.0,11.564105987548828,17.0,18.5
2026-09-18 23:00:00+00:00,26.0,12.227932929992676,18.0,17.66666603088379
2026-09-19 00:00:00+00:00,27.0,11.99079704284668,17.0,20.399999618530273
2026-09-19 01:00:00+00:00,28.0,11.646434783935547,17.0,19.0
2026-09-19 02:00:00+00:00,29.0,13.431085586547852,19.0,19.600000381469727
2026-09-19 03:00:00+00:00,30.0,12.476131439208984,17.0,19.0
2026-09-19 04:00:00+00:00,31.0,13.21098518371582,18.0,19.75
2026-09-18 06:00:00+00:00,9.0,7.405168533325195,11.0,8.5
2026-09-18 07:00:00+00:00,10.0,7.692445755004883,11.0,10.0
2026-09-18 08:00:00+00:00,11.0,8.529952049255371,12.0,9.0
2026-09-18 09:00:00+00:00,12.0,8.861211776733398,12.0,10.5
2026-09-18 10:00:00+00:00,13.0,10.01569652557373,13.0,12.833333015441895
2026-09-18 11:00:00+00:00,14.0,10.101607322692871,13.0,15.833333015441895
2026-09-18 12:00:00+00:00,15.0,9.480732917785645,12.0,15.25
2026-09-18 13:00:00+00:00,16.0,10.321525573730469,13.0,15.5
2026-09-18 14:00:00+00:00,17.0,10.327573776245117,13.0,16.33333396911621
2026-09-18 15:00:00+00:00,18.0,10.731207847595215,14.0,16.799999237060547
2026-09-18 16:00:00+00:00,19.0,10.408479690551758,14.0,16.0
2026-09-18 17:00:00+00:00,20.0,9.975618362426758,14.0,19.0
2026-09-18 18:00:00+00:00,21.0,9.562524795532227,13.0,21.200000762939453
2026-09-18 19:00:00+00:00,22.0,11.635793685913086,16.0,20.799999237060547
2026-09-18 20:00:00+00:00,23.0,11.896672248840332,17.0,20.14285659790039
2026-09-18 21:00:00+00:00,24.0,10.919015884399414,16.0,19.200000762939453
2026-09-18 22:00:00+00:00,25.0,11.532835960388184,17.0,18.5
2026-09-18 23:00:00+00:00,26.0,12.1947660446167,18.0,17.66666603088379
2026-09-19 00:00:00+00:00,27.0,11.963628768920898,17.0,20.399999618530273
2026-09-19 01:00:00+00:00,28.0,11.611721992492676,17.0,19.0
2026-09-19 02:00:00+00:00,29.0,13.39511489868164,19.0,19.600000381469727
2026-09-19 03:00:00+00:00,30.0,12.436821937561035,17.0,19.0
2026-09-19 04:00:00+00:00,31.0,13.172586441040039,18.0,19.75
2026-09-19 05:00:00+00:00,32.0,14.931285858154297,20.0,19.285715103149414
2026-09-18 07:00:00+00:00,1.0,9.269659042358398,13.0,10.0
2026-09-18 08:00:00+00:00,2.0,10.116480827331543,14.0,9.0
2026-09-18 09:00:00+00:00,3.0,9.071070671081543,12.0,10.5
2026-09-18 10:00:00+00:00,4.0,9.475948333740234,12.0,12.833333015441895
2026-09-18 11:00:00+00:00,5.0,9.629537582397461,12.0,15.833333015441895
2026-09-18 12:00:00+00:00,6.0,10.621773719787598,13.0,15.25
2026-09-18 13:00:00+00:00,7.0,11.48131275177002,14.0,15.5
2026-09-18 14:00:00+00:00,8.0,12.022791862487793,15.0,16.33333396911621
2026-09-18 15:00:00+00:00,9.0,11.072169303894043,14.0,16.799999237060547
2026-09-18 16:00:00+00:00,10.0,11.075294494628906,14.0,16.0
2026-09-18 17:00:00+00:00,11.0,10.885851860046387,14.0,19.0
2026-09-18 18:00:00+00:00,12.0,11.536507606506348,15.0,21.200000762939453
2026-09-18 19:00:00+00:00,13.0,12.716830253601074,17.0,20.799999237060547
2026-09-18 20:00:00+00:00,14.0,13.001124382019043,18.0,20.14285659790039
2026-09-18 21:00:00+00:00,15.0,11.750645637512207,17.0,19.200000762939453
2026-09-18 22:00:00+00:00,16.0,12.22692584991455,18.0,18.5
2026-09-18 23:00:00+00:00,17.0,12.05980396270752,18.0,17.66666603088379
2026-09-19 00:00:00+00:00,18.0,13.189621925354004,19.0,20.399999618530273
2026-09-19 01:00:00+00:00,19.0,11.150456428527832,15.0,19.0
2026-09-19 02:00:00+00:00,20.0,12.568778991699219,18.0,19.600000381469727
2026-09-19 03:00:00+00:00,21.0,13.707324981689453,19.0,19.0
2026-09-19 04:00:00+00:00,22.0,12.876725196838379,17.0,19.75
2026-09-19 05:00:00+00:00,23.0,12.985993385314941,17.0,19.285715103149414
2026-09-19 06:00:00+00:00,24.0,14.152987480163574,18.0,17.25
2026-09-18 08:00:00+00:00,1.0,9.709064483642578,13.0,9.0
2026-09-18 09:00:00+00:00,2.0,10.623401641845703,14.0,10.5
2026-09-18 10:00:00+00:00,3.0,10.224617004394531,13.0,12.833333015441895
2026-09-18 11:00:00+00:00,4.0,11.078643798828125,14.0,15.833333015441895
2026-09-18 12:00:00+00:00,5.0,10.712178230285645,13.0,15.25
2026-09-18 13:00:00+00:00,6.0,10.773601531982422,13.0,15.5
2026-09-18 14:00:00+00:00,7.0,11.446369171142578,14.0,16.33333396911621
2026-09-18 15:00:00+00:00,8.0,12.03293514251709,15.0,16.799999237060547
2026-09-18 16:00:00+00:00,9.0,11.206634521484375,14.0,16.0
2026-09-18 17:00:00+00:00,10.0,10.925691604614258,14.0,19.0
2026-09-18 18:00:00+00:00,11.0,12.161639213562012,16.0,21.200000762939453
2026-09-18 19:00:00+00:00,12.0,11.899043083190918,16.0,20.799999237060547
2026-09-18 20:00:00+00:00,13.0,12.509271621704102,17.0,20.14285659790039
2026-09-18 21:00:00+00:00,14.0,11.247713088989258,16.0,19.200000762939453
2026-09-18 22:00:00+00:00,15.0,11.493788719177246,17.0,18.5
2026-09-18 23:00:00+00:00,16.0,11.576753616333008,17.0,17.66666603088379
2026-09-19 00:00:00+00:00,17.0,11.078608512878418,15.0,20.399999618530273
2026-09-19 01:00:00+00:00,18.0,10.432778358459473,15.0,19.0
2026-09-19 02:00:00+00:00,19.0,13.30572509765625,19.0,19.600000381469727
2026-09-19 03:00:00+00:00,20.0,12.621246337890625,17.0,19.0
2026-09-19 04:00:00+00:00,21.0,13.615944862365723,18.0,19.75
2026-09-19 05:00:00+00:00,22.0,14.718735694885254,19.0,19.285715103149414
2026-09-19 06:00:00+00:00,23.0,14.354674339294434,18.0,17.25
2026-09-19 07:00:00+00:00,24.0,15.581293106079102,19.0,17.0
2026-09-18 09:00:00+00:00,1.0,9.46235179901123,12.0,10.5
2026-09-18 10:00:00+00:00,2.0,10.375709533691406,13.0,12.833333015441895
2026-09-18 11:00:00+00:00,3.0,10.539955139160156,13.0,15.833333015441895
2026-09-18 12:00:00+00:00,4.0,10.710237503051758,13.0,15.25
2026-09-18 13:00:00+00:00,5.0,10.742289543151855,13.0,15.5
2026-09-18 14:00:00+00:00,6.0,11.309638977050781,14.0,16.33333396911621
2026-09-18 15:00:00+00:00,7.0,11.301843643188477,14.0,16.799999237060547
2026-09-18 16:00:00+00:00,8.0,11.412583351135254,14.0,16.0
2026-09-18 17:00:00+00:00,9.0,10.83852767944336,14.0,19.0
2026-09-18 18:00:00+00:00,10.0,11.553289413452148,15.0,21.200000762939453
2026-09-18 19:00:00+00:00,11.0,12.828876495361328,17.0,20.799999237060547
2026-09-18 20:00:00+00:00,12.0,13.34525203704834,18.0,20.14285659790039
2026-09-18 21:00:00+00:00,13.0,12.596512794494629,18.0,19.200000762939453
2026-09-18 22:00:00+00:00,14.0,11.722712516784668,17.0,18.5
2026-09-18 23:00:00+00:00,15.0,11.112375259399414,16.0,17.66666603088379
2026-09-19 00:00:00+00:00,16.0,9.610383033752441,13.0,20.399999618530273
2026-09-19 01:00:00+00:00,17.0,9.827472686767578,14.0,19.0
2026-09-19 02:00:00+00:00,18.0,13.305880546569824,19.0,19.600000381469727
2026-09-19 03:00:00+00:00,19.0,12.554861068725586,17.0,19.0
2026-09-19 04:00:00+00:00,20.0,12.221068382263184,16.0,19.75
2026-09-19 05:00:00+00:00,21.0,14.041243553161621,18.0,19.285715103149414
2026-09-19 06:00:00+00:00,22.0,15.298042297363281,19.0,17.25
2026-09-19 07:00:00+00:00,23.0,14.079143524169922,18.0,17.0
2026-09-19 08:00:00+00:00,24.0,13.51357364654541,16.0,17.5
2026-09-18 10:00:00+00:00,1.0,9.746735572814941,12.0,12.833333015441895
2026-09-18 11:00:00+00:00,2.0,9.977754592895508,12.0,15.833333015441895
2026-09-18 12:00:00+00:00,3.0,10.890707969665527,13.0,15.25
2026-09-18 13:00:00+00:00,4.0,10.92586898803711,13.0,15.5
2026-09-18 14:00:00+00:00,5.0,11.477462768554688,14.0,16.33333396911621
2026-09-18 15:00:00+00:00,6.0,11.299100875854492,14.0,16.799999237060547
2026-09-18 16:00:00+00:00,7.0,11.309609413146973,14.0,16.0
2026-09-18 17:00:00+00:00,8.0,11.223445892333984,14.0,19.0
2026-09-18 18:00:00+00:00,9.0,12.553606986999512,16.0,21.200000762939453
2026-09-18 19:00:00+00:00,10.0,13.910653114318848,18.0,20.799999237060547
2026-09-18 20:00:00+00:00,11.0,14.117321968078613,19.0,20.14285659790039
2026-09-18 21:00:00+00:00,12.0,12.757246017456055,18.0,19.200000762939453
2026-09-18 22:00:00+00:00,13.0,12.645084381103516,18.0,18.5
2026-09-18 23:00:00+00:00,14.0,12.513138771057129,18.0,17.66666603088379
2026-09-19 00:00:00+00:00,15.0,10.063177108764648,13.0,20.399999618530273
2026-09-19 01:00:00+00:00,16.0,12.55246639251709,18.0,19.0
2026-09-19 02:00:00+00:00,17.0,12.655303001403809,18.0,19.600000381469727
2026-09-19 03:00:00+00:00,18.0,13.54529857635498,19.0,19.0
2026-09-19 04:00:00+00:00,19.0,12.99226188659668,17.0,19.75
2026-09-19 05:00:00+00:00,20.0,13.983717918395996,18.0,19.285715103149414
2026-09-19 06:00:00+00:00,21.0,14.52410888671875,18.0,17.25
2026-09-19 07:00:00+00:00,22.0,15.015583038330078,18.0,17.0
2026-09-19 08:00:00+00:00,23.0,14.456215858459473,17.0,17.5
2026-09-19 09:00:00+00:00,24.0,14.747726440429688,18.0,18.14285659790039
2026-09-18 11:00:00+00:00,1.0,11.661555290222168,14.0,15.833333015441895
2026-09-18 12:00:00+00:00,2.0,11.864439964294434,14.0,15.25
2026-09-18 13:00:00+00:00,3.0,11.757970809936523,14.0,15.5
2026-09-18 14:00:00+00:00,4.0,11.505423545837402,14.0,16.33333396911621
2026-09-18 15:00:00+00:00,5.0,11.437073707580566,14.0,16.799999237060547
2026-09-18 16:00:00+00:00,6.0,10.904191970825195,13.0,16.0
2026-09-18 17:00:00+00:00,7.0,11.562159538269043,14.0,19.0
2026-09-18 18:00:00+00:00,8.0,12.956565856933594,16.0,21.200000762939453
2026-09-18 19:00:00+00:00,9.0,15.114323616027832,19.0,20.799999237060547
2026-09-18 20:00:00+00:00,10.0,15.392890930175781,20.0,20.14285659790039
2026-09-18 21:00:00+00:00,11.0,13.213414192199707,18.0,19.200000762939453
2026-09-18 22:00:00+00:00,12.0,13.440768241882324,19.0,18.5
2026-09-18 23:00:00+00:00,13.0,12.906402587890625,18.0,17.66666603088379
2026-09-19 00:00:00+00:00,14.0,13.032527923583984,18.0,20.399999618530273
2026-09-19 01:00:00+00:00,15.0,13.48465633392334,19.0,19.0
2026-09-19 02:00:00+00:00,16.0,12.807594299316406,18.0,19.600000381469727
2026-09-19 03:00:00+00:00,17.0,13.873242378234863,19.0,19.0
2026-09-19 04:00:00+00:00,18.0,13.65716552734375,18.0,19.75
2026-09-19 05:00:00+00:00,19.0,14.127952575683594,18.0,19.285715103149414
2026-09-19 06:00:00+00:00,20.0,14.798175811767578,18.0,17.25
2026-09-19 07:00:00+00:00,21.0,14.925795555114746,18.0,17.0
2026-09-19 08:00:00+00:00,22.0,15.317622184753418,19.0,17.5
2026-09-19 09:00:00+00:00,23.0,15.067728042602539,18.0,18.14285659790039
2026-09-19 10:00:00+00:00,24.0,15.5241060256958,18.0,18.600000381469727
2026-09-18 12:00:00+00:00,1.0,12.14279556274414,14.0,15.25
2026-09-18 13:00:00+00:00,2.0,12.974117279052734,15.0,15.5
2026-09-18 14:00:00+00:00,3.0,12.53642463684082,15.0,16.33333396911621
2026-09-18 15:00:00+00:00,4.0,12.519132614135742,15.0,16.799999237060547
2026-09-18 16:00:00+00:00,5.0,11.708552360534668,14.0,16.0
2026-09-18 17:00:00+00:00,6.0,11.474920272827148,14.0,19.0
2026-09-18 18:00:00+00:00,7.0,13.165763854980469,16.0,21.200000762939453
2026-09-18 19:00:00+00:00,8.0,15.412283897399902,19.0,20.799999237060547
2026-09-18 20:00:00+00:00,9.0,15.382746696472168,20.0,20.14285659790039
2026-09-18 21:00:00+00:00,10.0,14.78981876373291,20.0,19.200000762939453
2026-09-18 22:00:00+00:00,11.0,13.15520191192627,18.0,18.5
2026-09-18 23:00:00+00:00,12.0,13.050030708312988,18.0,17.66666603088379
2026-09-19 00:00:00+00:00,13.0,13.23544979095459,18.0,20.399999618530273
2026-09-19 01:00:00+00:00,14.0,14.393742561340332,20.0,19.0
2026-09-19 02:00:00+00:00,15.0,13.677306175231934,19.0,19.600000381469727
2026-09-19 03:00:00+00:00,16.0,14.575784683227539,20.0,19.0
2026-09-19 04:00:00+00:00,17.0,13.79196834564209,18.0,19.75
2026-09-19 05:00:00+00:00,18.0,13.617988586425781,17.0,19.285715103149414
2026-09-19 06:00:00+00:00,19.0,13.799324989318848,17.0,17.25
2026-09-19 07:00:00+00:00,20.0,15.145837783813477,19.0,17.0
2026-09-19 08:00:00+00:00,21.0,14.516069412231445,17.0,17.5
2026-09-19 09:00:00+00:00,22.0,16.243499755859375,19.0,18.14285659790039
2026-09-19 10:00:00+00:00,23.0,16.603673934936523,19.0,18.600000381469727
2026-09-19 11:00:00+00:00,24.0,17.544170379638672,20.0,21.0
2026-09-18 13:00:00+00:00,1.0,13.474340438842773,15.0,15.5
2026-09-18 14:00:00+00:00,2.0,13.959022521972656,16.0,16.33333396911621
2026-09-18 15:00:00+00:00,3.0,12.602507591247559,15.0,16.799999237060547
2026-09-18 16:00:00+00:00,4.0,11.1984281539917,13.0,16.0
2026-09-18 17:00:00+00:00,5.0,11.682571411132812,14.0,19.0
2026-09-18 18:00:00+00:00,6.0,13.158526420593262,16.0,21.200000762939453
2026-09-18 19:00:00+00:00,7.0,14.59501838684082,18.0,20.799999237060547
2026-09-18 20:00:00+00:00,8.0,14.785711288452148,19.0,20.14285659790039
2026-09-18 21:00:00+00:00,9.0,14.081571578979492,19.0,19.200000762939453
2026-09-18 22:00:00+00:00,10.0,13.103948593139648,18.0,18.5
2026-09-18 23:00:00+00:00,11.0,11.773829460144043,16.0,17.66666603088379
2026-09-19 00:00:00+00:00,12.0,11.861248016357422,15.0,20.399999618530273
2026-09-19 01:00:00+00:00,13.0,13.627033233642578,19.0,19.0
2026-09-19 02:00:00+00:00,14.0,12.988288879394531,18.0,19.600000381469727
2026-09-19 03:00:00+00:00,15.0,13.829253196716309,19.0,19.0
2026-09-19 04:00:00+00:00,16.0,14.237760543823242,19.0,19.75
2026-09-19 05:00:00+00:00,17.0,13.574462890625,17.0,19.285715103149414
2026-09-19 06:00:00+00:00,18.0,13.213162422180176,16.0,17.25
2026-09-19 07:00:00+00:00,19.0,14.101349830627441,17.0,17.0
2026-09-19 08:00:00+00:00,20.0,15.795096397399902,19.0,17.5
2026-09-19 09:00:00+00:00,21.0,14.610939025878906,17.0,18.14285659790039
2026-09-19 10:00:00+00:00,22.0,13.892746925354004,15.0,18.600000381469727
2026-09-19 11:00:00+00:00,23.0,17.925182342529297,20.0,21.0
2026-09-19 12:00:00+00:00,24.0,16.206228256225586,17.0,21.83333396911621
2026-09-18 14:00:00+00:00,1.0,14.575082778930664,16.0,16.33333396911621
2026-09-18 15:00:00+00:00,2.0,13.200051307678223,15.0,16.799999237060547
2026-09-18 16:00:00+00:00,3.0,13.105974197387695,15.0,16.0
2026-09-18 17:00:00+00:00,4.0,13.56773853302002,16.0,19.0
2026-09-18 18:00:00+00:00,5.0,14.297442436218262,17.0,21.200000762939453
2026-09-18 19:00:00+00:00,6.0,14.834009170532227,18.0,20.799999237060547
2026-09-18 20:00:00+00:00,7.0,14.833133697509766,19.0,20.14285659790039
2026-09-18 21:00:00+00:00,8.0,14.306653022766113,19.0,19.200000762939453
2026-09-18 22:00:00+00:00,9.0,14.044371604919434,19.0,18.5
2026-09-18 23:00:00+00:00,10.0,12.539459228515625,17.0,17.66666603088379
2026-09-19 00:00:00+00:00,11.0,12.12883186340332,15.0,20.399999618530273
2026-09-19 01:00:00+00:00,12.0,13.588172912597656,18.0,19.0
2026-09-19 02:00:00+00:00,13.0,14.300135612487793,19.0,19.600000381469727
2026-09-19 03:00:00+00:00,14.0,15.967799186706543,21.0,19.0
2026-09-19 04:00:00+00:00,15.0,14.399956703186035,18.0,19.75
2026-09-19 05:00:00+00:00,16.0,13.888558387756348,17.0,19.285715103149414
2026-09-19 06:00:00+00:00,17.0,14.15861988067627,17.0,17.25
2026-09-19 07:00:00+00:00,18.0,13.729897499084473,16.0,17.0
2026-09-19 08:00:00+00:00,19.0,15.95200252532959,19.0,17.5
2026-09-19 09:00:00+00:00,20.0,16.67257308959961,19.0,18.14285659790039
2026-09-19 10:00:00+00:00,21.0,14.560054779052734,15.0,18.600000381469727
2026-09-19 11:00:00+00:00,22.0,16.088470458984375,17.0,21.0
2026-09-19 12:00:00+00:00,23.0,18.231420516967773,20.0,21.83333396911621
2026-09-19 13:00:00+00:00,24.0,18.005367279052734,20.0,23.66666603088379
2026-09-18 15:00:00+00:00,1.0,13.476024627685547,15.0,16.799999237060547
2026-09-18 16:00:00+00:00,2.0,13.333880424499512,15.0,16.0
2026-09-18 17:00:00+00:00,3.0,13.531826972961426,16.0,19.0
2026-09-18 18:00:00+00:00,4.0,14.356083869934082,17.0,21.200000762939453
2026-09-18 19:00:00+00:00,5.0,16.06365203857422,19.0,20.799999237060547
2026-09-18 20:00:00+00:00,6.0,16.080820083618164,20.0,20.14285659790039
2026-09-18 21:00:00+00:00,7.0,14.735587120056152,19.0,19.200000762939453
2026-09-18 22:00:00+00:00,8.0,13.375144004821777,18.0,18.5
2026-09-18 23:00:00+00:00,9.0,14.134177207946777,19.0,17.66666603088379
2026-09-19 00:00:00+00:00,10.0,15.810232162475586,21.0,20.399999618530273
2026-09-19 01:00:00+00:00,11.0,14.195958137512207,19.0,19.0
2026-09-19 02:00:00+00:00,12.0,14.157732963562012,19.0,19.600000381469727
2026-09-19 03:00:00+00:00,13.0,14.493916511535645,19.0,19.0
2026-09-19 04:00:00+00:00,14.0,14.026695251464844,17.0,19.75
2026-09-19 05:00:00+00:00,15.0,14.099104881286621,17.0,19.285715103149414
2026-09-19 06:00:00+00:00,16.0,14.696069717407227,18.0,17.25
2026-09-19 07:00:00+00:00,17.0,15.836016654968262,19.0,17.0
2026-09-19 08:00:00+00:00,18.0,15.761214256286621,18.0,17.5
2026-09-19 09:00:00+00:00,19.0,16.7216854095459,19.0,18.14285659790039
2026-09-19 10:00:00+00:00,20.0,19.026491165161133,21.0,18.600000381469727
2026-09-19 11:00:00+00:00,21.0,17.506757736206055,18.0,21.0
2026-09-19 12:00:00+00:00,22.0,16.25942039489746,17.0,21.83333396911621
2026-09-19 13:00:00+00:00,23.0,18.80551528930664,20.0,23.66666603088379
2026-09-19 14:00:00+00:00,24.0,19.254098892211914,21.0,22.714284896850586
2026-09-18 16:00:00+00:00,1.0,12.553746223449707,14.0,16.0
2026-09-18 17:00:00+00:00,2.0,14.056313514709473,16.0,19.0
2026-09-18 18:00:00+00:00,3.0,15.574479103088379,18.0,21.200000762939453
2026-09-18 19:00:00+00:00,4.0,16.049224853515625,19.0,20.799999237060547
2026-09-18 20:00:00+00:00,5.0,15.305353164672852,19.0,20.14285659790039
2026-09-18 21:00:00+00:00,6.0,14.49599552154541,19.0,19.200000762939453
2026-09-18 22:00:00+00:00,7.0,14.597851753234863,19.0,18.5
2026-09-18 23:00:00+00:00,8.0,14.440857887268066,19.0,17.66666603088379
2026-09-19 00:00:00+00:00,9.0,14.71651840209961,19.0,20.399999618530273
2026-09-19 01:00:00+00:00,10.0,14.309087753295898,19.0,19.0
2026-09-19 02:00:00+00:00,11.0,14.416001319885254,19.0,19.600000381469727
2026-09-19 03:00:00+00:00,12.0,15.274497032165527,20.0,19.0
2026-09-19 04:00:00+00:00,13.0,14.144735336303711,17.0,19.75
2026-09-19 05:00:00+00:00,14.0,14.914045333862305,18.0,19.285715103149414
2026-09-19 06:00:00+00:00,15.0,13.76878547668457,16.0,17.25
2026-09-19 07:00:00+00:00,16.0,15.141340255737305,18.0,17.0
2026-09-19 08:00:00+00:00,17.0,18.143169403076172,21.0,17.5
2026-09-19 09:00:00+00:00,18.0,16.62474250793457,18.0,18.14285659790039
2026-09-19 10:00:00+00:00,19.0,15.912312507629395,17.0,18.600000381469727
2026-09-19 11:00:00+00:00,20.0,18.539613723754883,20.0,21.0
2026-09-19 12:00:00+00:00,21.0,18.505449295043945,20.0,21.83333396911621
2026-09-19 13:00:00+00:00,22.0,16.975505828857422,18.0,23.66666603088379
2026-09-19 14:00:00+00:00,23.0,18.596385955810547,20.0,22.714284896850586
2026-09-19 15:00:00+00:00,24.0,18.972806930541992,21.0,23.285715103149414
2026-09-18 17:00:00+00:00,1.0,15.033203125,17.0,19.0
2026-09-18 18:00:00+00:00,2.0,16.482017517089844,19.0,21.200000762939453
2026-09-18 19:00:00+00:00,3.0,16.18226432800293,19.0,20.799999237060547
2026-09-18 20:00:00+00:00,4.0,15.289072036743164,19.0,20.14285659790039
2026-09-18 21:00:00+00:00,5.0,14.950704574584961,19.0,19.200000762939453
2026-09-18 22:00:00+00:00,6.0,16.20133399963379,21.0,18.5
2026-09-18 23:00:00+00:00,7.0,14.555022239685059,19.0,17.66666603088379
2026-09-19 00:00:00+00:00,8.0,13.955155372619629,18.0,20.399999618530273
2026-09-19 01:00:00+00:00,9.0,14.686483383178711,19.0,19.0
2026-09-19 02:00:00+00:00,10.0,15.169859886169434,20.0,19.600000381469727
2026-09-19 03:00:00+00:00,11.0,15.610820770263672,20.0,19.0
2026-09-19 04:00:00+00:00,12.0,14.80167007446289,18.0,19.75
2026-09-19 05:00:00+00:00,13.0,15.051498413085938,18.0,19.285715103149414
2026-09-19 06:00:00+00:00,14.0,15.757940292358398,18.0,17.25
2026-09-19 07:00:00+00:00,15.0,15.826169967651367,18.0,17.0
2026-09-19 08:00:00+00:00,16.0,16.22709846496582,18.0,17.5
2026-09-19 09:00:00+00:00,17.0,16.11430549621582,17.0,18.14285659790039
2026-09-19 10:00:00+00:00,18.0,16.474071502685547,17.0,18.600000381469727
2026-09-19 11:00:00+00:00,19.0,16.63196563720703,17.0,21.0
2026-09-19 12:00:00+00:00,20.0,17.632030487060547,18.0,21.83333396911621
2026-09-19 13:00:00+00:00,21.0,18.09518051147461,19.0,23.66666603088379
2026-09-19 14:00:00+00:00,22.0,17.677818298339844,19.0,22.714284896850586
2026-09-19 15:00:00+00:00,23.0,18.013078689575195,20.0,23.285715103149414
2026-09-19 16:00:00+00:00,24.0,18.72723960876465,21.0,22.285715103149414
2026-09-18 18:00:00+00:00,1.0,15.761846542358398,18.0,21.200000762939453
2026-09-18 19:00:00+00:00,2.0,17.273948669433594,20.0,20.799999237060547
2026-09-18 20:00:00+00:00,3.0,16.24600601196289,20.0,20.14285659790039
2026-09-18 21:00:00+00:00,4.0,14.824953079223633,19.0,19.200000762939453
2026-09-18 22:00:00+00:00,5.0,13.69636344909668,18.0,18.5
2026-09-18 23:00:00+00:00,6.0,14.451483726501465,19.0,17.66666603088379
2026-09-19 00:00:00+00:00,7.0,14.469100952148438,19.0,20.399999618530273
2026-09-19 01:00:00+00:00,8.0,15.892152786254883,21.0,19.0
2026-09-19 02:00:00+00:00,9.0,14.538003921508789,19.0,19.600000381469727
2026-09-19 03:00:00+00:00,10.0,14.72552490234375,19.0,19.0
2026-09-19 04:00:00+00:00,11.0,16.015342712402344,20.0,19.75
2026-09-19 05:00:00+00:00,12.0,16.188438415527344,20.0,19.285715103149414
2026-09-19 06:00:00+00:00,13.0,15.612441062927246,19.0,17.25
2026-09-19 07:00:00+00:00,14.0,15.146567344665527,18.0,17.0
2026-09-19 08:00:00+00:00,15.0,16.817291259765625,19.0,17.5
2026-09-19 09:00:00+00:00,16.0,19.15488624572754,21.0,18.14285659790039
2026-09-19 10:00:00+00:00,17.0,19.20238494873047,21.0,18.600000381469727
2026-09-19 11:00:00+00:00,18.0,17.954580307006836,19.0,21.0
2026-09-19 12:00:00+00:00,19.0,17.170242309570312,18.0,21.83333396911621
2026-09-19 13:00:00+00:00,20.0,17.9279727935791,19.0,23.66666603088379
2026-09-19 14:00:00+00:00,21.0,18.577594757080078,20.0,22.714284896850586
2026-09-19 15:00:00+00:00,22.0,19.333498001098633,21.0,23.285715103149414
2026-09-19 16:00:00+00:00,23.0,18.72348976135254,21.0,22.285715103149414
2026-09-19 17:00:00+00:00,24.0,19.029890060424805,22.0,22.5
2026-09-18 19:00:00+00:00,1.0,15.681066513061523,18.0,20.799999237060547
2026-09-18 20:00:00+00:00,2.0,15.52483081817627,19.0,20.14285659790039
2026-09-18 21:00:00+00:00,3.0,13.924554824829102,18.0,19.200000762939453
2026-09-18 22:00:00+00:00,4.0,14.07799243927002,18.0,18.5
2026-09-18 23:00:00+00:00,5.0,16.145362854003906,21.0,17.66666603088379
2026-09-19 00:00:00+00:00,6.0,16.00752830505371,20.0,20.399999618530273
2026-09-19 01:00:00+00:00,7.0,15.241347312927246,20.0,19.0
2026-09-19 02:00:00+00:00,8.0,14.412094116210938,19.0,19.600000381469727
2026-09-19 03:00:00+00:00,9.0,15.33986759185791,20.0,19.0
2026-09-19 04:00:00+00:00,10.0,15.08881950378418,19.0,19.75
2026-09-19 05:00:00+00:00,11.0,15.171783447265625,18.0,19.285715103149414
2026-09-19 06:00:00+00:00,12.0,14.733665466308594,18.0,17.25
2026-09-19 07:00:00+00:00,13.0,17.11493492126465,20.0,17.0
2026-09-19 08:00:00+00:00,14.0,17.949987411499023,20.0,17.5
2026-09-19 09:00:00+00:00,15.0,15.333450317382812,17.0,18.14285659790039
2026-09-19 10:00:00+00:00,16.0,18.506744384765625,20.0,18.600000381469727
2026-09-19 11:00:00+00:00,17.0,17.934297561645508,19.0,21.0
2026-09-19 12:00:00+00:00,18.0,17.983118057250977,19.0,21.83333396911621
2026-09-19 13:00:00+00:00,19.0,17.194887161254883,18.0,23.66666603088379
2026-09-19 14:00:00+00:00,20.0,18.853740692138672,20.0,22.714284896850586
2026-09-19 15:00:00+00:00,21.0,19.28756332397461,21.0,23.285715103149414
2026-09-19 16:00:00+00:00,22.0,19.194063186645508,21.0,22.285715103149414
2026-09-19 17:00:00+00:00,23.0,19.223690032958984,22.0,22.5
2026-09-19 18:00:00+00:00,24.0,17.704378128051758,21.0,22.5
2026-09-18 20:00:00+00:00,1.0,16.321279525756836,20.0,20.14285659790039
2026-09-18 21:00:00+00:00,2.0,15.252386093139648,19.0,19.200000762939453
2026-09-18 22:00:00+00:00,3.0,15.40068531036377,20.0,18.5
2026-09-18 23:00:00+00:00,4.0,15.52552604675293,20.0,17.66666603088379
2026-09-19 00:00:00+00:00,5.0,15.689291000366211,20.0,20.399999618530273
2026-09-19 01:00:00+00:00,6.0,15.482636451721191,20.0,19.0
2026-09-19 02:00:00+00:00,7.0,14.428943634033203,19.0,19.600000381469727
2026-09-19 03:00:00+00:00,8.0,14.756712913513184,19.0,19.0
2026-09-19 04:00:00+00:00,9.0,15.155457496643066,19.0,19.75
2026-09-19 05:00:00+00:00,10.0,15.067292213439941,18.0,19.285715103149414
2026-09-19 06:00:00+00:00,11.0,14.617846488952637,17.0,17.25
2026-09-19 07:00:00+00:00,12.0,16.362567901611328,19.0,17.0
2026-09-19 08:00:00+00:00,13.0,18.48116111755371,21.0,17.5
2026-09-19 09:00:00+00:00,14.0,17.472698211669922,19.0,18.14285659790039
2026-09-19 10:00:00+00:00,15.0,17.989009857177734,19.0,18.600000381469727
2026-09-19 11:00:00+00:00,16.0,18.007356643676758,18.0,21.0
2026-09-19 12:00:00+00:00,17.0,18.398527145385742,19.0,21.83333396911621
2026-09-19 13:00:00+00:00,18.0,19.411888122558594,20.0,23.66666603088379
2026-09-19 14:00:00+00:00,19.0,18.022802352905273,19.0,22.714284896850586
2026-09-19 15:00:00+00:00,20.0,18.386634826660156,20.0,23.285715103149414
2026-09-19 16:00:00+00:00,21.0,18.973712921142578,21.0,22.285715103149414
2026-09-19 17:00:00+00:00,22.0,19.280452728271484,22.0,22.5
2026-09-19 18:00:00+00:00,23.0,18.118240356445312,21.0,22.5
2026-09-19 19:00:00+00:00,24.0,16.492076873779297,20.0,22.5
2026-09-18 21:00:00+00:00,1.0,16.936992645263672,21.0,19.200000762939453
2026-09-18 22:00:00+00:00,2.0,15.329126358032227,20.0,18.5
2026-09-18 23:00:00+00:00,3.0,15.477645874023438,20.0,17.66666603088379
2026-09-19 00:00:00+00:00,4.0,15.832940101623535,20.0,20.399999618530273
2026-09-19 01:00:00+00:00,5.0,14.77662467956543,19.0,19.0
2026-09-19 02:00:00+00:00,6.0,14.557194709777832,19.0,19.600000381469727
2026-09-19 03:00:00+00:00,7.0,14.121577262878418,18.0,19.0
2026-09-19 04:00:00+00:00,8.0,15.267914772033691,19.0,19.75
2026-09-19 05:00:00+00:00,9.0,15.446595191955566,19.0,19.285715103149414
2026-09-19 06:00:00+00:00,10.0,15.715103149414062,19.0,17.25
2026-09-19 07:00:00+00:00,11.0,15.465414047241211,18.0,17.0
2026-09-19 08:00:00+00:00,12.0,16.12964630126953,18.0,17.5
2026-09-19 09:00:00+00:00,13.0,18.4122257232666,20.0,18.14285659790039
2026-09-19 10:00:00+00:00,14.0,19.591644287109375,21.0,18.600000381469727
2026-09-19 11:00:00+00:00,15.0,17.251768112182617,18.0,21.0
2026-09-19 12:00:00+00:00,16.0,17.170623779296875,18.0,21.83333396911621
2026-09-19 13:00:00+00:00,17.0,18.155771255493164,19.0,23.66666603088379
2026-09-19 14:00:00+00:00,18.0,19.012737274169922,20.0,22.714284896850586
2026-09-19 15:00:00+00:00,19.0,18.64567756652832,20.0,23.285715103149414
2026-09-19 16:00:00+00:00,20.0,18.917898178100586,21.0,22.285715103149414
2026-09-19 17:00:00+00:00,21.0,18.4468994140625,21.0,22.5
2026-09-19 18:00:00+00:00,22.0,17.625972747802734,21.0,22.5
2026-09-19 19:00:00+00:00,23.0,17.038509368896484,21.0,22.5
2026-09-19 20:00:00+00:00,24.0,15.047080039978027,19.0,20.399999618530273
2026-09-18 22:00:00+00:00,1.0,15.001559257507324,19.0,18.5
2026-09-18 23:00:00+00:00,2.0,15.558619499206543,20.0,17.66666603088379
2026-09-19 00:00:00+00:00,3.0,15.948793411254883,20.0,20.399999618530273
2026-09-19 01:00:00+00:00,4.0,15.384305953979492,20.0,19.0
2026-09-19 02:00:00+00:00,5.0,15.310147285461426,20.0,19.600000381469727
2026-09-19 03:00:00+00:00,6.0,15.369893074035645,20.0,19.0
2026-09-19 04:00:00+00:00,7.0,14.987828254699707,19.0,19.75
2026-09-19 05:00:00+00:00,8.0,15.560883522033691,19.0,19.285715103149414
2026-09-19 06:00:00+00:00,9.0,16.976177215576172,20.0,17.25
2026-09-19 07:00:00+00:00,10.0,17.408796310424805,20.0,17.0
2026-09-19 08:00:00+00:00,11.0,17.48226547241211,20.0,17.5
2026-09-19 09:00:00+00:00,12.0,15.389232635498047,17.0,18.14285659790039
2026-09-19 10:00:00+00:00,13.0,16.606956481933594,18.0,18.600000381469727
2026-09-19 11:00:00+00:00,14.0,18.287464141845703,19.0,21.0
2026-09-19 12:00:00+00:00,15.0,18.796188354492188,20.0,21.83333396911621
2026-09-19 13:00:00+00:00,16.0,18.158113479614258,19.0,23.66666603088379
2026-09-19 14:00:00+00:00,17.0,18.74202537536621,20.0,22.714284896850586
2026-09-19 15:00:00+00:00,18.0,19.66291618347168,21.0,23.285715103149414
2026-09-19 16:00:00+00:00,19.0,19.982404708862305,22.0,22.285715103149414
2026-09-19 17:00:00+00:00,20.0,19.23185920715332,22.0,22.5
2026-09-19 18:00:00+00:00,21.0,17.88071060180664,21.0,22.5
2026-09-19 19:00:00+00:00,22.0,17.111148834228516,21.0,22.5
2026-09-19 20:00:00+00:00,23.0,15.826136589050293,20.0,20.399999618530273
2026-09-19 21:00:00+00:00,24.0,15.239843368530273,20.0,19.88888931274414
2026-09-18 23:00:00+00:00,2.0,15.484325408935547,20.0,17.66666603088379
2026-09-19 00:00:00+00:00,3.0,15.869756698608398,20.0,20.399999618530273
2026-09-19 01:00:00+00:00,4.0,15.312028884887695,20.0,19.0
2026-09-19 02:00:00+00:00,5.0,15.243792533874512,20.0,19.600000381469727
2026-09-19 03:00:00+00:00,6.0,15.31412410736084,20.0,19.0
2026-09-19 04:00:00+00:00,7.0,14.938300132751465,19.0,19.75
2026-09-19 05:00:00+00:00,8.0,15.506586074829102,19.0,19.285715103149414
2026-09-19 06:00:00+00:00,9.0,16.919816970825195,20.0,17.25
2026-09-19 07:00:00+00:00,10.0,17.33724594116211,20.0,17.0
2026-09-19 08:00:00+00:00,11.0,17.410417556762695,20.0,17.5
2026-09-19 09:00:00+00:00,12.0,15.326817512512207,17.0,18.14285659790039
2026-09-19 10:00:00+00:00,13.0,16.518808364868164,18.0,18.600000381469727
2026-09-19 11:00:00+00:00,14.0,18.195383071899414,19.0,21.0
2026-09-19 12:00:00+00:00,15.0,18.69904136657715,20.0,21.83333396911621
2026-09-19 13:00:00+00:00,16.0,18.06631088256836,19.0,23.66666603088379
2026-09-19 14:00:00+00:00,17.0,18.64838218688965,20.0,22.714284896850586
2026-09-19 15:00:00+00:00,18.0,19.567663192749023,21.0,23.285715103149414
2026-09-19 16:00:00+00:00,19.0,19.877809524536133,22.0,22.285715103149414
2026-09-19 17:00:00+00:00,20.0,19.122026443481445,22.0,22.5
2026-09-19 18:00:00+00:00,21.0,17.792131423950195,21.0,22.5
2026-09-19 19:00:00+00:00,22.0,17.03130340576172,21.0,22.5
2026-09-19 20:00:00+00:00,23.0,15.750767707824707,20.0,20.399999618530273
2026-09-19 21:00:00+00:00,24.0,15.166081428527832,20.0,19.88888931274414
2026-09-19 22:00:00+00:00,25.0,13.671205520629883,19.0,17.571428298950195
2026-09-19 00:00:00+00:00,3.0,15.8045072555542,20.0,20.399999618530273
2026-09-19 01:00:00+00:00,4.0,15.25426959991455,20.0,19.0
2026-09-19 02:00:00+00:00,5.0,15.185839653015137,20.0,19.600000381469727
2026-09-19 03:00:00+00:00,6.0,15.277929306030273,20.0,19.0
2026-09-19 04:00:00+00:00,7.0,14.899982452392578,19.0,19.75
2026-09-19 05:00:00+00:00,8.0,15.473221778869629,19.0,19.285715103149414
2026-09-19 06:00:00+00:00,9.0,16.88193130493164,20.0,17.25
2026-09-19 07:00:00+00:00,10.0,17.2884521484375,20.0,17.0
2026-09-19 08:00:00+00:00,11.0,17.359344482421875,20.0,17.5
2026-09-19 09:00:00+00:00,12.0,15.274260520935059,17.0,18.14285659790039
2026-09-19 10:00:00+00:00,13.0,16.461231231689453,18.0,18.600000381469727
2026-09-19 11:00:00+00:00,14.0,18.131961822509766,19.0,21.0
2026-09-19 12:00:00+00:00,15.0,18.624351501464844,20.0,21.83333396911621
2026-09-19 13:00:00+00:00,16.0,18.002986907958984,19.0,23.66666603088379
2026-09-19 14:00:00+00:00,17.0,18.581798553466797,20.0,22.714284896850586
2026-09-19 15:00:00+00:00,18.0,19.505401611328125,21.0,23.285715103149414
2026-09-19 16:00:00+00:00,19.0,19.803499221801758,22.0,22.285715103149414
2026-09-19 17:00:00+00:00,20.0,19.032012939453125,22.0,22.5
2026-09-19 18:00:00+00:00,21.0,17.714998245239258,21.0,22.5
2026-09-19 19:00:00+00:00,22.0,16.964014053344727,21.0,22.5
2026-09-19 20:00:00+00:00,23.0,15.690839767456055,20.0,20.399999618530273
2026-09-19 21:00:00+00:00,24.0,15.11123275756836,20.0,19.88888931274414
2026-09-19 22:00:00+00:00,25.0,13.640022277832031,19.0,17.571428298950195
2026-09-19 23:00:00+00:00,26.0,11.84565544128418,17.0,18.0
2026-09-19 01:00:00+00:00,4.0,15.275486946105957,20.0,19.0
2026-09-19 02:00:00+00:00,5.0,15.203254699707031,20.0,19.600000381469727
2026-09-19 03:00:00+00:00,6.0,15.308852195739746,20.0,19.0
2026-09-19 04:00:00+00:00,7.0,14.933511734008789,19.0,19.75
2026-09-19 05:00:00+00:00,8.0,15.514606475830078,19.0,19.285715103149414
2026-09-19 06:00:00+00:00,9.0,16.92625617980957,20.0,17.25
2026-09-19 07:00:00+00:00,10.0,17.34154510498047,20.0,17.0
2026-09-19 08:00:00+00:00,11.0,17.40172576904297,20.0,17.5
2026-09-19 09:00:00+00:00,12.0,15.312975883483887,17.0,18.14285659790039
2026-09-19 10:00:00+00:00,13.0,16.498180389404297,18.0,18.600000381469727
2026-09-19 11:00:00+00:00,14.0,18.17721939086914,19.0,21.0
2026-09-19 12:00:00+00:00,15.0,18.6581974029541,20.0,21.83333396911621
2026-09-19 13:00:00+00:00,16.0,18.045360565185547,19.0,23.66666603088379
2026-09-19 14:00:00+00:00,17.0,18.61857032775879,20.0,22.714284896850586
2026-09-19 15:00:00+00:00,18.0,19.544750213623047,21.0,23.285715103149414
2026-09-19 16:00:00+00:00,19.0,19.846256256103516,22.0,22.285715103149414
2026-09-19 17:00:00+00:00,20.0,19.0731143951416,22.0,22.5
2026-09-19 18:00:00+00:00,21.0,17.751855850219727,21.0,22.5
2026-09-19 19:00:00+00:00,22.0,17.00121307373047,21.0,22.5
2026-09-19 20:00:00+00:00,23.0,15.726365089416504,20.0,20.399999618530273
2026-09-19 21:00:00+00:00,24.0,15.141956329345703,20.0,19.88888931274414
2026-09-19 22:00:00+00:00,25.0,13.657578468322754,19.0,17.571428298950195
2026-09-19 23:00:00+00:00,26.0,11.868246078491211,17.0,18.0
2026-09-20 00:00:00+00:00,27.0,11.752819061279297,17.0,14.600000381469727
2026-09-19 02:00:00+00:00,5.0,15.169027328491211,20.0,19.600000381469727
2026-09-19 03:00:00+00:00,6.0,15.268915176391602,20.0,19.0
2026-09-19 04:00:00+00:00,7.0,14.898920059204102,19.0,19.75
2026-09-19 05:00:00+00:00,8.0,15.48851490020752,19.0,19.285715103149414
2026-09-19 06:00:00+00:00,9.0,16.89284896850586,20.0,17.25
2026-09-19 07:00:00+00:00,10.0,17.301057815551758,20.0,17.0
2026-09-19 08:00:00+00:00,11.0,17.364267349243164,20.0,17.5
2026-09-19 09:00:00+00:00,12.0,15.266221046447754,17.0,18.14285659790039
2026-09-19 10:00:00+00:00,13.0,16.4604434967041,18.0,18.600000381469727
2026-09-19 11:00:00+00:00,14.0,18.140714645385742,19.0,21.0
2026-09-19 12:00:00+00:00,15.0,18.610143661499023,20.0,21.83333396911621
2026-09-19 13:00:00+00:00,16.0,18.005075454711914,19.0,23.66666603088379
2026-09-19 14:00:00+00:00,17.0,18.566370010375977,20.0,22.714284896850586
2026-09-19 15:00:00+00:00,18.0,19.489103317260742,21.0,23.285715103149414
2026-09-19 16:00:00+00:00,19.0,19.791746139526367,22.0,22.285715103149414
2026-09-19 17:00:00+00:00,20.0,19.013181686401367,22.0,22.5
2026-09-19 18:00:00+00:00,21.0,17.696077346801758,21.0,22.5
2026-09-19 19:00:00+00:00,22.0,16.95673179626465,21.0,22.5
2026-09-19 20:00:00+00:00,23.0,15.683425903320312,20.0,20.399999618530273
2026-09-19 21:00:00+00:00,24.0,15.099236488342285,20.0,19.88888931274414
2026-09-19 22:00:00+00:00,25.0,13.618539810180664,19.0,17.571428298950195
2026-09-19 23:00:00+00:00,26.0,11.845901489257812,17.0,18.0
2026-09-20 00:00:00+00:00,27.0,11.733800888061523,17.0,14.600000381469727
2026-09-20 01:00:00+00:00,28.0,10.404584884643555,15.0,13.0
2026-09-19 03:00:00+00:00,6.0,15.222323417663574,20.0,19.0
2026-09-19 04:00:00+00:00,7.0,14.852494239807129,19.0,19.75
2026-09-19 05:00:00+00:00,8.0,15.443493843078613,19.0,19.285715103149414
2026-09-19 06:00:00+00:00,9.0,16.843994140625,20.0,17.25
2026-09-19 07:00:00+00:00,10.0,17.248456954956055,20.0,17.0
2026-09-19 08:00:00+00:00,11.0,17.306074142456055,20.0,17.5
2026-09-19 09:00:00+00:00,12.0,15.209510803222656,17.0,18.14285659790039
2026-09-19 10:00:00+00:00,13.0,16.40494728088379,18.0,18.600000381469727
2026-09-19 11:00:00+00:00,14.0,18.084699630737305,19.0,21.0
2026-09-19 12:00:00+00:00,15.0,18.529022216796875,20.0,21.83333396911621
2026-09-19 13:00:00+00:00,16.0,17.943668365478516,19.0,23.66666603088379
2026-09-19 14:00:00+00:00,17.0,18.502737045288086,20.0,22.714284896850586
2026-09-19 15:00:00+00:00,18.0,19.41196060180664,21.0,23.285715103149414
2026-09-19 16:00:00+00:00,19.0,19.710962295532227,22.0,22.285715103149414
2026-09-19 17:00:00+00:00,20.0,18.935985565185547,22.0,22.5
2026-09-19 18:00:00+00:00,21.0,17.623950958251953,21.0,22.5
2026-09-19 19:00:00+00:00,22.0,16.89440155029297,21.0,22.5
2026-09-19 20:00:00+00:00,23.0,15.628211975097656,20.0,20.399999618530273
2026-09-19 21:00:00+00:00,24.0,15.039864540100098,20.0,19.88888931274414
2026-09-19 22:00:00+00:00,25.0,13.580315589904785,19.0,17.571428298950195
2026-09-19 23:00:00+00:00,26.0,11.820110321044922,17.0,18.0
2026-09-20 00:00:00+00:00,27.0,11.709310531616211,17.0,14.600000381469727
2026-09-20 01:00:00+00:00,28.0,10.374119758605957,15.0,13.0
2026-09-20 02:00:00+00:00,29.0,11.078242301940918,16.0,12.0
2026-09-20 04:00:00+00:00,7.0,8.958620071411133,13.0,8.857142448425293
2026-09-20 05:00:00+00:00,8.0,9.64491081237793,14.0,9.600000381469727
2026-09-20 06:00:00+00:00,9.0,9.781599044799805,14.0,9.857142448425293
2026-09-20 07:00:00+00:00,10.0,11.571661949157715,16.0,11.0
2026-09-20 08:00:00+00:00,11.0,12.316396713256836,17.0,12.399999618530273
2026-09-20 09:00:00+00:00,12.0,12.170456886291504,17.0,13.199999809265137
2026-09-20 10:00:00+00:00,13.0,13.168473243713379,18.0,14.666666984558105
2026-09-20 11:00:00+00:00,14.0,12.146625518798828,17.0,15.0
2026-09-20 12:00:00+00:00,15.0,10.495888710021973,15.0,12.75
2026-09-20 13:00:00+00:00,16.0,9.734609603881836,14.0,11.714285850524902
2026-09-20 14:00:00+00:00,17.0,8.39818286895752,12.0,11.333333015441895
2026-09-20 15:00:00+00:00,18.0,8.112858772277832,12.0,8.571428298950195
2026-09-20 16:00:00+00:00,19.0,7.934177398681641,12.0,7.0
2026-09-20 17:00:00+00:00,20.0,7.141778469085693,11.0,6.0
2026-09-20 18:00:00+00:00,21.0,6.293079376220703,10.0,7.0
2026-09-20 19:00:00+00:00,22.0,6.141578674316406,10.0,4.0
2026-09-20 20:00:00+00:00,23.0,5.996153354644775,10.0,4.0
2026-09-20 21:00:00+00:00,24.0,4.226940631866455,7.0,3.0
2026-09-20 22:00:00+00:00,25.0,4.172557830810547,7.0,3.5
2026-09-20 23:00:00+00:00,26.0,4.763044357299805,8.0,2.799999952316284
2026-09-21 00:00:00+00:00,27.0,4.289909839630127,7.0,2.7142856121063232
2026-09-21 01:00:00+00:00,28.0,5.387278079986572,9.0,2.4285714626312256
2026-09-21 02:00:00+00:00,29.0,4.942025184631348,8.0,4.0
2026-09-21 03:00:00+00:00,30.0,5.01912260055542,8.0,4.0
2026-09-20 05:00:00+00:00,8.0,9.575810432434082,14.0,9.600000381469727
2026-09-20 06:00:00+00:00,9.0,9.693814277648926,14.0,9.857142448425293
2026-09-20 07:00:00+00:00,10.0,11.463479995727539,16.0,11.0
2026-09-20 08:00:00+00:00,11.0,12.202244758605957,17.0,12.399999618530273
2026-09-20 09:00:00+00:00,12.0,12.06700325012207,17.0,13.199999809265137
2026-09-20 10:00:00+00:00,13.0,13.035772323608398,18.0,14.666666984558105
2026-09-20 11:00:00+00:00,14.0,12.026935577392578,17.0,15.0
2026-09-20 12:00:00+00:00,15.0,10.382220268249512,15.0,12.75
2026-09-20 13:00:00+00:00,16.0,9.62575912475586,14.0,11.714285850524902
2026-09-20 14:00:00+00:00,17.0,8.303193092346191,12.0,11.333333015441895
2026-09-20 15:00:00+00:00,18.0,8.035561561584473,12.0,8.571428298950195
2026-09-20 16:00:00+00:00,19.0,7.86698579788208,12.0,7.0
2026-09-20 17:00:00+00:00,20.0,7.081808090209961,11.0,6.0
2026-09-20 18:00:00+00:00,21.0,6.228262901306152,10.0,7.0
2026-09-20 19:00:00+00:00,22.0,6.083608150482178,10.0,4.0
2026-09-20 20:00:00+00:00,23.0,5.949856281280518,10.0,4.0
2026-09-20 21:00:00+00:00,24.0,4.191017150878906,7.0,3.0
2026-09-20 22:00:00+00:00,25.0,4.14056921005249,7.0,3.5
2026-09-20 23:00:00+00:00,26.0,4.727274417877197,8.0,2.799999952316284
2026-09-21 00:00:00+00:00,27.0,4.252476215362549,7.0,2.7142856121063232
2026-09-21 01:00:00+00:00,28.0,5.3551225662231445,9.0,2.4285714626312256
2026-09-21 02:00:00+00:00,29.0,4.908531188964844,8.0,4.0
2026-09-21 03:00:00+00:00,30.0,4.984960079193115,8.0,4.0
2026-09-21 04:00:00+00:00,31.0,5.23874568939209,8.0,4.666666507720947
2026-09-20 06:00:00+00:00,9.0,9.654065132141113,14.0,9.857142448425293
2026-09-20 07:00:00+00:00,10.0,11.391879081726074,16.0,11.0
2026-09-20 08:00:00+00:00,11.0,12.128802299499512,17.0,12.399999618530273
2026-09-20 09:00:00+00:00,12.0,12.00784969329834,17.0,13.199999809265137
2026-09-20 10:00:00+00:00,13.0,12.961119651794434,18.0,14.666666984558105
2026-09-20 11:00:00+00:00,14.0,11.961044311523438,17.0,15.0
2026-09-20 12:00:00+00:00,15.0,10.319969177246094,15.0,12.75
2026-09-20 13:00:00+00:00,16.0,9.562642097473145,14.0,11.714285850524902
2026-09-20 14:00:00+00:00,17.0,8.245847702026367,12.0,11.333333015441895
2026-09-20 15:00:00+00:00,18.0,7.990370273590088,12.0,8.571428298950195
2026-09-20 16:00:00+00:00,19.0,7.8227972984313965,12.0,7.0
2026-09-20 17:00:00+00:00,20.0,7.0425825119018555,11.0,6.0
2026-09-20 18:00:00+00:00,21.0,6.188190937042236,10.0,7.0
2026-09-20 19:00:00+00:00,22.0,6.050939083099365,10.0,4.0
2026-09-20 20:00:00+00:00,23.0,5.9182233810424805,10.0,4.0
2026-09-20 21:00:00+00:00,24.0,4.166886806488037,7.0,3.0
2026-09-20 22:00:00+00:00,25.0,4.122716426849365,7.0,3.5
2026-09-20 23:00:00+00:00,26.0,4.707856178283691,8.0,2.799999952316284
2026-09-21 00:00:00+00:00,27.0,4.228912830352783,7.0,2.7142856121063232
2026-09-21 01:00:00+00:00,28.0,5.332469463348389,9.0,2.4285714626312256
2026-09-21 02:00:00+00:00,29.0,4.887753963470459,8.0,4.0
2026-09-21 03:00:00+00:00,30.0,4.960262775421143,8.0,4.0
2026-09-21 04:00:00+00:00,31.0,5.205315113067627,8.0,4.666666507720947
2026-09-21 05:00:00+00:00,32.0,5.446401119232178,8.0,4.800000190734863
2026-09-20 07:00:00+00:00,1.0,10.67723274230957,15.0,11.0
2026-09-20 08:00:00+00:00,2.0,10.844759941101074,15.0,12.399999618530273
2026-09-20 09:00:00+00:00,3.0,10.870762825012207,15.0,13.199999809265137
2026-09-20 10:00:00+00:00,4.0,11.696202278137207,16.0,14.666666984558105
2026-09-20 11:00:00+00:00,5.0,11.735786437988281,16.0,15.0
2026-09-20 12:00:00+00:00,6.0,10.75637149810791,15.0,12.75
2026-09-20 13:00:00+00:00,7.0,9.766002655029297,14.0,11.714285850524902
2026-09-20 14:00:00+00:00,8.0,9.631070137023926,14.0,11.333333015441895
2026-09-20 15:00:00+00:00,9.0,8.794511795043945,13.0,8.571428298950195
2026-09-20 16:00:00+00:00,10.0,7.915770053863525,12.0,7.0
2026-09-20 17:00:00+00:00,11.0,7.0645551681518555,11.0,6.0
2026-09-20 18:00:00+00:00,12.0,6.23201322555542,10.0,7.0
2026-09-20 19:00:00+00:00,13.0,6.047767162322998,10.0,4.0
2026-09-20 20:00:00+00:00,14.0,5.385003566741943,9.0,4.0
2026-09-20 21:00:00+00:00,15.0,5.320958614349365,9.0,3.0
2026-09-20 22:00:00+00:00,16.0,4.70635461807251,8.0,3.5
2026-09-20 23:00:00+00:00,17.0,4.679351329803467,8.0,2.799999952316284
2026-09-21 00:00:00+00:00,18.0,5.3363823890686035,9.0,2.7142856121063232
2026-09-21 01:00:00+00:00,19.0,4.801767349243164,8.0,2.4285714626312256
2026-09-21 02:00:00+00:00,20.0,3.7109787464141846,6.0,4.0
2026-09-21 03:00:00+00:00,21.0,3.1345343589782715,5.0,4.0
2026-09-21 04:00:00+00:00,22.0,3.2868642807006836,5.0,4.666666507720947
2026-09-21 05:00:00+00:00,23.0,4.036615371704102,6.0,4.800000190734863
2026-09-21 06:00:00+00:00,24.0,4.295438289642334,6.0,5.0
2026-09-20 08:00:00+00:00,1.0,11.660931587219238,16.0,12.399999618530273
2026-09-20 09:00:00+00:00,2.0,12.370800018310547,17.0,13.199999809265137
2026-09-20 10:00:00+00:00,3.0,12.4398193359375,17.0,14.666666984558105
2026-09-20 11:00:00+00:00,4.0,11.651041984558105,16.0,15.0
2026-09-20 12:00:00+00:00,5.0,10.740132331848145,15.0,12.75
2026-09-20 13:00:00+00:00,6.0,10.421990394592285,15.0,11.714285850524902
2026-09-20 14:00:00+00:00,7.0,8.924910545349121,13.0,11.333333015441895
2026-09-20 15:00:00+00:00,8.0,8.787458419799805,13.0,8.571428298950195
2026-09-20 16:00:00+00:00,9.0,7.880828857421875,12.0,7.0
2026-09-20 17:00:00+00:00,10.0,7.0941948890686035,11.0,6.0
2026-09-20 18:00:00+00:00,11.0,6.845159530639648,11.0,7.0
2026-09-20 19:00:00+00:00,12.0,6.085326671600342,10.0,4.0
2026-09-20 20:00:00+00:00,13.0,5.435398578643799,9.0,4.0
2026-09-20 21:00:00+00:00,14.0,5.971391677856445,10.0,3.0
2026-09-20 22:00:00+00:00,15.0,5.34027099609375,9.0,3.5
2026-09-20 23:00:00+00:00,16.0,4.745382785797119,8.0,2.799999952316284
2026-09-21 00:00:00+00:00,17.0,4.742203712463379,8.0,2.7142856121063232
2026-09-21 01:00:00+00:00,18.0,4.822315216064453,8.0,2.4285714626312256
2026-09-21 02:00:00+00:00,19.0,4.353662490844727,7.0,4.0
2026-09-21 03:00:00+00:00,20.0,5.618336200714111,9.0,4.0
2026-09-21 04:00:00+00:00,21.0,5.202603816986084,8.0,4.666666507720947
2026-09-21 05:00:00+00:00,22.0,4.66712760925293,7.0,4.800000190734863
2026-09-21 06:00:00+00:00,23.0,4.927837371826172,7.0,5.0
2026-09-21 07:00:00+00:00,24.0,5.806033611297607,8.0,6.0
2026-09-20 09:00:00+00:00,1.0,12.358760833740234,17.0,13.199999809265137
2026-09-20 10:00:00+00:00,2.0,12.50600814819336,17.0,14.666666984558105
2026-09-20 11:00:00+00:00,3.0,11.54786491394043,16.0,15.0
2026-09-20 12:00:00+00:00,4.0,11.253265380859375,16.0,12.75
2026-09-20 13:00:00+00:00,5.0,10.331263542175293,15.0,11.714285850524902
2026-09-20 14:00:00+00:00,6.0,8.930732727050781,13.0,11.333333015441895
2026-09-20 15:00:00+00:00,7.0,8.658276557922363,13.0,8.571428298950195
2026-09-20 16:00:00+00:00,8.0,7.871995449066162,12.0,7.0
2026-09-20 17:00:00+00:00,9.0,7.062880992889404,11.0,6.0
2026-09-20 18:00:00+00:00,10.0,6.194334983825684,10.0,7.0
2026-09-20 19:00:00+00:00,11.0,5.428274631500244,9.0,4.0
2026-09-20 20:00:00+00:00,12.0,4.774544715881348,8.0,4.0
2026-09-20 21:00:00+00:00,13.0,5.302018642425537,9.0,3.0
2026-09-20 22:00:00+00:00,14.0,4.677454471588135,8.0,3.5
2026-09-20 23:00:00+00:00,15.0,4.085365295410156,7.0,2.799999952316284
2026-09-21 00:00:00+00:00,16.0,4.704398155212402,8.0,2.7142856121063232
2026-09-21 01:00:00+00:00,17.0,4.774822235107422,8.0,2.4285714626312256
2026-09-21 02:00:00+00:00,18.0,4.888027191162109,8.0,4.0
2026-09-21 03:00:00+00:00,19.0,4.363903999328613,7.0,4.0
2026-09-21 04:00:00+00:00,20.0,4.50998592376709,7.0,4.666666507720947
2026-09-21 05:00:00+00:00,21.0,3.9971978664398193,6.0,4.800000190734863
2026-09-21 06:00:00+00:00,22.0,4.194718360900879,6.0,5.0
2026-09-21 07:00:00+00:00,23.0,5.750336647033691,8.0,6.0
2026-09-21 08:00:00+00:00,24.0,6.950878620147705,10.0,7.199999809265137
2026-09-20 10:00:00+00:00,1.0,11.66698169708252,16.0,14.666666984558105
2026-09-20 11:00:00+00:00,2.0,11.771891593933105,16.0,15.0
2026-09-20 12:00:00+00:00,3.0,10.809652328491211,15.0,12.75
2026-09-20 13:00:00+00:00,4.0,11.05571460723877,16.0,11.714285850524902
2026-09-20 14:00:00+00:00,5.0,9.63408088684082,14.0,11.333333015441895
2026-09-20 15:00:00+00:00,6.0,9.359299659729004,14.0,8.571428298950195
2026-09-20 16:00:00+00:00,7.0,7.857369422912598,12.0,7.0
2026-09-20 17:00:00+00:00,8.0,7.072144508361816,11.0,6.0
2026-09-20 18:00:00+00:00,9.0,6.2748703956604,10.0,7.0
2026-09-20 19:00:00+00:00,10.0,6.078590393066406,10.0,4.0
2026-09-20 20:00:00+00:00,11.0,5.4380292892456055,9.0,4.0
2026-09-20 21:00:00+00:00,12.0,4.731242656707764,8.0,3.0
2026-09-20 22:00:00+00:00,13.0,4.148876190185547,7.0,3.5
2026-09-20 23:00:00+00:00,14.0,4.780845642089844,8.0,2.799999952316284
2026-09-21 00:00:00+00:00,15.0,4.838656902313232,8.0,2.7142856121063232
2026-09-21 01:00:00+00:00,16.0,4.352205276489258,7.0,2.4285714626312256
2026-09-21 02:00:00+00:00,17.0,3.8605477809906006,6.0,4.0
2026-09-21 03:00:00+00:00,18.0,4.333135604858398,7.0,4.0
2026-09-21 04:00:00+00:00,19.0,3.9231605529785156,6.0,4.666666507720947
2026-09-21 05:00:00+00:00,20.0,4.058596134185791,6.0,4.800000190734863
2026-09-21 06:00:00+00:00,21.0,4.841387748718262,7.0,5.0
2026-09-21 07:00:00+00:00,22.0,6.178983211517334,9.0,6.0
2026-09-21 08:00:00+00:00,23.0,6.825960159301758,10.0,7.199999809265137
2026-09-21 09:00:00+00:00,24.0,6.89751672744751,10.0,5.75
2026-09-20 11:00:00+00:00,1.0,10.884675025939941,15.0,15.0
2026-09-20 12:00:00+00:00,2.0,10.85446548461914,15.0,12.75
2026-09-20 13:00:00+00:00,3.0,9.797942161560059,14.0,11.714285850524902
2026-09-20 14:00:00+00:00,4.0,9.568238258361816,14.0,11.333333015441895
2026-09-20 15:00:00+00:00,5.0,8.713730812072754,13.0,8.571428298950195
2026-09-20 16:00:00+00:00,6.0,8.46924877166748,13.0,7.0
2026-09-20 17:00:00+00:00,7.0,7.644744873046875,12.0,6.0
2026-09-20 18:00:00+00:00,8.0,6.257412910461426,10.0,7.0
2026-09-20 19:00:00+00:00,9.0,5.529978275299072,9.0,4.0
2026-09-20 20:00:00+00:00,10.0,5.426612854003906,9.0,4.0
2026-09-20 21:00:00+00:00,11.0,5.352511882781982,9.0,3.0
2026-09-20 22:00:00+00:00,12.0,5.331272602081299,9.0,3.5
2026-09-20 23:00:00+00:00,13.0,6.518616199493408,11.0,2.799999952316284
2026-09-21 00:00:00+00:00,14.0,4.835404396057129,8.0,2.7142856121063232
2026-09-21 01:00:00+00:00,15.0,4.285614967346191,7.0,2.4285714626312256
2026-09-21 02:00:00+00:00,16.0,3.821751356124878,6.0,4.0
2026-09-21 03:00:00+00:00,17.0,3.8320369720458984,6.0,4.0
2026-09-21 04:00:00+00:00,18.0,4.554845809936523,7.0,4.666666507720947
2026-09-21 05:00:00+00:00,19.0,4.698370456695557,7.0,4.800000190734863
2026-09-21 06:00:00+00:00,20.0,4.856958389282227,7.0,5.0
2026-09-21 07:00:00+00:00,21.0,6.264270782470703,9.0,6.0
2026-09-21 08:00:00+00:00,22.0,6.905613899230957,10.0,7.199999809265137
2026-09-21 09:00:00+00:00,23.0,7.514815807342529,11.0,5.75
2026-09-21 10:00:00+00:00,24.0,6.359943866729736,9.0,5.400000095367432
2026-09-20 12:00:00+00:00,1.0,10.903461456298828,15.0,12.75
2026-09-20 13:00:00+00:00,2.0,10.501265525817871,15.0,11.714285850524902
2026-09-20 14:00:00+00:00,3.0,9.742491722106934,14.0,11.333333015441895
2026-09-20 15:00:00+00:00,4.0,9.393338203430176,14.0,8.571428298950195
2026-09-20 16:00:00+00:00,5.0,8.54006576538086,13.0,7.0
2026-09-20 17:00:00+00:00,6.0,7.729172706604004,12.0,6.0
2026-09-20 18:00:00+00:00,7.0,6.293886661529541,10.0,7.0
2026-09-20 19:00:00+00:00,8.0,6.1644744873046875,10.0,4.0
2026-09-20 20:00:00+00:00,9.0,6.036723613739014,10.0,4.0
2026-09-20 21:00:00+00:00,10.0,5.975738525390625,10.0,3.0
2026-09-20 22:00:00+00:00,11.0,5.9226531982421875,10.0,3.5
2026-09-20 23:00:00+00:00,12.0,5.951618671417236,10.0,2.799999952316284
2026-09-21 00:00:00+00:00,13.0,5.99122953414917,10.0,2.7142856121063232
2026-09-21 01:00:00+00:00,14.0,4.945496559143066,8.0,2.4285714626312256
2026-09-21 02:00:00+00:00,15.0,5.041464805603027,8.0,4.0
2026-09-21 03:00:00+00:00,16.0,5.078221797943115,8.0,4.0
2026-09-21 04:00:00+00:00,17.0,5.253480434417725,8.0,4.666666507720947
2026-09-21 05:00:00+00:00,18.0,5.389195919036865,8.0,4.800000190734863
2026-09-21 06:00:00+00:00,19.0,5.561168670654297,8.0,5.0
2026-09-21 07:00:00+00:00,20.0,6.330583095550537,9.0,6.0
2026-09-21 08:00:00+00:00,21.0,6.93410587310791,10.0,7.199999809265137
2026-09-21 09:00:00+00:00,22.0,6.938043594360352,10.0,5.75
2026-09-21 10:00:00+00:00,23.0,6.421911716461182,9.0,5.400000095367432
2026-09-21 11:00:00+00:00,24.0,5.14246129989624,7.0,5.0
2026-09-20 13:00:00+00:00,1.0,10.535038948059082,15.0,11.714285850524902
2026-09-20 14:00:00+00:00,2.0,10.444622039794922,15.0,11.333333015441895
2026-09-20 15:00:00+00:00,3.0,9.500860214233398,14.0,8.571428298950195
2026-09-20 16:00:00+00:00,4.0,8.552331924438477,13.0,7.0
2026-09-20 17:00:00+00:00,5.0,7.1343488693237305,11.0,6.0
2026-09-20 18:00:00+00:00,6.0,6.909964561462402,11.0,7.0
2026-09-20 19:00:00+00:00,7.0,6.215046405792236,10.0,4.0
2026-09-20 20:00:00+00:00,8.0,6.107513427734375,10.0,4.0
2026-09-20 21:00:00+00:00,9.0,5.407742977142334,9.0,3.0
2026-09-20 22:00:00+00:00,10.0,5.951322078704834,10.0,3.5
2026-09-20 23:00:00+00:00,11.0,5.400024890899658,9.0,2.799999952316284
2026-09-21 00:00:00+00:00,12.0,5.467581748962402,9.0,2.7142856121063232
2026-09-21 01:00:00+00:00,13.0,4.961577892303467,8.0,2.4285714626312256
2026-09-21 02:00:00+00:00,14.0,4.392256259918213,7.0,4.0
2026-09-21 03:00:00+00:00,15.0,3.243022918701172,5.0,4.0
2026-09-21 04:00:00+00:00,16.0,4.005247116088867,6.0,4.666666507720947
2026-09-21 05:00:00+00:00,17.0,4.089445114135742,6.0,4.800000190734863
2026-09-21 06:00:00+00:00,18.0,4.8719682693481445,7.0,5.0
2026-09-21 07:00:00+00:00,19.0,6.224762439727783,9.0,6.0
2026-09-21 08:00:00+00:00,20.0,6.832552433013916,10.0,7.199999809265137
2026-09-21 09:00:00+00:00,21.0,6.924286365509033,10.0,5.75
2026-09-21 10:00:00+00:00,22.0,6.3852314949035645,9.0,5.400000095367432
2026-09-21 11:00:00+00:00,23.0,5.711874961853027,8.0,5.0
2026-09-21 12:00:00+00:00,24.0,4.447800636291504,6.0,4.666666507720947
2026-09-20 14:00:00+00:00,1.0,9.768369674682617,14.0,11.333333015441895
2026-09-20 15:00:00+00:00,2.0,9.511698722839355,14.0,8.571428298950195
2026-09-20 16:00:00+00:00,3.0,8.60562801361084,13.0,7.0
2026-09-20 17:00:00+00:00,4.0,7.766242980957031,12.0,6.0
2026-09-20 18:00:00+00:00,5.0,6.993246078491211,11.0,7.0
2026-09-20 19:00:00+00:00,6.0,6.240148067474365,10.0,4.0
2026-09-20 20:00:00+00:00,7.0,5.584938049316406,9.0,4.0
2026-09-20 21:00:00+00:00,8.0,6.053775787353516,10.0,3.0
2026-09-20 22:00:00+00:00,9.0,5.4535651206970215,9.0,3.5
2026-09-20 23:00:00+00:00,10.0,6.04403018951416,10.0,2.799999952316284
2026-09-21 00:00:00+00:00,11.0,5.515000343322754,9.0,2.7142856121063232
2026-09-21 01:00:00+00:00,12.0,3.786576747894287,6.0,2.4285714626312256
2026-09-21 02:00:00+00:00,13.0,4.532146453857422,7.0,4.0
2026-09-21 03:00:00+00:00,14.0,4.488447666168213,7.0,4.0
2026-09-21 04:00:00+00:00,15.0,5.218055725097656,8.0,4.666666507720947
2026-09-21 05:00:00+00:00,16.0,5.411633491516113,8.0,4.800000190734863
2026-09-21 06:00:00+00:00,17.0,5.505001068115234,8.0,5.0
2026-09-21 07:00:00+00:00,18.0,6.85470724105835,10.0,6.0
2026-09-21 08:00:00+00:00,19.0,7.507318019866943,11.0,7.199999809265137
2026-09-21 09:00:00+00:00,20.0,7.5278496742248535,11.0,5.75
2026-09-21 10:00:00+00:00,21.0,7.001987934112549,10.0,5.400000095367432
2026-09-21 11:00:00+00:00,22.0,5.132867813110352,7.0,5.0
2026-09-21 12:00:00+00:00,23.0,4.479622840881348,6.0,4.666666507720947
2026-09-21 13:00:00+00:00,24.0,4.404116153717041,6.0,5.666666507720947
2026-09-20 15:00:00+00:00,1.0,10.128172874450684,15.0,8.571428298950195
2026-09-20 16:00:00+00:00,2.0,8.643198013305664,13.0,7.0
2026-09-20 17:00:00+00:00,3.0,7.231495380401611,11.0,6.0
2026-09-20 18:00:00+00:00,4.0,7.019542217254639,11.0,7.0
2026-09-20 19:00:00+00:00,5.0,6.849640846252441,11.0,4.0
2026-09-20 20:00:00+00:00,6.0,6.201722145080566,10.0,4.0
2026-09-20 21:00:00+00:00,7.0,6.138055801391602,10.0,3.0
2026-09-20 22:00:00+00:00,8.0,6.061740398406982,10.0,3.5
2026-09-20 23:00:00+00:00,9.0,6.662600040435791,11.0,2.799999952316284
2026-09-21 00:00:00+00:00,10.0,6.134066104888916,10.0,2.7142856121063232
2026-09-21 01:00:00+00:00,11.0,5.109913349151611,8.0,2.4285714626312256
2026-09-21 02:00:00+00:00,12.0,5.102087020874023,8.0,4.0
2026-09-21 03:00:00+00:00,13.0,5.17880392074585,8.0,4.0
2026-09-21 04:00:00+00:00,14.0,5.297812461853027,8.0,4.666666507720947
2026-09-21 05:00:00+00:00,15.0,5.479167461395264,8.0,4.800000190734863
2026-09-21 06:00:00+00:00,16.0,6.170380115509033,9.0,5.0
2026-09-21 07:00:00+00:00,17.0,6.873330116271973,10.0,6.0
2026-09-21 08:00:00+00:00,18.0,7.483813762664795,11.0,7.199999809265137
2026-09-21 09:00:00+00:00,19.0,6.921264171600342,10.0,5.75
2026-09-21 10:00:00+00:00,20.0,7.016164302825928,10.0,5.400000095367432
2026-09-21 11:00:00+00:00,21.0,5.80100154876709,8.0,5.0
2026-09-21 12:00:00+00:00,22.0,5.1636576652526855,7.0,4.666666507720947
2026-09-21 13:00:00+00:00,23.0,5.094393253326416,7.0,5.666666507720947
2026-09-21 14:00:00+00:00,24.0,5.021713733673096,7.0,4.666666507720947
2026-09-20 16:00:00+00:00,1.0,8.616556167602539,13.0,7.0
2026-09-20 17:00:00+00:00,2.0,7.787944793701172,12.0,6.0
2026-09-20 18:00:00+00:00,3.0,7.0301194190979,11.0,7.0
2026-09-20 19:00:00+00:00,4.0,6.30906867980957,10.0,4.0
2026-09-20 20:00:00+00:00,5.0,5.577361106872559,9.0,4.0
2026-09-20 21:00:00+00:00,6.0,5.513323783874512,9.0,3.0
2026-09-20 22:00:00+00:00,7.0,5.486540794372559,9.0,3.5
2026-09-20 23:00:00+00:00,8.0,6.0777387619018555,10.0,2.799999952316284
2026-09-21 00:00:00+00:00,9.0,5.545278072357178,9.0,2.7142856121063232
2026-09-21 01:00:00+00:00,10.0,3.777092695236206,6.0,2.4285714626312256
2026-09-21 02:00:00+00:00,11.0,3.8104913234710693,6.0,4.0
2026-09-21 03:00:00+00:00,12.0,3.920358657836914,6.0,4.0
2026-09-21 04:00:00+00:00,13.0,4.666706562042236,7.0,4.666666507720947
2026-09-21 05:00:00+00:00,14.0,5.428582668304443,8.0,4.800000190734863
2026-09-21 06:00:00+00:00,15.0,6.763950824737549,10.0,5.0
2026-09-21 07:00:00+00:00,16.0,7.414158344268799,11.0,6.0
2026-09-21 08:00:00+00:00,17.0,7.411509037017822,11.0,7.199999809265137
2026-09-21 09:00:00+00:00,18.0,7.463496685028076,11.0,5.75
2026-09-21 10:00:00+00:00,19.0,7.529219627380371,11.0,5.400000095367432
2026-09-21 11:00:00+00:00,20.0,6.334560871124268,9.0,5.0
2026-09-21 12:00:00+00:00,21.0,5.695790767669678,8.0,4.666666507720947
2026-09-21 13:00:00+00:00,22.0,5.018149375915527,7.0,5.666666507720947
2026-09-21 14:00:00+00:00,23.0,4.273963928222656,6.0,4.666666507720947
2026-09-21 15:00:00+00:00,24.0,4.222238540649414,6.0,4.5
2026-09-20 17:00:00+00:00,1.0,7.766458034515381,12.0,6.0
2026-09-20 18:00:00+00:00,2.0,6.98471736907959,11.0,7.0
2026-09-20 19:00:00+00:00,3.0,6.256012439727783,10.0,4.0
2026-09-20 20:00:00+00:00,4.0,5.570042610168457,9.0,4.0
2026-09-20 21:00:00+00:00,5.0,6.046878337860107,10.0,3.0
2026-09-20 22:00:00+00:00,6.0,5.471151828765869,9.0,3.5
2026-09-20 23:00:00+00:00,7.0,6.074891567230225,10.0,2.799999952316284
2026-09-21 00:00:00+00:00,8.0,5.542459487915039,9.0,2.7142856121063232
2026-09-21 01:00:00+00:00,9.0,4.405003547668457,7.0,2.4285714626312256
2026-09-21 02:00:00+00:00,10.0,3.884089708328247,6.0,4.0
2026-09-21 03:00:00+00:00,11.0,3.96773624420166,6.0,4.0
2026-09-21 04:00:00+00:00,12.0,4.619152069091797,7.0,4.666666507720947
2026-09-21 05:00:00+00:00,13.0,6.017545223236084,9.0,4.800000190734863
2026-09-21 06:00:00+00:00,14.0,6.177547931671143,9.0,5.0
2026-09-21 07:00:00+00:00,15.0,6.869443416595459,10.0,6.0
2026-09-21 08:00:00+00:00,16.0,7.445950984954834,11.0,7.199999809265137
2026-09-21 09:00:00+00:00,17.0,7.443506717681885,11.0,5.75
2026-09-21 10:00:00+00:00,18.0,7.494148254394531,11.0,5.400000095367432
2026-09-21 11:00:00+00:00,19.0,6.276812553405762,9.0,5.0
2026-09-21 12:00:00+00:00,20.0,5.0304179191589355,7.0,4.666666507720947
2026-09-21 13:00:00+00:00,21.0,4.9978461265563965,7.0,5.666666507720947
2026-09-21 14:00:00+00:00,22.0,4.884702682495117,7.0,4.666666507720947
2026-09-21 15:00:00+00:00,23.0,4.1676344871521,6.0,4.5
2026-09-21 16:00:00+00:00,24.0,4.126594543457031,6.0,5.199999809265137
2026-09-20 18:00:00+00:00,1.0,6.9869303703308105,11.0,7.0
2026-09-20 19:00:00+00:00,2.0,6.246419429779053,10.0,4.0
2026-09-20 20:00:00+00:00,3.0,5.550032138824463,9.0,4.0
2026-09-20 21:00:00+00:00,4.0,4.839622974395752,8.0,3.0
2026-09-20 22:00:00+00:00,5.0,5.407796382904053,9.0,3.5
2026-09-20 23:00:00+00:00,6.0,5.435422897338867,9.0,2.799999952316284
2026-09-21 00:00:00+00:00,7.0,4.902108192443848,8.0,2.7142856121063232
2026-09-21 01:00:00+00:00,8.0,5.649049282073975,9.0,2.4285714626312256
2026-09-21 02:00:00+00:00,9.0,4.471436977386475,7.0,4.0
2026-09-21 03:00:00+00:00,10.0,4.552928447723389,7.0,4.0
2026-09-21 04:00:00+00:00,11.0,4.668280124664307,7.0,4.666666507720947
2026-09-21 05:00:00+00:00,12.0,4.8480730056762695,7.0,4.800000190734863
2026-09-21 06:00:00+00:00,13.0,6.2030792236328125,9.0,5.0
2026-09-21 07:00:00+00:00,14.0,6.839730262756348,10.0,6.0
2026-09-21 08:00:00+00:00,15.0,7.472641944885254,11.0,7.199999809265137
2026-09-21 09:00:00+00:00,16.0,7.458544731140137,11.0,5.75
2026-09-21 10:00:00+00:00,17.0,6.917011737823486,10.0,5.400000095367432
2026-09-21 11:00:00+00:00,18.0,6.329312801361084,9.0,5.0
2026-09-21 12:00:00+00:00,19.0,5.074398994445801,7.0,4.666666507720947
2026-09-21 13:00:00+00:00,20.0,5.011041164398193,7.0,5.666666507720947
2026-09-21 14:00:00+00:00,21.0,4.885832786560059,7.0,4.666666507720947
2026-09-21 15:00:00+00:00,22.0,4.166794776916504,6.0,4.5
2026-09-21 16:00:00+00:00,23.0,4.747786045074463,7.0,5.199999809265137
2026-09-21 17:00:00+00:00,24.0,3.999901294708252,6.0,4.833333492279053
2026-09-20 19:00:00+00:00,1.0,6.232838153839111,10.0,4.0
2026-09-20 20:00:00+00:00,2.0,6.131518363952637,10.0,4.0
2026-09-20 21:00:00+00:00,3.0,5.440300464630127,9.0,3.0
2026-09-20 22:00:00+00:00,4.0,5.415855884552002,9.0,3.5
2026-09-20 23:00:00+00:00,5.0,5.438085556030273,9.0,2.799999952316284
2026-09-21 00:00:00+00:00,6.0,5.513371467590332,9.0,2.7142856121063232
2026-09-21 01:00:00+00:00,7.0,3.7992324829101562,6.0,2.4285714626312256
2026-09-21 02:00:00+00:00,8.0,5.772467136383057,9.0,4.0
2026-09-21 03:00:00+00:00,9.0,5.19300651550293,8.0,4.0
2026-09-21 04:00:00+00:00,10.0,5.202123641967773,8.0,4.666666507720947
2026-09-21 05:00:00+00:00,11.0,5.343174457550049,8.0,4.800000190734863
2026-09-21 06:00:00+00:00,12.0,6.147621154785156,9.0,5.0
2026-09-21 07:00:00+00:00,13.0,6.779374599456787,10.0,6.0
2026-09-21 08:00:00+00:00,14.0,6.799840450286865,10.0,7.199999809265137
2026-09-21 09:00:00+00:00,15.0,7.442042827606201,11.0,5.75
2026-09-21 10:00:00+00:00,16.0,7.495940208435059,11.0,5.400000095367432
2026-09-21 11:00:00+00:00,17.0,6.284004211425781,9.0,5.0
2026-09-21 12:00:00+00:00,18.0,4.992756366729736,7.0,4.666666507720947
2026-09-21 13:00:00+00:00,19.0,4.947264194488525,7.0,5.666666507720947
2026-09-21 14:00:00+00:00,20.0,4.226962566375732,6.0,4.666666507720947
2026-09-21 15:00:00+00:00,21.0,4.752604007720947,7.0,4.5
2026-09-21 16:00:00+00:00,22.0,4.653345108032227,7.0,5.199999809265137
2026-09-21 17:00:00+00:00,23.0,3.9180679321289062,6.0,4.833333492279053
2026-09-21 18:00:00+00:00,24.0,3.7755236625671387,6.0,3.5
2026-09-20 20:00:00+00:00,1.0,5.489182949066162,9.0,4.0
2026-09-20 21:00:00+00:00,2.0,5.391223907470703,9.0,3.0
2026-09-20 22:00:00+00:00,3.0,5.36350679397583,9.0,3.5
2026-09-20 23:00:00+00:00,4.0,5.3824381828308105,9.0,2.799999952316284
2026-09-21 00:00:00+00:00,5.0,4.817676067352295,8.0,2.7142856121063232
2026-09-21 01:00:00+00:00,6.0,3.6867740154266357,6.0,2.4285714626312256
2026-09-21 02:00:00+00:00,7.0,5.125909328460693,8.0,4.0
2026-09-21 03:00:00+00:00,8.0,5.207395076751709,8.0,4.0
2026-09-21 04:00:00+00:00,9.0,5.2125959396362305,8.0,4.666666507720947
2026-09-21 05:00:00+00:00,10.0,5.324451923370361,8.0,4.800000190734863
2026-09-21 06:00:00+00:00,11.0,6.048933506011963,9.0,5.0
2026-09-21 07:00:00+00:00,12.0,6.802126407623291,10.0,6.0
2026-09-21 08:00:00+00:00,13.0,7.3993730545043945,11.0,7.199999809265137
2026-09-21 09:00:00+00:00,14.0,7.433509826660156,11.0,5.75
2026-09-21 10:00:00+00:00,15.0,7.461333274841309,11.0,5.400000095367432
2026-09-21 11:00:00+00:00,16.0,6.203738689422607,9.0,5.0
2026-09-21 12:00:00+00:00,17.0,5.569417476654053,8.0,4.666666507720947
2026-09-21 13:00:00+00:00,18.0,4.27218770980835,6.0,5.666666507720947
2026-09-21 14:00:00+00:00,19.0,4.212412357330322,6.0,4.666666507720947
2026-09-21 15:00:00+00:00,20.0,4.102243423461914,6.0,4.5
2026-09-21 16:00:00+00:00,21.0,4.592448711395264,7.0,5.199999809265137
2026-09-21 17:00:00+00:00,22.0,4.47950553894043,7.0,4.833333492279053
2026-09-21 18:00:00+00:00,23.0,4.324175834655762,7.0,3.5
2026-09-21 19:00:00+00:00,24.0,4.213321208953857,7.0,2.5
2026-09-20 21:00:00+00:00,1.0,4.72600793838501,8.0,3.0
2026-09-20 22:00:00+00:00,2.0,5.286667346954346,9.0,3.5
2026-09-20 23:00:00+00:00,3.0,4.720508098602295,8.0,2.799999952316284
2026-09-21 00:00:00+00:00,4.0,4.76154899597168,8.0,2.7142856121063232
2026-09-21 01:00:00+00:00,5.0,6.1326212882995605,10.0,2.4285714626312256
2026-09-21 02:00:00+00:00,6.0,4.961764335632324,8.0,4.0
2026-09-21 03:00:00+00:00,7.0,4.412593841552734,7.0,4.0
2026-09-21 04:00:00+00:00,8.0,4.559957504272461,7.0,4.666666507720947
2026-09-21 05:00:00+00:00,9.0,4.702272415161133,7.0,4.800000190734863
2026-09-21 06:00:00+00:00,10.0,5.485139846801758,8.0,5.0
2026-09-21 07:00:00+00:00,11.0,6.165131568908691,9.0,6.0
2026-09-21 08:00:00+00:00,12.0,6.843587398529053,10.0,7.199999809265137
2026-09-21 09:00:00+00:00,13.0,6.886227130889893,10.0,5.75
2026-09-21 10:00:00+00:00,14.0,7.471033096313477,11.0,5.400000095367432
2026-09-21 11:00:00+00:00,15.0,6.25572395324707,9.0,5.0
2026-09-21 12:00:00+00:00,16.0,4.939979076385498,7.0,4.666666507720947
2026-09-21 13:00:00+00:00,17.0,4.252852439880371,6.0,5.666666507720947
2026-09-21 14:00:00+00:00,18.0,4.7828569412231445,7.0,4.666666507720947
2026-09-21 15:00:00+00:00,19.0,4.684720516204834,7.0,4.5
2026-09-21 16:00:00+00:00,20.0,3.982990026473999,6.0,5.199999809265137
2026-09-21 17:00:00+00:00,21.0,3.864769220352173,6.0,4.833333492279053
2026-09-21 18:00:00+00:00,22.0,4.28984260559082,7.0,3.5
2026-09-21 19:00:00+00:00,23.0,4.204010963439941,7.0,2.5
2026-09-21 20:00:00+00:00,24.0,4.704959869384766,8.0,2.0
2026-09-20 22:00:00+00:00,1.0,4.681789398193359,8.0,3.5
2026-09-20 23:00:00+00:00,2.0,4.67531681060791,8.0,2.799999952316284
2026-09-21 00:00:00+00:00,3.0,4.1586079597473145,7.0,2.7142856121063232
2026-09-21 01:00:00+00:00,4.0,3.662018299102783,6.0,2.4285714626312256
2026-09-21 02:00:00+00:00,5.0,5.632572174072266,9.0,4.0
2026-09-21 03:00:00+00:00,6.0,5.682797908782959,9.0,4.0
2026-09-21 04:00:00+00:00,7.0,5.124438285827637,8.0,4.666666507720947
2026-09-21 05:00:00+00:00,8.0,5.215853691101074,8.0,4.800000190734863
2026-09-21 06:00:00+00:00,9.0,6.019386291503906,9.0,5.0
2026-09-21 07:00:00+00:00,10.0,6.080272197723389,9.0,6.0
2026-09-21 08:00:00+00:00,11.0,6.2090744972229,9.0,7.199999809265137
2026-09-21 09:00:00+00:00,12.0,6.866876602172852,10.0,5.75
2026-09-21 10:00:00+00:00,13.0,6.908951759338379,10.0,5.400000095367432
2026-09-21 11:00:00+00:00,14.0,6.2785186767578125,9.0,5.0
2026-09-21 12:00:00+00:00,15.0,5.568775653839111,8.0,4.666666507720947
2026-09-21 13:00:00+00:00,16.0,5.4791789054870605,8.0,5.666666507720947
2026-09-21 14:00:00+00:00,17.0,4.768703937530518,7.0,4.666666507720947
2026-09-21 15:00:00+00:00,18.0,4.638979434967041,7.0,4.5
2026-09-21 16:00:00+00:00,19.0,3.917560577392578,6.0,5.199999809265137
2026-09-21 17:00:00+00:00,20.0,3.8285295963287354,6.0,4.833333492279053
2026-09-21 18:00:00+00:00,21.0,3.6624948978424072,6.0,3.5
2026-09-21 19:00:00+00:00,22.0,3.5691704750061035,6.0,2.5
2026-09-21 20:00:00+00:00,23.0,4.0684967041015625,7.0,2.0
2026-09-21 21:00:00+00:00,24.0,4.007287979125977,7.0,2.4000000953674316
2026-09-20 23:00:00+00:00,2.0,4.659463882446289,8.0,2.799999952316284
2026-09-21 00:00:00+00:00,3.0,4.140451908111572,7.0,2.7142856121063232
2026-09-21 01:00:00+00:00,4.0,3.6423206329345703,6.0,2.4285714626312256
2026-09-21 02:00:00+00:00,5.0,5.605387210845947,9.0,4.0
2026-09-21 03:00:00+00:00,6.0,5.6623454093933105,9.0,4.0
2026-09-21 04:00:00+00:00,7.0,5.1053786277771,8.0,4.666666507720947
2026-09-21 05:00:00+00:00,8.0,5.1946916580200195,8.0,4.800000190734863
2026-09-21 06:00:00+00:00,9.0,6.002189636230469,9.0,5.0
2026-09-21 07:00:00+00:00,10.0,6.073298454284668,9.0,6.0
2026-09-21 08:00:00+00:00,11.0,6.205441474914551,9.0,7.199999809265137
2026-09-21 09:00:00+00:00,12.0,6.861749649047852,10.0,5.75
2026-09-21 10:00:00+00:00,13.0,6.895938873291016,10.0,5.400000095367432
2026-09-21 11:00:00+00:00,14.0,6.264769554138184,9.0,5.0
2026-09-21 12:00:00+00:00,15.0,5.552467346191406,8.0,4.666666507720947
2026-09-21 13:00:00+00:00,16.0,5.463341236114502,8.0,5.666666507720947
2026-09-21 14:00:00+00:00,17.0,4.754265785217285,7.0,4.666666507720947
2026-09-21 15:00:00+00:00,18.0,4.623076915740967,7.0,4.5
2026-09-21 16:00:00+00:00,19.0,3.909930467605591,6.0,5.199999809265137
2026-09-21 17:00:00+00:00,20.0,3.8197426795959473,6.0,4.833333492279053
2026-09-21 18:00:00+00:00,21.0,3.6538021564483643,6.0,3.5
2026-09-21 19:00:00+00:00,22.0,3.557605743408203,6.0,2.5
2026-09-21 20:00:00+00:00,23.0,4.052272796630859,7.0,2.0
2026-09-21 21:00:00+00:00,24.0,3.9925708770751953,7.0,2.4000000953674316
2026-09-21 22:00:00+00:00,25.0,3.9255621433258057,7.0,1.4285714626312256
2026-09-21 00:00:00+00:00,3.0,4.125306129455566,7.0,2.7142856121063232
2026-09-21 01:00:00+00:00,4.0,3.6275436878204346,6.0,2.4285714626312256
2026-09-21 02:00:00+00:00,5.0,5.585244178771973,9.0,4.0
2026-09-21 03:00:00+00:00,6.0,5.643614768981934,9.0,4.0
2026-09-21 04:00:00+00:00,7.0,5.0868988037109375,8.0,4.666666507720947
2026-09-21 05:00:00+00:00,8.0,5.174015522003174,8.0,4.800000190734863
2026-09-21 06:00:00+00:00,9.0,5.979066371917725,9.0,5.0
2026-09-21 07:00:00+00:00,10.0,6.063704967498779,9.0,6.0
2026-09-21 08:00:00+00:00,11.0,6.197775840759277,9.0,7.199999809265137
2026-09-21 09:00:00+00:00,12.0,6.85667085647583,10.0,5.75
2026-09-21 10:00:00+00:00,13.0,6.890580177307129,10.0,5.400000095367432
2026-09-21 11:00:00+00:00,14.0,6.257999897003174,9.0,5.0
2026-09-21 12:00:00+00:00,15.0,5.543008804321289,8.0,4.666666507720947
2026-09-21 13:00:00+00:00,16.0,5.455195426940918,8.0,5.666666507720947
2026-09-21 14:00:00+00:00,17.0,4.74543571472168,7.0,4.666666507720947
2026-09-21 15:00:00+00:00,18.0,4.615223407745361,7.0,4.5
2026-09-21 16:00:00+00:00,19.0,3.9044597148895264,6.0,5.199999809265137
2026-09-21 17:00:00+00:00,20.0,3.81318736076355,6.0,4.833333492279053
2026-09-21 18:00:00+00:00,21.0,3.648667097091675,6.0,3.5
2026-09-21 19:00:00+00:00,22.0,3.5495924949645996,6.0,2.5
2026-09-21 20:00:00+00:00,23.0,4.039852142333984,7.0,2.0
2026-09-21 21:00:00+00:00,24.0,3.980806827545166,7.0,2.4000000953674316
2026-09-21 22:00:00+00:00,25.0,3.915225028991699,7.0,1.4285714626312256
2026-09-21 23:00:00+00:00,26.0,3.3441812992095947,6.0,0.6666666865348816
2026-09-21 01:00:00+00:00,4.0,3.601836919784546,6.0,2.4285714626312256
2026-09-21 02:00:00+00:00,5.0,5.551199913024902,9.0,4.0
2026-09-21 03:00:00+00:00,6.0,5.613699913024902,9.0,4.0
2026-09-21 04:00:00+00:00,7.0,5.060199737548828,8.0,4.666666507720947
2026-09-21 05:00:00+00:00,8.0,5.146757125854492,8.0,4.800000190734863
2026-09-21 06:00:00+00:00,9.0,5.956675052642822,9.0,5.0
2026-09-21 07:00:00+00:00,10.0,6.049787998199463,9.0,6.0
2026-09-21 08:00:00+00:00,11.0,6.18873405456543,9.0,7.199999809265137
2026-09-21 09:00:00+00:00,12.0,6.852283477783203,10.0,5.75
2026-09-21 10:00:00+00:00,13.0,6.887909889221191,10.0,5.400000095367432
2026-09-21 11:00:00+00:00,14.0,6.257373809814453,9.0,5.0
2026-09-21 12:00:00+00:00,15.0,5.5411458015441895,8.0,4.666666507720947
2026-09-21 13:00:00+00:00,16.0,5.452996730804443,8.0,5.666666507720947
2026-09-21 14:00:00+00:00,17.0,4.739596843719482,7.0,4.666666507720947
2026-09-21 15:00:00+00:00,18.0,4.606503963470459,7.0,4.5
2026-09-21 16:00:00+00:00,19.0,3.89631986618042,6.0,5.199999809265137
2026-09-21 17:00:00+00:00,20.0,3.8038883209228516,6.0,4.833333492279053
2026-09-21 18:00:00+00:00,21.0,3.635568857192993,6.0,3.5
2026-09-21 19:00:00+00:00,22.0,3.5327022075653076,6.0,2.5
2026-09-21 20:00:00+00:00,23.0,4.017827033996582,7.0,2.0
2026-09-21 21:00:00+00:00,24.0,3.959527015686035,7.0,2.4000000953674316
2026-09-21 22:00:00+00:00,25.0,3.8926572799682617,7.0,1.4285714626312256
2026-09-21 23:00:00+00:00,26.0,3.321939706802368,6.0,0.6666666865348816
2026-09-22 00:00:00+00:00,27.0,3.314147710800171,6.0,0.1428571492433548
2026-09-21 02:00:00+00:00,5.0,5.49525785446167,9.0,4.0
2026-09-21 03:00:00+00:00,6.0,5.5700812339782715,9.0,4.0
2026-09-21 04:00:00+00:00,7.0,5.019259452819824,8.0,4.666666507720947
2026-09-21 05:00:00+00:00,8.0,5.106655120849609,8.0,4.800000190734863
2026-09-21 06:00:00+00:00,9.0,5.924080848693848,9.0,5.0
2026-09-21 07:00:00+00:00,10.0,6.036890029907227,9.0,6.0
2026-09-21 08:00:00+00:00,11.0,6.177633285522461,9.0,7.199999809265137
2026-09-21 09:00:00+00:00,12.0,6.8515191078186035,10.0,5.75
2026-09-21 10:00:00+00:00,13.0,6.88918399810791,10.0,5.400000095367432
2026-09-21 11:00:00+00:00,14.0,6.265748023986816,9.0,5.0
2026-09-21 12:00:00+00:00,15.0,5.541144847869873,8.0,4.666666507720947
2026-09-21 13:00:00+00:00,16.0,5.451488018035889,8.0,5.666666507720947
2026-09-21 14:00:00+00:00,17.0,4.73347282409668,7.0,4.666666507720947
2026-09-21 15:00:00+00:00,18.0,4.5941643714904785,7.0,4.5
2026-09-21 16:00:00+00:00,19.0,3.884272575378418,6.0,5.199999809265137
2026-09-21 17:00:00+00:00,20.0,3.788721799850464,6.0,4.833333492279053
2026-09-21 18:00:00+00:00,21.0,3.6054699420928955,6.0,3.5
2026-09-21 19:00:00+00:00,22.0,3.5048820972442627,6.0,2.5
2026-09-21 20:00:00+00:00,23.0,3.9836487770080566,7.0,2.0
2026-09-21 21:00:00+00:00,24.0,3.925140619277954,7.0,2.4000000953674316
2026-09-21 22:00:00+00:00,25.0,3.8504374027252197,7.0,1.4285714626312256
2026-09-21 23:00:00+00:00,26.0,3.2859134674072266,6.0,0.6666666865348816
2026-09-22 00:00:00+00:00,27.0,3.2788071632385254,6.0,0.1428571492433548
2026-09-22 01:00:00+00:00,28.0,2.76692533493042,5.0,0.25
2026-09-21 03:00:00+00:00,6.0,5.565693378448486,9.0,4.0
2026-09-21 04:00:00+00:00,7.0,5.010250568389893,8.0,4.666666507720947
2026-09-21 05:00:00+00:00,8.0,5.095531940460205,8.0,4.800000190734863
2026-09-21 06:00:00+00:00,9.0,5.914475917816162,9.0,5.0
2026-09-21 07:00:00+00:00,10.0,6.037237167358398,9.0,6.0
2026-09-21 08:00:00+00:00,11.0,6.180630683898926,9.0,7.199999809265137
2026-09-21 09:00:00+00:00,12.0,6.850846767425537,10.0,5.75
2026-09-21 10:00:00+00:00,13.0,6.889895915985107,10.0,5.400000095367432
2026-09-21 11:00:00+00:00,14.0,6.2705278396606445,9.0,5.0
2026-09-21 12:00:00+00:00,15.0,5.5513763427734375,8.0,4.666666507720947
2026-09-21 13:00:00+00:00,16.0,5.465363502502441,8.0,5.666666507720947
2026-09-21 14:00:00+00:00,17.0,4.748603820800781,7.0,4.666666507720947
2026-09-21 15:00:00+00:00,18.0,4.604616641998291,7.0,4.5
2026-09-21 16:00:00+00:00,19.0,3.8946123123168945,6.0,5.199999809265137
2026-09-21 17:00:00+00:00,20.0,3.794174909591675,6.0,4.833333492279053
2026-09-21 18:00:00+00:00,21.0,3.6103410720825195,6.0,3.5
2026-09-21 19:00:00+00:00,22.0,3.509369134902954,6.0,2.5
2026-09-21 20:00:00+00:00,23.0,3.986222982406616,7.0,2.0
2026-09-21 21:00:00+00:00,24.0,3.9269065856933594,7.0,2.4000000953674316
2026-09-21 22:00:00+00:00,25.0,3.8546688556671143,7.0,1.4285714626312256
2026-09-21 23:00:00+00:00,26.0,3.287923574447632,6.0,0.6666666865348816
2026-09-22 00:00:00+00:00,27.0,3.277775764465332,6.0,0.1428571492433548
2026-09-22 01:00:00+00:00,28.0,2.7653040885925293,5.0,0.25
2026-09-22 02:00:00+00:00,29.0,2.290449380874634,4.0,1.600000023841858
2026-09-21 04:00:00+00:00,7.0,5.01632833480835,8.0,4.666666507720947
2026-09-21 05:00:00+00:00,8.0,5.101944446563721,8.0,4.800000190734863
2026-09-21 06:00:00+00:00,9.0,5.918612957000732,9.0,5.0
2026-09-21 07:00:00+00:00,10.0,6.033360004425049,9.0,6.0
2026-09-21 08:00:00+00:00,11.0,6.17664909362793,9.0,7.199999809265137
2026-09-21 09:00:00+00:00,12.0,6.8434739112854,10.0,5.75
2026-09-21 10:00:00+00:00,13.0,6.881990432739258,10.0,5.400000095367432
2026-09-21 11:00:00+00:00,14.0,6.264055252075195,9.0,5.0
2026-09-21 12:00:00+00:00,15.0,5.55586051940918,8.0,4.666666507720947
2026-09-21 13:00:00+00:00,16.0,5.470234394073486,8.0,5.666666507720947
2026-09-21 14:00:00+00:00,17.0,4.758698463439941,7.0,4.666666507720947
2026-09-21 15:00:00+00:00,18.0,4.61353874206543,7.0,4.5
2026-09-21 16:00:00+00:00,19.0,3.9032626152038574,6.0,5.199999809265137
2026-09-21 17:00:00+00:00,20.0,3.8043229579925537,6.0,4.833333492279053
2026-09-21 18:00:00+00:00,21.0,3.625749111175537,6.0,3.5
2026-09-21 19:00:00+00:00,22.0,3.5267107486724854,6.0,2.5
2026-09-21 20:00:00+00:00,23.0,3.9980597496032715,7.0,2.0
2026-09-21 21:00:00+00:00,24.0,3.9397013187408447,7.0,2.4000000953674316
2026-09-21 22:00:00+00:00,25.0,3.8714332580566406,7.0,1.4285714626312256
2026-09-21 23:00:00+00:00,26.0,3.3032243251800537,6.0,0.6666666865348816
2026-09-22 00:00:00+00:00,27.0,3.294703960418701,6.0,0.1428571492433548
2026-09-22 01:00:00+00:00,28.0,2.7809386253356934,5.0,0.25
2026-09-22 02:00:00+00:00,29.0,2.302541971206665,4.0,1.600000023841858
2026-09-22 03:00:00+00:00,30.0,2.3695292472839355,4.0,0.75
2026-09-21 05:00:00+00:00,8.0,5.098941326141357,8.0,4.800000190734863
2026-09-21 06:00:00+00:00,9.0,5.910518646240234,9.0,5.0
2026-09-21 07:00:00+00:00,10.0,6.018191814422607,9.0,6.0
2026-09-21 08:00:00+00:00,11.0,6.1616010665893555,9.0,7.199999809265137
2026-09-21 09:00:00+00:00,12.0,6.830910682678223,10.0,5.75
2026-09-21 10:00:00+00:00,13.0,6.874736309051514,10.0,5.400000095367432
2026-09-21 11:00:00+00:00,14.0,6.257235527038574,9.0,5.0
2026-09-21 12:00:00+00:00,15.0,5.552862167358398,8.0,4.666666507720947
2026-09-21 13:00:00+00:00,16.0,5.468440055847168,8.0,5.666666507720947
2026-09-21 14:00:00+00:00,17.0,4.75877046585083,7.0,4.666666507720947
2026-09-21 15:00:00+00:00,18.0,4.612403392791748,7.0,4.5
2026-09-21 16:00:00+00:00,19.0,3.901841878890991,6.0,5.199999809265137
2026-09-21 17:00:00+00:00,20.0,3.8046205043792725,6.0,4.833333492279053
2026-09-21 18:00:00+00:00,21.0,3.626189947128296,6.0,3.5
2026-09-21 19:00:00+00:00,22.0,3.529020071029663,6.0,2.5
2026-09-21 20:00:00+00:00,23.0,3.9973807334899902,7.0,2.0
2026-09-21 21:00:00+00:00,24.0,3.940646171569824,7.0,2.4000000953674316
2026-09-21 22:00:00+00:00,25.0,3.8725266456604004,7.0,1.4285714626312256
2026-09-21 23:00:00+00:00,26.0,3.3052055835723877,6.0,0.6666666865348816
2026-09-22 00:00:00+00:00,27.0,3.3003015518188477,6.0,0.1428571492433548
2026-09-22 01:00:00+00:00,28.0,2.7848122119903564,5.0,0.25
2026-09-22 02:00:00+00:00,29.0,2.3039956092834473,4.0,1.600000023841858
2026-09-22 03:00:00+00:00,30.0,2.3717546463012695,4.0,0.75
2026-09-22 04:00:00+00:00,31.0,1.335913896560669,2.0,3.0
2026-09-21 06:00:00+00:00,9.0,5.898266792297363,9.0,5.0
2026-09-21 07:00:00+00:00,10.0,6.0044331550598145,9.0,6.0
2026-09-21 08:00:00+00:00,11.0,6.146109104156494,9.0,7.199999809265137
2026-09-21 09:00:00+00:00,12.0,6.817666530609131,10.0,5.75
2026-09-21 10:00:00+00:00,13.0,6.866848468780518,10.0,5.400000095367432
2026-09-21 11:00:00+00:00,14.0,6.249266147613525,9.0,5.0
2026-09-21 12:00:00+00:00,15.0,5.545581340789795,8.0,4.666666507720947
2026-09-21 13:00:00+00:00,16.0,5.463909149169922,8.0,5.666666507720947
2026-09-21 14:00:00+00:00,17.0,4.756472587585449,7.0,4.666666507720947
2026-09-21 15:00:00+00:00,18.0,4.609931468963623,7.0,4.5
2026-09-21 16:00:00+00:00,19.0,3.8985416889190674,6.0,5.199999809265137
2026-09-21 17:00:00+00:00,20.0,3.8016417026519775,6.0,4.833333492279053
2026-09-21 18:00:00+00:00,21.0,3.6235241889953613,6.0,3.5
2026-09-21 19:00:00+00:00,22.0,3.525785207748413,6.0,2.5
2026-09-21 20:00:00+00:00,23.0,3.995211601257324,7.0,2.0
2026-09-21 21:00:00+00:00,24.0,3.939990520477295,7.0,2.4000000953674316
2026-09-21 22:00:00+00:00,25.0,3.8721201419830322,7.0,1.4285714626312256
2026-09-21 23:00:00+00:00,26.0,3.305696725845337,6.0,0.6666666865348816
2026-09-22 00:00:00+00:00,27.0,3.3023393154144287,6.0,0.1428571492433548
2026-09-22 01:00:00+00:00,28.0,2.7878806591033936,5.0,0.25
2026-09-22 02:00:00+00:00,29.0,2.3046743869781494,4.0,1.600000023841858
2026-09-22 03:00:00+00:00,30.0,2.372342586517334,4.0,0.75
2026-09-22 04:00:00+00:00,31.0,1.3347711563110352,2.0,3.0
2026-09-22 05:00:00+00:00,32.0,2.142116069793701,3.0,3.1666667461395264
2026-09-21 07:00:00+00:00,1.0,6.15877103805542,9.0,6.0
2026-09-21 08:00:00+00:00,2.0,6.305678367614746,9.0,7.199999809265137
2026-09-21 09:00:00+00:00,3.0,5.783086776733398,8.0,5.75
2026-09-21 10:00:00+00:00,4.0,6.5131096839904785,9.0,5.400000095367432
2026-09-21 11:00:00+00:00,5.0,5.764109134674072,8.0,5.0
2026-09-21 12:00:00+00:00,6.0,5.128262042999268,7.0,4.666666507720947
2026-09-21 13:00:00+00:00,7.0,4.985451698303223,7.0,5.666666507720947
2026-09-21 14:00:00+00:00,8.0,5.495212078094482,8.0,4.666666507720947
2026-09-21 15:00:00+00:00,9.0,4.71973180770874,7.0,4.5
2026-09-21 16:00:00+00:00,10.0,4.583739757537842,7.0,5.199999809265137
2026-09-21 17:00:00+00:00,11.0,3.800360918045044,6.0,4.833333492279053
2026-09-21 18:00:00+00:00,12.0,4.210283279418945,7.0,3.5
2026-09-21 19:00:00+00:00,13.0,3.5101118087768555,6.0,2.5
2026-09-21 20:00:00+00:00,14.0,3.4408843517303467,6.0,2.0
2026-09-21 21:00:00+00:00,15.0,3.9321086406707764,7.0,2.4000000953674316
2026-09-21 22:00:00+00:00,16.0,3.883390188217163,7.0,1.4285714626312256
2026-09-21 23:00:00+00:00,17.0,3.3215668201446533,6.0,0.6666666865348816
2026-09-22 00:00:00+00:00,18.0,2.808192491531372,5.0,0.1428571492433548
2026-09-22 01:00:00+00:00,19.0,2.274967908859253,4.0,0.25
2026-09-22 02:00:00+00:00,20.0,2.32321834564209,4.0,1.600000023841858
2026-09-22 03:00:00+00:00,21.0,2.427400588989258,4.0,0.75
2026-09-22 04:00:00+00:00,22.0,2.534837245941162,4.0,3.0
2026-09-22 05:00:00+00:00,23.0,2.7319247722625732,4.0,3.1666667461395264
2026-09-22 06:00:00+00:00,24.0,2.9777121543884277,4.0,3.5
2026-09-21 08:00:00+00:00,1.0,6.321346282958984,9.0,7.199999809265137
2026-09-21 09:00:00+00:00,2.0,6.457380294799805,9.0,5.75
2026-09-21 10:00:00+00:00,3.0,6.452229022979736,9.0,5.400000095367432
2026-09-21 11:00:00+00:00,4.0,5.743536949157715,8.0,5.0
2026-09-21 12:00:00+00:00,5.0,5.116120338439941,7.0,4.666666507720947
2026-09-21 13:00:00+00:00,6.0,5.6414408683776855,8.0,5.666666507720947
2026-09-21 14:00:00+00:00,7.0,4.931951999664307,7.0,4.666666507720947
2026-09-21 15:00:00+00:00,8.0,4.737371444702148,7.0,4.5
2026-09-21 16:00:00+00:00,9.0,3.961310863494873,6.0,5.199999809265137
2026-09-21 17:00:00+00:00,10.0,3.812229633331299,6.0,4.833333492279053
2026-09-21 18:00:00+00:00,11.0,4.189159393310547,7.0,3.5
2026-09-21 19:00:00+00:00,12.0,4.0758957862854,7.0,2.5
2026-09-21 20:00:00+00:00,13.0,3.43467116355896,6.0,2.0
2026-09-21 21:00:00+00:00,14.0,2.817758560180664,5.0,2.4000000953674316
2026-09-21 22:00:00+00:00,15.0,3.3211288452148438,6.0,1.4285714626312256
2026-09-21 23:00:00+00:00,16.0,3.2849254608154297,6.0,0.6666666865348816
2026-09-22 00:00:00+00:00,17.0,2.7893216609954834,5.0,0.1428571492433548
2026-09-22 01:00:00+00:00,18.0,2.2549643516540527,4.0,0.25
2026-09-22 02:00:00+00:00,19.0,2.310370445251465,4.0,1.600000023841858
2026-09-22 03:00:00+00:00,20.0,1.839865803718567,3.0,0.75
2026-09-22 04:00:00+00:00,21.0,1.934326171875,3.0,3.0
2026-09-22 05:00:00+00:00,22.0,2.224274158477783,3.0,3.1666667461395264
2026-09-22 06:00:00+00:00,23.0,3.7502293586730957,5.0,3.5
2026-09-22 07:00:00+00:00,24.0,3.170374631881714,4.0,5.333333492279053
2026-09-21 09:00:00+00:00,1.0,6.424649238586426,9.0,5.75
2026-09-21 10:00:00+00:00,2.0,6.452757358551025,9.0,5.400000095367432
2026-09-21 11:00:00+00:00,3.0,5.72379207611084,8.0,5.0
2026-09-21 12:00:00+00:00,4.0,5.1530890464782715,7.0,4.666666507720947
2026-09-21 13:00:00+00:00,5.0,5.045412063598633,7.0,5.666666507720947
2026-09-21 14:00:00+00:00,6.0,5.576943397521973,8.0,4.666666507720947
2026-09-21 15:00:00+00:00,7.0,4.794967174530029,7.0,4.5
2026-09-21 16:00:00+00:00,8.0,3.975048780441284,6.0,5.199999809265137
2026-09-21 17:00:00+00:00,9.0,3.764803647994995,6.0,4.833333492279053
2026-09-21 18:00:00+00:00,10.0,4.171311855316162,7.0,3.5
2026-09-21 19:00:00+00:00,11.0,3.509500741958618,6.0,2.5
2026-09-21 20:00:00+00:00,12.0,3.4216837882995605,6.0,2.0
2026-09-21 21:00:00+00:00,13.0,3.3673713207244873,6.0,2.4000000953674316
2026-09-21 22:00:00+00:00,14.0,3.35072660446167,6.0,1.4285714626312256
2026-09-21 23:00:00+00:00,15.0,3.8725032806396484,7.0,0.6666666865348816
2026-09-22 00:00:00+00:00,16.0,3.3501272201538086,6.0,0.1428571492433548
2026-09-22 01:00:00+00:00,17.0,2.8246026039123535,5.0,0.25
2026-09-22 02:00:00+00:00,18.0,1.7587403059005737,3.0,1.600000023841858
2026-09-22 03:00:00+00:00,19.0,1.824177861213684,3.0,0.75
2026-09-22 04:00:00+00:00,20.0,1.3422256708145142,2.0,3.0
2026-09-22 05:00:00+00:00,21.0,2.251645088195801,3.0,3.1666667461395264
2026-09-22 06:00:00+00:00,22.0,3.848310708999634,5.0,3.5
2026-09-22 07:00:00+00:00,23.0,3.8664350509643555,5.0,5.333333492279053
2026-09-22 08:00:00+00:00,24.0,4.078286647796631,5.0,6.800000190734863
2026-09-21 10:00:00+00:00,1.0,6.574617862701416,9.0,5.400000095367432
2026-09-21 11:00:00+00:00,2.0,5.186834335327148,7.0,5.0
2026-09-21 12:00:00+00:00,3.0,5.133712291717529,7.0,4.666666507720947
2026-09-21 13:00:00+00:00,4.0,5.108023166656494,7.0,5.666666507720947
2026-09-21 14:00:00+00:00,5.0,4.998043060302734,7.0,4.666666507720947
2026-09-21 15:00:00+00:00,6.0,4.795559883117676,7.0,4.5
2026-09-21 16:00:00+00:00,7.0,4.020830154418945,6.0,5.199999809265137
2026-09-21 17:00:00+00:00,8.0,4.377011299133301,7.0,4.833333492279053
2026-09-21 18:00:00+00:00,9.0,4.157647609710693,7.0,3.5
2026-09-21 19:00:00+00:00,10.0,3.5003488063812256,6.0,2.5
2026-09-21 20:00:00+00:00,11.0,3.4290835857391357,6.0,2.0
2026-09-21 21:00:00+00:00,12.0,3.3768510818481445,6.0,2.4000000953674316
2026-09-21 22:00:00+00:00,13.0,3.902491569519043,7.0,1.4285714626312256
2026-09-21 23:00:00+00:00,14.0,3.873070001602173,7.0,0.6666666865348816
2026-09-22 00:00:00+00:00,15.0,3.3494956493377686,6.0,0.1428571492433548
2026-09-22 01:00:00+00:00,16.0,2.787280797958374,5.0,0.25
2026-09-22 02:00:00+00:00,17.0,1.1965214014053345,2.0,1.600000023841858
2026-09-22 03:00:00+00:00,18.0,1.3917955160140991,2.0,0.75
2026-09-22 04:00:00+00:00,19.0,1.4718581438064575,2.0,3.0
2026-09-22 05:00:00+00:00,20.0,2.277031183242798,3.0,3.1666667461395264
2026-09-22 06:00:00+00:00,21.0,1.631971836090088,2.0,3.5
2026-09-22 07:00:00+00:00,22.0,2.1818532943725586,3.0,5.333333492279053
2026-09-22 08:00:00+00:00,23.0,2.4314897060394287,3.0,6.800000190734863
2026-09-22 09:00:00+00:00,24.0,3.4211416244506836,4.0,7.199999809265137
2026-09-21 11:00:00+00:00,1.0,5.139649868011475,7.0,5.0
2026-09-21 12:00:00+00:00,2.0,4.542262077331543,6.0,4.666666507720947
2026-09-21 13:00:00+00:00,3.0,5.184441089630127,7.0,5.666666507720947
2026-09-21 14:00:00+00:00,4.0,5.713229656219482,8.0,4.666666507720947
2026-09-21 15:00:00+00:00,5.0,5.458868980407715,8.0,4.5
2026-09-21 16:00:00+00:00,6.0,4.0330491065979,6.0,5.199999809265137
2026-09-21 17:00:00+00:00,7.0,3.8239905834198,6.0,4.833333492279053
2026-09-21 18:00:00+00:00,8.0,3.6627233028411865,6.0,3.5
2026-09-21 19:00:00+00:00,9.0,3.516270399093628,6.0,2.5
2026-09-21 20:00:00+00:00,10.0,3.456658124923706,6.0,2.0
2026-09-21 21:00:00+00:00,11.0,3.405296802520752,6.0,2.4000000953674316
2026-09-21 22:00:00+00:00,12.0,3.9215145111083984,7.0,1.4285714626312256
2026-09-21 23:00:00+00:00,13.0,3.366046905517578,6.0,0.6666666865348816
2026-09-22 00:00:00+00:00,14.0,3.362639904022217,6.0,0.1428571492433548
2026-09-22 01:00:00+00:00,15.0,2.840301990509033,5.0,0.25
2026-09-22 02:00:00+00:00,16.0,2.3172852993011475,4.0,1.600000023841858
2026-09-22 03:00:00+00:00,17.0,1.2721434831619263,2.0,0.75
2026-09-22 04:00:00+00:00,18.0,0.06448448449373245,0.0,3.0
2026-09-22 05:00:00+00:00,19.0,2.1573386192321777,3.0,3.1666667461395264
2026-09-22 06:00:00+00:00,20.0,1.64926278591156,2.0,3.5
2026-09-22 07:00:00+00:00,21.0,2.9117789268493652,4.0,5.333333492279053
2026-09-22 08:00:00+00:00,22.0,3.141308546066284,4.0,6.800000190734863
2026-09-22 09:00:00+00:00,23.0,2.536095380783081,3.0,7.199999809265137
2026-09-22 10:00:00+00:00,24.0,4.323831081390381,5.0,7.285714149475098
2026-09-21 12:00:00+00:00,1.0,5.120264053344727,7.0,4.666666507720947
2026-09-21 13:00:00+00:00,2.0,5.092234134674072,7.0,5.666666507720947
2026-09-21 14:00:00+00:00,3.0,5.652995586395264,8.0,4.666666507720947
2026-09-21 15:00:00+00:00,4.0,5.496267795562744,8.0,4.5
2026-09-21 16:00:00+00:00,5.0,4.6522135734558105,7.0,5.199999809265137
2026-09-21 17:00:00+00:00,6.0,4.401548385620117,7.0,4.833333492279053
2026-09-21 18:00:00+00:00,7.0,3.646737813949585,6.0,3.5
2026-09-21 19:00:00+00:00,8.0,3.5342659950256348,6.0,2.5
2026-09-21 20:00:00+00:00,9.0,3.4644036293029785,6.0,2.0
2026-09-21 21:00:00+00:00,10.0,2.8571693897247314,5.0,2.4000000953674316
2026-09-21 22:00:00+00:00,11.0,3.3499951362609863,6.0,1.4285714626312256
2026-09-21 23:00:00+00:00,12.0,3.362227201461792,6.0,0.6666666865348816
2026-09-22 00:00:00+00:00,13.0,3.386359453201294,6.0,0.1428571492433548
2026-09-22 01:00:00+00:00,14.0,2.8665714263916016,5.0,0.25
2026-09-22 02:00:00+00:00,15.0,2.329646587371826,4.0,1.600000023841858
2026-09-22 03:00:00+00:00,16.0,0.6653739213943481,1.0,0.75
2026-09-22 04:00:00+00:00,17.0,2.0825533866882324,3.0,3.0
2026-09-22 05:00:00+00:00,18.0,3.649264335632324,5.0,3.1666667461395264
2026-09-22 06:00:00+00:00,19.0,3.8726859092712402,5.0,3.5
2026-09-22 07:00:00+00:00,20.0,3.386533737182617,4.0,5.333333492279053
2026-09-22 08:00:00+00:00,21.0,3.527585506439209,4.0,6.800000190734863
2026-09-22 09:00:00+00:00,22.0,1.9506683349609375,2.0,7.199999809265137
2026-09-22 10:00:00+00:00,23.0,5.065716743469238,6.0,7.285714149475098
2026-09-22 11:00:00+00:00,24.0,5.673341274261475,7.0,9.0
2026-09-21 13:00:00+00:00,1.0,5.078441143035889,7.0,5.666666507720947
2026-09-21 14:00:00+00:00,2.0,4.973268508911133,7.0,4.666666507720947
2026-09-21 15:00:00+00:00,3.0,4.8627448081970215,7.0,4.5
2026-09-21 16:00:00+00:00,4.0,5.297525405883789,8.0,5.199999809265137
2026-09-21 17:00:00+00:00,5.0,4.414518356323242,7.0,4.833333492279053
2026-09-21 18:00:00+00:00,6.0,4.1939215660095215,7.0,3.5
2026-09-21 19:00:00+00:00,7.0,3.503783702850342,6.0,2.5
2026-09-21 20:00:00+00:00,8.0,2.878746747970581,5.0,2.0
2026-09-21 21:00:00+00:00,9.0,3.4157397747039795,6.0,2.4000000953674316
2026-09-21 22:00:00+00:00,10.0,3.3869991302490234,6.0,1.4285714626312256
2026-09-21 23:00:00+00:00,11.0,3.3660504817962646,6.0,0.6666666865348816
2026-09-22 00:00:00+00:00,12.0,3.3857507705688477,6.0,0.1428571492433548
2026-09-22 01:00:00+00:00,13.0,2.847666025161743,5.0,0.25
2026-09-22 02:00:00+00:00,14.0,2.331752061843872,4.0,1.600000023841858
2026-09-22 03:00:00+00:00,15.0,1.2254000902175903,2.0,0.75
2026-09-22 04:00:00+00:00,16.0,0.7283704876899719,1.0,3.0
2026-09-22 05:00:00+00:00,17.0,1.5277800559997559,2.0,3.1666667461395264
2026-09-22 06:00:00+00:00,18.0,2.1084518432617188,3.0,3.5
2026-09-22 07:00:00+00:00,19.0,2.1654622554779053,3.0,5.333333492279053
2026-09-22 08:00:00+00:00,20.0,1.0001248121261597,1.0,6.800000190734863
2026-09-22 09:00:00+00:00,21.0,4.485197067260742,5.0,7.199999809265137
2026-09-22 10:00:00+00:00,22.0,5.254275798797607,6.0,7.285714149475098
2026-09-22 11:00:00+00:00,23.0,4.970978736877441,6.0,9.0
2026-09-22 12:00:00+00:00,24.0,5.386592864990234,7.0,7.833333492279053
2026-09-21 14:00:00+00:00,1.0,5.789935111999512,8.0,4.666666507720947
2026-09-21 15:00:00+00:00,2.0,4.935088157653809,7.0,4.5
2026-09-21 16:00:00+00:00,3.0,4.711554050445557,7.0,5.199999809265137
2026-09-21 17:00:00+00:00,4.0,4.455008506774902,7.0,4.833333492279053
2026-09-21 18:00:00+00:00,5.0,4.185323238372803,7.0,3.5
2026-09-21 19:00:00+00:00,6.0,3.4686315059661865,6.0,2.5
2026-09-21 20:00:00+00:00,7.0,2.858637571334839,5.0,2.0
2026-09-21 21:00:00+00:00,8.0,2.824230432510376,5.0,2.4000000953674316
2026-09-21 22:00:00+00:00,9.0,3.3680269718170166,6.0,1.4285714626312256
2026-09-21 23:00:00+00:00,10.0,3.3531644344329834,6.0,0.6666666865348816
2026-09-22 00:00:00+00:00,11.0,3.3552937507629395,6.0,0.1428571492433548
2026-09-22 01:00:00+00:00,12.0,2.818770408630371,5.0,0.25
2026-09-22 02:00:00+00:00,13.0,2.286083221435547,4.0,1.600000023841858
2026-09-22 03:00:00+00:00,14.0,0.6840204000473022,1.0,0.75
2026-09-22 04:00:00+00:00,15.0,3.2574141025543213,5.0,3.0
2026-09-22 05:00:00+00:00,16.0,2.8450629711151123,4.0,3.1666667461395264
2026-09-22 06:00:00+00:00,17.0,3.04355525970459,4.0,3.5
2026-09-22 07:00:00+00:00,18.0,3.3036956787109375,4.0,5.333333492279053
2026-09-22 08:00:00+00:00,19.0,3.525867462158203,4.0,6.800000190734863
2026-09-22 09:00:00+00:00,20.0,3.6667635440826416,4.0,7.199999809265137
2026-09-22 10:00:00+00:00,21.0,4.4678168296813965,5.0,7.285714149475098
2026-09-22 11:00:00+00:00,22.0,4.075362205505371,5.0,9.0
2026-09-22 12:00:00+00:00,23.0,3.824586868286133,5.0,7.833333492279053
2026-09-22 13:00:00+00:00,24.0,2.957942247390747,4.0,6.0
2026-09-21 15:00:00+00:00,1.0,4.938948631286621,7.0,4.5
2026-09-21 16:00:00+00:00,2.0,4.675264358520508,7.0,5.199999809265137
2026-09-21 17:00:00+00:00,3.0,4.355879783630371,7.0,4.833333492279053
2026-09-21 18:00:00+00:00,4.0,4.120081901550293,7.0,3.5
2026-09-21 19:00:00+00:00,5.0,3.438493013381958,6.0,2.5
2026-09-21 20:00:00+00:00,6.0,2.8266055583953857,5.0,2.0
2026-09-21 21:00:00+00:00,7.0,2.804471731185913,5.0,2.4000000953674316
2026-09-21 22:00:00+00:00,8.0,3.297858953475952,6.0,1.4285714626312256
2026-09-21 23:00:00+00:00,9.0,3.2737956047058105,6.0,0.6666666865348816
2026-09-22 00:00:00+00:00,10.0,3.2701852321624756,6.0,0.1428571492433548
2026-09-22 01:00:00+00:00,11.0,2.779696226119995,5.0,0.25
2026-09-22 02:00:00+00:00,12.0,2.245459794998169,4.0,1.600000023841858
2026-09-22 03:00:00+00:00,13.0,0.6687353849411011,1.0,0.75
2026-09-22 04:00:00+00:00,14.0,1.4123408794403076,2.0,3.0
2026-09-22 05:00:00+00:00,15.0,2.2018051147460938,3.0,3.1666667461395264
2026-09-22 06:00:00+00:00,16.0,3.036832809448242,4.0,3.5
2026-09-22 07:00:00+00:00,17.0,2.512157440185547,3.0,5.333333492279053
2026-09-22 08:00:00+00:00,18.0,2.524358034133911,3.0,6.800000190734863
2026-09-22 09:00:00+00:00,19.0,2.7683420181274414,3.0,7.199999809265137
2026-09-22 10:00:00+00:00,20.0,3.7894625663757324,4.0,7.285714149475098
2026-09-22 11:00:00+00:00,21.0,5.922818660736084,7.0,9.0
2026-09-22 12:00:00+00:00,22.0,4.958676815032959,6.0,7.833333492279053
2026-09-22 13:00:00+00:00,23.0,3.863098621368408,5.0,6.0
2026-09-22 14:00:00+00:00,24.0,3.6932947635650635,5.0,4.400000095367432
2026-09-21 16:00:00+00:00,1.0,4.696868896484375,7.0,5.199999809265137
2026-09-21 17:00:00+00:00,2.0,4.430391788482666,7.0,4.833333492279053
2026-09-21 18:00:00+00:00,3.0,4.1487932205200195,7.0,3.5
2026-09-21 19:00:00+00:00,4.0,4.023651599884033,7.0,2.5
2026-09-21 20:00:00+00:00,5.0,3.3907527923583984,6.0,2.0
2026-09-21 21:00:00+00:00,6.0,3.358748197555542,6.0,2.4000000953674316
2026-09-21 22:00:00+00:00,7.0,3.304760456085205,6.0,1.4285714626312256
2026-09-21 23:00:00+00:00,8.0,3.305159568786621,6.0,0.6666666865348816
2026-09-22 00:00:00+00:00,9.0,3.3297414779663086,6.0,0.1428571492433548
2026-09-22 01:00:00+00:00,10.0,2.7957887649536133,5.0,0.25
2026-09-22 02:00:00+00:00,11.0,2.2791337966918945,4.0,1.600000023841858
2026-09-22 03:00:00+00:00,12.0,1.8043053150177002,3.0,0.75
2026-09-22 04:00:00+00:00,13.0,0.658175528049469,1.0,3.0
2026-09-22 05:00:00+00:00,14.0,1.5201126337051392,2.0,3.1666667461395264
2026-09-22 06:00:00+00:00,15.0,3.5978987216949463,5.0,3.5
2026-09-22 07:00:00+00:00,16.0,3.0055336952209473,4.0,5.333333492279053
2026-09-22 08:00:00+00:00,17.0,3.0080742835998535,4.0,6.800000190734863
2026-09-22 09:00:00+00:00,18.0,3.279510974884033,4.0,7.199999809265137
2026-09-22 10:00:00+00:00,19.0,4.114314079284668,5.0,7.285714149475098
2026-09-22 11:00:00+00:00,20.0,4.089033603668213,5.0,9.0
2026-09-22 12:00:00+00:00,21.0,3.8826117515563965,5.0,7.833333492279053
2026-09-22 13:00:00+00:00,22.0,3.643939256668091,5.0,6.0
2026-09-22 14:00:00+00:00,23.0,3.672788381576538,5.0,4.400000095367432
2026-09-22 15:00:00+00:00,24.0,3.4289233684539795,5.0,3.0
2026-09-21 17:00:00+00:00,1.0,4.46524715423584,7.0,4.833333492279053
2026-09-21 18:00:00+00:00,2.0,4.19668436050415,7.0,3.5
2026-09-21 19:00:00+00:00,3.0,3.4205844402313232,6.0,2.5
2026-09-21 20:00:00+00:00,4.0,2.842879295349121,5.0,2.0
2026-09-21 21:00:00+00:00,5.0,3.36666202545166,6.0,2.4000000953674316
2026-09-21 22:00:00+00:00,6.0,3.3034567832946777,6.0,1.4285714626312256
2026-09-21 23:00:00+00:00,7.0,3.2863810062408447,6.0,0.6666666865348816
2026-09-22 00:00:00+00:00,8.0,2.7344391345977783,5.0,0.1428571492433548
2026-09-22 01:00:00+00:00,9.0,2.2565670013427734,4.0,0.25
2026-09-22 02:00:00+00:00,10.0,1.7089370489120483,3.0,1.600000023841858
2026-09-22 03:00:00+00:00,11.0,0.7059587836265564,1.0,0.75
2026-09-22 04:00:00+00:00,12.0,3.2571232318878174,5.0,3.0
2026-09-22 05:00:00+00:00,13.0,4.240219593048096,6.0,3.1666667461395264
2026-09-22 06:00:00+00:00,14.0,4.552387714385986,6.0,3.5
2026-09-22 07:00:00+00:00,15.0,4.118492603302002,5.0,5.333333492279053
2026-09-22 08:00:00+00:00,16.0,4.321558475494385,5.0,6.800000190734863
2026-09-22 09:00:00+00:00,17.0,5.279536724090576,6.0,7.199999809265137
2026-09-22 10:00:00+00:00,18.0,6.200972557067871,7.0,7.285714149475098
2026-09-22 11:00:00+00:00,19.0,7.4474196434021,9.0,9.0
2026-09-22 12:00:00+00:00,20.0,5.7354302406311035,7.0,7.833333492279053
2026-09-22 13:00:00+00:00,21.0,3.913564682006836,5.0,6.0
2026-09-22 14:00:00+00:00,22.0,3.636474847793579,5.0,4.400000095367432
2026-09-22 15:00:00+00:00,23.0,3.341815710067749,5.0,3.0
2026-09-22 16:00:00+00:00,24.0,2.5688517093658447,4.0,1.600000023841858
2026-09-21 18:00:00+00:00,1.0,4.11403226852417,7.0,3.5
2026-09-21 19:00:00+00:00,2.0,3.9875121116638184,7.0,2.5
2026-09-21 20:00:00+00:00,3.0,2.827680826187134,5.0,2.0
2026-09-21 21:00:00+00:00,4.0,2.7905337810516357,5.0,2.4000000953674316
2026-09-21 22:00:00+00:00,5.0,2.7290308475494385,5.0,1.4285714626312256
2026-09-21 23:00:00+00:00,6.0,3.2889437675476074,6.0,0.6666666865348816
2026-09-22 00:00:00+00:00,7.0,3.258178234100342,6.0,0.1428571492433548
2026-09-22 01:00:00+00:00,8.0,2.760692596435547,5.0,0.25
2026-09-22 02:00:00+00:00,9.0,2.2596802711486816,4.0,1.600000023841858
2026-09-22 03:00:00+00:00,10.0,0.6048881411552429,1.0,0.75
2026-09-22 04:00:00+00:00,11.0,3.270702362060547,5.0,3.0
2026-09-22 05:00:00+00:00,12.0,3.5487327575683594,5.0,3.1666667461395264
2026-09-22 06:00:00+00:00,13.0,3.86686635017395,5.0,3.5
2026-09-22 07:00:00+00:00,14.0,1.6443475484848022,2.0,5.333333492279053
2026-09-22 08:00:00+00:00,15.0,0.9171784520149231,1.0,6.800000190734863
2026-09-22 09:00:00+00:00,16.0,3.565505266189575,4.0,7.199999809265137
2026-09-22 10:00:00+00:00,17.0,4.681807518005371,5.0,7.285714149475098
2026-09-22 11:00:00+00:00,18.0,5.345330715179443,6.0,9.0
2026-09-22 12:00:00+00:00,19.0,4.175448894500732,5.0,7.833333492279053
2026-09-22 13:00:00+00:00,20.0,3.2309718132019043,4.0,6.0
2026-09-22 14:00:00+00:00,21.0,3.904616355895996,5.0,4.400000095367432
2026-09-22 15:00:00+00:00,22.0,3.6196625232696533,5.0,3.0
2026-09-22 16:00:00+00:00,23.0,2.8534069061279297,4.0,1.600000023841858
2026-09-22 17:00:00+00:00,24.0,2.2531025409698486,3.0,1.1666666269302368
2026-09-21 19:00:00+00:00,1.0,3.9932966232299805,7.0,2.5
2026-09-21 20:00:00+00:00,2.0,3.3524560928344727,6.0,2.0
2026-09-21 21:00:00+00:00,3.0,2.7616233825683594,5.0,2.4000000953674316
2026-09-21 22:00:00+00:00,4.0,2.747809648513794,5.0,1.4285714626312256
2026-09-21 23:00:00+00:00,5.0,3.2635421752929688,6.0,0.6666666865348816
2026-09-22 00:00:00+00:00,6.0,2.75083327293396,5.0,0.1428571492433548
2026-09-22 01:00:00+00:00,7.0,2.7962863445281982,5.0,0.25
2026-09-22 02:00:00+00:00,8.0,2.307067394256592,4.0,1.600000023841858
2026-09-22 03:00:00+00:00,9.0,1.7956945896148682,3.0,0.75
2026-09-22 04:00:00+00:00,10.0,1.2761832475662231,2.0,3.0
2026-09-22 05:00:00+00:00,11.0,1.5117926597595215,2.0,3.1666667461395264
2026-09-22 06:00:00+00:00,12.0,3.736586332321167,5.0,3.5
2026-09-22 07:00:00+00:00,13.0,3.24428129196167,4.0,5.333333492279053
2026-09-22 08:00:00+00:00,14.0,3.424018621444702,4.0,6.800000190734863
2026-09-22 09:00:00+00:00,15.0,3.6413989067077637,4.0,7.199999809265137
2026-09-22 10:00:00+00:00,16.0,5.1587443351745605,6.0,7.285714149475098
2026-09-22 11:00:00+00:00,17.0,5.596048355102539,7.0,9.0
2026-09-22 12:00:00+00:00,18.0,5.626208782196045,7.0,7.833333492279053
2026-09-22 13:00:00+00:00,19.0,4.462147235870361,6.0,6.0
2026-09-22 14:00:00+00:00,20.0,4.364105224609375,6.0,4.400000095367432
2026-09-22 15:00:00+00:00,21.0,3.4927494525909424,5.0,3.0
2026-09-22 16:00:00+00:00,22.0,2.7134337425231934,4.0,1.600000023841858
2026-09-22 17:00:00+00:00,23.0,1.9279820919036865,3.0,1.1666666269302368
2026-09-22 18:00:00+00:00,24.0,2.01800537109375,3.0,0.4285714328289032
2026-09-21 20:00:00+00:00,1.0,2.8054113388061523,5.0,2.0
2026-09-21 21:00:00+00:00,2.0,3.313854694366455,6.0,2.4000000953674316
2026-09-21 22:00:00+00:00,3.0,3.2864010334014893,6.0,1.4285714626312256
2026-09-21 23:00:00+00:00,4.0,3.2871341705322266,6.0,0.6666666865348816
2026-09-22 00:00:00+00:00,5.0,3.2853784561157227,6.0,0.1428571492433548
2026-09-22 01:00:00+00:00,6.0,2.2536838054656982,4.0,0.25
2026-09-22 02:00:00+00:00,7.0,1.7087082862854004,3.0,1.600000023841858
2026-09-22 03:00:00+00:00,8.0,0.6717982292175293,1.0,0.75
2026-09-22 04:00:00+00:00,9.0,3.1730587482452393,5.0,3.0
2026-09-22 05:00:00+00:00,10.0,4.17497444152832,6.0,3.1666667461395264
2026-09-22 06:00:00+00:00,11.0,5.163825511932373,7.0,3.5
2026-09-22 07:00:00+00:00,12.0,4.777883529663086,6.0,5.333333492279053
2026-09-22 08:00:00+00:00,13.0,5.045058250427246,6.0,6.800000190734863
2026-09-22 09:00:00+00:00,14.0,5.979197978973389,7.0,7.199999809265137
2026-09-22 10:00:00+00:00,15.0,7.40485954284668,9.0,7.285714149475098
2026-09-22 11:00:00+00:00,16.0,7.1899847984313965,9.0,9.0
2026-09-22 12:00:00+00:00,17.0,6.245956897735596,8.0,7.833333492279053
2026-09-22 13:00:00+00:00,18.0,4.493505001068115,6.0,6.0
2026-09-22 14:00:00+00:00,19.0,4.161589622497559,6.0,4.400000095367432
2026-09-22 15:00:00+00:00,20.0,3.3338325023651123,5.0,3.0
2026-09-22 16:00:00+00:00,21.0,2.55562686920166,4.0,1.600000023841858
2026-09-22 17:00:00+00:00,22.0,2.3901517391204834,4.0,1.1666666269302368
2026-09-22 18:00:00+00:00,23.0,1.7391455173492432,3.0,0.4285714328289032
2026-09-22 19:00:00+00:00,24.0,1.1152774095535278,2.0,2.0
2026-09-21 21:00:00+00:00,1.0,2.757810354232788,5.0,2.4000000953674316
2026-09-21 22:00:00+00:00,2.0,2.7163002490997314,5.0,1.4285714626312256
2026-09-21 23:00:00+00:00,3.0,3.259298801422119,6.0,0.6666666865348816
2026-09-22 00:00:00+00:00,4.0,3.269068717956543,6.0,0.1428571492433548
2026-09-22 01:00:00+00:00,5.0,2.7771010398864746,5.0,0.25
2026-09-22 02:00:00+00:00,6.0,2.2555813789367676,4.0,1.600000023841858
2026-09-22 03:00:00+00:00,7.0,0.05732298642396927,0.0,0.75
2026-09-22 04:00:00+00:00,8.0,3.117828607559204,5.0,3.0
2026-09-22 05:00:00+00:00,9.0,3.454644203186035,5.0,3.1666667461395264
2026-09-22 06:00:00+00:00,10.0,3.702483654022217,5.0,3.5
2026-09-22 07:00:00+00:00,11.0,2.4707448482513428,3.0,5.333333492279053
2026-09-22 08:00:00+00:00,12.0,2.580815553665161,3.0,6.800000190734863
2026-09-22 09:00:00+00:00,13.0,3.573876142501831,4.0,7.199999809265137
2026-09-22 10:00:00+00:00,14.0,5.374238014221191,6.0,7.285714149475098
2026-09-22 11:00:00+00:00,15.0,5.966071605682373,7.0,9.0
2026-09-22 12:00:00+00:00,16.0,5.860485553741455,7.0,7.833333492279053
2026-09-22 13:00:00+00:00,17.0,5.489716053009033,7.0,6.0
2026-09-22 14:00:00+00:00,18.0,3.635612964630127,5.0,4.400000095367432
2026-09-22 15:00:00+00:00,19.0,3.2682502269744873,5.0,3.0
2026-09-22 16:00:00+00:00,20.0,3.1458334922790527,5.0,1.600000023841858
2026-09-22 17:00:00+00:00,21.0,2.402015209197998,4.0,1.1666666269302368
2026-09-22 18:00:00+00:00,22.0,1.7453489303588867,3.0,0.4285714328289032
2026-09-22 19:00:00+00:00,23.0,0.06815479695796967,0.0,2.0
2026-09-22 20:00:00+00:00,24.0,2.1396632194519043,4.0,3.4000000953674316
2026-09-21 22:00:00+00:00,1.0,2.7289867401123047,5.0,1.4285714626312256
2026-09-21 23:00:00+00:00,2.0,2.71592116355896,5.0,0.6666666865348816
2026-09-22 00:00:00+00:00,3.0,2.7445192337036133,5.0,0.1428571492433548
2026-09-22 01:00:00+00:00,4.0,2.78196120262146,5.0,0.25
2026-09-22 02:00:00+00:00,5.0,2.2914788722991943,4.0,1.600000023841858
2026-09-22 03:00:00+00:00,6.0,1.2541214227676392,2.0,0.75
2026-09-22 04:00:00+00:00,7.0,1.3771530389785767,2.0,3.0
2026-09-22 05:00:00+00:00,8.0,3.4378159046173096,5.0,3.1666667461395264
2026-09-22 06:00:00+00:00,9.0,3.7771244049072266,5.0,3.5
2026-09-22 07:00:00+00:00,10.0,5.285637855529785,7.0,5.333333492279053
2026-09-22 08:00:00+00:00,11.0,4.765009880065918,6.0,6.800000190734863
2026-09-22 09:00:00+00:00,12.0,3.9942405223846436,5.0,7.199999809265137
2026-09-22 10:00:00+00:00,13.0,4.875768661499023,6.0,7.285714149475098
2026-09-22 11:00:00+00:00,14.0,5.507075786590576,7.0,9.0
2026-09-22 12:00:00+00:00,15.0,5.478547096252441,7.0,7.833333492279053
2026-09-22 13:00:00+00:00,16.0,3.7302119731903076,5.0,6.0
2026-09-22 14:00:00+00:00,17.0,4.323722839355469,6.0,4.400000095367432
2026-09-22 15:00:00+00:00,18.0,3.466488838195801,5.0,3.0
2026-09-22 16:00:00+00:00,19.0,2.6805903911590576,4.0,1.600000023841858
2026-09-22 17:00:00+00:00,20.0,1.3113937377929688,2.0,1.1666666269302368
2026-09-22 18:00:00+00:00,21.0,2.090322732925415,3.0,0.4285714328289032
2026-09-22 19:00:00+00:00,22.0,2.5831823348999023,4.0,2.0
2026-09-22 20:00:00+00:00,23.0,1.8376679420471191,3.0,3.4000000953674316
2026-09-22 21:00:00+00:00,24.0,1.1115268468856812,2.0,3.5
2026-09-21 23:00:00+00:00,2.0,2.717653751373291,5.0,0.6666666865348816
2026-09-22 00:00:00+00:00,3.0,2.7477774620056152,5.0,0.1428571492433548
2026-09-22 01:00:00+00:00,4.0,2.7853798866271973,5.0,0.25
2026-09-22 02:00:00+00:00,5.0,2.294032335281372,4.0,1.600000023841858
2026-09-22 03:00:00+00:00,6.0,1.2552769184112549,2.0,0.75
2026-09-22 04:00:00+00:00,7.0,1.377020001411438,2.0,3.0
2026-09-22 05:00:00+00:00,8.0,3.437856912612915,5.0,3.1666667461395264
2026-09-22 06:00:00+00:00,9.0,3.773343801498413,5.0,3.5
2026-09-22 07:00:00+00:00,10.0,5.281370639801025,7.0,5.333333492279053
2026-09-22 08:00:00+00:00,11.0,4.75844144821167,6.0,6.800000190734863
2026-09-22 09:00:00+00:00,12.0,3.9925742149353027,5.0,7.199999809265137
2026-09-22 10:00:00+00:00,13.0,4.867502689361572,6.0,7.285714149475098
2026-09-22 11:00:00+00:00,14.0,5.4959330558776855,7.0,9.0
2026-09-22 12:00:00+00:00,15.0,5.467348098754883,7.0,7.833333492279053
2026-09-22 13:00:00+00:00,16.0,3.7295126914978027,5.0,6.0
2026-09-22 14:00:00+00:00,17.0,4.322396755218506,6.0,4.400000095367432
2026-09-22 15:00:00+00:00,18.0,3.468743085861206,5.0,3.0
2026-09-22 16:00:00+00:00,19.0,2.6836435794830322,4.0,1.600000023841858
2026-09-22 17:00:00+00:00,20.0,1.3138172626495361,2.0,1.1666666269302368
2026-09-22 18:00:00+00:00,21.0,2.088759660720825,3.0,0.4285714328289032
2026-09-22 19:00:00+00:00,22.0,2.579953670501709,4.0,2.0
2026-09-22 20:00:00+00:00,23.0,1.838747262954712,3.0,3.4000000953674316
2026-09-22 21:00:00+00:00,24.0,1.112409234046936,2.0,3.5
2026-09-22 22:00:00+00:00,25.0,1.0477592945098877,2.0,2.0
2026-09-22 00:00:00+00:00,3.0,2.7507078647613525,5.0,0.1428571492433548
2026-09-22 01:00:00+00:00,4.0,2.7884902954101562,5.0,0.25
2026-09-22 02:00:00+00:00,5.0,2.2960891723632812,4.0,1.600000023841858
2026-09-22 03:00:00+00:00,6.0,1.2558515071868896,2.0,0.75
2026-09-22 04:00:00+00:00,7.0,1.3768796920776367,2.0,3.0
2026-09-22 05:00:00+00:00,8.0,3.4414913654327393,5.0,3.1666667461395264
2026-09-22 06:00:00+00:00,9.0,3.7743377685546875,5.0,3.5
2026-09-22 07:00:00+00:00,10.0,5.28603458404541,7.0,5.333333492279053
2026-09-22 08:00:00+00:00,11.0,4.761745929718018,6.0,6.800000190734863
2026-09-22 09:00:00+00:00,12.0,3.9945201873779297,5.0,7.199999809265137
2026-09-22 10:00:00+00:00,13.0,4.864494800567627,6.0,7.285714149475098
2026-09-22 11:00:00+00:00,14.0,5.493485450744629,7.0,9.0
2026-09-22 12:00:00+00:00,15.0,5.464941501617432,7.0,7.833333492279053
2026-09-22 13:00:00+00:00,16.0,3.7303197383880615,5.0,6.0
2026-09-22 14:00:00+00:00,17.0,4.324553489685059,6.0,4.400000095367432
2026-09-22 15:00:00+00:00,18.0,3.473095178604126,5.0,3.0
2026-09-22 16:00:00+00:00,19.0,2.6889359951019287,4.0,1.600000023841858
2026-09-22 17:00:00+00:00,20.0,1.3161492347717285,2.0,1.1666666269302368
2026-09-22 18:00:00+00:00,21.0,2.0889298915863037,3.0,0.4285714328289032
2026-09-22 19:00:00+00:00,22.0,2.5777974128723145,4.0,2.0
2026-09-22 20:00:00+00:00,23.0,1.839916706085205,3.0,3.4000000953674316
2026-09-22 21:00:00+00:00,24.0,1.1133174896240234,2.0,3.5
2026-09-22 22:00:00+00:00,25.0,1.0476585626602173,2.0,2.0
2026-09-22 23:00:00+00:00,26.0,1.01046621799469,2.0,1.0
2026-09-22 01:00:00+00:00,4.0,2.793038845062256,5.0,0.25
2026-09-22 02:00:00+00:00,5.0,2.2996833324432373,4.0,1.600000023841858
2026-09-22 03:00:00+00:00,6.0,1.2568696737289429,2.0,0.75
2026-09-22 04:00:00+00:00,7.0,1.3794434070587158,2.0,3.0
2026-09-22 05:00:00+00:00,8.0,3.451746702194214,5.0,3.1666667461395264
2026-09-22 06:00:00+00:00,9.0,3.7886457443237305,5.0,3.5
2026-09-22 07:00:00+00:00,10.0,5.300149917602539,7.0,5.333333492279053
2026-09-22 08:00:00+00:00,11.0,4.772455215454102,6.0,6.800000190734863
2026-09-22 09:00:00+00:00,12.0,4.000731468200684,5.0,7.199999809265137
2026-09-22 10:00:00+00:00,13.0,4.8682050704956055,6.0,7.285714149475098
2026-09-22 11:00:00+00:00,14.0,5.500404357910156,7.0,9.0
2026-09-22 12:00:00+00:00,15.0,5.4706339836120605,7.0,7.833333492279053
2026-09-22 13:00:00+00:00,16.0,3.7338199615478516,5.0,6.0
2026-09-22 14:00:00+00:00,17.0,4.328883171081543,6.0,4.400000095367432
2026-09-22 15:00:00+00:00,18.0,3.4774343967437744,5.0,3.0
2026-09-22 16:00:00+00:00,19.0,2.6955406665802,4.0,1.600000023841858
2026-09-22 17:00:00+00:00,20.0,1.3191447257995605,2.0,1.1666666269302368
2026-09-22 18:00:00+00:00,21.0,2.0913500785827637,3.0,0.4285714328289032
2026-09-22 19:00:00+00:00,22.0,2.578859567642212,4.0,2.0
2026-09-22 20:00:00+00:00,23.0,1.8423550128936768,3.0,3.4000000953674316
2026-09-22 21:00:00+00:00,24.0,1.1152793169021606,2.0,3.5
2026-09-22 22:00:00+00:00,25.0,1.048112392425537,2.0,2.0
2026-09-22 23:00:00+00:00,26.0,1.0116236209869385,2.0,1.0
2026-09-23 00:00:00+00:00,27.0,2.0338406562805176,4.0,2.5
2026-09-22 02:00:00+00:00,5.0,2.30458664894104,4.0,1.600000023841858
2026-09-22 03:00:00+00:00,6.0,1.258095383644104,2.0,0.75
2026-09-22 04:00:00+00:00,7.0,1.3810535669326782,2.0,3.0
2026-09-22 05:00:00+00:00,8.0,3.4615726470947266,5.0,3.1666667461395264
2026-09-22 06:00:00+00:00,9.0,3.7987940311431885,5.0,3.5
2026-09-22 07:00:00+00:00,10.0,5.310267448425293,7.0,5.333333492279053
2026-09-22 08:00:00+00:00,11.0,4.782476902008057,6.0,6.800000190734863
2026-09-22 09:00:00+00:00,12.0,4.006935119628906,5.0,7.199999809265137
2026-09-22 10:00:00+00:00,13.0,4.8694376945495605,6.0,7.285714149475098
2026-09-22 11:00:00+00:00,14.0,5.504732608795166,7.0,9.0
2026-09-22 12:00:00+00:00,15.0,5.472118377685547,7.0,7.833333492279053
2026-09-22 13:00:00+00:00,16.0,3.7364914417266846,5.0,6.0
2026-09-22 14:00:00+00:00,17.0,4.333715915679932,6.0,4.400000095367432
2026-09-22 15:00:00+00:00,18.0,3.4840383529663086,5.0,3.0
2026-09-22 16:00:00+00:00,19.0,2.7014384269714355,4.0,1.600000023841858
2026-09-22 17:00:00+00:00,20.0,1.3221248388290405,2.0,1.1666666269302368
2026-09-22 18:00:00+00:00,21.0,2.094623565673828,3.0,0.4285714328289032
2026-09-22 19:00:00+00:00,22.0,2.581217050552368,4.0,2.0
2026-09-22 20:00:00+00:00,23.0,1.845158576965332,3.0,3.4000000953674316
2026-09-22 21:00:00+00:00,24.0,1.1177799701690674,2.0,3.5
2026-09-22 22:00:00+00:00,25.0,1.0490931272506714,2.0,2.0
2026-09-22 23:00:00+00:00,26.0,1.0131778717041016,2.0,1.0
2026-09-23 00:00:00+00:00,27.0,2.0380847454071045,4.0,2.5
2026-09-23 01:00:00+00:00,28.0,2.1327321529388428,4.0,2.5
2026-09-22 03:00:00+00:00,6.0,1.2571228742599487,2.0,0.75
2026-09-22 04:00:00+00:00,7.0,1.37777578830719,2.0,3.0
2026-09-22 05:00:00+00:00,8.0,3.45682954788208,5.0,3.1666667461395264
2026-09-22 06:00:00+00:00,9.0,3.790456533432007,5.0,3.5
2026-09-22 07:00:00+00:00,10.0,5.299113750457764,7.0,5.333333492279053
2026-09-22 08:00:00+00:00,11.0,4.7732367515563965,6.0,6.800000190734863
2026-09-22 09:00:00+00:00,12.0,4.000308990478516,5.0,7.199999809265137
2026-09-22 10:00:00+00:00,13.0,4.858185291290283,6.0,7.285714149475098
2026-09-22 11:00:00+00:00,14.0,5.500156402587891,7.0,9.0
2026-09-22 12:00:00+00:00,15.0,5.464477062225342,7.0,7.833333492279053
2026-09-22 13:00:00+00:00,16.0,3.7336668968200684,5.0,6.0
2026-09-22 14:00:00+00:00,17.0,4.332886695861816,6.0,4.400000095367432
2026-09-22 15:00:00+00:00,18.0,3.485745429992676,5.0,3.0
2026-09-22 16:00:00+00:00,19.0,2.7028329372406006,4.0,1.600000023841858
2026-09-22 17:00:00+00:00,20.0,1.3220345973968506,2.0,1.1666666269302368
2026-09-22 18:00:00+00:00,21.0,2.093562126159668,3.0,0.4285714328289032
2026-09-22 19:00:00+00:00,22.0,2.5803074836730957,4.0,2.0
2026-09-22 20:00:00+00:00,23.0,1.843971610069275,3.0,3.4000000953674316
2026-09-22 21:00:00+00:00,24.0,1.1176141500473022,2.0,3.5
2026-09-22 22:00:00+00:00,25.0,1.0483394861221313,2.0,2.0
2026-09-22 23:00:00+00:00,26.0,1.0122582912445068,2.0,1.0
2026-09-23 00:00:00+00:00,27.0,2.0361363887786865,4.0,2.5
2026-09-23 01:00:00+00:00,28.0,2.129565715789795,4.0,2.5
2026-09-23 02:00:00+00:00,29.0,2.2345149517059326,4.0,3.1111111640930176
2026-09-22 04:00:00+00:00,7.0,1.3655128479003906,2.0,3.0
2026-09-22 05:00:00+00:00,8.0,3.4318530559539795,5.0,3.1666667461395264
2026-09-22 06:00:00+00:00,9.0,3.7616286277770996,5.0,3.5
2026-09-22 07:00:00+00:00,10.0,5.280375003814697,7.0,5.333333492279053
2026-09-22 08:00:00+00:00,11.0,4.763260841369629,6.0,6.800000190734863
2026-09-22 09:00:00+00:00,12.0,3.99544620513916,5.0,7.199999809265137
2026-09-22 10:00:00+00:00,13.0,4.8571367263793945,6.0,7.285714149475098
2026-09-22 11:00:00+00:00,14.0,5.509289741516113,7.0,9.0
2026-09-22 12:00:00+00:00,15.0,5.469926834106445,7.0,7.833333492279053
2026-09-22 13:00:00+00:00,16.0,3.730111598968506,5.0,6.0
2026-09-22 14:00:00+00:00,17.0,4.325396537780762,6.0,4.400000095367432
2026-09-22 15:00:00+00:00,18.0,3.4800941944122314,5.0,3.0
2026-09-22 16:00:00+00:00,19.0,2.694265127182007,4.0,1.600000023841858
2026-09-22 17:00:00+00:00,20.0,1.3143503665924072,2.0,1.1666666269302368
2026-09-22 18:00:00+00:00,21.0,2.0826711654663086,3.0,0.4285714328289032
2026-09-22 19:00:00+00:00,22.0,2.5622849464416504,4.0,2.0
2026-09-22 20:00:00+00:00,23.0,1.8320504426956177,3.0,3.4000000953674316
2026-09-22 21:00:00+00:00,24.0,1.1091331243515015,2.0,3.5
2026-09-22 22:00:00+00:00,25.0,1.0396144390106201,2.0,2.0
2026-09-22 23:00:00+00:00,26.0,1.0031092166900635,2.0,1.0
2026-09-23 00:00:00+00:00,27.0,2.018775463104248,4.0,2.5
2026-09-23 01:00:00+00:00,28.0,2.1101014614105225,4.0,2.5
2026-09-23 02:00:00+00:00,29.0,2.213737726211548,4.0,3.1111111640930176
2026-09-23 03:00:00+00:00,30.0,2.4146268367767334,4.0,3.4000000953674316
2026-09-22 05:00:00+00:00,8.0,3.248720407485962,5.0,3.1666667461395264
2026-09-22 06:00:00+00:00,9.0,3.5866270065307617,5.0,3.5
2026-09-22 07:00:00+00:00,10.0,5.143782615661621,7.0,5.333333492279053
2026-09-22 08:00:00+00:00,11.0,4.696135520935059,6.0,6.800000190734863
2026-09-22 09:00:00+00:00,12.0,3.9339981079101562,5.0,7.199999809265137
2026-09-22 10:00:00+00:00,13.0,4.836236953735352,6.0,7.285714149475098
2026-09-22 11:00:00+00:00,14.0,5.527396202087402,7.0,9.0
2026-09-22 12:00:00+00:00,15.0,5.499756813049316,7.0,7.833333492279053
2026-09-22 13:00:00+00:00,16.0,3.719238042831421,5.0,6.0
2026-09-22 14:00:00+00:00,17.0,4.311299800872803,6.0,4.400000095367432
2026-09-22 15:00:00+00:00,18.0,3.4539122581481934,5.0,3.0
2026-09-22 16:00:00+00:00,19.0,2.6411263942718506,4.0,1.600000023841858
2026-09-22 17:00:00+00:00,20.0,1.2761108875274658,2.0,1.1666666269302368
2026-09-22 18:00:00+00:00,21.0,2.0137057304382324,3.0,0.4285714328289032
2026-09-22 19:00:00+00:00,22.0,2.4725303649902344,4.0,2.0
2026-09-22 20:00:00+00:00,23.0,1.7676466703414917,3.0,3.4000000953674316
2026-09-22 21:00:00+00:00,24.0,1.0663220882415771,2.0,3.5
2026-09-22 22:00:00+00:00,25.0,1.0006955862045288,2.0,2.0
2026-09-22 23:00:00+00:00,26.0,0.9587752819061279,2.0,1.0
2026-09-23 00:00:00+00:00,27.0,1.9225341081619263,4.0,2.5
2026-09-23 01:00:00+00:00,28.0,2.0010106563568115,4.0,2.5
2026-09-23 02:00:00+00:00,29.0,2.0909783840179443,4.0,3.1111111640930176
2026-09-23 03:00:00+00:00,30.0,2.27109956741333,4.0,3.4000000953674316
2026-09-23 04:00:00+00:00,31.0,3.0815579891204834,5.0,2.5999999046325684
2026-09-22 06:00:00+00:00,9.0,3.499260187149048,5.0,3.5
2026-09-22 07:00:00+00:00,10.0,5.0468668937683105,7.0,5.333333492279053
2026-09-22 08:00:00+00:00,11.0,4.641631603240967,6.0,6.800000190734863
2026-09-22 09:00:00+00:00,12.0,3.892376184463501,5.0,7.199999809265137
2026-09-22 10:00:00+00:00,13.0,4.821018695831299,6.0,7.285714149475098
2026-09-22 11:00:00+00:00,14.0,5.532815456390381,7.0,9.0
2026-09-22 12:00:00+00:00,15.0,5.519190311431885,7.0,7.833333492279053
2026-09-22 13:00:00+00:00,16.0,3.7043399810791016,5.0,6.0
2026-09-22 14:00:00+00:00,17.0,4.287301063537598,6.0,4.400000095367432
2026-09-22 15:00:00+00:00,18.0,3.425685405731201,5.0,3.0
2026-09-22 16:00:00+00:00,19.0,2.6081759929656982,4.0,1.600000023841858
2026-09-22 17:00:00+00:00,20.0,1.2530534267425537,2.0,1.1666666269302368
2026-09-22 18:00:00+00:00,21.0,1.9795228242874146,3.0,0.4285714328289032
2026-09-22 19:00:00+00:00,22.0,2.428680181503296,4.0,2.0
2026-09-22 20:00:00+00:00,23.0,1.7329421043395996,3.0,3.4000000953674316
2026-09-22 21:00:00+00:00,24.0,1.0456299781799316,2.0,3.5
2026-09-22 22:00:00+00:00,25.0,0.9794210195541382,2.0,2.0
2026-09-22 23:00:00+00:00,26.0,0.9333009123802185,2.0,1.0
2026-09-23 00:00:00+00:00,27.0,1.866084337234497,4.0,2.5
2026-09-23 01:00:00+00:00,28.0,1.9467406272888184,4.0,2.5
2026-09-23 02:00:00+00:00,29.0,2.031322479248047,4.0,3.1111111640930176
2026-09-23 03:00:00+00:00,30.0,2.2005715370178223,4.0,3.4000000953674316
2026-09-23 04:00:00+00:00,31.0,2.9925849437713623,5.0,2.5999999046325684
2026-09-23 05:00:00+00:00,32.0,3.971652030944824,6.0,3.142857074737549
2026-09-22 07:00:00+00:00,1.0,4.803802967071533,7.0,5.333333492279053
2026-09-22 08:00:00+00:00,2.0,5.2469892501831055,7.0,6.800000190734863
2026-09-22 09:00:00+00:00,3.0,6.379185676574707,8.0,7.199999809265137
2026-09-22 10:00:00+00:00,4.0,7.434291839599609,9.0,7.285714149475098
2026-09-22 11:00:00+00:00,5.0,6.908127307891846,8.0,9.0
2026-09-22 12:00:00+00:00,6.0,6.035202980041504,7.0,7.833333492279053
2026-09-22 13:00:00+00:00,7.0,5.8007025718688965,7.0,6.0
2026-09-22 14:00:00+00:00,8.0,5.548573017120361,7.0,4.400000095367432
2026-09-22 15:00:00+00:00,9.0,4.376789569854736,6.0,3.0
2026-09-22 16:00:00+00:00,10.0,2.7559642791748047,4.0,1.600000023841858
2026-09-22 17:00:00+00:00,11.0,1.2965617179870605,2.0,1.1666666269302368
2026-09-22 18:00:00+00:00,12.0,1.3219172954559326,2.0,0.4285714328289032
2026-09-22 19:00:00+00:00,13.0,1.7793512344360352,3.0,2.0
2026-09-22 20:00:00+00:00,14.0,2.1911613941192627,4.0,3.4000000953674316
2026-09-22 21:00:00+00:00,15.0,1.5673269033432007,3.0,3.5
2026-09-22 22:00:00+00:00,16.0,1.0206693410873413,2.0,2.0
2026-09-22 23:00:00+00:00,17.0,0.4719001352787018,1.0,1.0
2026-09-23 00:00:00+00:00,18.0,1.297499656677246,3.0,2.5
2026-09-23 01:00:00+00:00,19.0,2.3159847259521484,5.0,2.5
2026-09-23 02:00:00+00:00,20.0,2.0180885791778564,4.0,3.1111111640930176
2026-09-23 03:00:00+00:00,21.0,3.247694492340088,6.0,3.4000000953674316
2026-09-23 04:00:00+00:00,22.0,4.14150333404541,7.0,2.5999999046325684
2026-09-23 05:00:00+00:00,23.0,4.4079813957214355,7.0,3.142857074737549
2026-09-23 06:00:00+00:00,24.0,3.40073561668396,5.0,3.0
2026-09-22 08:00:00+00:00,1.0,5.430997848510742,7.0,6.800000190734863
2026-09-22 09:00:00+00:00,2.0,6.314101696014404,8.0,7.199999809265137
2026-09-22 10:00:00+00:00,3.0,6.559232234954834,8.0,7.285714149475098
2026-09-22 11:00:00+00:00,4.0,6.7522382736206055,8.0,9.0
2026-09-22 12:00:00+00:00,5.0,6.645638942718506,8.0,7.833333492279053
2026-09-22 13:00:00+00:00,6.0,6.88252067565918,9.0,6.0
2026-09-22 14:00:00+00:00,7.0,5.096061706542969,7.0,4.400000095367432
2026-09-22 15:00:00+00:00,8.0,3.3365893363952637,5.0,3.0
2026-09-22 16:00:00+00:00,9.0,2.4085168838500977,4.0,1.600000023841858
2026-09-22 17:00:00+00:00,10.0,2.2077505588531494,4.0,1.1666666269302368
2026-09-22 18:00:00+00:00,11.0,2.062913179397583,4.0,0.4285714328289032
2026-09-22 19:00:00+00:00,12.0,1.0254489183425903,2.0,2.0
2026-09-22 20:00:00+00:00,13.0,1.9119951725006104,4.0,3.4000000953674316
2026-09-22 21:00:00+00:00,14.0,1.4238343238830566,3.0,3.5
2026-09-22 22:00:00+00:00,15.0,1.3144350051879883,3.0,2.0
2026-09-22 23:00:00+00:00,16.0,1.7587586641311646,4.0,1.0
2026-09-23 00:00:00+00:00,17.0,1.7539321184158325,4.0,2.5
2026-09-23 01:00:00+00:00,18.0,1.798155665397644,4.0,2.5
2026-09-23 02:00:00+00:00,19.0,1.9464585781097412,4.0,3.1111111640930176
2026-09-23 03:00:00+00:00,20.0,2.5196831226348877,5.0,3.4000000953674316
2026-09-23 04:00:00+00:00,21.0,2.6126270294189453,5.0,2.5999999046325684
2026-09-23 05:00:00+00:00,22.0,2.473655939102173,4.0,3.142857074737549
2026-09-23 06:00:00+00:00,23.0,2.651001214981079,4.0,3.0
2026-09-23 07:00:00+00:00,24.0,2.9141805171966553,4.0,4.666666507720947
2026-09-22 09:00:00+00:00,1.0,6.37025260925293,8.0,7.199999809265137
2026-09-22 10:00:00+00:00,2.0,6.572147846221924,8.0,7.285714149475098
2026-09-22 11:00:00+00:00,3.0,6.609273433685303,8.0,9.0
2026-09-22 12:00:00+00:00,4.0,6.630328178405762,8.0,7.833333492279053
2026-09-22 13:00:00+00:00,5.0,5.859344482421875,7.0,6.0
2026-09-22 14:00:00+00:00,6.0,5.561962604522705,7.0,4.400000095367432
2026-09-22 15:00:00+00:00,7.0,3.624957323074341,5.0,3.0
2026-09-22 16:00:00+00:00,8.0,1.9028204679489136,3.0,1.600000023841858
2026-09-22 17:00:00+00:00,9.0,1.1829696893692017,2.0,1.1666666269302368
2026-09-22 18:00:00+00:00,10.0,1.0401400327682495,2.0,0.4285714328289032
2026-09-22 19:00:00+00:00,11.0,0.5195606350898743,1.0,2.0
2026-09-22 20:00:00+00:00,12.0,0.9855924844741821,2.0,3.4000000953674316
2026-09-22 21:00:00+00:00,13.0,1.4803177118301392,3.0,3.5
2026-09-22 22:00:00+00:00,14.0,1.4496355056762695,3.0,2.0
2026-09-22 23:00:00+00:00,15.0,1.3181265592575073,3.0,1.0
2026-09-23 00:00:00+00:00,16.0,1.3147400617599487,3.0,2.5
2026-09-23 01:00:00+00:00,17.0,1.7387415170669556,4.0,2.5
2026-09-23 02:00:00+00:00,18.0,1.8343647718429565,4.0,3.1111111640930176
2026-09-23 03:00:00+00:00,19.0,2.0355730056762695,4.0,3.4000000953674316
2026-09-23 04:00:00+00:00,20.0,2.678560495376587,5.0,2.5999999046325684
2026-09-23 05:00:00+00:00,21.0,3.8337435722351074,6.0,3.142857074737549
2026-09-23 06:00:00+00:00,22.0,4.13578987121582,6.0,3.0
2026-09-23 07:00:00+00:00,23.0,3.748568058013916,5.0,4.666666507720947
2026-09-23 08:00:00+00:00,24.0,5.375705718994141,7.0,5.857142925262451
2026-09-22 10:00:00+00:00,1.0,7.4000468254089355,9.0,7.285714149475098
2026-09-22 11:00:00+00:00,2.0,6.820239067077637,8.0,9.0
2026-09-22 12:00:00+00:00,3.0,5.801793575286865,7.0,7.833333492279053
2026-09-22 13:00:00+00:00,4.0,5.013162612915039,6.0,6.0
2026-09-22 14:00:00+00:00,5.0,4.8584442138671875,6.0,4.400000095367432
2026-09-22 15:00:00+00:00,6.0,4.408195972442627,6.0,3.0
2026-09-22 16:00:00+00:00,7.0,3.3339309692382812,5.0,1.600000023841858
2026-09-22 17:00:00+00:00,8.0,1.8032323122024536,3.0,1.1666666269302368
2026-09-22 18:00:00+00:00,9.0,1.5750807523727417,3.0,0.4285714328289032
2026-09-22 19:00:00+00:00,10.0,1.8325966596603394,3.0,2.0
2026-09-22 20:00:00+00:00,11.0,1.7341125011444092,3.0,3.4000000953674316
2026-09-22 21:00:00+00:00,12.0,1.0629254579544067,2.0,3.5
2026-09-22 22:00:00+00:00,13.0,0.8881973624229431,2.0,2.0
2026-09-22 23:00:00+00:00,14.0,1.3312968015670776,3.0,1.0
2026-09-23 00:00:00+00:00,15.0,1.4482073783874512,3.0,2.5
2026-09-23 01:00:00+00:00,16.0,1.9832253456115723,4.0,2.5
2026-09-23 02:00:00+00:00,17.0,2.0839438438415527,4.0,3.1111111640930176
2026-09-23 03:00:00+00:00,18.0,4.07781982421875,7.0,3.4000000953674316
2026-09-23 04:00:00+00:00,19.0,4.262981414794922,7.0,2.5999999046325684
2026-09-23 05:00:00+00:00,20.0,3.959104299545288,6.0,3.142857074737549
2026-09-23 06:00:00+00:00,21.0,4.152076721191406,6.0,3.0
2026-09-23 07:00:00+00:00,22.0,3.7274770736694336,5.0,4.666666507720947
2026-09-23 08:00:00+00:00,23.0,3.9014363288879395,5.0,5.857142925262451
2026-09-23 09:00:00+00:00,24.0,4.159912109375,5.0,8.666666984558105
2026-09-22 11:00:00+00:00,1.0,6.931379795074463,8.0,9.0
2026-09-22 12:00:00+00:00,2.0,5.8756489753723145,7.0,7.833333492279053
2026-09-22 13:00:00+00:00,3.0,5.067720413208008,6.0,6.0
2026-09-22 14:00:00+00:00,4.0,4.932180404663086,6.0,4.400000095367432
2026-09-22 15:00:00+00:00,5.0,4.4761481285095215,6.0,3.0
2026-09-22 16:00:00+00:00,6.0,3.386802911758423,5.0,1.600000023841858
2026-09-22 17:00:00+00:00,7.0,1.836714744567871,3.0,1.1666666269302368
2026-09-22 18:00:00+00:00,8.0,1.6080899238586426,3.0,0.4285714328289032
2026-09-22 19:00:00+00:00,9.0,1.8795946836471558,3.0,2.0
2026-09-22 20:00:00+00:00,10.0,1.7831082344055176,3.0,3.4000000953674316
2026-09-22 21:00:00+00:00,11.0,1.0864028930664062,2.0,3.5
2026-09-22 22:00:00+00:00,12.0,0.908296525478363,2.0,2.0
2026-09-22 23:00:00+00:00,13.0,1.3664897680282593,3.0,1.0
2026-09-23 00:00:00+00:00,14.0,1.4911649227142334,3.0,2.5
2026-09-23 01:00:00+00:00,15.0,2.042600631713867,4.0,2.5
2026-09-23 02:00:00+00:00,16.0,2.148637056350708,4.0,3.1111111640930176
2026-09-23 03:00:00+00:00,17.0,4.20298957824707,7.0,3.4000000953674316
2026-09-23 04:00:00+00:00,18.0,4.395096302032471,7.0,2.5999999046325684
2026-09-23 05:00:00+00:00,19.0,4.079205513000488,6.0,3.142857074737549
2026-09-23 06:00:00+00:00,20.0,4.275442123413086,6.0,3.0
2026-09-23 07:00:00+00:00,21.0,3.8436732292175293,5.0,4.666666507720947
2026-09-23 08:00:00+00:00,22.0,4.019664764404297,5.0,5.857142925262451
2026-09-23 09:00:00+00:00,23.0,4.269772529602051,5.0,8.666666984558105
2026-09-23 10:00:00+00:00,24.0,4.388874053955078,5.0,6.666666507720947
2026-09-22 12:00:00+00:00,1.0,6.816926956176758,8.0,7.833333492279053
2026-09-22 13:00:00+00:00,2.0,5.7844038009643555,7.0,6.0
2026-09-22 14:00:00+00:00,3.0,4.803290843963623,6.0,4.400000095367432
2026-09-22 15:00:00+00:00,4.0,4.2708916664123535,6.0,3.0
2026-09-22 16:00:00+00:00,5.0,3.3486287593841553,5.0,1.600000023841858
2026-09-22 17:00:00+00:00,6.0,1.8711168766021729,3.0,1.1666666269302368
2026-09-22 18:00:00+00:00,7.0,1.656482219696045,3.0,0.4285714328289032
2026-09-22 19:00:00+00:00,8.0,1.5801178216934204,3.0,2.0
2026-09-22 20:00:00+00:00,9.0,0.5509616136550903,1.0,3.4000000953674316
2026-09-22 21:00:00+00:00,10.0,0.050293464213609695,0.0,3.5
2026-09-22 22:00:00+00:00,11.0,1.3585340976715088,3.0,2.0
2026-09-22 23:00:00+00:00,12.0,0.9429054260253906,2.0,1.0
2026-09-23 00:00:00+00:00,13.0,0.9442342519760132,2.0,2.5
2026-09-23 01:00:00+00:00,14.0,1.4147491455078125,3.0,2.5
2026-09-23 02:00:00+00:00,15.0,2.0542593002319336,4.0,3.1111111640930176
2026-09-23 03:00:00+00:00,16.0,2.11177659034729,4.0,3.4000000953674316
2026-09-23 04:00:00+00:00,17.0,2.766183853149414,5.0,2.5999999046325684
2026-09-23 05:00:00+00:00,18.0,3.2107739448547363,5.0,3.142857074737549
2026-09-23 06:00:00+00:00,19.0,3.7202324867248535,5.0,3.0
2026-09-23 07:00:00+00:00,20.0,3.236727714538574,4.0,4.666666507720947
2026-09-23 08:00:00+00:00,21.0,4.120724201202393,5.0,5.857142925262451
2026-09-23 09:00:00+00:00,22.0,5.152142524719238,6.0,8.666666984558105
2026-09-23 10:00:00+00:00,23.0,6.0744709968566895,7.0,6.666666507720947
2026-09-23 11:00:00+00:00,24.0,5.507639408111572,6.0,4.666666507720947
2026-09-22 13:00:00+00:00,1.0,5.055455207824707,6.0,6.0
2026-09-22 14:00:00+00:00,2.0,4.795374870300293,6.0,4.400000095367432
2026-09-22 15:00:00+00:00,3.0,4.377125263214111,6.0,3.0
2026-09-22 16:00:00+00:00,4.0,2.691679000854492,4.0,1.600000023841858
2026-09-22 17:00:00+00:00,5.0,1.8320363759994507,3.0,1.1666666269302368
2026-09-22 18:00:00+00:00,6.0,1.6828532218933105,3.0,0.4285714328289032
2026-09-22 19:00:00+00:00,7.0,0.05284266173839569,0.0,2.0
2026-09-22 20:00:00+00:00,8.0,1.8541494607925415,3.0,3.4000000953674316
2026-09-22 21:00:00+00:00,9.0,1.0823107957839966,2.0,3.5
2026-09-22 22:00:00+00:00,10.0,1.0359143018722534,2.0,2.0
2026-09-22 23:00:00+00:00,11.0,0.9277845621109009,2.0,1.0
2026-09-23 00:00:00+00:00,12.0,1.373803973197937,3.0,2.5
2026-09-23 01:00:00+00:00,13.0,1.9449234008789062,4.0,2.5
2026-09-23 02:00:00+00:00,14.0,3.4201912879943848,6.0,3.1111111640930176
2026-09-23 03:00:00+00:00,15.0,5.015854835510254,8.0,3.4000000953674316
2026-09-23 04:00:00+00:00,16.0,4.575770854949951,7.0,2.5999999046325684
2026-09-23 05:00:00+00:00,17.0,3.576660633087158,5.0,3.142857074737549
2026-09-23 06:00:00+00:00,18.0,4.416428089141846,6.0,3.0
2026-09-23 07:00:00+00:00,19.0,4.718323707580566,6.0,4.666666507720947
2026-09-23 08:00:00+00:00,20.0,5.01928186416626,6.0,5.857142925262451
2026-09-23 09:00:00+00:00,21.0,5.1686224937438965,6.0,8.666666984558105
2026-09-23 10:00:00+00:00,22.0,5.381943702697754,6.0,6.666666507720947
2026-09-23 11:00:00+00:00,23.0,4.756330490112305,5.0,4.666666507720947
2026-09-23 12:00:00+00:00,24.0,5.2668046951293945,6.0,5.666666507720947
2026-09-22 14:00:00+00:00,1.0,4.952032089233398,6.0,4.400000095367432
2026-09-22 15:00:00+00:00,2.0,3.837228536605835,5.0,3.0
2026-09-22 16:00:00+00:00,3.0,3.5074024200439453,5.0,1.600000023841858
2026-09-22 17:00:00+00:00,4.0,2.5901575088500977,4.0,1.1666666269302368
2026-09-22 18:00:00+00:00,5.0,1.7085041999816895,3.0,0.4285714328289032
2026-09-22 19:00:00+00:00,6.0,1.0674982070922852,2.0,2.0
2026-09-22 20:00:00+00:00,7.0,0.9720224738121033,2.0,3.4000000953674316
2026-09-22 21:00:00+00:00,8.0,1.1400407552719116,2.0,3.5
2026-09-22 22:00:00+00:00,9.0,2.284450054168701,4.0,2.0
2026-09-22 23:00:00+00:00,10.0,0.6222277283668518,1.0,1.0
2026-09-23 00:00:00+00:00,11.0,0.5706071257591248,1.0,2.5
2026-09-23 01:00:00+00:00,12.0,0.5325992703437805,1.0,2.5
2026-09-23 02:00:00+00:00,13.0,2.009769916534424,4.0,3.1111111640930176
2026-09-23 03:00:00+00:00,14.0,2.22655987739563,4.0,3.4000000953674316
2026-09-23 04:00:00+00:00,15.0,2.33627986907959,4.0,2.5999999046325684
2026-09-23 05:00:00+00:00,16.0,2.5468060970306396,4.0,3.142857074737549
2026-09-23 06:00:00+00:00,17.0,3.505064010620117,5.0,3.0
2026-09-23 07:00:00+00:00,18.0,3.831860303878784,5.0,4.666666507720947
2026-09-23 08:00:00+00:00,19.0,3.2757937908172607,4.0,5.857142925262451
2026-09-23 09:00:00+00:00,20.0,4.280379295349121,5.0,8.666666984558105
2026-09-23 10:00:00+00:00,21.0,5.366239070892334,6.0,6.666666507720947
2026-09-23 11:00:00+00:00,22.0,4.624619960784912,5.0,4.666666507720947
2026-09-23 12:00:00+00:00,23.0,5.05441427230835,6.0,5.666666507720947
2026-09-23 13:00:00+00:00,24.0,4.512249946594238,5.0,5.75
2026-09-22 15:00:00+00:00,1.0,3.7896223068237305,5.0,3.0
2026-09-22 16:00:00+00:00,2.0,3.499938488006592,5.0,1.600000023841858
2026-09-22 17:00:00+00:00,3.0,2.6319289207458496,4.0,1.1666666269302368
2026-09-22 18:00:00+00:00,4.0,2.3077139854431152,4.0,0.4285714328289032
2026-09-22 19:00:00+00:00,5.0,1.1248196363449097,2.0,2.0
2026-09-22 20:00:00+00:00,6.0,0.4992091953754425,1.0,3.4000000953674316
2026-09-22 21:00:00+00:00,7.0,0.5649713277816772,1.0,3.5
2026-09-22 22:00:00+00:00,8.0,1.092703938484192,2.0,2.0
2026-09-22 23:00:00+00:00,9.0,1.5761778354644775,3.0,1.0
2026-09-23 00:00:00+00:00,10.0,1.055022954940796,2.0,2.5
2026-09-23 01:00:00+00:00,11.0,1.9833756685256958,4.0,2.5
2026-09-23 02:00:00+00:00,12.0,2.5815460681915283,5.0,3.1111111640930176
2026-09-23 03:00:00+00:00,13.0,2.7905499935150146,5.0,3.4000000953674316
2026-09-23 04:00:00+00:00,14.0,3.605295181274414,6.0,2.5999999046325684
2026-09-23 05:00:00+00:00,15.0,2.4973678588867188,4.0,3.142857074737549
2026-09-23 06:00:00+00:00,16.0,2.624452590942383,4.0,3.0
2026-09-23 07:00:00+00:00,17.0,2.7526495456695557,4.0,4.666666507720947
2026-09-23 08:00:00+00:00,18.0,3.12150502204895,4.0,5.857142925262451
2026-09-23 09:00:00+00:00,19.0,3.999147653579712,5.0,8.666666984558105
2026-09-23 10:00:00+00:00,20.0,5.344295978546143,6.0,6.666666507720947
2026-09-23 11:00:00+00:00,21.0,5.513612270355225,6.0,4.666666507720947
2026-09-23 12:00:00+00:00,22.0,6.085385322570801,7.0,5.666666507720947
2026-09-23 13:00:00+00:00,23.0,6.959898948669434,8.0,5.75
2026-09-23 14:00:00+00:00,24.0,6.730586528778076,8.0,7.75
2026-09-22 16:00:00+00:00,1.0,3.6702234745025635,5.0,1.600000023841858
2026-09-22 17:00:00+00:00,2.0,3.2966806888580322,5.0,1.1666666269302368
2026-09-22 18:00:00+00:00,3.0,1.7924339771270752,3.0,0.4285714328289032
2026-09-22 19:00:00+00:00,4.0,1.8161413669586182,3.0,2.0
2026-09-22 20:00:00+00:00,5.0,1.6533102989196777,3.0,3.4000000953674316
2026-09-22 21:00:00+00:00,6.0,1.032211422920227,2.0,3.5
2026-09-22 22:00:00+00:00,7.0,1.0525213479995728,2.0,2.0
2026-09-22 23:00:00+00:00,8.0,0.5096945762634277,1.0,1.0
2026-09-23 00:00:00+00:00,9.0,1.059959053993225,2.0,2.5
2026-09-23 01:00:00+00:00,10.0,1.5905282497406006,3.0,2.5
2026-09-23 02:00:00+00:00,11.0,2.811089277267456,5.0,3.1111111640930176
2026-09-23 03:00:00+00:00,12.0,4.07861328125,7.0,3.4000000953674316
2026-09-23 04:00:00+00:00,13.0,3.779526948928833,6.0,2.5999999046325684
2026-09-23 05:00:00+00:00,14.0,2.7615225315093994,4.0,3.142857074737549
2026-09-23 06:00:00+00:00,15.0,4.265265941619873,6.0,3.0
2026-09-23 07:00:00+00:00,16.0,4.6207194328308105,6.0,4.666666507720947
2026-09-23 08:00:00+00:00,17.0,4.918022155761719,6.0,5.857142925262451
2026-09-23 09:00:00+00:00,18.0,4.257406234741211,5.0,8.666666984558105
2026-09-23 10:00:00+00:00,19.0,4.595932483673096,5.0,6.666666507720947
2026-09-23 11:00:00+00:00,20.0,6.729244709014893,8.0,4.666666507720947
2026-09-23 12:00:00+00:00,21.0,6.41797399520874,7.0,5.666666507720947
2026-09-23 13:00:00+00:00,22.0,6.218480587005615,7.0,5.75
2026-09-23 14:00:00+00:00,23.0,6.957022190093994,9.0,7.75
2026-09-23 15:00:00+00:00,24.0,6.561724662780762,8.0,8.0
2026-09-22 17:00:00+00:00,1.0,2.608884334564209,4.0,1.1666666269302368
2026-09-22 18:00:00+00:00,2.0,2.2520065307617188,4.0,0.4285714328289032
2026-09-22 19:00:00+00:00,3.0,1.612608790397644,3.0,2.0
2026-09-22 20:00:00+00:00,4.0,1.033345103263855,2.0,3.4000000953674316
2026-09-22 21:00:00+00:00,5.0,0.9829727411270142,2.0,3.5
2026-09-22 22:00:00+00:00,6.0,0.4778437614440918,1.0,2.0
2026-09-22 23:00:00+00:00,7.0,0.8975541591644287,2.0,1.0
2026-09-23 00:00:00+00:00,8.0,1.3804329633712769,3.0,2.5
2026-09-23 01:00:00+00:00,9.0,1.530342698097229,3.0,2.5
2026-09-23 02:00:00+00:00,10.0,1.5094153881072998,3.0,3.1111111640930176
2026-09-23 03:00:00+00:00,11.0,2.182173252105713,4.0,3.4000000953674316
2026-09-23 04:00:00+00:00,12.0,2.8939552307128906,5.0,2.5999999046325684
2026-09-23 05:00:00+00:00,13.0,2.6155741214752197,4.0,3.142857074737549
2026-09-23 06:00:00+00:00,14.0,4.994512557983398,7.0,3.0
2026-09-23 07:00:00+00:00,15.0,5.425584316253662,7.0,4.666666507720947
2026-09-23 08:00:00+00:00,16.0,4.966773986816406,6.0,5.857142925262451
2026-09-23 09:00:00+00:00,17.0,4.448001384735107,5.0,8.666666984558105
2026-09-23 10:00:00+00:00,18.0,5.2638678550720215,6.0,6.666666507720947
2026-09-23 11:00:00+00:00,19.0,5.707947731018066,7.0,4.666666507720947
2026-09-23 12:00:00+00:00,20.0,4.690728664398193,5.0,5.666666507720947
2026-09-23 13:00:00+00:00,21.0,6.005893707275391,7.0,5.75
2026-09-23 14:00:00+00:00,22.0,6.51742696762085,8.0,7.75
2026-09-23 15:00:00+00:00,23.0,5.615602970123291,7.0,8.0
2026-09-23 16:00:00+00:00,24.0,6.702914237976074,9.0,7.625
2026-09-22 18:00:00+00:00,1.0,2.4073081016540527,4.0,0.4285714328289032
2026-09-22 19:00:00+00:00,2.0,1.6518855094909668,3.0,2.0
2026-09-22 20:00:00+00:00,3.0,1.5998039245605469,3.0,3.4000000953674316
2026-09-22 21:00:00+00:00,4.0,1.0629854202270508,2.0,3.5
2026-09-22 22:00:00+00:00,5.0,0.6035897135734558,1.0,2.0
2026-09-22 23:00:00+00:00,6.0,0.5227516889572144,1.0,1.0
2026-09-23 00:00:00+00:00,7.0,1.0231515169143677,2.0,2.5
2026-09-23 01:00:00+00:00,8.0,2.472177267074585,5.0,2.5
2026-09-23 02:00:00+00:00,9.0,2.6384050846099854,5.0,3.1111111640930176
2026-09-23 03:00:00+00:00,10.0,3.4003944396972656,6.0,3.4000000953674316
2026-09-23 04:00:00+00:00,11.0,2.8561952114105225,5.0,2.5999999046325684
2026-09-23 05:00:00+00:00,12.0,3.090540885925293,5.0,3.142857074737549
2026-09-23 06:00:00+00:00,13.0,4.887119770050049,7.0,3.0
2026-09-23 07:00:00+00:00,14.0,5.9431891441345215,8.0,4.666666507720947
2026-09-23 08:00:00+00:00,15.0,5.665410995483398,7.0,5.857142925262451
2026-09-23 09:00:00+00:00,16.0,5.184067249298096,6.0,8.666666984558105
2026-09-23 10:00:00+00:00,17.0,6.862199306488037,8.0,6.666666507720947
2026-09-23 11:00:00+00:00,18.0,7.492822647094727,9.0,4.666666507720947
2026-09-23 12:00:00+00:00,19.0,5.559808254241943,6.0,5.666666507720947
2026-09-23 13:00:00+00:00,20.0,6.586547374725342,8.0,5.75
2026-09-23 14:00:00+00:00,21.0,6.651917934417725,8.0,7.75
2026-09-23 15:00:00+00:00,22.0,6.847357273101807,9.0,8.0
2026-09-23 16:00:00+00:00,23.0,7.326641082763672,10.0,7.625
2026-09-23 17:00:00+00:00,24.0,6.168423175811768,9.0,6.5714287757873535
2026-09-22 19:00:00+00:00,1.0,1.6451070308685303,3.0,2.0
2026-09-22 20:00:00+00:00,2.0,1.5542516708374023,3.0,3.4000000953674316
2026-09-22 21:00:00+00:00,3.0,1.0211730003356934,2.0,3.5
2026-09-22 22:00:00+00:00,4.0,0.9171170592308044,2.0,2.0
2026-09-22 23:00:00+00:00,5.0,1.3921695947647095,3.0,1.0
2026-09-23 00:00:00+00:00,6.0,1.551492691040039,3.0,2.5
2026-09-23 01:00:00+00:00,7.0,1.0172064304351807,2.0,2.5
2026-09-23 02:00:00+00:00,8.0,2.7805933952331543,5.0,3.1111111640930176
2026-09-23 03:00:00+00:00,9.0,4.068610668182373,7.0,3.4000000953674316
2026-09-23 04:00:00+00:00,10.0,3.19720721244812,5.0,2.5999999046325684
2026-09-23 05:00:00+00:00,11.0,3.244445562362671,5.0,3.142857074737549
2026-09-23 06:00:00+00:00,12.0,4.961336135864258,7.0,3.0
2026-09-23 07:00:00+00:00,13.0,5.346715450286865,7.0,4.666666507720947
2026-09-23 08:00:00+00:00,14.0,4.90625524520874,6.0,5.857142925262451
2026-09-23 09:00:00+00:00,15.0,4.261196136474609,5.0,8.666666984558105
2026-09-23 10:00:00+00:00,16.0,4.484344005584717,5.0,6.666666507720947
2026-09-23 11:00:00+00:00,17.0,6.396057605743408,8.0,4.666666507720947
2026-09-23 12:00:00+00:00,18.0,4.660907745361328,5.0,5.666666507720947
2026-09-23 13:00:00+00:00,19.0,5.242848873138428,6.0,5.75
2026-09-23 14:00:00+00:00,20.0,8.18677806854248,11.0,7.75
2026-09-23 15:00:00+00:00,21.0,6.727558135986328,8.0,8.0
2026-09-23 16:00:00+00:00,22.0,6.3582634925842285,9.0,7.625
2026-09-23 17:00:00+00:00,23.0,6.085560321807861,9.0,6.5714287757873535
2026-09-23 18:00:00+00:00,24.0,6.026534080505371,10.0,6.285714149475098
2026-09-22 20:00:00+00:00,1.0,0.5232946276664734,1.0,3.4000000953674316
2026-09-22 21:00:00+00:00,2.0,1.0446619987487793,2.0,3.5
2026-09-22 22:00:00+00:00,3.0,1.066201090812683,2.0,2.0
2026-09-22 23:00:00+00:00,4.0,0.5363250374794006,1.0,1.0
2026-09-23 00:00:00+00:00,5.0,0.5353953838348389,1.0,2.5
2026-09-23 01:00:00+00:00,6.0,0.9772137999534607,2.0,2.5
2026-09-23 02:00:00+00:00,7.0,1.9361615180969238,4.0,3.1111111640930176
2026-09-23 03:00:00+00:00,8.0,2.70522141456604,5.0,3.4000000953674316
2026-09-23 04:00:00+00:00,9.0,2.885932683944702,5.0,2.5999999046325684
2026-09-23 05:00:00+00:00,10.0,3.8433022499084473,6.0,3.142857074737549
2026-09-23 06:00:00+00:00,11.0,4.096498489379883,6.0,3.0
2026-09-23 07:00:00+00:00,12.0,3.636443853378296,5.0,4.666666507720947
2026-09-23 08:00:00+00:00,13.0,3.9197704792022705,5.0,5.857142925262451
2026-09-23 09:00:00+00:00,14.0,4.130665302276611,5.0,8.666666984558105
2026-09-23 10:00:00+00:00,15.0,4.996012210845947,6.0,6.666666507720947
2026-09-23 11:00:00+00:00,16.0,4.494664192199707,5.0,4.666666507720947
2026-09-23 12:00:00+00:00,17.0,4.484713077545166,5.0,5.666666507720947
2026-09-23 13:00:00+00:00,18.0,7.623740196228027,10.0,5.75
2026-09-23 14:00:00+00:00,19.0,6.706113815307617,8.0,7.75
2026-09-23 15:00:00+00:00,20.0,6.894537448883057,9.0,8.0
2026-09-23 16:00:00+00:00,21.0,6.504537105560303,9.0,7.625
2026-09-23 17:00:00+00:00,22.0,6.75261926651001,10.0,6.5714287757873535
2026-09-23 18:00:00+00:00,23.0,6.095872402191162,10.0,6.285714149475098
2026-09-23 19:00:00+00:00,24.0,9.685409545898438,17.0,7.199999809265137
2026-09-22 21:00:00+00:00,1.0,0.5967038869857788,1.0,3.5
2026-09-22 22:00:00+00:00,2.0,1.6192514896392822,3.0,2.0
2026-09-22 23:00:00+00:00,3.0,1.5275746583938599,3.0,1.0
2026-09-23 00:00:00+00:00,4.0,1.6245934963226318,3.0,2.5
2026-09-23 01:00:00+00:00,5.0,1.5582510232925415,3.0,2.5
2026-09-23 02:00:00+00:00,6.0,2.080721378326416,4.0,3.1111111640930176
2026-09-23 03:00:00+00:00,7.0,2.151322364807129,4.0,3.4000000953674316
2026-09-23 04:00:00+00:00,8.0,2.9460012912750244,5.0,2.5999999046325684
2026-09-23 05:00:00+00:00,9.0,4.539966583251953,7.0,3.142857074737549
2026-09-23 06:00:00+00:00,10.0,5.520177364349365,8.0,3.0
2026-09-23 07:00:00+00:00,11.0,5.763162136077881,8.0,4.666666507720947
2026-09-23 08:00:00+00:00,12.0,5.460221767425537,7.0,5.857142925262451
2026-09-23 09:00:00+00:00,13.0,5.004773139953613,6.0,8.666666984558105
2026-09-23 10:00:00+00:00,14.0,5.163940906524658,6.0,6.666666507720947
2026-09-23 11:00:00+00:00,15.0,7.220927715301514,9.0,4.666666507720947
2026-09-23 12:00:00+00:00,16.0,6.066389083862305,7.0,5.666666507720947
2026-09-23 13:00:00+00:00,17.0,7.289031982421875,9.0,5.75
2026-09-23 14:00:00+00:00,18.0,7.179310321807861,9.0,7.75
2026-09-23 15:00:00+00:00,19.0,7.666477203369141,10.0,8.0
2026-09-23 16:00:00+00:00,20.0,7.854464530944824,11.0,7.625
2026-09-23 17:00:00+00:00,21.0,7.270614147186279,11.0,6.5714287757873535
2026-09-23 18:00:00+00:00,22.0,6.2196173667907715,10.0,6.285714149475098
2026-09-23 19:00:00+00:00,23.0,9.226760864257812,16.0,7.199999809265137
2026-09-23 20:00:00+00:00,24.0,7.816667079925537,14.0,7.142857074737549
2026-09-22 22:00:00+00:00,1.0,1.3254073858261108,3.0,2.0
2026-09-22 23:00:00+00:00,2.0,1.3611795902252197,3.0,1.0
2026-09-23 00:00:00+00:00,3.0,0.9361087083816528,2.0,2.5
2026-09-23 01:00:00+00:00,4.0,1.3961800336837769,3.0,2.5
2026-09-23 02:00:00+00:00,5.0,1.886406660079956,4.0,3.1111111640930176
2026-09-23 03:00:00+00:00,6.0,2.442704916000366,5.0,3.4000000953674316
2026-09-23 04:00:00+00:00,7.0,2.2022106647491455,4.0,2.5999999046325684
2026-09-23 05:00:00+00:00,8.0,2.956441879272461,5.0,3.142857074737549
2026-09-23 06:00:00+00:00,9.0,3.8238978385925293,6.0,3.0
2026-09-23 07:00:00+00:00,10.0,3.445528745651245,5.0,4.666666507720947
2026-09-23 08:00:00+00:00,11.0,2.803898572921753,4.0,5.857142925262451
2026-09-23 09:00:00+00:00,12.0,3.508777141571045,5.0,8.666666984558105
2026-09-23 10:00:00+00:00,13.0,4.875335216522217,6.0,6.666666507720947
2026-09-23 11:00:00+00:00,14.0,4.247459411621094,5.0,4.666666507720947
2026-09-23 12:00:00+00:00,15.0,4.279794692993164,5.0,5.666666507720947
2026-09-23 13:00:00+00:00,16.0,6.374706268310547,8.0,5.75
2026-09-23 14:00:00+00:00,17.0,7.426243782043457,10.0,7.75
2026-09-23 15:00:00+00:00,18.0,6.553258419036865,9.0,8.0
2026-09-23 16:00:00+00:00,19.0,6.774084091186523,10.0,7.625
2026-09-23 17:00:00+00:00,20.0,6.3611626625061035,10.0,6.5714287757873535
2026-09-23 18:00:00+00:00,21.0,7.333194255828857,12.0,6.285714149475098
2026-09-23 19:00:00+00:00,22.0,8.795507431030273,15.0,7.199999809265137
2026-09-23 20:00:00+00:00,23.0,7.722995281219482,14.0,7.142857074737549
2026-09-23 21:00:00+00:00,24.0,7.60660982131958,14.0,7.142857074737549
2026-09-22 23:00:00+00:00,2.0,1.2975733280181885,3.0,1.0
2026-09-23 00:00:00+00:00,3.0,0.8916799426078796,2.0,2.5
2026-09-23 01:00:00+00:00,4.0,1.3313225507736206,3.0,2.5
2026-09-23 02:00:00+00:00,5.0,1.799259066581726,4.0,3.1111111640930176
2026-09-23 03:00:00+00:00,6.0,2.332519054412842,5.0,3.4000000953674316
2026-09-23 04:00:00+00:00,7.0,2.0963706970214844,4.0,2.5999999046325684
2026-09-23 05:00:00+00:00,8.0,2.820112943649292,5.0,3.142857074737549
2026-09-23 06:00:00+00:00,9.0,3.645847797393799,6.0,3.0
2026-09-23 07:00:00+00:00,10.0,3.2760112285614014,5.0,4.666666507720947
2026-09-23 08:00:00+00:00,11.0,2.647536039352417,4.0,5.857142925262451
2026-09-23 09:00:00+00:00,12.0,3.3330752849578857,5.0,8.666666984558105
2026-09-23 10:00:00+00:00,13.0,4.679076194763184,6.0,6.666666507720947
2026-09-23 11:00:00+00:00,14.0,4.129630088806152,5.0,4.666666507720947
2026-09-23 12:00:00+00:00,15.0,4.120951175689697,5.0,5.666666507720947
2026-09-23 13:00:00+00:00,16.0,6.276656627655029,8.0,5.75
2026-09-23 14:00:00+00:00,17.0,7.395938873291016,10.0,7.75
2026-09-23 15:00:00+00:00,18.0,6.464118480682373,9.0,8.0
2026-09-23 16:00:00+00:00,19.0,6.663151264190674,10.0,7.625
2026-09-23 17:00:00+00:00,20.0,6.302008628845215,10.0,6.5714287757873535
2026-09-23 18:00:00+00:00,21.0,7.298694610595703,12.0,6.285714149475098
2026-09-23 19:00:00+00:00,22.0,8.82529354095459,15.0,7.199999809265137
2026-09-23 20:00:00+00:00,23.0,7.67583703994751,14.0,7.142857074737549
2026-09-23 21:00:00+00:00,24.0,7.551958084106445,14.0,7.142857074737549
2026-09-23 22:00:00+00:00,25.0,6.903236389160156,13.0,6.0
2026-09-23 00:00:00+00:00,3.0,0.865542471408844,2.0,2.5
2026-09-23 01:00:00+00:00,4.0,1.2922528982162476,3.0,2.5
2026-09-23 02:00:00+00:00,5.0,1.7466849088668823,4.0,3.1111111640930176
2026-09-23 03:00:00+00:00,6.0,2.267551898956299,5.0,3.4000000953674316
2026-09-23 04:00:00+00:00,7.0,2.033576726913452,4.0,2.5999999046325684
2026-09-23 05:00:00+00:00,8.0,2.747586727142334,5.0,3.142857074737549
2026-09-23 06:00:00+00:00,9.0,3.5480740070343018,6.0,3.0
2026-09-23 07:00:00+00:00,10.0,3.1898515224456787,5.0,4.666666507720947
2026-09-23 08:00:00+00:00,11.0,2.5751569271087646,4.0,5.857142925262451
2026-09-23 09:00:00+00:00,12.0,3.2493629455566406,5.0,8.666666984558105
2026-09-23 10:00:00+00:00,13.0,4.587546348571777,6.0,6.666666507720947
2026-09-23 11:00:00+00:00,14.0,4.057994842529297,5.0,4.666666507720947
2026-09-23 12:00:00+00:00,15.0,4.041356086730957,5.0,5.666666507720947
2026-09-23 13:00:00+00:00,16.0,6.216131210327148,8.0,5.75
2026-09-23 14:00:00+00:00,17.0,7.408723831176758,10.0,7.75
2026-09-23 15:00:00+00:00,18.0,6.412193775177002,9.0,8.0
2026-09-23 16:00:00+00:00,19.0,6.60399055480957,10.0,7.625
2026-09-23 17:00:00+00:00,20.0,6.242722988128662,10.0,6.5714287757873535
2026-09-23 18:00:00+00:00,21.0,7.2573699951171875,12.0,6.285714149475098
2026-09-23 19:00:00+00:00,22.0,8.839802742004395,15.0,7.199999809265137
2026-09-23 20:00:00+00:00,23.0,7.62623929977417,14.0,7.142857074737549
2026-09-23 21:00:00+00:00,24.0,7.484415054321289,14.0,7.142857074737549
2026-09-23 22:00:00+00:00,25.0,6.829325199127197,13.0,6.0
2026-09-23 23:00:00+00:00,26.0,6.799674987792969,13.0,5.333333492279053
2026-09-23 01:00:00+00:00,4.0,1.2662913799285889,3.0,2.5
2026-09-23 02:00:00+00:00,5.0,1.71211838722229,4.0,3.1111111640930176
2026-09-23 03:00:00+00:00,6.0,2.2244162559509277,5.0,3.4000000953674316
2026-09-23 04:00:00+00:00,7.0,1.9935497045516968,4.0,2.5999999046325684
2026-09-23 05:00:00+00:00,8.0,2.7066733837127686,5.0,3.142857074737549
2026-09-23 06:00:00+00:00,9.0,3.4926977157592773,6.0,3.0
2026-09-23 07:00:00+00:00,10.0,3.1475443840026855,5.0,4.666666507720947
2026-09-23 08:00:00+00:00,11.0,2.5421998500823975,4.0,5.857142925262451
2026-09-23 09:00:00+00:00,12.0,3.208686351776123,5.0,8.666666984558105
2026-09-23 10:00:00+00:00,13.0,4.542853355407715,6.0,6.666666507720947
2026-09-23 11:00:00+00:00,14.0,4.0218729972839355,5.0,4.666666507720947
2026-09-23 12:00:00+00:00,15.0,3.9984683990478516,5.0,5.666666507720947
2026-09-23 13:00:00+00:00,16.0,6.184148788452148,8.0,5.75
2026-09-23 14:00:00+00:00,17.0,7.422236442565918,10.0,7.75
2026-09-23 15:00:00+00:00,18.0,6.374392986297607,9.0,8.0
2026-09-23 16:00:00+00:00,19.0,6.5716729164123535,10.0,7.625
2026-09-23 17:00:00+00:00,20.0,6.182577133178711,10.0,6.5714287757873535
2026-09-23 18:00:00+00:00,21.0,7.218828201293945,12.0,6.285714149475098
2026-09-23 19:00:00+00:00,22.0,8.822020530700684,15.0,7.199999809265137
2026-09-23 20:00:00+00:00,23.0,7.567457675933838,14.0,7.142857074737549
2026-09-23 21:00:00+00:00,24.0,7.411452770233154,14.0,7.142857074737549
2026-09-23 22:00:00+00:00,25.0,6.759287357330322,13.0,6.0
2026-09-23 23:00:00+00:00,26.0,6.728298664093018,13.0,5.333333492279053
2026-09-24 00:00:00+00:00,27.0,6.171887397766113,12.0,6.333333492279053
2026-09-23 02:00:00+00:00,5.0,1.6943928003311157,4.0,3.1111111640930176
2026-09-23 03:00:00+00:00,6.0,2.2021896839141846,5.0,3.4000000953674316
2026-09-23 04:00:00+00:00,7.0,1.9744848012924194,4.0,2.5999999046325684
2026-09-23 05:00:00+00:00,8.0,2.6824615001678467,5.0,3.142857074737549
2026-09-23 06:00:00+00:00,9.0,3.478048324584961,6.0,3.0
2026-09-23 07:00:00+00:00,10.0,3.137836456298828,5.0,4.666666507720947
2026-09-23 08:00:00+00:00,11.0,2.5337283611297607,4.0,5.857142925262451
2026-09-23 09:00:00+00:00,12.0,3.1981213092803955,5.0,8.666666984558105
2026-09-23 10:00:00+00:00,13.0,4.533866882324219,6.0,6.666666507720947
2026-09-23 11:00:00+00:00,14.0,4.015246868133545,5.0,4.666666507720947
2026-09-23 12:00:00+00:00,15.0,3.985685110092163,5.0,5.666666507720947
2026-09-23 13:00:00+00:00,16.0,6.183788299560547,8.0,5.75
2026-09-23 14:00:00+00:00,17.0,7.449202060699463,10.0,7.75
2026-09-23 15:00:00+00:00,18.0,6.37143087387085,9.0,8.0
2026-09-23 16:00:00+00:00,19.0,6.57276725769043,10.0,7.625
2026-09-23 17:00:00+00:00,20.0,6.165093421936035,10.0,6.5714287757873535
2026-09-23 18:00:00+00:00,21.0,7.216403484344482,12.0,6.285714149475098
2026-09-23 19:00:00+00:00,22.0,8.8270902633667,15.0,7.199999809265137
2026-09-23 20:00:00+00:00,23.0,7.530307292938232,14.0,7.142857074737549
2026-09-23 21:00:00+00:00,24.0,7.374230861663818,14.0,7.142857074737549
2026-09-23 22:00:00+00:00,25.0,6.723319053649902,13.0,6.0
2026-09-23 23:00:00+00:00,26.0,6.691549301147461,13.0,5.333333492279053
2026-09-24 00:00:00+00:00,27.0,6.134915351867676,12.0,6.333333492279053
2026-09-24 01:00:00+00:00,28.0,5.610716342926025,11.0,5.400000095367432
2026-09-23 03:00:00+00:00,6.0,2.1906421184539795,5.0,3.4000000953674316
2026-09-23 04:00:00+00:00,7.0,1.964468240737915,4.0,2.5999999046325684
2026-09-23 05:00:00+00:00,8.0,2.6705660820007324,5.0,3.142857074737549
2026-09-23 06:00:00+00:00,9.0,3.467996597290039,6.0,3.0
2026-09-23 07:00:00+00:00,10.0,3.13242244720459,5.0,4.666666507720947
2026-09-23 08:00:00+00:00,11.0,2.5284318923950195,4.0,5.857142925262451
2026-09-23 09:00:00+00:00,12.0,3.1994781494140625,5.0,8.666666984558105
2026-09-23 10:00:00+00:00,13.0,4.52998685836792,6.0,6.666666507720947
2026-09-23 11:00:00+00:00,14.0,4.008810997009277,5.0,4.666666507720947
2026-09-23 12:00:00+00:00,15.0,3.9822769165039062,5.0,5.666666507720947
2026-09-23 13:00:00+00:00,16.0,6.177026748657227,8.0,5.75
2026-09-23 14:00:00+00:00,17.0,7.4676103591918945,10.0,7.75
2026-09-23 15:00:00+00:00,18.0,6.372203350067139,9.0,8.0
2026-09-23 16:00:00+00:00,19.0,6.5805277824401855,10.0,7.625
2026-09-23 17:00:00+00:00,20.0,6.171816349029541,10.0,6.5714287757873535
2026-09-23 18:00:00+00:00,21.0,7.223841667175293,12.0,6.285714149475098
2026-09-23 19:00:00+00:00,22.0,8.862285614013672,15.0,7.199999809265137
2026-09-23 20:00:00+00:00,23.0,7.532480239868164,14.0,7.142857074737549
2026-09-23 21:00:00+00:00,24.0,7.372649669647217,14.0,7.142857074737549
2026-09-23 22:00:00+00:00,25.0,6.717203617095947,13.0,6.0
2026-09-23 23:00:00+00:00,26.0,6.684763431549072,13.0,5.333333492279053
2026-09-24 00:00:00+00:00,27.0,6.121811866760254,12.0,6.333333492279053
2026-09-24 01:00:00+00:00,28.0,5.600059509277344,11.0,5.400000095367432
2026-09-24 02:00:00+00:00,29.0,5.0176005363464355,10.0,4.5
2026-09-23 04:00:00+00:00,7.0,1.9648947715759277,4.0,2.5999999046325684
2026-09-23 05:00:00+00:00,8.0,2.6729326248168945,5.0,3.142857074737549
2026-09-23 06:00:00+00:00,9.0,3.474043369293213,6.0,3.0
2026-09-23 07:00:00+00:00,10.0,3.1386351585388184,5.0,4.666666507720947
2026-09-23 08:00:00+00:00,11.0,2.531834602355957,4.0,5.857142925262451
2026-09-23 09:00:00+00:00,12.0,3.214097261428833,5.0,8.666666984558105
2026-09-23 10:00:00+00:00,13.0,4.543705940246582,6.0,6.666666507720947
2026-09-23 11:00:00+00:00,14.0,4.015760898590088,5.0,4.666666507720947
2026-09-23 12:00:00+00:00,15.0,3.9949920177459717,5.0,5.666666507720947
2026-09-23 13:00:00+00:00,16.0,6.182012557983398,8.0,5.75
2026-09-23 14:00:00+00:00,17.0,7.483153343200684,10.0,7.75
2026-09-23 15:00:00+00:00,18.0,6.391995429992676,9.0,8.0
2026-09-23 16:00:00+00:00,19.0,6.6043548583984375,10.0,7.625
2026-09-23 17:00:00+00:00,20.0,6.1935811042785645,10.0,6.5714287757873535
2026-09-23 18:00:00+00:00,21.0,7.243885517120361,12.0,6.285714149475098
2026-09-23 19:00:00+00:00,22.0,8.913328170776367,15.0,7.199999809265137
2026-09-23 20:00:00+00:00,23.0,7.559921741485596,14.0,7.142857074737549
2026-09-23 21:00:00+00:00,24.0,7.399545192718506,14.0,7.142857074737549
2026-09-23 22:00:00+00:00,25.0,6.733168125152588,13.0,6.0
2026-09-23 23:00:00+00:00,26.0,6.696887969970703,13.0,5.333333492279053
2026-09-24 00:00:00+00:00,27.0,6.130648612976074,12.0,6.333333492279053
2026-09-24 01:00:00+00:00,28.0,5.608982563018799,11.0,5.400000095367432
2026-09-24 02:00:00+00:00,29.0,5.029514789581299,10.0,4.5
2026-09-24 03:00:00+00:00,30.0,4.575352191925049,9.0,4.599999904632568
2026-09-23 05:00:00+00:00,8.0,2.714857339859009,5.0,3.142857074737549
2026-09-23 06:00:00+00:00,9.0,3.536282777786255,6.0,3.0
2026-09-23 07:00:00+00:00,10.0,3.1974306106567383,5.0,4.666666507720947
2026-09-23 08:00:00+00:00,11.0,2.579995632171631,4.0,5.857142925262451
2026-09-23 09:00:00+00:00,12.0,3.2643492221832275,5.0,8.666666984558105
2026-09-23 10:00:00+00:00,13.0,4.634344577789307,6.0,6.666666507720947
2026-09-23 11:00:00+00:00,14.0,4.09753942489624,5.0,4.666666507720947
2026-09-23 12:00:00+00:00,15.0,4.070199489593506,5.0,5.666666507720947
2026-09-23 13:00:00+00:00,16.0,6.271832466125488,8.0,5.75
2026-09-23 14:00:00+00:00,17.0,7.557077407836914,10.0,7.75
2026-09-23 15:00:00+00:00,18.0,6.456361770629883,9.0,8.0
2026-09-23 16:00:00+00:00,19.0,6.65299129486084,10.0,7.625
2026-09-23 17:00:00+00:00,20.0,6.226749897003174,10.0,6.5714287757873535
2026-09-23 18:00:00+00:00,21.0,7.280187129974365,12.0,6.285714149475098
2026-09-23 19:00:00+00:00,22.0,8.894604682922363,15.0,7.199999809265137
2026-09-23 20:00:00+00:00,23.0,7.572003364562988,14.0,7.142857074737549
2026-09-23 21:00:00+00:00,24.0,7.420470714569092,14.0,7.142857074737549
2026-09-23 22:00:00+00:00,25.0,6.750252723693848,13.0,6.0
2026-09-23 23:00:00+00:00,26.0,6.713562965393066,13.0,5.333333492279053
2026-09-24 00:00:00+00:00,27.0,6.14261531829834,12.0,6.333333492279053
2026-09-24 01:00:00+00:00,28.0,5.620087623596191,11.0,5.400000095367432
2026-09-24 02:00:00+00:00,29.0,5.048142910003662,10.0,4.5
2026-09-24 03:00:00+00:00,30.0,4.6047515869140625,9.0,4.599999904632568
2026-09-24 04:00:00+00:00,31.0,4.668889999389648,9.0,4.666666507720947
2026-09-23 06:00:00+00:00,9.0,3.625140905380249,6.0,3.0
2026-09-23 07:00:00+00:00,10.0,3.2847964763641357,5.0,4.666666507720947
2026-09-23 08:00:00+00:00,11.0,2.656118392944336,4.0,5.857142925262451
2026-09-23 09:00:00+00:00,12.0,3.348422050476074,5.0,8.666666984558105
2026-09-23 10:00:00+00:00,13.0,4.759929656982422,6.0,6.666666507720947
2026-09-23 11:00:00+00:00,14.0,4.19566535949707,5.0,4.666666507720947
2026-09-23 12:00:00+00:00,15.0,4.173681259155273,5.0,5.666666507720947
2026-09-23 13:00:00+00:00,16.0,6.384278297424316,8.0,5.75
2026-09-23 14:00:00+00:00,17.0,7.642727851867676,10.0,7.75
2026-09-23 15:00:00+00:00,18.0,6.540546894073486,9.0,8.0
2026-09-23 16:00:00+00:00,19.0,6.731576442718506,10.0,7.625
2026-09-23 17:00:00+00:00,20.0,6.287281513214111,10.0,6.5714287757873535
2026-09-23 18:00:00+00:00,21.0,7.34696102142334,12.0,6.285714149475098
2026-09-23 19:00:00+00:00,22.0,8.891369819641113,15.0,7.199999809265137
2026-09-23 20:00:00+00:00,23.0,7.59342098236084,14.0,7.142857074737549
2026-09-23 21:00:00+00:00,24.0,7.460052967071533,14.0,7.142857074737549
2026-09-23 22:00:00+00:00,25.0,6.792752742767334,13.0,6.0
2026-09-23 23:00:00+00:00,26.0,6.757651329040527,13.0,5.333333492279053
2026-09-24 00:00:00+00:00,27.0,6.175848484039307,12.0,6.333333492279053
2026-09-24 01:00:00+00:00,28.0,5.650547027587891,11.0,5.400000095367432
2026-09-24 02:00:00+00:00,29.0,5.080321311950684,10.0,4.5
2026-09-24 03:00:00+00:00,30.0,4.653192043304443,9.0,4.599999904632568
2026-09-24 04:00:00+00:00,31.0,4.714245796203613,9.0,4.666666507720947
2026-09-24 05:00:00+00:00,32.0,4.3462982177734375,8.0,3.6666667461395264
2026-09-23 07:00:00+00:00,1.0,4.544524669647217,7.0,4.666666507720947
2026-09-23 08:00:00+00:00,2.0,4.166993141174316,6.0,5.857142925262451
2026-09-23 09:00:00+00:00,3.0,3.3364787101745605,5.0,8.666666984558105
2026-09-23 10:00:00+00:00,4.0,3.9741597175598145,5.0,6.666666507720947
2026-09-23 11:00:00+00:00,5.0,4.841677665710449,6.0,4.666666507720947
2026-09-23 12:00:00+00:00,6.0,5.768893718719482,7.0,5.666666507720947
2026-09-23 13:00:00+00:00,7.0,4.980286598205566,6.0,5.75
2026-09-23 14:00:00+00:00,8.0,7.057534694671631,9.0,7.75
2026-09-23 15:00:00+00:00,9.0,7.405905246734619,10.0,8.0
2026-09-23 16:00:00+00:00,10.0,6.256667137145996,9.0,7.625
2026-09-23 17:00:00+00:00,11.0,7.061079978942871,11.0,6.5714287757873535
2026-09-23 18:00:00+00:00,12.0,7.70025634765625,13.0,6.285714149475098
2026-09-23 19:00:00+00:00,13.0,9.216636657714844,16.0,7.199999809265137
2026-09-23 20:00:00+00:00,14.0,7.685360908508301,14.0,7.142857074737549
2026-09-23 21:00:00+00:00,15.0,5.83818244934082,11.0,7.142857074737549
2026-09-23 22:00:00+00:00,16.0,6.169731616973877,12.0,6.0
2026-09-23 23:00:00+00:00,17.0,5.6427741050720215,11.0,5.333333492279053
2026-09-24 00:00:00+00:00,18.0,5.042992115020752,10.0,6.333333492279053
2026-09-24 01:00:00+00:00,19.0,5.014036178588867,10.0,5.400000095367432
2026-09-24 02:00:00+00:00,20.0,4.539856910705566,9.0,4.5
2026-09-24 03:00:00+00:00,21.0,4.05927848815918,8.0,4.599999904632568
2026-09-24 04:00:00+00:00,22.0,4.131354331970215,8.0,4.666666507720947
2026-09-24 05:00:00+00:00,23.0,4.225264072418213,8.0,3.6666667461395264
2026-09-24 06:00:00+00:00,24.0,4.3198137283325195,8.0,3.5
2026-09-23 08:00:00+00:00,1.0,3.63521409034729,5.0,5.857142925262451
2026-09-23 09:00:00+00:00,2.0,3.5662660598754883,5.0,8.666666984558105
2026-09-23 10:00:00+00:00,3.0,4.902039051055908,6.0,6.666666507720947
2026-09-23 11:00:00+00:00,4.0,5.005470275878906,6.0,4.666666507720947
2026-09-23 12:00:00+00:00,5.0,5.229730129241943,6.0,5.666666507720947
2026-09-23 13:00:00+00:00,6.0,5.89638614654541,7.0,5.75
2026-09-23 14:00:00+00:00,7.0,7.974453449249268,10.0,7.75
2026-09-23 15:00:00+00:00,8.0,7.11415433883667,9.0,8.0
2026-09-23 16:00:00+00:00,9.0,8.097339630126953,11.0,7.625
2026-09-23 17:00:00+00:00,10.0,8.321478843688965,12.0,6.5714287757873535
2026-09-23 18:00:00+00:00,11.0,7.6084699630737305,12.0,6.285714149475098
2026-09-23 19:00:00+00:00,12.0,8.987604141235352,15.0,7.199999809265137
2026-09-23 20:00:00+00:00,13.0,8.418116569519043,15.0,7.142857074737549
2026-09-23 21:00:00+00:00,14.0,7.109689235687256,13.0,7.142857074737549
2026-09-23 22:00:00+00:00,15.0,6.968369007110596,13.0,6.0
2026-09-23 23:00:00+00:00,16.0,6.368199348449707,12.0,5.333333492279053
2026-09-24 00:00:00+00:00,17.0,5.743235111236572,11.0,6.333333492279053
2026-09-24 01:00:00+00:00,18.0,4.631823539733887,9.0,5.400000095367432
2026-09-24 02:00:00+00:00,19.0,4.683709621429443,9.0,4.5
2026-09-24 03:00:00+00:00,20.0,4.732964992523193,9.0,4.599999904632568
2026-09-24 04:00:00+00:00,21.0,4.820724964141846,9.0,4.666666507720947
2026-09-24 05:00:00+00:00,22.0,4.953078746795654,9.0,3.6666667461395264
2026-09-24 06:00:00+00:00,23.0,5.115443706512451,9.0,3.5
2026-09-24 07:00:00+00:00,24.0,4.683970928192139,8.0,4.0
2026-09-23 09:00:00+00:00,1.0,4.326270580291748,6.0,8.666666984558105
2026-09-23 10:00:00+00:00,2.0,4.9638285636901855,6.0,6.666666507720947
2026-09-23 11:00:00+00:00,3.0,4.378639221191406,5.0,4.666666507720947
2026-09-23 12:00:00+00:00,4.0,6.7555952072143555,8.0,5.666666507720947
2026-09-23 13:00:00+00:00,5.0,6.560725212097168,8.0,5.75
2026-09-23 14:00:00+00:00,6.0,7.258790493011475,9.0,7.75
2026-09-23 15:00:00+00:00,7.0,7.002392768859863,9.0,8.0
2026-09-23 16:00:00+00:00,8.0,6.465517997741699,9.0,7.625
2026-09-23 17:00:00+00:00,9.0,7.90907621383667,12.0,6.5714287757873535
2026-09-23 18:00:00+00:00,10.0,7.371845245361328,12.0,6.285714149475098
2026-09-23 19:00:00+00:00,11.0,8.49965763092041,15.0,7.199999809265137
2026-09-23 20:00:00+00:00,12.0,8.342344284057617,15.0,7.142857074737549
2026-09-23 21:00:00+00:00,13.0,6.568964958190918,12.0,7.142857074737549
2026-09-23 22:00:00+00:00,14.0,5.20219087600708,10.0,6.0
2026-09-23 23:00:00+00:00,15.0,5.7115912437438965,11.0,5.333333492279053
2026-09-24 00:00:00+00:00,16.0,5.659351348876953,11.0,6.333333492279053
2026-09-24 01:00:00+00:00,17.0,5.709909915924072,11.0,5.400000095367432
2026-09-24 02:00:00+00:00,18.0,5.212320327758789,10.0,4.5
2026-09-24 03:00:00+00:00,19.0,4.696116924285889,9.0,4.599999904632568
2026-09-24 04:00:00+00:00,20.0,4.2388081550598145,8.0,4.666666507720947
2026-09-24 05:00:00+00:00,21.0,4.885940074920654,9.0,3.6666667461395264
2026-09-24 06:00:00+00:00,22.0,5.036158084869385,9.0,3.5
2026-09-24 07:00:00+00:00,23.0,4.657120227813721,8.0,4.0
2026-09-24 08:00:00+00:00,24.0,4.263977527618408,7.0,4.666666507720947
2026-09-23 10:00:00+00:00,1.0,4.773988246917725,6.0,6.666666507720947
2026-09-23 11:00:00+00:00,2.0,5.588154315948486,7.0,4.666666507720947
2026-09-23 12:00:00+00:00,3.0,5.983152866363525,7.0,5.666666507720947
2026-09-23 13:00:00+00:00,4.0,6.646404266357422,8.0,5.75
2026-09-23 14:00:00+00:00,5.0,7.960047721862793,10.0,7.75
2026-09-23 15:00:00+00:00,6.0,7.5985188484191895,10.0,8.0
2026-09-23 16:00:00+00:00,7.0,7.0595598220825195,10.0,7.625
2026-09-23 17:00:00+00:00,8.0,7.412686824798584,11.0,6.5714287757873535
2026-09-23 18:00:00+00:00,9.0,8.181256294250488,13.0,6.285714149475098
2026-09-23 19:00:00+00:00,10.0,8.678472518920898,15.0,7.199999809265137
2026-09-23 20:00:00+00:00,11.0,8.37315845489502,15.0,7.142857074737549
2026-09-23 21:00:00+00:00,12.0,7.134331226348877,13.0,7.142857074737549
2026-09-23 22:00:00+00:00,13.0,6.866837501525879,13.0,6.0
2026-09-23 23:00:00+00:00,14.0,5.715030193328857,11.0,5.333333492279053
2026-09-24 00:00:00+00:00,15.0,5.094141483306885,10.0,6.333333492279053
2026-09-24 01:00:00+00:00,16.0,5.0798845291137695,10.0,5.400000095367432
2026-09-24 02:00:00+00:00,17.0,4.586762428283691,9.0,4.5
2026-09-24 03:00:00+00:00,18.0,4.6230998039245605,9.0,4.599999904632568
2026-09-24 04:00:00+00:00,19.0,3.708998680114746,7.0,4.666666507720947
2026-09-24 05:00:00+00:00,20.0,4.240265369415283,8.0,3.6666667461395264
2026-09-24 06:00:00+00:00,21.0,4.423315048217773,8.0,3.5
2026-09-24 07:00:00+00:00,22.0,4.572911739349365,8.0,4.0
2026-09-24 08:00:00+00:00,23.0,4.176937103271484,7.0,4.666666507720947
2026-09-24 09:00:00+00:00,24.0,4.294205188751221,7.0,4.400000095367432
2026-09-23 11:00:00+00:00,1.0,4.965118885040283,6.0,4.666666507720947
2026-09-23 12:00:00+00:00,2.0,5.8877153396606445,7.0,5.666666507720947
2026-09-23 13:00:00+00:00,3.0,7.288450241088867,9.0,5.75
2026-09-23 14:00:00+00:00,4.0,7.318584442138672,9.0,7.75
2026-09-23 15:00:00+00:00,5.0,6.913580417633057,9.0,8.0
2026-09-23 16:00:00+00:00,6.0,6.587642192840576,9.0,7.625
2026-09-23 17:00:00+00:00,7.0,6.680734634399414,10.0,6.5714287757873535
2026-09-23 18:00:00+00:00,8.0,7.740929126739502,12.0,6.285714149475098
2026-09-23 19:00:00+00:00,9.0,8.6174898147583,15.0,7.199999809265137
2026-09-23 20:00:00+00:00,10.0,9.096372604370117,16.0,7.142857074737549
2026-09-23 21:00:00+00:00,11.0,7.775777816772461,14.0,7.142857074737549
2026-09-23 22:00:00+00:00,12.0,7.028524398803711,13.0,6.0
2026-09-23 23:00:00+00:00,13.0,6.421737194061279,12.0,5.333333492279053
2026-09-24 00:00:00+00:00,14.0,5.774250507354736,11.0,6.333333492279053
2026-09-24 01:00:00+00:00,15.0,4.598224639892578,9.0,5.400000095367432
2026-09-24 02:00:00+00:00,16.0,4.592785835266113,9.0,4.5
2026-09-24 03:00:00+00:00,17.0,4.620967864990234,9.0,4.599999904632568
2026-09-24 04:00:00+00:00,18.0,4.223944664001465,8.0,4.666666507720947
2026-09-24 05:00:00+00:00,19.0,4.861194133758545,9.0,3.6666667461395264
2026-09-24 06:00:00+00:00,20.0,4.495567321777344,8.0,3.5
2026-09-24 07:00:00+00:00,21.0,4.578796863555908,8.0,4.0
2026-09-24 08:00:00+00:00,22.0,4.713841438293457,8.0,4.666666507720947
2026-09-24 09:00:00+00:00,23.0,4.291563510894775,7.0,4.400000095367432
2026-09-24 10:00:00+00:00,24.0,3.7940444946289062,6.0,4.0
2026-09-23 12:00:00+00:00,1.0,5.145010471343994,6.0,5.666666507720947
2026-09-23 13:00:00+00:00,2.0,5.205439567565918,6.0,5.75
2026-09-23 14:00:00+00:00,3.0,7.034902095794678,9.0,7.75
2026-09-23 15:00:00+00:00,4.0,6.991038799285889,9.0,8.0
2026-09-23 16:00:00+00:00,5.0,5.794814586639404,8.0,7.625
2026-09-23 17:00:00+00:00,6.0,5.966463088989258,9.0,6.5714287757873535
2026-09-23 18:00:00+00:00,7.0,6.051807880401611,10.0,6.285714149475098
2026-09-23 19:00:00+00:00,8.0,6.2818803787231445,11.0,7.199999809265137
2026-09-23 20:00:00+00:00,9.0,7.710906028747559,14.0,7.142857074737549
2026-09-23 21:00:00+00:00,10.0,7.062673091888428,13.0,7.142857074737549
2026-09-23 22:00:00+00:00,11.0,5.299983501434326,10.0,6.0
2026-09-23 23:00:00+00:00,12.0,5.094388008117676,10.0,5.333333492279053
2026-09-24 00:00:00+00:00,13.0,5.6684770584106445,11.0,6.333333492279053
2026-09-24 01:00:00+00:00,14.0,4.692909240722656,9.0,5.400000095367432
2026-09-24 02:00:00+00:00,15.0,5.223942279815674,10.0,4.5
2026-09-24 03:00:00+00:00,16.0,5.23091459274292,10.0,4.599999904632568
2026-09-24 04:00:00+00:00,17.0,4.332284927368164,8.0,4.666666507720947
2026-09-24 05:00:00+00:00,18.0,4.325642108917236,8.0,3.6666667461395264
2026-09-24 06:00:00+00:00,19.0,4.456127166748047,8.0,3.5
2026-09-24 07:00:00+00:00,20.0,4.600629806518555,8.0,4.0
2026-09-24 08:00:00+00:00,21.0,4.216400146484375,7.0,4.666666507720947
2026-09-24 09:00:00+00:00,22.0,4.334813117980957,7.0,4.400000095367432
2026-09-24 10:00:00+00:00,23.0,3.866908550262451,6.0,4.0
2026-09-24 11:00:00+00:00,24.0,4.465847492218018,7.0,4.599999904632568
2026-09-23 13:00:00+00:00,1.0,6.953108310699463,8.0,5.75
2026-09-23 14:00:00+00:00,2.0,8.935870170593262,11.0,7.75
2026-09-23 15:00:00+00:00,3.0,8.042900085449219,10.0,8.0
2026-09-23 16:00:00+00:00,4.0,7.2180681228637695,10.0,7.625
2026-09-23 17:00:00+00:00,5.0,6.172022819519043,9.0,6.5714287757873535
2026-09-23 18:00:00+00:00,6.0,6.331748962402344,10.0,6.285714149475098
2026-09-23 19:00:00+00:00,7.0,8.059222221374512,14.0,7.199999809265137
2026-09-23 20:00:00+00:00,8.0,7.250796318054199,13.0,7.142857074737549
2026-09-23 21:00:00+00:00,9.0,6.973618030548096,13.0,7.142857074737549
2026-09-23 22:00:00+00:00,10.0,7.047482967376709,13.0,6.0
2026-09-23 23:00:00+00:00,11.0,6.926455974578857,13.0,5.333333492279053
2026-09-24 00:00:00+00:00,12.0,5.812465667724609,11.0,6.333333492279053
2026-09-24 01:00:00+00:00,13.0,5.214640140533447,10.0,5.400000095367432
2026-09-24 02:00:00+00:00,14.0,4.654438495635986,9.0,4.5
2026-09-24 03:00:00+00:00,15.0,4.6923980712890625,9.0,4.599999904632568
2026-09-24 04:00:00+00:00,16.0,4.2593488693237305,8.0,4.666666507720947
2026-09-24 05:00:00+00:00,17.0,3.829746723175049,7.0,3.6666667461395264
2026-09-24 06:00:00+00:00,18.0,3.9162356853485107,7.0,3.5
2026-09-24 07:00:00+00:00,19.0,4.032829761505127,7.0,4.0
2026-09-24 08:00:00+00:00,20.0,4.190657615661621,7.0,4.666666507720947
2026-09-24 09:00:00+00:00,21.0,4.323660373687744,7.0,4.400000095367432
2026-09-24 10:00:00+00:00,22.0,4.483555793762207,7.0,4.0
2026-09-24 11:00:00+00:00,23.0,4.526169776916504,7.0,4.599999904632568
2026-09-24 12:00:00+00:00,24.0,3.898374080657959,6.0,4.0
2026-09-23 14:00:00+00:00,1.0,7.3400726318359375,9.0,7.75
2026-09-23 15:00:00+00:00,2.0,7.909247875213623,10.0,8.0
2026-09-23 16:00:00+00:00,3.0,7.250612735748291,10.0,7.625
2026-09-23 17:00:00+00:00,4.0,6.065796852111816,9.0,6.5714287757873535
2026-09-23 18:00:00+00:00,5.0,6.385756015777588,10.0,6.285714149475098
2026-09-23 19:00:00+00:00,6.0,10.176913261413574,17.0,7.199999809265137
2026-09-23 20:00:00+00:00,7.0,8.686079025268555,15.0,7.142857074737549
2026-09-23 21:00:00+00:00,8.0,6.586581707000732,12.0,7.142857074737549
2026-09-23 22:00:00+00:00,9.0,7.037405967712402,13.0,6.0
2026-09-23 23:00:00+00:00,10.0,6.474699974060059,12.0,5.333333492279053
2026-09-24 00:00:00+00:00,11.0,6.37233304977417,12.0,6.333333492279053
2026-09-24 01:00:00+00:00,12.0,5.3077073097229,10.0,5.400000095367432
2026-09-24 02:00:00+00:00,13.0,4.660065174102783,9.0,4.5
2026-09-24 03:00:00+00:00,14.0,5.346034049987793,10.0,4.599999904632568
2026-09-24 04:00:00+00:00,15.0,4.943999290466309,9.0,4.666666507720947
2026-09-24 05:00:00+00:00,16.0,4.441300392150879,8.0,3.6666667461395264
2026-09-24 06:00:00+00:00,17.0,4.514745235443115,8.0,3.5
2026-09-24 07:00:00+00:00,18.0,4.688957691192627,8.0,4.0
2026-09-24 08:00:00+00:00,19.0,4.230395317077637,7.0,4.666666507720947
2026-09-24 09:00:00+00:00,20.0,4.334041118621826,7.0,4.400000095367432
2026-09-24 10:00:00+00:00,21.0,3.86655855178833,6.0,4.0
2026-09-24 11:00:00+00:00,22.0,4.527008056640625,7.0,4.599999904632568
2026-09-24 12:00:00+00:00,23.0,3.9123594760894775,6.0,4.0
2026-09-24 13:00:00+00:00,24.0,3.9107701778411865,6.0,3.0
2026-09-23 15:00:00+00:00,1.0,9.011354446411133,11.0,8.0
2026-09-23 16:00:00+00:00,2.0,7.384100914001465,10.0,7.625
2026-09-23 17:00:00+00:00,3.0,6.777708530426025,10.0,6.5714287757873535
2026-09-23 18:00:00+00:00,4.0,6.559237003326416,10.0,6.285714149475098
2026-09-23 19:00:00+00:00,5.0,9.770477294921875,16.0,7.199999809265137
2026-09-23 20:00:00+00:00,6.0,8.639798164367676,15.0,7.142857074737549
2026-09-23 21:00:00+00:00,7.0,7.811232089996338,14.0,7.142857074737549
2026-09-23 22:00:00+00:00,8.0,7.071463584899902,13.0,6.0
2026-09-23 23:00:00+00:00,9.0,6.437904357910156,12.0,5.333333492279053
2026-09-24 00:00:00+00:00,10.0,6.387726306915283,12.0,6.333333492279053
2026-09-24 01:00:00+00:00,11.0,5.843286514282227,11.0,5.400000095367432
2026-09-24 02:00:00+00:00,12.0,5.267650127410889,10.0,4.5
2026-09-24 03:00:00+00:00,13.0,5.306386470794678,10.0,4.599999904632568
2026-09-24 04:00:00+00:00,14.0,4.893519401550293,9.0,4.666666507720947
2026-09-24 05:00:00+00:00,15.0,4.934950828552246,9.0,3.6666667461395264
2026-09-24 06:00:00+00:00,16.0,5.084746837615967,9.0,3.5
2026-09-24 07:00:00+00:00,17.0,4.70565128326416,8.0,4.0
2026-09-24 08:00:00+00:00,18.0,4.833305358886719,8.0,4.666666507720947
2026-09-24 09:00:00+00:00,19.0,4.383213996887207,7.0,4.400000095367432
2026-09-24 10:00:00+00:00,20.0,4.511937618255615,7.0,4.0
2026-09-24 11:00:00+00:00,21.0,4.573157787322998,7.0,4.599999904632568
2026-09-24 12:00:00+00:00,22.0,4.6018967628479,7.0,4.0
2026-09-24 13:00:00+00:00,23.0,4.547019004821777,7.0,3.0
2026-09-24 14:00:00+00:00,24.0,4.45890998840332,7.0,3.6666667461395264
2026-09-23 16:00:00+00:00,1.0,7.477512359619141,10.0,7.625
2026-09-23 17:00:00+00:00,2.0,5.789705753326416,8.0,6.5714287757873535
2026-09-23 18:00:00+00:00,3.0,6.666152000427246,10.0,6.285714149475098
2026-09-23 19:00:00+00:00,4.0,7.671326637268066,13.0,7.199999809265137
2026-09-23 20:00:00+00:00,5.0,7.883511066436768,14.0,7.142857074737549
2026-09-23 21:00:00+00:00,6.0,7.239625453948975,13.0,7.142857074737549
2026-09-23 22:00:00+00:00,7.0,6.561151504516602,12.0,6.0
2026-09-23 23:00:00+00:00,8.0,5.9217729568481445,11.0,5.333333492279053
2026-09-24 00:00:00+00:00,9.0,5.35299015045166,10.0,6.333333492279053
2026-09-24 01:00:00+00:00,10.0,5.302696228027344,10.0,5.400000095367432
2026-09-24 02:00:00+00:00,11.0,4.785597324371338,9.0,4.5
2026-09-24 03:00:00+00:00,12.0,4.9155473709106445,9.0,4.599999904632568
2026-09-24 04:00:00+00:00,13.0,4.476205825805664,8.0,4.666666507720947
2026-09-24 05:00:00+00:00,14.0,4.515838623046875,8.0,3.6666667461395264
2026-09-24 06:00:00+00:00,15.0,4.680681228637695,8.0,3.5
2026-09-24 07:00:00+00:00,16.0,4.833721160888672,8.0,4.0
2026-09-24 08:00:00+00:00,17.0,4.946815013885498,8.0,4.666666507720947
2026-09-24 09:00:00+00:00,18.0,4.501298904418945,7.0,4.400000095367432
2026-09-24 10:00:00+00:00,19.0,4.601008892059326,7.0,4.0
2026-09-24 11:00:00+00:00,20.0,4.0407209396362305,6.0,4.599999904632568
2026-09-24 12:00:00+00:00,21.0,4.001560688018799,6.0,4.0
2026-09-24 13:00:00+00:00,22.0,4.059491157531738,6.0,3.0
2026-09-24 14:00:00+00:00,23.0,4.079401969909668,6.0,3.6666667461395264
2026-09-24 15:00:00+00:00,24.0,3.2974228858947754,5.0,3.0
2026-09-23 17:00:00+00:00,1.0,5.945197105407715,8.0,6.5714287757873535
2026-09-23 18:00:00+00:00,2.0,8.12962818145752,12.0,6.285714149475098
2026-09-23 19:00:00+00:00,3.0,9.061436653137207,15.0,7.199999809265137
2026-09-23 20:00:00+00:00,4.0,9.271597862243652,16.0,7.142857074737549
2026-09-23 21:00:00+00:00,5.0,7.39878511428833,13.0,7.142857074737549
2026-09-23 22:00:00+00:00,6.0,7.252218723297119,13.0,6.0
2026-09-23 23:00:00+00:00,7.0,6.657712459564209,12.0,5.333333492279053
2026-09-24 00:00:00+00:00,8.0,6.0812764167785645,11.0,6.333333492279053
2026-09-24 01:00:00+00:00,9.0,5.454701900482178,10.0,5.400000095367432
2026-09-24 02:00:00+00:00,10.0,4.957475662231445,9.0,4.5
2026-09-24 03:00:00+00:00,11.0,4.991359233856201,9.0,4.599999904632568
2026-09-24 04:00:00+00:00,12.0,5.0674285888671875,9.0,4.666666507720947
2026-09-24 05:00:00+00:00,13.0,5.201500415802002,9.0,3.6666667461395264
2026-09-24 06:00:00+00:00,14.0,5.380393028259277,9.0,3.5
2026-09-24 07:00:00+00:00,15.0,4.942221641540527,8.0,4.0
2026-09-24 08:00:00+00:00,16.0,5.044287204742432,8.0,4.666666507720947
2026-09-24 09:00:00+00:00,17.0,4.575118541717529,7.0,4.400000095367432
2026-09-24 10:00:00+00:00,18.0,4.665312767028809,7.0,4.0
2026-09-24 11:00:00+00:00,19.0,4.083553314208984,6.0,4.599999904632568
2026-09-24 12:00:00+00:00,20.0,4.065161228179932,6.0,4.0
2026-09-24 13:00:00+00:00,21.0,4.049806594848633,6.0,3.0
2026-09-24 14:00:00+00:00,22.0,4.097285270690918,6.0,3.6666667461395264
2026-09-24 15:00:00+00:00,23.0,3.318727493286133,5.0,3.0
2026-09-24 16:00:00+00:00,24.0,2.5534098148345947,4.0,2.25
2026-09-23 18:00:00+00:00,1.0,6.022632598876953,9.0,6.285714149475098
2026-09-23 19:00:00+00:00,2.0,10.98585319519043,17.0,7.199999809265137
2026-09-23 20:00:00+00:00,3.0,8.289199829101562,14.0,7.142857074737549
2026-09-23 21:00:00+00:00,4.0,7.315213203430176,13.0,7.142857074737549
2026-09-23 22:00:00+00:00,5.0,6.600652694702148,12.0,6.0
2026-09-23 23:00:00+00:00,6.0,6.554218292236328,12.0,5.333333492279053
2026-09-24 00:00:00+00:00,7.0,5.987974166870117,11.0,6.333333492279053
2026-09-24 01:00:00+00:00,8.0,5.455956935882568,10.0,5.400000095367432
2026-09-24 02:00:00+00:00,9.0,5.442109107971191,10.0,4.5
2026-09-24 03:00:00+00:00,10.0,5.035171985626221,9.0,4.599999904632568
2026-09-24 04:00:00+00:00,11.0,5.0782856941223145,9.0,4.666666507720947
2026-09-24 05:00:00+00:00,12.0,5.166412830352783,9.0,3.6666667461395264
2026-09-24 06:00:00+00:00,13.0,5.347431659698486,9.0,3.5
2026-09-24 07:00:00+00:00,14.0,5.4897027015686035,9.0,4.0
2026-09-24 08:00:00+00:00,15.0,5.049654483795166,8.0,4.666666507720947
2026-09-24 09:00:00+00:00,16.0,5.1621928215026855,8.0,4.400000095367432
2026-09-24 10:00:00+00:00,17.0,4.6811723709106445,7.0,4.0
2026-09-24 11:00:00+00:00,18.0,4.702579498291016,7.0,4.599999904632568
2026-09-24 12:00:00+00:00,19.0,4.068775177001953,6.0,4.0
2026-09-24 13:00:00+00:00,20.0,4.00252628326416,6.0,3.0
2026-09-24 14:00:00+00:00,21.0,3.9809987545013428,6.0,3.6666667461395264
2026-09-24 15:00:00+00:00,22.0,3.2526135444641113,5.0,3.0
2026-09-24 16:00:00+00:00,23.0,2.4914700984954834,4.0,2.25
2026-09-24 17:00:00+00:00,24.0,1.1992213726043701,2.0,2.25
2026-09-23 19:00:00+00:00,1.0,6.759158611297607,11.0,7.199999809265137
2026-09-23 20:00:00+00:00,2.0,7.458693504333496,13.0,7.142857074737549
2026-09-23 21:00:00+00:00,3.0,6.685230255126953,12.0,7.142857074737549
2026-09-23 22:00:00+00:00,4.0,6.617270469665527,12.0,6.0
2026-09-23 23:00:00+00:00,5.0,6.0655412673950195,11.0,5.333333492279053
2026-09-24 00:00:00+00:00,6.0,6.057801723480225,11.0,6.333333492279053
2026-09-24 01:00:00+00:00,7.0,5.541916847229004,10.0,5.400000095367432
2026-09-24 02:00:00+00:00,8.0,5.001162528991699,9.0,4.5
2026-09-24 03:00:00+00:00,9.0,5.085848808288574,9.0,4.599999904632568
2026-09-24 04:00:00+00:00,10.0,4.61580228805542,8.0,4.666666507720947
2026-09-24 05:00:00+00:00,11.0,4.724167346954346,8.0,3.6666667461395264
2026-09-24 06:00:00+00:00,12.0,4.85698127746582,8.0,3.5
2026-09-24 07:00:00+00:00,13.0,5.010587692260742,8.0,4.0
2026-09-24 08:00:00+00:00,14.0,5.110992908477783,8.0,4.666666507720947
2026-09-24 09:00:00+00:00,15.0,5.233779430389404,8.0,4.400000095367432
2026-09-24 10:00:00+00:00,16.0,4.7028374671936035,7.0,4.0
2026-09-24 11:00:00+00:00,17.0,4.124549865722656,6.0,4.599999904632568
2026-09-24 12:00:00+00:00,18.0,4.102626323699951,6.0,4.0
2026-09-24 13:00:00+00:00,19.0,4.049876689910889,6.0,3.0
2026-09-24 14:00:00+00:00,20.0,4.039458751678467,6.0,3.6666667461395264
2026-09-24 15:00:00+00:00,21.0,3.315647602081299,5.0,3.0
2026-09-24 16:00:00+00:00,22.0,2.6097018718719482,4.0,2.25
2026-09-24 17:00:00+00:00,23.0,1.2493541240692139,2.0,2.25
2026-09-24 18:00:00+00:00,24.0,1.1147679090499878,2.0,2.6666667461395264
2026-09-23 20:00:00+00:00,1.0,9.673593521118164,16.0,7.142857074737549
2026-09-23 21:00:00+00:00,2.0,8.251651763916016,14.0,7.142857074737549
2026-09-23 22:00:00+00:00,3.0,8.13356876373291,14.0,6.0
2026-09-23 23:00:00+00:00,4.0,6.948907852172852,12.0,5.333333492279053
2026-09-24 00:00:00+00:00,5.0,6.940454483032227,12.0,6.333333492279053
2026-09-24 01:00:00+00:00,6.0,5.790844917297363,10.0,5.400000095367432
2026-09-24 02:00:00+00:00,7.0,5.201312065124512,9.0,4.5
2026-09-24 03:00:00+00:00,8.0,5.901595115661621,10.0,4.599999904632568
2026-09-24 04:00:00+00:00,9.0,5.423991680145264,9.0,4.666666507720947
2026-09-24 05:00:00+00:00,10.0,4.929745674133301,8.0,3.6666667461395264
2026-09-24 06:00:00+00:00,11.0,5.088829040527344,8.0,3.5
2026-09-24 07:00:00+00:00,12.0,5.218203067779541,8.0,4.0
2026-09-24 08:00:00+00:00,13.0,5.360015869140625,8.0,4.666666507720947
2026-09-24 09:00:00+00:00,14.0,4.85038423538208,7.0,4.400000095367432
2026-09-24 10:00:00+00:00,15.0,4.295876502990723,6.0,4.0
2026-09-24 11:00:00+00:00,16.0,4.321983814239502,6.0,4.599999904632568
2026-09-24 12:00:00+00:00,17.0,4.292148113250732,6.0,4.0
2026-09-24 13:00:00+00:00,18.0,4.238880157470703,6.0,3.0
2026-09-24 14:00:00+00:00,19.0,4.211042404174805,6.0,3.6666667461395264
2026-09-24 15:00:00+00:00,20.0,3.471006393432617,5.0,3.0
2026-09-24 16:00:00+00:00,21.0,2.7514443397521973,4.0,2.25
2026-09-24 17:00:00+00:00,22.0,1.409017562866211,2.0,2.25
2026-09-24 18:00:00+00:00,23.0,1.219368815422058,2.0,2.6666667461395264
2026-09-24 19:00:00+00:00,24.0,2.813021421432495,5.0,3.3333332538604736
2026-09-23 21:00:00+00:00,1.0,7.787569999694824,13.0,7.142857074737549
2026-09-23 22:00:00+00:00,2.0,6.994231700897217,12.0,6.0
2026-09-23 23:00:00+00:00,3.0,7.606068134307861,13.0,5.333333492279053
2026-09-24 00:00:00+00:00,4.0,7.0544633865356445,12.0,6.333333492279053
2026-09-24 01:00:00+00:00,5.0,5.892605781555176,10.0,5.400000095367432
2026-09-24 02:00:00+00:00,6.0,5.875640392303467,10.0,4.5
2026-09-24 03:00:00+00:00,7.0,5.394961357116699,9.0,4.599999904632568
2026-09-24 04:00:00+00:00,8.0,5.466908931732178,9.0,4.666666507720947
2026-09-24 05:00:00+00:00,9.0,4.992961406707764,8.0,3.6666667461395264
2026-09-24 06:00:00+00:00,10.0,5.125686168670654,8.0,3.5
2026-09-24 07:00:00+00:00,11.0,5.293065071105957,8.0,4.0
2026-09-24 08:00:00+00:00,12.0,5.4366984367370605,8.0,4.666666507720947
2026-09-24 09:00:00+00:00,13.0,4.920376300811768,7.0,4.400000095367432
2026-09-24 10:00:00+00:00,14.0,4.986251354217529,7.0,4.0
2026-09-24 11:00:00+00:00,15.0,4.360632419586182,6.0,4.599999904632568
2026-09-24 12:00:00+00:00,16.0,4.339742183685303,6.0,4.0
2026-09-24 13:00:00+00:00,17.0,4.283956527709961,6.0,3.0
2026-09-24 14:00:00+00:00,18.0,4.231289386749268,6.0,3.6666667461395264
2026-09-24 15:00:00+00:00,19.0,3.4926488399505615,5.0,3.0
2026-09-24 16:00:00+00:00,20.0,2.796201705932617,4.0,2.25
2026-09-24 17:00:00+00:00,21.0,1.4409784078598022,2.0,2.25
2026-09-24 18:00:00+00:00,22.0,1.2636505365371704,2.0,2.6666667461395264
2026-09-24 19:00:00+00:00,23.0,2.9256653785705566,5.0,3.3333332538604736
2026-09-24 20:00:00+00:00,24.0,2.8571603298187256,5.0,5.0
2026-09-23 22:00:00+00:00,1.0,7.784914970397949,13.0,6.0
2026-09-23 23:00:00+00:00,2.0,7.134793281555176,12.0,5.333333492279053
2026-09-24 00:00:00+00:00,3.0,7.169620990753174,12.0,6.333333492279053
2026-09-24 01:00:00+00:00,4.0,5.987104892730713,10.0,5.400000095367432
2026-09-24 02:00:00+00:00,5.0,5.385527610778809,9.0,4.5
2026-09-24 03:00:00+00:00,6.0,5.446402549743652,9.0,4.599999904632568
2026-09-24 04:00:00+00:00,7.0,5.552750110626221,9.0,4.666666507720947
2026-09-24 05:00:00+00:00,8.0,5.633366107940674,9.0,3.6666667461395264
2026-09-24 06:00:00+00:00,9.0,5.1935296058654785,8.0,3.5
2026-09-24 07:00:00+00:00,10.0,5.3473219871521,8.0,4.0
2026-09-24 08:00:00+00:00,11.0,4.860555171966553,7.0,4.666666507720947
2026-09-24 09:00:00+00:00,12.0,4.943977355957031,7.0,4.400000095367432
2026-09-24 10:00:00+00:00,13.0,4.988041400909424,7.0,4.0
2026-09-24 11:00:00+00:00,14.0,4.353332042694092,6.0,4.599999904632568
2026-09-24 12:00:00+00:00,15.0,4.3299336433410645,6.0,4.0
2026-09-24 13:00:00+00:00,16.0,4.2685017585754395,6.0,3.0
2026-09-24 14:00:00+00:00,17.0,4.224635601043701,6.0,3.6666667461395264
2026-09-24 15:00:00+00:00,18.0,3.5141513347625732,5.0,3.0
2026-09-24 16:00:00+00:00,19.0,2.7764334678649902,4.0,2.25
2026-09-24 17:00:00+00:00,20.0,1.3887423276901245,2.0,2.25
2026-09-24 18:00:00+00:00,21.0,1.2519657611846924,2.0,2.6666667461395264
2026-09-24 19:00:00+00:00,22.0,2.372204542160034,4.0,3.3333332538604736
2026-09-24 20:00:00+00:00,23.0,2.916135549545288,5.0,5.0
2026-09-24 21:00:00+00:00,24.0,2.887024164199829,5.0,3.75
2026-09-23 23:00:00+00:00,2.0,7.260603427886963,12.0,5.333333492279053
2026-09-24 00:00:00+00:00,3.0,7.300590515136719,12.0,6.333333492279053
2026-09-24 01:00:00+00:00,4.0,6.099466323852539,10.0,5.400000095367432
2026-09-24 02:00:00+00:00,5.0,5.482039928436279,9.0,4.5
2026-09-24 03:00:00+00:00,6.0,5.548635482788086,9.0,4.599999904632568
2026-09-24 04:00:00+00:00,7.0,5.645741939544678,9.0,4.666666507720947
2026-09-24 05:00:00+00:00,8.0,5.730642795562744,9.0,3.6666667461395264
2026-09-24 06:00:00+00:00,9.0,5.290534019470215,8.0,3.5
2026-09-24 07:00:00+00:00,10.0,5.421051502227783,8.0,4.0
2026-09-24 08:00:00+00:00,11.0,4.907628059387207,7.0,4.666666507720947
2026-09-24 09:00:00+00:00,12.0,4.9902262687683105,7.0,4.400000095367432
2026-09-24 10:00:00+00:00,13.0,5.034081935882568,7.0,4.0
2026-09-24 11:00:00+00:00,14.0,4.391162872314453,6.0,4.599999904632568
2026-09-24 12:00:00+00:00,15.0,4.367075443267822,6.0,4.0
2026-09-24 13:00:00+00:00,16.0,4.3093695640563965,6.0,3.0
2026-09-24 14:00:00+00:00,17.0,4.251317024230957,6.0,3.6666667461395264
2026-09-24 15:00:00+00:00,18.0,3.5470871925354004,5.0,3.0
2026-09-24 16:00:00+00:00,19.0,2.8047783374786377,4.0,2.25
2026-09-24 17:00:00+00:00,20.0,1.4074269533157349,2.0,2.25
2026-09-24 18:00:00+00:00,21.0,1.2883400917053223,2.0,2.6666667461395264
2026-09-24 19:00:00+00:00,22.0,2.4460701942443848,4.0,3.3333332538604736
2026-09-24 20:00:00+00:00,23.0,2.9996941089630127,5.0,5.0
2026-09-24 21:00:00+00:00,24.0,2.969590663909912,5.0,3.75
2026-09-24 22:00:00+00:00,25.0,2.379279851913452,4.0,3.75
2026-09-24 00:00:00+00:00,3.0,7.370716571807861,12.0,6.333333492279053
2026-09-24 01:00:00+00:00,4.0,6.156689167022705,10.0,5.400000095367432
2026-09-24 02:00:00+00:00,5.0,5.537131309509277,9.0,4.5
2026-09-24 03:00:00+00:00,6.0,5.60556697845459,9.0,4.599999904632568
2026-09-24 04:00:00+00:00,7.0,5.696559429168701,9.0,4.666666507720947
2026-09-24 05:00:00+00:00,8.0,5.79654598236084,9.0,3.6666667461395264
2026-09-24 06:00:00+00:00,9.0,5.34202241897583,8.0,3.5
2026-09-24 07:00:00+00:00,10.0,5.458337783813477,8.0,4.0
2026-09-24 08:00:00+00:00,11.0,4.930800914764404,7.0,4.666666507720947
2026-09-24 09:00:00+00:00,12.0,5.012392520904541,7.0,4.400000095367432
2026-09-24 10:00:00+00:00,13.0,5.056801795959473,7.0,4.0
2026-09-24 11:00:00+00:00,14.0,4.411567687988281,6.0,4.599999904632568
2026-09-24 12:00:00+00:00,15.0,4.3827948570251465,6.0,4.0
2026-09-24 13:00:00+00:00,16.0,4.315159320831299,6.0,3.0
2026-09-24 14:00:00+00:00,17.0,4.256028175354004,6.0,3.6666667461395264
2026-09-24 15:00:00+00:00,18.0,3.5531222820281982,5.0,3.0
2026-09-24 16:00:00+00:00,19.0,2.817885160446167,4.0,2.25
2026-09-24 17:00:00+00:00,20.0,1.4150420427322388,2.0,2.25
2026-09-24 18:00:00+00:00,21.0,1.307299017906189,2.0,2.6666667461395264
2026-09-24 19:00:00+00:00,22.0,2.481489419937134,4.0,3.3333332538604736
2026-09-24 20:00:00+00:00,23.0,3.0427405834198,5.0,5.0
2026-09-24 21:00:00+00:00,24.0,3.010265588760376,5.0,3.75
2026-09-24 22:00:00+00:00,25.0,2.4108808040618896,4.0,3.75
2026-09-24 23:00:00+00:00,26.0,2.9313502311706543,5.0,6.400000095367432
2026-09-24 01:00:00+00:00,4.0,6.194660663604736,10.0,5.400000095367432
2026-09-24 02:00:00+00:00,5.0,5.577109336853027,9.0,4.5
2026-09-24 03:00:00+00:00,6.0,5.645517349243164,9.0,4.599999904632568
2026-09-24 04:00:00+00:00,7.0,5.734245300292969,9.0,4.666666507720947
2026-09-24 05:00:00+00:00,8.0,5.843164920806885,9.0,3.6666667461395264
2026-09-24 06:00:00+00:00,9.0,5.370884418487549,8.0,3.5
2026-09-24 07:00:00+00:00,10.0,5.4889607429504395,8.0,4.0
2026-09-24 08:00:00+00:00,11.0,4.951152324676514,7.0,4.666666507720947
2026-09-24 09:00:00+00:00,12.0,5.033139705657959,7.0,4.400000095367432
2026-09-24 10:00:00+00:00,13.0,5.074856758117676,7.0,4.0
2026-09-24 11:00:00+00:00,14.0,4.425702095031738,6.0,4.599999904632568
2026-09-24 12:00:00+00:00,15.0,4.397990703582764,6.0,4.0
2026-09-24 13:00:00+00:00,16.0,4.314326763153076,6.0,3.0
2026-09-24 14:00:00+00:00,17.0,4.258575916290283,6.0,3.6666667461395264
2026-09-24 15:00:00+00:00,18.0,3.5566229820251465,5.0,3.0
2026-09-24 16:00:00+00:00,19.0,2.8255977630615234,4.0,2.25
2026-09-24 17:00:00+00:00,20.0,1.4218007326126099,2.0,2.25
2026-09-24 18:00:00+00:00,21.0,1.320413589477539,2.0,2.6666667461395264
2026-09-24 19:00:00+00:00,22.0,2.507676839828491,4.0,3.3333332538604736
2026-09-24 20:00:00+00:00,23.0,3.072585344314575,5.0,5.0
2026-09-24 21:00:00+00:00,24.0,3.0371363162994385,5.0,3.75
2026-09-24 22:00:00+00:00,25.0,2.432258129119873,4.0,3.75
2026-09-24 23:00:00+00:00,26.0,2.9585678577423096,5.0,6.400000095367432
2026-09-25 00:00:00+00:00,27.0,3.5779314041137695,6.0,6.666666507720947
2026-09-24 02:00:00+00:00,5.0,5.575765132904053,9.0,4.5
2026-09-24 03:00:00+00:00,6.0,5.644842147827148,9.0,4.599999904632568
2026-09-24 04:00:00+00:00,7.0,5.738996505737305,9.0,4.666666507720947
2026-09-24 05:00:00+00:00,8.0,5.846185207366943,9.0,3.6666667461395264
2026-09-24 06:00:00+00:00,9.0,5.373091220855713,8.0,3.5
2026-09-24 07:00:00+00:00,10.0,5.490223407745361,8.0,4.0
2026-09-24 08:00:00+00:00,11.0,4.948495388031006,7.0,4.666666507720947
2026-09-24 09:00:00+00:00,12.0,5.028741359710693,7.0,4.400000095367432
2026-09-24 10:00:00+00:00,13.0,5.071069240570068,7.0,4.0
2026-09-24 11:00:00+00:00,14.0,4.420209884643555,6.0,4.599999904632568
2026-09-24 12:00:00+00:00,15.0,4.392308235168457,6.0,4.0
2026-09-24 13:00:00+00:00,16.0,4.304712772369385,6.0,3.0
2026-09-24 14:00:00+00:00,17.0,4.244348049163818,6.0,3.6666667461395264
2026-09-24 15:00:00+00:00,18.0,3.5424563884735107,5.0,3.0
2026-09-24 16:00:00+00:00,19.0,2.8161542415618896,4.0,2.25
2026-09-24 17:00:00+00:00,20.0,1.4208669662475586,2.0,2.25
2026-09-24 18:00:00+00:00,21.0,1.3174452781677246,2.0,2.6666667461395264
2026-09-24 19:00:00+00:00,22.0,2.501594066619873,4.0,3.3333332538604736
2026-09-24 20:00:00+00:00,23.0,3.065389633178711,5.0,5.0
2026-09-24 21:00:00+00:00,24.0,3.0268821716308594,5.0,3.75
2026-09-24 22:00:00+00:00,25.0,2.4246082305908203,4.0,3.75
2026-09-24 23:00:00+00:00,26.0,2.949913263320923,5.0,6.400000095367432
2026-09-25 00:00:00+00:00,27.0,3.567636489868164,6.0,6.666666507720947
2026-09-25 01:00:00+00:00,28.0,4.970240116119385,8.0,6.400000095367432
2026-09-24 03:00:00+00:00,6.0,5.623469829559326,9.0,4.599999904632568
2026-09-24 04:00:00+00:00,7.0,5.724159240722656,9.0,4.666666507720947
2026-09-24 05:00:00+00:00,8.0,5.829204559326172,9.0,3.6666667461395264
2026-09-24 06:00:00+00:00,9.0,5.365616798400879,8.0,3.5
2026-09-24 07:00:00+00:00,10.0,5.483612537384033,8.0,4.0
2026-09-24 08:00:00+00:00,11.0,4.932510852813721,7.0,4.666666507720947
2026-09-24 09:00:00+00:00,12.0,5.010246753692627,7.0,4.400000095367432
2026-09-24 10:00:00+00:00,13.0,5.05350399017334,7.0,4.0
2026-09-24 11:00:00+00:00,14.0,4.404423713684082,6.0,4.599999904632568
2026-09-24 12:00:00+00:00,15.0,4.3761186599731445,6.0,4.0
2026-09-24 13:00:00+00:00,16.0,4.286555290222168,6.0,3.0
2026-09-24 14:00:00+00:00,17.0,4.220438480377197,6.0,3.6666667461395264
2026-09-24 15:00:00+00:00,18.0,3.5221800804138184,5.0,3.0
2026-09-24 16:00:00+00:00,19.0,2.8019285202026367,4.0,2.25
2026-09-24 17:00:00+00:00,20.0,1.4148613214492798,2.0,2.25
2026-09-24 18:00:00+00:00,21.0,1.3052700757980347,2.0,2.6666667461395264
2026-09-24 19:00:00+00:00,22.0,2.47829532623291,4.0,3.3333332538604736
2026-09-24 20:00:00+00:00,23.0,3.0376949310302734,5.0,5.0
2026-09-24 21:00:00+00:00,24.0,2.998455047607422,5.0,3.75
2026-09-24 22:00:00+00:00,25.0,2.403524160385132,4.0,3.75
2026-09-24 23:00:00+00:00,26.0,2.920133113861084,5.0,6.400000095367432
2026-09-25 00:00:00+00:00,27.0,3.5309014320373535,6.0,6.666666507720947
2026-09-25 01:00:00+00:00,28.0,4.93335485458374,8.0,6.400000095367432
2026-09-25 02:00:00+00:00,29.0,4.4486985206604,7.0,5.0
2026-09-24 04:00:00+00:00,7.0,5.704223155975342,9.0,4.666666507720947
2026-09-24 05:00:00+00:00,8.0,5.808601379394531,9.0,3.6666667461395264
2026-09-24 06:00:00+00:00,9.0,5.353025436401367,8.0,3.5
2026-09-24 07:00:00+00:00,10.0,5.473145961761475,8.0,4.0
2026-09-24 08:00:00+00:00,11.0,4.920015811920166,7.0,4.666666507720947
2026-09-24 09:00:00+00:00,12.0,4.9949631690979,7.0,4.400000095367432
2026-09-24 10:00:00+00:00,13.0,5.03767204284668,7.0,4.0
2026-09-24 11:00:00+00:00,14.0,4.389439105987549,6.0,4.599999904632568
2026-09-24 12:00:00+00:00,15.0,4.361545562744141,6.0,4.0
2026-09-24 13:00:00+00:00,16.0,4.2690935134887695,6.0,3.0
2026-09-24 14:00:00+00:00,17.0,4.203813552856445,6.0,3.6666667461395264
2026-09-24 15:00:00+00:00,18.0,3.50636625289917,5.0,3.0
2026-09-24 16:00:00+00:00,19.0,2.7924249172210693,4.0,2.25
2026-09-24 17:00:00+00:00,20.0,1.4088925123214722,2.0,2.25
2026-09-24 18:00:00+00:00,21.0,1.2951711416244507,2.0,2.6666667461395264
2026-09-24 19:00:00+00:00,22.0,2.459660291671753,4.0,3.3333332538604736
2026-09-24 20:00:00+00:00,23.0,3.014436721801758,5.0,5.0
2026-09-24 21:00:00+00:00,24.0,2.9768013954162598,5.0,3.75
2026-09-24 22:00:00+00:00,25.0,2.385824203491211,4.0,3.75
2026-09-24 23:00:00+00:00,26.0,2.8957443237304688,5.0,6.400000095367432
2026-09-25 00:00:00+00:00,27.0,3.502366781234741,6.0,6.666666507720947
2026-09-25 01:00:00+00:00,28.0,4.900990009307861,8.0,6.400000095367432
2026-09-25 02:00:00+00:00,29.0,4.415831565856934,7.0,5.0
2026-09-25 03:00:00+00:00,30.0,3.920274019241333,6.0,2.6666667461395264
2026-09-24 05:00:00+00:00,8.0,5.7891693115234375,9.0,3.6666667461395264
2026-09-24 06:00:00+00:00,9.0,5.338249206542969,8.0,3.5
2026-09-24 07:00:00+00:00,10.0,5.463973045349121,8.0,4.0
2026-09-24 08:00:00+00:00,11.0,4.9154744148254395,7.0,4.666666507720947
2026-09-24 09:00:00+00:00,12.0,4.9855852127075195,7.0,4.400000095367432
2026-09-24 10:00:00+00:00,13.0,5.026104927062988,7.0,4.0
2026-09-24 11:00:00+00:00,14.0,4.378708839416504,6.0,4.599999904632568
2026-09-24 12:00:00+00:00,15.0,4.349434852600098,6.0,4.0
2026-09-24 13:00:00+00:00,16.0,4.257808208465576,6.0,3.0
2026-09-24 14:00:00+00:00,17.0,4.193739414215088,6.0,3.6666667461395264
2026-09-24 15:00:00+00:00,18.0,3.4985499382019043,5.0,3.0
2026-09-24 16:00:00+00:00,19.0,2.7848751544952393,4.0,2.25
2026-09-24 17:00:00+00:00,20.0,1.4048947095870972,2.0,2.25
2026-09-24 18:00:00+00:00,21.0,1.290191411972046,2.0,2.6666667461395264
2026-09-24 19:00:00+00:00,22.0,2.448679208755493,4.0,3.3333332538604736
2026-09-24 20:00:00+00:00,23.0,3.0006449222564697,5.0,5.0
2026-09-24 21:00:00+00:00,24.0,2.9638211727142334,5.0,3.75
2026-09-24 22:00:00+00:00,25.0,2.374803304672241,4.0,3.75
2026-09-24 23:00:00+00:00,26.0,2.879432201385498,5.0,6.400000095367432
2026-09-25 00:00:00+00:00,27.0,3.4836974143981934,6.0,6.666666507720947
2026-09-25 01:00:00+00:00,28.0,4.876712799072266,8.0,6.400000095367432
2026-09-25 02:00:00+00:00,29.0,4.393046855926514,7.0,5.0
2026-09-25 03:00:00+00:00,30.0,3.8945915699005127,6.0,2.6666667461395264
2026-09-25 04:00:00+00:00,31.0,3.3865597248077393,5.0,3.1666667461395264
2026-09-24 06:00:00+00:00,9.0,5.326196670532227,8.0,3.5
2026-09-24 07:00:00+00:00,10.0,5.455683708190918,8.0,4.0
2026-09-24 08:00:00+00:00,11.0,4.913515090942383,7.0,4.666666507720947
2026-09-24 09:00:00+00:00,12.0,4.979024410247803,7.0,4.400000095367432
2026-09-24 10:00:00+00:00,13.0,5.017649173736572,7.0,4.0
2026-09-24 11:00:00+00:00,14.0,4.367334365844727,6.0,4.599999904632568
2026-09-24 12:00:00+00:00,15.0,4.335451126098633,6.0,4.0
2026-09-24 13:00:00+00:00,16.0,4.248050212860107,6.0,3.0
2026-09-24 14:00:00+00:00,17.0,4.1842780113220215,6.0,3.6666667461395264
2026-09-24 15:00:00+00:00,18.0,3.492159843444824,5.0,3.0
2026-09-24 16:00:00+00:00,19.0,2.7771735191345215,4.0,2.25
2026-09-24 17:00:00+00:00,20.0,1.4013327360153198,2.0,2.25
2026-09-24 18:00:00+00:00,21.0,1.2872148752212524,2.0,2.6666667461395264
2026-09-24 19:00:00+00:00,22.0,2.4404525756835938,4.0,3.3333332538604736
2026-09-24 20:00:00+00:00,23.0,2.9907596111297607,5.0,5.0
2026-09-24 21:00:00+00:00,24.0,2.9527697563171387,5.0,3.75
2026-09-24 22:00:00+00:00,25.0,2.3607234954833984,4.0,3.75
2026-09-24 23:00:00+00:00,26.0,2.8597300052642822,5.0,6.400000095367432
2026-09-25 00:00:00+00:00,27.0,3.463031768798828,6.0,6.666666507720947
2026-09-25 01:00:00+00:00,28.0,4.85182523727417,8.0,6.400000095367432
2026-09-25 02:00:00+00:00,29.0,4.363430976867676,7.0,5.0
2026-09-25 03:00:00+00:00,30.0,3.859635353088379,6.0,2.6666667461395264
2026-09-25 04:00:00+00:00,31.0,3.355806589126587,5.0,3.1666667461395264
2026-09-25 05:00:00+00:00,32.0,3.399512529373169,5.0,3.0
2026-09-24 07:00:00+00:00,1.0,6.141523361206055,9.0,4.0
2026-09-24 08:00:00+00:00,2.0,4.980494022369385,7.0,4.666666507720947
2026-09-24 09:00:00+00:00,3.0,4.378024101257324,6.0,4.400000095367432
2026-09-24 10:00:00+00:00,4.0,4.41938591003418,6.0,4.0
2026-09-24 11:00:00+00:00,5.0,4.40702486038208,6.0,4.599999904632568
2026-09-24 12:00:00+00:00,6.0,4.368239402770996,6.0,4.0
2026-09-24 13:00:00+00:00,7.0,4.281412601470947,6.0,3.0
2026-09-24 14:00:00+00:00,8.0,3.5581722259521484,5.0,3.6666667461395264
2026-09-24 15:00:00+00:00,9.0,3.531538486480713,5.0,3.0
2026-09-24 16:00:00+00:00,10.0,2.789851188659668,4.0,2.25
2026-09-24 17:00:00+00:00,11.0,1.3897589445114136,2.0,2.25
2026-09-24 18:00:00+00:00,12.0,1.2703156471252441,2.0,2.6666667461395264
2026-09-24 19:00:00+00:00,13.0,2.389103889465332,4.0,3.3333332538604736
2026-09-24 20:00:00+00:00,14.0,2.347815990447998,4.0,5.0
2026-09-24 21:00:00+00:00,15.0,2.8794243335723877,5.0,3.75
2026-09-24 22:00:00+00:00,16.0,2.868781328201294,5.0,3.75
2026-09-24 23:00:00+00:00,17.0,3.39321231842041,6.0,6.400000095367432
2026-09-25 00:00:00+00:00,18.0,3.4943811893463135,6.0,6.666666507720947
2026-09-25 01:00:00+00:00,19.0,4.881192207336426,8.0,6.400000095367432
2026-09-25 02:00:00+00:00,20.0,4.370559215545654,7.0,5.0
2026-09-25 03:00:00+00:00,21.0,4.446746349334717,7.0,2.6666667461395264
2026-09-25 04:00:00+00:00,22.0,4.040896892547607,6.0,3.1666667461395264
2026-09-25 05:00:00+00:00,23.0,3.98809814453125,6.0,3.0
2026-09-25 06:00:00+00:00,24.0,3.559821844100952,5.0,4.666666507720947
2026-09-24 08:00:00+00:00,1.0,5.664848327636719,8.0,4.666666507720947
2026-09-24 09:00:00+00:00,2.0,5.079763889312744,7.0,4.400000095367432
2026-09-24 10:00:00+00:00,3.0,5.116445064544678,7.0,4.0
2026-09-24 11:00:00+00:00,4.0,4.4342803955078125,6.0,4.599999904632568
2026-09-24 12:00:00+00:00,5.0,4.385843276977539,6.0,4.0
2026-09-24 13:00:00+00:00,6.0,4.3048272132873535,6.0,3.0
2026-09-24 14:00:00+00:00,7.0,3.5585601329803467,5.0,3.6666667461395264
2026-09-24 15:00:00+00:00,8.0,3.50636887550354,5.0,3.0
2026-09-24 16:00:00+00:00,9.0,2.7874302864074707,4.0,2.25
2026-09-24 17:00:00+00:00,10.0,1.3868141174316406,2.0,2.25
2026-09-24 18:00:00+00:00,11.0,1.2826930284500122,2.0,2.6666667461395264
2026-09-24 19:00:00+00:00,12.0,2.4265024662017822,4.0,3.3333332538604736
2026-09-24 20:00:00+00:00,13.0,2.352818250656128,4.0,5.0
2026-09-24 21:00:00+00:00,14.0,2.8889126777648926,5.0,3.75
2026-09-24 22:00:00+00:00,15.0,2.3453586101531982,4.0,3.75
2026-09-24 23:00:00+00:00,16.0,3.4534809589385986,6.0,6.400000095367432
2026-09-25 00:00:00+00:00,17.0,3.509798049926758,6.0,6.666666507720947
2026-09-25 01:00:00+00:00,18.0,4.892861366271973,8.0,6.400000095367432
2026-09-25 02:00:00+00:00,19.0,4.365893840789795,7.0,5.0
2026-09-25 03:00:00+00:00,20.0,5.145941734313965,8.0,2.6666667461395264
2026-09-25 04:00:00+00:00,21.0,4.700827598571777,7.0,3.1666667461395264
2026-09-25 05:00:00+00:00,22.0,3.4456992149353027,5.0,3.0
2026-09-25 06:00:00+00:00,23.0,3.4987120628356934,5.0,4.666666507720947
2026-09-25 07:00:00+00:00,24.0,3.7511680126190186,5.0,2.6666667461395264
2026-09-24 09:00:00+00:00,1.0,5.046536445617676,7.0,4.400000095367432
2026-09-24 10:00:00+00:00,2.0,4.40861701965332,6.0,4.0
2026-09-24 11:00:00+00:00,3.0,4.398908615112305,6.0,4.599999904632568
2026-09-24 12:00:00+00:00,4.0,4.356313705444336,6.0,4.0
2026-09-24 13:00:00+00:00,5.0,4.280952453613281,6.0,3.0
2026-09-24 14:00:00+00:00,6.0,3.5373446941375732,5.0,3.6666667461395264
2026-09-24 15:00:00+00:00,7.0,3.458543062210083,5.0,3.0
2026-09-24 16:00:00+00:00,8.0,2.0625927448272705,3.0,2.25
2026-09-24 17:00:00+00:00,9.0,1.3329282999038696,2.0,2.25
2026-09-24 18:00:00+00:00,10.0,1.8681929111480713,3.0,2.6666667461395264
2026-09-24 19:00:00+00:00,11.0,2.971597909927368,5.0,3.3333332538604736
2026-09-24 20:00:00+00:00,12.0,2.8894851207733154,5.0,5.0
2026-09-24 21:00:00+00:00,13.0,2.8338377475738525,5.0,3.75
2026-09-24 22:00:00+00:00,14.0,2.3009095191955566,4.0,3.75
2026-09-24 23:00:00+00:00,15.0,3.38896107673645,6.0,6.400000095367432
2026-09-25 00:00:00+00:00,16.0,3.44503116607666,6.0,6.666666507720947
2026-09-25 01:00:00+00:00,17.0,4.804952144622803,8.0,6.400000095367432
2026-09-25 02:00:00+00:00,18.0,4.289119243621826,7.0,5.0
2026-09-25 03:00:00+00:00,19.0,5.053116321563721,8.0,2.6666667461395264
2026-09-25 04:00:00+00:00,20.0,3.9729795455932617,6.0,3.1666667461395264
2026-09-25 05:00:00+00:00,21.0,3.3396804332733154,5.0,3.0
2026-09-25 06:00:00+00:00,22.0,3.4707839488983154,5.0,4.666666507720947
2026-09-25 07:00:00+00:00,23.0,3.683534860610962,5.0,2.6666667461395264
2026-09-25 08:00:00+00:00,24.0,4.83289098739624,6.0,5.5
2026-09-24 10:00:00+00:00,1.0,3.6890387535095215,5.0,4.0
2026-09-24 11:00:00+00:00,2.0,4.350854396820068,6.0,4.599999904632568
2026-09-24 12:00:00+00:00,3.0,4.31069803237915,6.0,4.0
2026-09-24 13:00:00+00:00,4.0,4.254143714904785,6.0,3.0
2026-09-24 14:00:00+00:00,5.0,4.221842288970947,6.0,3.6666667461395264
2026-09-24 15:00:00+00:00,6.0,3.4747002124786377,5.0,3.0
2026-09-24 16:00:00+00:00,7.0,2.0431878566741943,3.0,2.25
2026-09-24 17:00:00+00:00,8.0,1.3651608228683472,2.0,2.25
2026-09-24 18:00:00+00:00,9.0,0.6505929231643677,1.0,2.6666667461395264
2026-09-24 19:00:00+00:00,10.0,2.2947728633880615,4.0,3.3333332538604736
2026-09-24 20:00:00+00:00,11.0,2.85262393951416,5.0,5.0
2026-09-24 21:00:00+00:00,12.0,2.769367218017578,5.0,3.75
2026-09-24 22:00:00+00:00,13.0,2.221954822540283,4.0,3.75
2026-09-24 23:00:00+00:00,14.0,3.32421875,6.0,6.400000095367432
2026-09-25 00:00:00+00:00,15.0,3.935415744781494,7.0,6.666666507720947
2026-09-25 01:00:00+00:00,16.0,4.032830715179443,7.0,6.400000095367432
2026-09-25 02:00:00+00:00,17.0,4.720826148986816,8.0,5.0
2026-09-25 03:00:00+00:00,18.0,4.306317329406738,7.0,2.6666667461395264
2026-09-25 04:00:00+00:00,19.0,4.430178642272949,7.0,3.1666667461395264
2026-09-25 05:00:00+00:00,20.0,3.9417879581451416,6.0,3.0
2026-09-25 06:00:00+00:00,21.0,3.367293119430542,5.0,4.666666507720947
2026-09-25 07:00:00+00:00,22.0,3.5695102214813232,5.0,2.6666667461395264
2026-09-25 08:00:00+00:00,23.0,4.61822509765625,6.0,5.5
2026-09-25 09:00:00+00:00,24.0,5.906300067901611,7.0,6.5
2026-09-24 11:00:00+00:00,1.0,4.332720756530762,6.0,4.599999904632568
2026-09-24 12:00:00+00:00,2.0,4.3031229972839355,6.0,4.0
2026-09-24 13:00:00+00:00,3.0,4.242005825042725,6.0,3.0
2026-09-24 14:00:00+00:00,4.0,3.5107579231262207,5.0,3.6666667461395264
2026-09-24 15:00:00+00:00,5.0,2.7569761276245117,4.0,3.0
2026-09-24 16:00:00+00:00,6.0,2.0105786323547363,3.0,2.25
2026-09-24 17:00:00+00:00,7.0,0.6857536435127258,1.0,2.25
2026-09-24 18:00:00+00:00,8.0,1.2190722227096558,2.0,2.6666667461395264
2026-09-24 19:00:00+00:00,9.0,2.2797489166259766,4.0,3.3333332538604736
2026-09-24 20:00:00+00:00,10.0,2.768477201461792,5.0,5.0
2026-09-24 21:00:00+00:00,11.0,3.2633144855499268,6.0,3.75
2026-09-24 22:00:00+00:00,12.0,2.2012202739715576,4.0,3.75
2026-09-24 23:00:00+00:00,13.0,2.6951513290405273,5.0,6.400000095367432
2026-09-25 00:00:00+00:00,14.0,3.9294679164886475,7.0,6.666666507720947
2026-09-25 01:00:00+00:00,15.0,3.9495604038238525,7.0,6.400000095367432
2026-09-25 02:00:00+00:00,16.0,4.000350475311279,7.0,5.0
2026-09-25 03:00:00+00:00,17.0,4.145716190338135,7.0,2.6666667461395264
2026-09-25 04:00:00+00:00,18.0,4.311662197113037,7.0,3.1666667461395264
2026-09-25 05:00:00+00:00,19.0,3.789123773574829,6.0,3.0
2026-09-25 06:00:00+00:00,20.0,3.901154041290283,6.0,4.666666507720947
2026-09-25 07:00:00+00:00,21.0,2.8444676399230957,4.0,2.6666667461395264
2026-09-25 08:00:00+00:00,22.0,3.7789368629455566,5.0,5.5
2026-09-25 09:00:00+00:00,23.0,4.932694435119629,6.0,6.5
2026-09-25 10:00:00+00:00,24.0,5.185090065002441,6.0,5.0
2026-09-24 12:00:00+00:00,1.0,4.298955917358398,6.0,4.0
2026-09-24 13:00:00+00:00,2.0,4.240207672119141,6.0,3.0
2026-09-24 14:00:00+00:00,3.0,4.139408111572266,6.0,3.6666667461395264
2026-09-24 15:00:00+00:00,4.0,3.364058256149292,5.0,3.0
2026-09-24 16:00:00+00:00,5.0,2.006988048553467,3.0,2.25
2026-09-24 17:00:00+00:00,6.0,1.2938042879104614,2.0,2.25
2026-09-24 18:00:00+00:00,7.0,1.7973287105560303,3.0,2.6666667461395264
2026-09-24 19:00:00+00:00,8.0,2.263887405395508,4.0,3.3333332538604736
2026-09-24 20:00:00+00:00,9.0,2.7837910652160645,5.0,5.0
2026-09-24 21:00:00+00:00,10.0,2.7132904529571533,5.0,3.75
2026-09-24 22:00:00+00:00,11.0,2.1756951808929443,4.0,3.75
2026-09-24 23:00:00+00:00,12.0,2.6773345470428467,5.0,6.400000095367432
2026-09-25 00:00:00+00:00,13.0,3.8888535499572754,7.0,6.666666507720947
2026-09-25 01:00:00+00:00,14.0,3.9139039516448975,7.0,6.400000095367432
2026-09-25 02:00:00+00:00,15.0,4.01757287979126,7.0,5.0
2026-09-25 03:00:00+00:00,16.0,4.168517112731934,7.0,2.6666667461395264
2026-09-25 04:00:00+00:00,17.0,3.6787331104278564,6.0,3.1666667461395264
2026-09-25 05:00:00+00:00,18.0,3.156722068786621,5.0,3.0
2026-09-25 06:00:00+00:00,19.0,3.276658773422241,5.0,4.666666507720947
2026-09-25 07:00:00+00:00,20.0,3.5006446838378906,5.0,2.6666667461395264
2026-09-25 08:00:00+00:00,21.0,4.580440998077393,6.0,5.5
2026-09-25 09:00:00+00:00,22.0,4.989378452301025,6.0,6.5
2026-09-25 10:00:00+00:00,23.0,5.206088542938232,6.0,5.0
2026-09-25 11:00:00+00:00,24.0,5.188060283660889,6.0,7.333333492279053
2026-09-24 13:00:00+00:00,1.0,4.228723526000977,6.0,3.0
2026-09-24 14:00:00+00:00,2.0,4.152795314788818,6.0,3.6666667461395264
2026-09-24 15:00:00+00:00,3.0,3.3787920475006104,5.0,3.0
2026-09-24 16:00:00+00:00,4.0,1.9810172319412231,3.0,2.25
2026-09-24 17:00:00+00:00,5.0,1.9316667318344116,3.0,2.25
2026-09-24 18:00:00+00:00,6.0,1.7711060047149658,3.0,2.6666667461395264
2026-09-24 19:00:00+00:00,7.0,1.6957827806472778,3.0,3.3333332538604736
2026-09-24 20:00:00+00:00,8.0,2.169478416442871,4.0,5.0
2026-09-24 21:00:00+00:00,9.0,2.655327081680298,5.0,3.75
2026-09-24 22:00:00+00:00,10.0,2.1134114265441895,4.0,3.75
2026-09-24 23:00:00+00:00,11.0,2.609760046005249,5.0,6.400000095367432
2026-09-25 00:00:00+00:00,12.0,3.2546286582946777,6.0,6.666666507720947
2026-09-25 01:00:00+00:00,13.0,3.892519474029541,7.0,6.400000095367432
2026-09-25 02:00:00+00:00,14.0,3.967623233795166,7.0,5.0
2026-09-25 03:00:00+00:00,15.0,4.120437145233154,7.0,2.6666667461395264
2026-09-25 04:00:00+00:00,16.0,4.309476375579834,7.0,3.1666667461395264
2026-09-25 05:00:00+00:00,17.0,3.7755768299102783,6.0,3.0
2026-09-25 06:00:00+00:00,18.0,3.2152063846588135,5.0,4.666666507720947
2026-09-25 07:00:00+00:00,19.0,3.4111008644104004,5.0,2.6666667461395264
2026-09-25 08:00:00+00:00,20.0,3.73734974861145,5.0,5.5
2026-09-25 09:00:00+00:00,21.0,5.631546974182129,7.0,6.5
2026-09-25 10:00:00+00:00,22.0,5.2161993980407715,6.0,5.0
2026-09-25 11:00:00+00:00,23.0,5.247939109802246,6.0,7.333333492279053
2026-09-25 12:00:00+00:00,24.0,6.081201553344727,7.0,8.0
2026-09-24 14:00:00+00:00,1.0,4.169591426849365,6.0,3.6666667461395264
2026-09-24 15:00:00+00:00,2.0,3.392087697982788,5.0,3.0
2026-09-24 16:00:00+00:00,3.0,2.584780216217041,4.0,2.25
2026-09-24 17:00:00+00:00,4.0,1.277883529663086,2.0,2.25
2026-09-24 18:00:00+00:00,5.0,2.3380534648895264,4.0,2.6666667461395264
2026-09-24 19:00:00+00:00,6.0,2.816927433013916,5.0,3.3333332538604736
2026-09-24 20:00:00+00:00,7.0,2.7390570640563965,5.0,5.0
2026-09-24 21:00:00+00:00,8.0,2.140097141265869,4.0,3.75
2026-09-24 22:00:00+00:00,9.0,2.674865961074829,5.0,3.75
2026-09-24 23:00:00+00:00,10.0,3.2273666858673096,6.0,6.400000095367432
2026-09-25 00:00:00+00:00,11.0,3.864877939224243,7.0,6.666666507720947
2026-09-25 01:00:00+00:00,12.0,3.8868229389190674,7.0,6.400000095367432
2026-09-25 02:00:00+00:00,13.0,4.559253215789795,8.0,5.0
2026-09-25 03:00:00+00:00,14.0,4.801482677459717,8.0,2.6666667461395264
2026-09-25 04:00:00+00:00,15.0,4.321321487426758,7.0,3.1666667461395264
2026-09-25 05:00:00+00:00,16.0,3.240281820297241,5.0,3.0
2026-09-25 06:00:00+00:00,17.0,3.2066075801849365,5.0,4.666666507720947
2026-09-25 07:00:00+00:00,18.0,2.8237173557281494,4.0,2.6666667461395264
2026-09-25 08:00:00+00:00,19.0,4.549053192138672,6.0,5.5
2026-09-25 09:00:00+00:00,20.0,5.686286926269531,7.0,6.5
2026-09-25 10:00:00+00:00,21.0,5.206088542938232,6.0,5.0
2026-09-25 11:00:00+00:00,22.0,6.066228866577148,7.0,7.333333492279053
2026-09-25 12:00:00+00:00,23.0,6.10300874710083,7.0,8.0
2026-09-25 13:00:00+00:00,24.0,6.091901779174805,7.0,8.0
2026-09-24 15:00:00+00:00,1.0,3.967849016189575,6.0,3.0
2026-09-24 16:00:00+00:00,2.0,2.587378978729248,4.0,2.25
2026-09-24 17:00:00+00:00,3.0,1.8771963119506836,3.0,2.25
2026-09-24 18:00:00+00:00,4.0,2.3597424030303955,4.0,2.6666667461395264
2026-09-24 19:00:00+00:00,5.0,2.2617034912109375,4.0,3.3333332538604736
2026-09-24 20:00:00+00:00,6.0,2.7337682247161865,5.0,5.0
2026-09-24 21:00:00+00:00,7.0,2.6630866527557373,5.0,3.75
2026-09-24 22:00:00+00:00,8.0,2.14969801902771,4.0,3.75
2026-09-24 23:00:00+00:00,9.0,2.645034074783325,5.0,6.400000095367432
2026-09-25 00:00:00+00:00,10.0,3.8103506565093994,7.0,6.666666507720947
2026-09-25 01:00:00+00:00,11.0,3.929015874862671,7.0,6.400000095367432
2026-09-25 02:00:00+00:00,12.0,4.548695087432861,8.0,5.0
2026-09-25 03:00:00+00:00,13.0,4.1297430992126465,7.0,2.6666667461395264
2026-09-25 04:00:00+00:00,14.0,4.3341264724731445,7.0,3.1666667461395264
2026-09-25 05:00:00+00:00,15.0,3.8283939361572266,6.0,3.0
2026-09-25 06:00:00+00:00,16.0,3.867905378341675,6.0,4.666666507720947
2026-09-25 07:00:00+00:00,17.0,2.877105712890625,4.0,2.6666667461395264
2026-09-25 08:00:00+00:00,18.0,4.615056037902832,6.0,5.5
2026-09-25 09:00:00+00:00,19.0,5.785068511962891,7.0,6.5
2026-09-25 10:00:00+00:00,20.0,5.328434467315674,6.0,5.0
2026-09-25 11:00:00+00:00,21.0,5.30012845993042,6.0,7.333333492279053
2026-09-25 12:00:00+00:00,22.0,5.442274570465088,6.0,8.0
2026-09-25 13:00:00+00:00,23.0,6.155635356903076,7.0,8.0
2026-09-25 14:00:00+00:00,24.0,4.536404132843018,5.0,7.666666507720947
2026-09-24 16:00:00+00:00,1.0,2.6939220428466797,4.0,2.25
2026-09-24 17:00:00+00:00,2.0,2.5249810218811035,4.0,2.25
2026-09-24 18:00:00+00:00,3.0,1.7353754043579102,3.0,2.6666667461395264
2026-09-24 19:00:00+00:00,4.0,2.175121784210205,4.0,3.3333332538604736
2026-09-24 20:00:00+00:00,5.0,2.142634391784668,4.0,5.0
2026-09-24 21:00:00+00:00,6.0,2.6179728507995605,5.0,3.75
2026-09-24 22:00:00+00:00,7.0,2.1292858123779297,4.0,3.75
2026-09-24 23:00:00+00:00,8.0,2.598410129547119,5.0,6.400000095367432
2026-09-25 00:00:00+00:00,9.0,3.1562108993530273,6.0,6.666666507720947
2026-09-25 01:00:00+00:00,10.0,3.7585015296936035,7.0,6.400000095367432
2026-09-25 02:00:00+00:00,11.0,3.8979928493499756,7.0,5.0
2026-09-25 03:00:00+00:00,12.0,4.014692783355713,7.0,2.6666667461395264
2026-09-25 04:00:00+00:00,13.0,3.603299617767334,6.0,3.1666667461395264
2026-09-25 05:00:00+00:00,14.0,3.6797733306884766,6.0,3.0
2026-09-25 06:00:00+00:00,15.0,3.143439769744873,5.0,4.666666507720947
2026-09-25 07:00:00+00:00,16.0,3.402341365814209,5.0,2.6666667461395264
2026-09-25 08:00:00+00:00,17.0,4.572563171386719,6.0,5.5
2026-09-25 09:00:00+00:00,18.0,5.869760990142822,7.0,6.5
2026-09-25 10:00:00+00:00,19.0,6.15309476852417,7.0,5.0
2026-09-25 11:00:00+00:00,20.0,6.070377349853516,7.0,7.333333492279053
2026-09-25 12:00:00+00:00,21.0,5.587591648101807,6.0,8.0
2026-09-25 13:00:00+00:00,22.0,6.254883766174316,7.0,8.0
2026-09-25 14:00:00+00:00,23.0,5.348628044128418,6.0,7.666666507720947
2026-09-25 15:00:00+00:00,24.0,5.035612106323242,6.0,6.0
2026-09-24 17:00:00+00:00,1.0,1.8331482410430908,3.0,2.25
2026-09-24 18:00:00+00:00,2.0,2.2599000930786133,4.0,2.6666667461395264
2026-09-24 19:00:00+00:00,3.0,2.1792795658111572,4.0,3.3333332538604736
2026-09-24 20:00:00+00:00,4.0,2.1310184001922607,4.0,5.0
2026-09-24 21:00:00+00:00,5.0,2.0343539714813232,4.0,3.75
2026-09-24 22:00:00+00:00,6.0,2.609755039215088,5.0,3.75
2026-09-24 23:00:00+00:00,7.0,3.123018980026245,6.0,6.400000095367432
2026-09-25 00:00:00+00:00,8.0,3.1698217391967773,6.0,6.666666507720947
2026-09-25 01:00:00+00:00,9.0,3.7619431018829346,7.0,6.400000095367432
2026-09-25 02:00:00+00:00,10.0,3.8140292167663574,7.0,5.0
2026-09-25 03:00:00+00:00,11.0,3.9820899963378906,7.0,2.6666667461395264
2026-09-25 04:00:00+00:00,12.0,4.2656636238098145,7.0,3.1666667461395264
2026-09-25 05:00:00+00:00,13.0,3.7807822227478027,6.0,3.0
2026-09-25 06:00:00+00:00,14.0,3.191195011138916,5.0,4.666666507720947
2026-09-25 07:00:00+00:00,15.0,3.428405523300171,5.0,2.6666667461395264
2026-09-25 08:00:00+00:00,16.0,4.466686725616455,6.0,5.5
2026-09-25 09:00:00+00:00,17.0,5.803411483764648,7.0,6.5
2026-09-25 10:00:00+00:00,18.0,5.306427478790283,6.0,5.0
2026-09-25 11:00:00+00:00,19.0,6.005309581756592,7.0,7.333333492279053
2026-09-25 12:00:00+00:00,20.0,6.230594635009766,7.0,8.0
2026-09-25 13:00:00+00:00,21.0,6.248861789703369,7.0,8.0
2026-09-25 14:00:00+00:00,22.0,5.975690841674805,7.0,7.666666507720947
2026-09-25 15:00:00+00:00,23.0,4.9934821128845215,6.0,6.0
2026-09-25 16:00:00+00:00,24.0,3.83420991897583,5.0,4.400000095367432
2026-09-24 18:00:00+00:00,1.0,2.2084717750549316,4.0,2.6666667461395264
2026-09-24 19:00:00+00:00,2.0,2.1364657878875732,4.0,3.3333332538604736
2026-09-24 20:00:00+00:00,3.0,2.622077226638794,5.0,5.0
2026-09-24 21:00:00+00:00,4.0,2.5554325580596924,5.0,3.75
2026-09-24 22:00:00+00:00,5.0,2.5601494312286377,5.0,3.75
2026-09-24 23:00:00+00:00,6.0,2.5262160301208496,5.0,6.400000095367432
2026-09-25 00:00:00+00:00,7.0,3.1025755405426025,6.0,6.666666507720947
2026-09-25 01:00:00+00:00,8.0,3.6978230476379395,7.0,6.400000095367432
2026-09-25 02:00:00+00:00,9.0,3.248040199279785,6.0,5.0
2026-09-25 03:00:00+00:00,10.0,3.9257922172546387,7.0,2.6666667461395264
2026-09-25 04:00:00+00:00,11.0,3.553083896636963,6.0,3.1666667461395264
2026-09-25 05:00:00+00:00,12.0,3.5772595405578613,6.0,3.0
2026-09-25 06:00:00+00:00,13.0,3.0126171112060547,5.0,4.666666507720947
2026-09-25 07:00:00+00:00,14.0,2.6730122566223145,4.0,2.6666667461395264
2026-09-25 08:00:00+00:00,15.0,4.316220283508301,6.0,5.5
2026-09-25 09:00:00+00:00,16.0,6.232059478759766,8.0,6.5
2026-09-25 10:00:00+00:00,17.0,5.843939781188965,7.0,5.0
2026-09-25 11:00:00+00:00,18.0,5.879958629608154,7.0,7.333333492279053
2026-09-25 12:00:00+00:00,19.0,6.821552753448486,8.0,8.0
2026-09-25 13:00:00+00:00,20.0,6.095216751098633,7.0,8.0
2026-09-25 14:00:00+00:00,21.0,5.149515628814697,6.0,7.666666507720947
2026-09-25 15:00:00+00:00,22.0,3.233739137649536,4.0,6.0
2026-09-25 16:00:00+00:00,23.0,0.8795958161354065,1.0,4.400000095367432
2026-09-25 17:00:00+00:00,24.0,0.6744956374168396,1.0,3.0
2026-09-24 19:00:00+00:00,1.0,2.0311176776885986,4.0,3.3333332538604736
2026-09-24 20:00:00+00:00,2.0,2.4962687492370605,5.0,5.0
2026-09-24 21:00:00+00:00,3.0,2.460552215576172,5.0,3.75
2026-09-24 22:00:00+00:00,4.0,1.9808709621429443,4.0,3.75
2026-09-24 23:00:00+00:00,5.0,2.915477991104126,6.0,6.400000095367432
2026-09-25 00:00:00+00:00,6.0,2.9911558628082275,6.0,6.666666507720947
2026-09-25 01:00:00+00:00,7.0,3.567502498626709,7.0,6.400000095367432
2026-09-25 02:00:00+00:00,8.0,3.1128218173980713,6.0,5.0
2026-09-25 03:00:00+00:00,9.0,3.7208175659179688,7.0,2.6666667461395264
2026-09-25 04:00:00+00:00,10.0,3.9015934467315674,7.0,3.1666667461395264
2026-09-25 05:00:00+00:00,11.0,3.450632333755493,6.0,3.0
2026-09-25 06:00:00+00:00,12.0,2.8715107440948486,5.0,4.666666507720947
2026-09-25 07:00:00+00:00,13.0,2.537342071533203,4.0,2.6666667461395264
2026-09-25 08:00:00+00:00,14.0,3.5055034160614014,5.0,5.5
2026-09-25 09:00:00+00:00,15.0,5.382133960723877,7.0,6.5
2026-09-25 10:00:00+00:00,16.0,5.572033405303955,7.0,5.0
2026-09-25 11:00:00+00:00,17.0,5.102154731750488,6.0,7.333333492279053
2026-09-25 12:00:00+00:00,18.0,5.902612209320068,7.0,8.0
2026-09-25 13:00:00+00:00,19.0,6.017394542694092,7.0,8.0
2026-09-25 14:00:00+00:00,20.0,5.017496585845947,6.0,7.666666507720947
2026-09-25 15:00:00+00:00,21.0,4.800371170043945,6.0,6.0
2026-09-25 16:00:00+00:00,22.0,3.7451698780059814,5.0,4.400000095367432
2026-09-25 17:00:00+00:00,23.0,1.9444798231124878,3.0,3.0
2026-09-25 18:00:00+00:00,24.0,2.2212560176849365,4.0,2.200000047683716
2026-09-24 20:00:00+00:00,1.0,2.4001009464263916,5.0,5.0
2026-09-24 21:00:00+00:00,2.0,2.3884434700012207,5.0,3.75
2026-09-24 22:00:00+00:00,3.0,2.3530771732330322,5.0,3.75
2026-09-24 23:00:00+00:00,4.0,2.8147971630096436,6.0,6.400000095367432
2026-09-25 00:00:00+00:00,5.0,3.3482232093811035,7.0,6.666666507720947
2026-09-25 01:00:00+00:00,6.0,2.8776066303253174,6.0,6.400000095367432
2026-09-25 02:00:00+00:00,7.0,3.4115383625030518,7.0,5.0
2026-09-25 03:00:00+00:00,8.0,4.099251747131348,8.0,2.6666667461395264
2026-09-25 04:00:00+00:00,9.0,3.7215230464935303,7.0,3.1666667461395264
2026-09-25 05:00:00+00:00,10.0,3.266909122467041,6.0,3.0
2026-09-25 06:00:00+00:00,11.0,2.778207302093506,5.0,4.666666507720947
2026-09-25 07:00:00+00:00,12.0,2.9004127979278564,5.0,2.6666667461395264
2026-09-25 08:00:00+00:00,13.0,3.800530433654785,6.0,5.5
2026-09-25 09:00:00+00:00,14.0,4.284246921539307,6.0,6.5
2026-09-25 10:00:00+00:00,15.0,4.551528453826904,6.0,5.0
2026-09-25 11:00:00+00:00,16.0,4.69730281829834,6.0,7.333333492279053
2026-09-25 12:00:00+00:00,17.0,5.575281620025635,7.0,8.0
2026-09-25 13:00:00+00:00,18.0,5.668320655822754,7.0,8.0
2026-09-25 14:00:00+00:00,19.0,4.723601341247559,6.0,7.666666507720947
2026-09-25 15:00:00+00:00,20.0,3.7963030338287354,5.0,6.0
2026-09-25 16:00:00+00:00,21.0,3.428884267807007,5.0,4.400000095367432
2026-09-25 17:00:00+00:00,22.0,1.7771759033203125,3.0,3.0
2026-09-25 18:00:00+00:00,23.0,2.0892322063446045,4.0,2.200000047683716
2026-09-25 19:00:00+00:00,24.0,3.049373149871826,6.0,2.0
2026-09-24 21:00:00+00:00,1.0,2.741558790206909,6.0,3.75
2026-09-24 22:00:00+00:00,2.0,1.8694491386413574,4.0,3.75
2026-09-24 23:00:00+00:00,3.0,2.692347288131714,6.0,6.400000095367432
2026-09-25 00:00:00+00:00,4.0,2.7504074573516846,6.0,6.666666507720947
2026-09-25 01:00:00+00:00,5.0,2.770317316055298,6.0,6.400000095367432
2026-09-25 02:00:00+00:00,6.0,2.827230215072632,6.0,5.0
2026-09-25 03:00:00+00:00,7.0,3.415231466293335,7.0,2.6666667461395264
2026-09-25 04:00:00+00:00,8.0,3.0269827842712402,6.0,3.1666667461395264
2026-09-25 05:00:00+00:00,9.0,3.072296380996704,6.0,3.0
2026-09-25 06:00:00+00:00,10.0,2.6390292644500732,5.0,4.666666507720947
2026-09-25 07:00:00+00:00,11.0,2.2768044471740723,4.0,2.6666667461395264
2026-09-25 08:00:00+00:00,12.0,3.0879321098327637,5.0,5.5
2026-09-25 09:00:00+00:00,13.0,4.782398700714111,7.0,6.5
2026-09-25 10:00:00+00:00,14.0,4.960263729095459,7.0,5.0
2026-09-25 11:00:00+00:00,15.0,5.299767971038818,7.0,7.333333492279053
2026-09-25 12:00:00+00:00,16.0,5.4489288330078125,7.0,8.0
2026-09-25 13:00:00+00:00,17.0,5.556049823760986,7.0,8.0
2026-09-25 14:00:00+00:00,18.0,4.648758411407471,6.0,7.666666507720947
2026-09-25 15:00:00+00:00,19.0,2.7471747398376465,4.0,6.0
2026-09-25 16:00:00+00:00,20.0,1.4087132215499878,2.0,4.400000095367432
2026-09-25 17:00:00+00:00,21.0,0.659852921962738,1.0,3.0
2026-09-25 18:00:00+00:00,22.0,2.0384092330932617,4.0,2.200000047683716
2026-09-25 19:00:00+00:00,23.0,2.44321346282959,5.0,2.0
2026-09-25 20:00:00+00:00,24.0,2.344190835952759,5.0,3.25
2026-09-24 22:00:00+00:00,1.0,2.2397780418395996,5.0,3.75
2026-09-24 23:00:00+00:00,2.0,2.6855478286743164,6.0,6.400000095367432
2026-09-25 00:00:00+00:00,3.0,3.1715567111968994,7.0,6.666666507720947
2026-09-25 01:00:00+00:00,4.0,2.7348744869232178,6.0,6.400000095367432
2026-09-25 02:00:00+00:00,5.0,2.738845109939575,6.0,5.0
2026-09-25 03:00:00+00:00,6.0,2.851801872253418,6.0,2.6666667461395264
2026-09-25 04:00:00+00:00,7.0,2.9557180404663086,6.0,3.1666667461395264
2026-09-25 05:00:00+00:00,8.0,3.0189640522003174,6.0,3.0
2026-09-25 06:00:00+00:00,9.0,2.6032328605651855,5.0,4.666666507720947
2026-09-25 07:00:00+00:00,10.0,2.2364158630371094,4.0,2.6666667461395264
2026-09-25 08:00:00+00:00,11.0,3.0821897983551025,5.0,5.5
2026-09-25 09:00:00+00:00,12.0,4.189491271972656,6.0,6.5
2026-09-25 10:00:00+00:00,13.0,4.307065486907959,6.0,5.0
2026-09-25 11:00:00+00:00,14.0,5.112991809844971,7.0,7.333333492279053
2026-09-25 12:00:00+00:00,15.0,5.394154071807861,7.0,8.0
2026-09-25 13:00:00+00:00,16.0,5.451330184936523,7.0,8.0
2026-09-25 14:00:00+00:00,17.0,4.622028350830078,6.0,7.666666507720947
2026-09-25 15:00:00+00:00,18.0,4.367794990539551,6.0,6.0
2026-09-25 16:00:00+00:00,19.0,2.7737152576446533,4.0,4.400000095367432
2026-09-25 17:00:00+00:00,20.0,0.6105367541313171,1.0,3.0
2026-09-25 18:00:00+00:00,21.0,2.496840000152588,5.0,2.200000047683716
2026-09-25 19:00:00+00:00,22.0,2.3714959621429443,5.0,2.0
2026-09-25 20:00:00+00:00,23.0,2.3093905448913574,5.0,3.25
2026-09-25 21:00:00+00:00,24.0,3.3292202949523926,7.0,2.8333332538604736
2026-09-24 23:00:00+00:00,2.0,2.6420786380767822,6.0,6.400000095367432
2026-09-25 00:00:00+00:00,3.0,3.1230571269989014,7.0,6.666666507720947
2026-09-25 01:00:00+00:00,4.0,2.6911025047302246,6.0,6.400000095367432
2026-09-25 02:00:00+00:00,5.0,2.697568416595459,6.0,5.0
2026-09-25 03:00:00+00:00,6.0,2.8184502124786377,6.0,2.6666667461395264
2026-09-25 04:00:00+00:00,7.0,2.9275949001312256,6.0,3.1666667461395264
2026-09-25 05:00:00+00:00,8.0,2.9944071769714355,6.0,3.0
2026-09-25 06:00:00+00:00,9.0,2.5812625885009766,5.0,4.666666507720947
2026-09-25 07:00:00+00:00,10.0,2.2193286418914795,4.0,2.6666667461395264
2026-09-25 08:00:00+00:00,11.0,3.0663630962371826,5.0,5.5
2026-09-25 09:00:00+00:00,12.0,4.1744256019592285,6.0,6.5
2026-09-25 10:00:00+00:00,13.0,4.297382354736328,6.0,5.0
2026-09-25 11:00:00+00:00,14.0,5.098786354064941,7.0,7.333333492279053
2026-09-25 12:00:00+00:00,15.0,5.3834147453308105,7.0,8.0
2026-09-25 13:00:00+00:00,16.0,5.4383625984191895,7.0,8.0
2026-09-25 14:00:00+00:00,17.0,4.605539321899414,6.0,7.666666507720947
2026-09-25 15:00:00+00:00,18.0,4.347053050994873,6.0,6.0
2026-09-25 16:00:00+00:00,19.0,2.7383370399475098,4.0,4.400000095367432
2026-09-25 17:00:00+00:00,20.0,0.6038295030593872,1.0,3.0
2026-09-25 18:00:00+00:00,21.0,2.4608306884765625,5.0,2.200000047683716
2026-09-25 19:00:00+00:00,22.0,2.33500337600708,5.0,2.0
2026-09-25 20:00:00+00:00,23.0,2.2738680839538574,5.0,3.25
2026-09-25 21:00:00+00:00,24.0,3.2791502475738525,7.0,2.8333332538604736
2026-09-25 22:00:00+00:00,25.0,3.2727980613708496,7.0,2.3333332538604736
2026-09-25 00:00:00+00:00,3.0,3.1074299812316895,7.0,6.666666507720947
2026-09-25 01:00:00+00:00,4.0,2.674233913421631,6.0,6.400000095367432
2026-09-25 02:00:00+00:00,5.0,2.6822938919067383,6.0,5.0
2026-09-25 03:00:00+00:00,6.0,2.807616710662842,6.0,2.6666667461395264
2026-09-25 04:00:00+00:00,7.0,2.9215404987335205,6.0,3.1666667461395264
2026-09-25 05:00:00+00:00,8.0,2.990635395050049,6.0,3.0
2026-09-25 06:00:00+00:00,9.0,2.5798795223236084,5.0,4.666666507720947
2026-09-25 07:00:00+00:00,10.0,2.2220940589904785,4.0,2.6666667461395264
2026-09-25 08:00:00+00:00,11.0,3.0727686882019043,5.0,5.5
2026-09-25 09:00:00+00:00,12.0,4.1973395347595215,6.0,6.5
2026-09-25 10:00:00+00:00,13.0,4.317196846008301,6.0,5.0
2026-09-25 11:00:00+00:00,14.0,5.120405673980713,7.0,7.333333492279053
2026-09-25 12:00:00+00:00,15.0,5.407827854156494,7.0,8.0
2026-09-25 13:00:00+00:00,16.0,5.461197376251221,7.0,8.0
2026-09-25 14:00:00+00:00,17.0,4.610963821411133,6.0,7.666666507720947
2026-09-25 15:00:00+00:00,18.0,4.344589710235596,6.0,6.0
2026-09-25 16:00:00+00:00,19.0,2.731126070022583,4.0,4.400000095367432
2026-09-25 17:00:00+00:00,20.0,0.6027451157569885,1.0,3.0
2026-09-25 18:00:00+00:00,21.0,2.4476118087768555,5.0,2.200000047683716
2026-09-25 19:00:00+00:00,22.0,2.3224148750305176,5.0,2.0
2026-09-25 20:00:00+00:00,23.0,2.260902166366577,5.0,3.25
2026-09-25 21:00:00+00:00,24.0,3.2592036724090576,7.0,2.8333332538604736
2026-09-25 22:00:00+00:00,25.0,3.2528903484344482,7.0,2.3333332538604736
2026-09-25 23:00:00+00:00,26.0,3.1603119373321533,7.0,2.5714285373687744
2026-09-25 01:00:00+00:00,4.0,2.6805827617645264,6.0,6.400000095367432
2026-09-25 02:00:00+00:00,5.0,2.689178705215454,6.0,5.0
2026-09-25 03:00:00+00:00,6.0,2.815732717514038,6.0,2.6666667461395264
2026-09-25 04:00:00+00:00,7.0,2.9346044063568115,6.0,3.1666667461395264
2026-09-25 05:00:00+00:00,8.0,3.006901741027832,6.0,3.0
2026-09-25 06:00:00+00:00,9.0,2.595294952392578,5.0,4.666666507720947
2026-09-25 07:00:00+00:00,10.0,2.238685369491577,4.0,2.6666667461395264
2026-09-25 08:00:00+00:00,11.0,3.0976524353027344,5.0,5.5
2026-09-25 09:00:00+00:00,12.0,4.248880863189697,6.0,6.5
2026-09-25 10:00:00+00:00,13.0,4.361430644989014,6.0,5.0
2026-09-25 11:00:00+00:00,14.0,5.174147605895996,7.0,7.333333492279053
2026-09-25 12:00:00+00:00,15.0,5.4552836418151855,7.0,8.0
2026-09-25 13:00:00+00:00,16.0,5.508425235748291,7.0,8.0
2026-09-25 14:00:00+00:00,17.0,4.638681888580322,6.0,7.666666507720947
2026-09-25 15:00:00+00:00,18.0,4.36663293838501,6.0,6.0
2026-09-25 16:00:00+00:00,19.0,2.742992639541626,4.0,4.400000095367432
2026-09-25 17:00:00+00:00,20.0,0.605286180973053,1.0,3.0
2026-09-25 18:00:00+00:00,21.0,2.4512860774993896,5.0,2.200000047683716
2026-09-25 19:00:00+00:00,22.0,2.3264920711517334,5.0,2.0
2026-09-25 20:00:00+00:00,23.0,2.2642176151275635,5.0,3.25
2026-09-25 21:00:00+00:00,24.0,3.261686086654663,7.0,2.8333332538604736
2026-09-25 22:00:00+00:00,25.0,3.2553677558898926,7.0,2.3333332538604736
2026-09-25 23:00:00+00:00,26.0,3.164644241333008,7.0,2.5714285373687744
2026-09-26 00:00:00+00:00,27.0,3.6599597930908203,8.0,1.5
2026-09-25 02:00:00+00:00,5.0,2.6868462562561035,6.0,5.0
2026-09-25 03:00:00+00:00,6.0,2.8146090507507324,6.0,2.6666667461395264
2026-09-25 04:00:00+00:00,7.0,2.937793254852295,6.0,3.1666667461395264
2026-09-25 05:00:00+00:00,8.0,3.0129358768463135,6.0,3.0
2026-09-25 06:00:00+00:00,9.0,2.600499391555786,5.0,4.666666507720947
2026-09-25 07:00:00+00:00,10.0,2.2464394569396973,4.0,2.6666667461395264
2026-09-25 08:00:00+00:00,11.0,3.1091349124908447,5.0,5.5
2026-09-25 09:00:00+00:00,12.0,4.271732807159424,6.0,6.5
2026-09-25 10:00:00+00:00,13.0,4.384359836578369,6.0,5.0
2026-09-25 11:00:00+00:00,14.0,5.198397159576416,7.0,7.333333492279053
2026-09-25 12:00:00+00:00,15.0,5.478661060333252,7.0,8.0
2026-09-25 13:00:00+00:00,16.0,5.531807899475098,7.0,8.0
2026-09-25 14:00:00+00:00,17.0,4.657041549682617,6.0,7.666666507720947
2026-09-25 15:00:00+00:00,18.0,4.37470817565918,6.0,6.0
2026-09-25 16:00:00+00:00,19.0,2.74389910697937,4.0,4.400000095367432
2026-09-25 17:00:00+00:00,20.0,0.6061848998069763,1.0,3.0
2026-09-25 18:00:00+00:00,21.0,2.4479546546936035,5.0,2.200000047683716
2026-09-25 19:00:00+00:00,22.0,2.324122667312622,5.0,2.0
2026-09-25 20:00:00+00:00,23.0,2.2616002559661865,5.0,3.25
2026-09-25 21:00:00+00:00,24.0,3.254380941390991,7.0,2.8333332538604736
2026-09-25 22:00:00+00:00,25.0,3.248076915740967,7.0,2.3333332538604736
2026-09-25 23:00:00+00:00,26.0,3.158034086227417,7.0,2.5714285373687744
2026-09-26 00:00:00+00:00,27.0,3.6521801948547363,8.0,1.5
2026-09-26 01:00:00+00:00,28.0,3.7507054805755615,8.0,4.0
2026-09-25 03:00:00+00:00,6.0,2.8105721473693848,6.0,2.6666667461395264
2026-09-25 04:00:00+00:00,7.0,2.935499906539917,6.0,3.1666667461395264
2026-09-25 05:00:00+00:00,8.0,3.0099315643310547,6.0,3.0
2026-09-25 06:00:00+00:00,9.0,2.600884437561035,5.0,4.666666507720947
2026-09-25 07:00:00+00:00,10.0,2.247570514678955,4.0,2.6666667461395264
2026-09-25 08:00:00+00:00,11.0,3.1121881008148193,5.0,5.5
2026-09-25 09:00:00+00:00,12.0,4.280172348022461,6.0,6.5
2026-09-25 10:00:00+00:00,13.0,4.3965864181518555,6.0,5.0
2026-09-25 11:00:00+00:00,14.0,5.205139636993408,7.0,7.333333492279053
2026-09-25 12:00:00+00:00,15.0,5.489544868469238,7.0,8.0
2026-09-25 13:00:00+00:00,16.0,5.5427985191345215,7.0,8.0
2026-09-25 14:00:00+00:00,17.0,4.667025089263916,6.0,7.666666507720947
2026-09-25 15:00:00+00:00,18.0,4.380919933319092,6.0,6.0
2026-09-25 16:00:00+00:00,19.0,2.744337320327759,4.0,4.400000095367432
2026-09-25 17:00:00+00:00,20.0,0.6062697768211365,1.0,3.0
2026-09-25 18:00:00+00:00,21.0,2.443319797515869,5.0,2.200000047683716
2026-09-25 19:00:00+00:00,22.0,2.3196938037872314,5.0,2.0
2026-09-25 20:00:00+00:00,23.0,2.2561216354370117,5.0,3.25
2026-09-25 21:00:00+00:00,24.0,3.2434308528900146,7.0,2.8333332538604736
2026-09-25 22:00:00+00:00,25.0,3.237147569656372,7.0,2.3333332538604736
2026-09-25 23:00:00+00:00,26.0,3.14689564704895,7.0,2.5714285373687744
2026-09-26 00:00:00+00:00,27.0,3.6390209197998047,8.0,1.5
2026-09-26 01:00:00+00:00,28.0,3.7377660274505615,8.0,4.0
2026-09-26 02:00:00+00:00,29.0,4.37355899810791,9.0,7.222222328186035
2026-09-25 04:00:00+00:00,7.0,2.9423606395721436,6.0,3.1666667461395264
2026-09-25 05:00:00+00:00,8.0,3.018057107925415,6.0,3.0
2026-09-25 06:00:00+00:00,9.0,2.6094324588775635,5.0,4.666666507720947
2026-09-25 07:00:00+00:00,10.0,2.2562484741210938,4.0,2.6666667461395264
2026-09-25 08:00:00+00:00,11.0,3.1265079975128174,5.0,5.5
2026-09-25 09:00:00+00:00,12.0,4.309238433837891,6.0,6.5
2026-09-25 10:00:00+00:00,13.0,4.42788553237915,6.0,5.0
2026-09-25 11:00:00+00:00,14.0,5.2339630126953125,7.0,7.333333492279053
2026-09-25 12:00:00+00:00,15.0,5.519901752471924,7.0,8.0
2026-09-25 13:00:00+00:00,16.0,5.5732316970825195,7.0,8.0
2026-09-25 14:00:00+00:00,17.0,4.693423748016357,6.0,7.666666507720947
2026-09-25 15:00:00+00:00,18.0,4.399913787841797,6.0,6.0
2026-09-25 16:00:00+00:00,19.0,2.7532520294189453,4.0,4.400000095367432
2026-09-25 17:00:00+00:00,20.0,0.607365071773529,1.0,3.0
2026-09-25 18:00:00+00:00,21.0,2.4442880153656006,5.0,2.200000047683716
2026-09-25 19:00:00+00:00,22.0,2.320208787918091,5.0,2.0
2026-09-25 20:00:00+00:00,23.0,2.2559080123901367,5.0,3.25
2026-09-25 21:00:00+00:00,24.0,3.2389488220214844,7.0,2.8333332538604736
2026-09-25 22:00:00+00:00,25.0,3.2334213256835938,7.0,2.3333332538604736
2026-09-25 23:00:00+00:00,26.0,3.143378257751465,7.0,2.5714285373687744
2026-09-26 00:00:00+00:00,27.0,3.634817123413086,8.0,1.5
2026-09-26 01:00:00+00:00,28.0,3.7334487438201904,8.0,4.0
2026-09-26 02:00:00+00:00,29.0,4.369391441345215,9.0,7.222222328186035
2026-09-26 03:00:00+00:00,30.0,3.9876959323883057,8.0,7.0
2026-09-25 05:00:00+00:00,8.0,3.023831844329834,6.0,3.0
2026-09-25 06:00:00+00:00,9.0,2.6142070293426514,5.0,4.666666507720947
2026-09-25 07:00:00+00:00,10.0,2.2631187438964844,4.0,2.6666667461395264
2026-09-25 08:00:00+00:00,11.0,3.1424295902252197,5.0,5.5
2026-09-25 09:00:00+00:00,12.0,4.337500095367432,6.0,6.5
2026-09-25 10:00:00+00:00,13.0,4.454352378845215,6.0,5.0
2026-09-25 11:00:00+00:00,14.0,5.260458946228027,7.0,7.333333492279053
2026-09-25 12:00:00+00:00,15.0,5.5448503494262695,7.0,8.0
2026-09-25 13:00:00+00:00,16.0,5.598528861999512,7.0,8.0
2026-09-25 14:00:00+00:00,17.0,4.719107151031494,6.0,7.666666507720947
2026-09-25 15:00:00+00:00,18.0,4.420568943023682,6.0,6.0
2026-09-25 16:00:00+00:00,19.0,2.762772798538208,4.0,4.400000095367432
2026-09-25 17:00:00+00:00,20.0,0.6084017753601074,1.0,3.0
2026-09-25 18:00:00+00:00,21.0,2.444641351699829,5.0,2.200000047683716
2026-09-25 19:00:00+00:00,22.0,2.3195247650146484,5.0,2.0
2026-09-25 20:00:00+00:00,23.0,2.2546944618225098,5.0,3.25
2026-09-25 21:00:00+00:00,24.0,3.232832431793213,7.0,2.8333332538604736
2026-09-25 22:00:00+00:00,25.0,3.228346109390259,7.0,2.3333332538604736
2026-09-25 23:00:00+00:00,26.0,3.1380279064178467,7.0,2.5714285373687744
2026-09-26 00:00:00+00:00,27.0,3.628573417663574,8.0,1.5
2026-09-26 01:00:00+00:00,28.0,3.727036237716675,8.0,4.0
2026-09-26 02:00:00+00:00,29.0,4.363304615020752,9.0,7.222222328186035
2026-09-26 03:00:00+00:00,30.0,3.9861366748809814,8.0,7.0
2026-09-26 04:00:00+00:00,31.0,5.752547264099121,11.0,6.285714149475098
2026-09-25 06:00:00+00:00,9.0,2.6048996448516846,5.0,4.666666507720947
2026-09-25 07:00:00+00:00,10.0,2.254822254180908,4.0,2.6666667461395264
2026-09-25 08:00:00+00:00,11.0,3.1344821453094482,5.0,5.5
2026-09-25 09:00:00+00:00,12.0,4.330013751983643,6.0,6.5
2026-09-25 10:00:00+00:00,13.0,4.4435133934021,6.0,5.0
2026-09-25 11:00:00+00:00,14.0,5.248850345611572,7.0,7.333333492279053
2026-09-25 12:00:00+00:00,15.0,5.536342144012451,7.0,8.0
2026-09-25 13:00:00+00:00,16.0,5.588679790496826,7.0,8.0
2026-09-25 14:00:00+00:00,17.0,4.716475009918213,6.0,7.666666507720947
2026-09-25 15:00:00+00:00,18.0,4.416568279266357,6.0,6.0
2026-09-25 16:00:00+00:00,19.0,2.7598636150360107,4.0,4.400000095367432
2026-09-25 17:00:00+00:00,20.0,0.6077112555503845,1.0,3.0
2026-09-25 18:00:00+00:00,21.0,2.4385037422180176,5.0,2.200000047683716
2026-09-25 19:00:00+00:00,22.0,2.3114757537841797,5.0,2.0
2026-09-25 20:00:00+00:00,23.0,2.2459402084350586,5.0,3.25
2026-09-25 21:00:00+00:00,24.0,3.2175424098968506,7.0,2.8333332538604736
2026-09-25 22:00:00+00:00,25.0,3.2134079933166504,7.0,2.3333332538604736
2026-09-25 23:00:00+00:00,26.0,3.1214473247528076,7.0,2.5714285373687744
2026-09-26 00:00:00+00:00,27.0,3.6093780994415283,8.0,1.5
2026-09-26 01:00:00+00:00,28.0,3.7073185443878174,8.0,4.0
2026-09-26 02:00:00+00:00,29.0,4.344366550445557,9.0,7.222222328186035
2026-09-26 03:00:00+00:00,30.0,3.972771406173706,8.0,7.0
2026-09-26 04:00:00+00:00,31.0,5.739382266998291,11.0,6.285714149475098
2026-09-26 05:00:00+00:00,32.0,6.60120964050293,12.0,5.714285850524902
2026-09-25 07:00:00+00:00,1.0,3.3321781158447266,6.0,2.6666667461395264
2026-09-25 08:00:00+00:00,2.0,4.558598518371582,7.0,5.5
2026-09-25 09:00:00+00:00,3.0,4.949527263641357,7.0,6.5
2026-09-25 10:00:00+00:00,4.0,5.161438465118408,7.0,5.0
2026-09-25 11:00:00+00:00,5.0,5.36759090423584,7.0,7.333333492279053
2026-09-25 12:00:00+00:00,6.0,6.375543117523193,8.0,8.0
2026-09-25 13:00:00+00:00,7.0,5.598468780517578,7.0,8.0
2026-09-25 14:00:00+00:00,8.0,4.7792439460754395,6.0,7.666666507720947
2026-09-25 15:00:00+00:00,9.0,2.767396926879883,4.0,6.0
2026-09-25 16:00:00+00:00,10.0,1.444968819618225,2.0,4.400000095367432
2026-09-25 17:00:00+00:00,11.0,1.5388392210006714,3.0,3.0
2026-09-25 18:00:00+00:00,12.0,1.8907772302627563,4.0,2.200000047683716
2026-09-25 19:00:00+00:00,13.0,2.3210649490356445,5.0,2.0
2026-09-25 20:00:00+00:00,14.0,2.7299861907958984,6.0,3.25
2026-09-25 21:00:00+00:00,15.0,2.205101251602173,5.0,2.8333332538604736
2026-09-25 22:00:00+00:00,16.0,2.166030168533325,5.0,2.3333332538604736
2026-09-25 23:00:00+00:00,17.0,2.2777185440063477,5.0,2.5714285373687744
2026-09-26 00:00:00+00:00,18.0,1.6453450918197632,4.0,1.5
2026-09-26 01:00:00+00:00,19.0,4.256699085235596,9.0,4.0
2026-09-26 02:00:00+00:00,20.0,5.051731109619141,10.0,7.222222328186035
2026-09-26 03:00:00+00:00,21.0,6.8241047859191895,13.0,7.0
2026-09-26 04:00:00+00:00,22.0,6.430708885192871,12.0,6.285714149475098
2026-09-26 05:00:00+00:00,23.0,7.201743125915527,13.0,5.714285850524902
2026-09-26 06:00:00+00:00,24.0,6.948533535003662,12.0,5.5714287757873535
2026-09-25 08:00:00+00:00,1.0,3.7958877086639404,6.0,5.5
2026-09-25 09:00:00+00:00,2.0,4.878320217132568,7.0,6.5
2026-09-25 10:00:00+00:00,3.0,5.099301338195801,7.0,5.0
2026-09-25 11:00:00+00:00,4.0,6.005270004272461,8.0,7.333333492279053
2026-09-25 12:00:00+00:00,5.0,6.327844142913818,8.0,8.0
2026-09-25 13:00:00+00:00,6.0,6.3932719230651855,8.0,8.0
2026-09-25 14:00:00+00:00,7.0,5.536109447479248,7.0,7.666666507720947
2026-09-25 15:00:00+00:00,8.0,3.758810043334961,5.0,6.0
2026-09-25 16:00:00+00:00,9.0,2.602766990661621,4.0,4.400000095367432
2026-09-25 17:00:00+00:00,10.0,2.705548048019409,5.0,3.0
2026-09-25 18:00:00+00:00,11.0,2.495673894882202,5.0,2.200000047683716
2026-09-25 19:00:00+00:00,12.0,2.2961831092834473,5.0,2.0
2026-09-25 20:00:00+00:00,13.0,2.2447428703308105,5.0,3.25
2026-09-25 21:00:00+00:00,14.0,2.647160053253174,6.0,2.8333332538604736
2026-09-25 22:00:00+00:00,15.0,1.875656247138977,4.0,2.3333332538604736
2026-09-25 23:00:00+00:00,16.0,1.8521103858947754,4.0,2.5714285373687744
2026-09-26 00:00:00+00:00,17.0,1.8230295181274414,4.0,1.5
2026-09-26 01:00:00+00:00,18.0,5.507352828979492,11.0,4.0
2026-09-26 02:00:00+00:00,19.0,3.5191822052001953,7.0,7.222222328186035
2026-09-26 03:00:00+00:00,20.0,6.310670852661133,12.0,7.0
2026-09-26 04:00:00+00:00,21.0,5.880735397338867,11.0,6.285714149475098
2026-09-26 05:00:00+00:00,22.0,6.610635280609131,12.0,5.714285850524902
2026-09-26 06:00:00+00:00,23.0,7.403759479522705,13.0,5.5714287757873535
2026-09-26 07:00:00+00:00,24.0,6.423391342163086,11.0,6.0
2026-09-25 09:00:00+00:00,1.0,5.042081356048584,7.0,6.5
2026-09-25 10:00:00+00:00,2.0,5.207818508148193,7.0,5.0
2026-09-25 11:00:00+00:00,3.0,5.387278079986572,7.0,7.333333492279053
2026-09-25 12:00:00+00:00,4.0,6.327592849731445,8.0,8.0
2026-09-25 13:00:00+00:00,5.0,5.747783660888672,7.0,8.0
2026-09-25 14:00:00+00:00,6.0,4.127755641937256,5.0,7.666666507720947
2026-09-25 15:00:00+00:00,7.0,2.210780620574951,3.0,6.0
2026-09-25 16:00:00+00:00,8.0,1.2955011129379272,2.0,4.400000095367432
2026-09-25 17:00:00+00:00,9.0,1.5328552722930908,3.0,3.0
2026-09-25 18:00:00+00:00,10.0,2.4173240661621094,5.0,2.200000047683716
2026-09-25 19:00:00+00:00,11.0,2.831749439239502,6.0,2.0
2026-09-25 20:00:00+00:00,12.0,2.771791458129883,6.0,3.25
2026-09-25 21:00:00+00:00,13.0,3.2871670722961426,7.0,2.8333332538604736
2026-09-25 22:00:00+00:00,14.0,1.887013554573059,4.0,2.3333332538604736
2026-09-25 23:00:00+00:00,15.0,1.7107234001159668,4.0,2.5714285373687744
2026-09-26 00:00:00+00:00,16.0,2.7444908618927,6.0,1.5
2026-09-26 01:00:00+00:00,17.0,5.57948112487793,11.0,4.0
2026-09-26 02:00:00+00:00,18.0,4.583946704864502,9.0,7.222222328186035
2026-09-26 03:00:00+00:00,19.0,6.365554332733154,12.0,7.0
2026-09-26 04:00:00+00:00,20.0,5.948760509490967,11.0,6.285714149475098
2026-09-26 05:00:00+00:00,21.0,4.946113109588623,9.0,5.714285850524902
2026-09-26 06:00:00+00:00,22.0,6.860641956329346,12.0,5.5714287757873535
2026-09-26 07:00:00+00:00,23.0,5.824370861053467,10.0,6.0
2026-09-26 08:00:00+00:00,24.0,6.3808722496032715,11.0,6.400000095367432
2026-09-25 10:00:00+00:00,1.0,5.362909317016602,7.0,5.0
2026-09-25 11:00:00+00:00,2.0,6.2909111976623535,8.0,7.333333492279053
2026-09-25 12:00:00+00:00,3.0,6.594607353210449,8.0,8.0
2026-09-25 13:00:00+00:00,4.0,5.912761211395264,7.0,8.0
2026-09-25 14:00:00+00:00,5.0,4.965548038482666,6.0,7.666666507720947
2026-09-25 15:00:00+00:00,6.0,2.9975833892822266,4.0,6.0
2026-09-25 16:00:00+00:00,7.0,0.7812050580978394,1.0,4.400000095367432
2026-09-25 17:00:00+00:00,8.0,1.584247350692749,3.0,3.0
2026-09-25 18:00:00+00:00,9.0,1.9167394638061523,4.0,2.200000047683716
2026-09-25 19:00:00+00:00,10.0,2.3307552337646484,5.0,2.0
2026-09-25 20:00:00+00:00,11.0,2.756498336791992,6.0,3.25
2026-09-25 21:00:00+00:00,12.0,2.7473933696746826,6.0,2.8333332538604736
2026-09-25 22:00:00+00:00,13.0,2.6626455783843994,6.0,2.3333332538604736
2026-09-25 23:00:00+00:00,14.0,1.2845584154129028,3.0,2.5714285373687744
2026-09-26 00:00:00+00:00,15.0,1.2314430475234985,3.0,1.5
2026-09-26 01:00:00+00:00,16.0,1.6119403839111328,4.0,4.0
2026-09-26 02:00:00+00:00,17.0,5.578937530517578,11.0,7.222222328186035
2026-09-26 03:00:00+00:00,18.0,7.0699286460876465,13.0,7.0
2026-09-26 04:00:00+00:00,19.0,7.132725238800049,13.0,6.285714149475098
2026-09-26 05:00:00+00:00,20.0,8.864689826965332,15.0,5.714285850524902
2026-09-26 06:00:00+00:00,21.0,7.660899639129639,13.0,5.5714287757873535
2026-09-26 07:00:00+00:00,22.0,7.064516544342041,12.0,6.0
2026-09-26 08:00:00+00:00,23.0,6.5289835929870605,11.0,6.400000095367432
2026-09-26 09:00:00+00:00,24.0,6.088229179382324,10.0,6.833333492279053
2026-09-25 11:00:00+00:00,1.0,5.613555908203125,7.0,7.333333492279053
2026-09-25 12:00:00+00:00,2.0,5.744946479797363,7.0,8.0
2026-09-25 13:00:00+00:00,3.0,5.724284648895264,7.0,8.0
2026-09-25 14:00:00+00:00,4.0,4.862061500549316,6.0,7.666666507720947
2026-09-25 15:00:00+00:00,5.0,3.7251012325286865,5.0,6.0
2026-09-25 16:00:00+00:00,6.0,3.226531505584717,5.0,4.400000095367432
2026-09-25 17:00:00+00:00,7.0,2.172319173812866,4.0,3.0
2026-09-25 18:00:00+00:00,8.0,1.915871262550354,4.0,2.200000047683716
2026-09-25 19:00:00+00:00,9.0,2.769296407699585,6.0,2.0
2026-09-25 20:00:00+00:00,10.0,2.711595296859741,6.0,3.25
2026-09-25 21:00:00+00:00,11.0,2.6761879920959473,6.0,2.8333332538604736
2026-09-25 22:00:00+00:00,12.0,2.611388921737671,6.0,2.3333332538604736
2026-09-25 23:00:00+00:00,13.0,1.3807215690612793,3.0,2.5714285373687744
2026-09-26 00:00:00+00:00,14.0,1.9944783449172974,5.0,1.5
2026-09-26 01:00:00+00:00,15.0,2.2475452423095703,5.0,4.0
2026-09-26 02:00:00+00:00,16.0,5.5348734855651855,11.0,7.222222328186035
2026-09-26 03:00:00+00:00,17.0,4.080519199371338,8.0,7.0
2026-09-26 04:00:00+00:00,18.0,6.456497669219971,12.0,6.285714149475098
2026-09-26 05:00:00+00:00,19.0,6.7680439949035645,12.0,5.714285850524902
2026-09-26 06:00:00+00:00,20.0,5.77119255065918,10.0,5.5714287757873535
2026-09-26 07:00:00+00:00,21.0,7.017876625061035,12.0,6.0
2026-09-26 08:00:00+00:00,22.0,6.584406852722168,11.0,6.400000095367432
2026-09-26 09:00:00+00:00,23.0,6.012044906616211,10.0,6.833333492279053
2026-09-26 10:00:00+00:00,24.0,5.515133380889893,9.0,7.0
2026-09-25 12:00:00+00:00,1.0,6.519961833953857,8.0,8.0
2026-09-25 13:00:00+00:00,2.0,5.844602108001709,7.0,8.0
2026-09-25 14:00:00+00:00,3.0,4.977977275848389,6.0,7.666666507720947
2026-09-25 15:00:00+00:00,4.0,3.0197536945343018,4.0,6.0
2026-09-25 16:00:00+00:00,5.0,3.128727436065674,5.0,4.400000095367432
2026-09-25 17:00:00+00:00,6.0,2.2530953884124756,4.0,3.0
2026-09-25 18:00:00+00:00,7.0,2.504642963409424,5.0,2.200000047683716
2026-09-25 19:00:00+00:00,8.0,2.8642396926879883,6.0,2.0
2026-09-25 20:00:00+00:00,9.0,2.8024542331695557,6.0,3.25
2026-09-25 21:00:00+00:00,10.0,2.7461535930633545,6.0,2.8333332538604736
2026-09-25 22:00:00+00:00,11.0,1.8080633878707886,4.0,2.3333332538604736
2026-09-25 23:00:00+00:00,12.0,1.2295353412628174,3.0,2.5714285373687744
2026-09-26 00:00:00+00:00,13.0,0.45058372616767883,1.0,1.5
2026-09-26 01:00:00+00:00,14.0,3.718123197555542,8.0,4.0
2026-09-26 02:00:00+00:00,15.0,4.406905651092529,9.0,7.222222328186035
2026-09-26 03:00:00+00:00,16.0,3.4684176445007324,7.0,7.0
2026-09-26 04:00:00+00:00,17.0,5.818271160125732,11.0,6.285714149475098
2026-09-26 05:00:00+00:00,18.0,6.77062463760376,12.0,5.714285850524902
2026-09-26 06:00:00+00:00,19.0,7.496816635131836,13.0,5.5714287757873535
2026-09-26 07:00:00+00:00,20.0,7.089859485626221,12.0,6.0
2026-09-26 08:00:00+00:00,21.0,6.634938716888428,11.0,6.400000095367432
2026-09-26 09:00:00+00:00,22.0,6.63647985458374,11.0,6.833333492279053
2026-09-26 10:00:00+00:00,23.0,6.173651218414307,10.0,7.0
2026-09-26 11:00:00+00:00,24.0,5.037129878997803,8.0,6.714285850524902
2026-09-25 13:00:00+00:00,1.0,6.871859550476074,8.0,8.0
2026-09-25 14:00:00+00:00,2.0,5.902133464813232,7.0,7.666666507720947
2026-09-25 15:00:00+00:00,3.0,4.041369438171387,5.0,6.0
2026-09-25 16:00:00+00:00,4.0,3.44686222076416,5.0,4.400000095367432
2026-09-25 17:00:00+00:00,5.0,2.9668421745300293,5.0,3.0
2026-09-25 18:00:00+00:00,6.0,2.521219253540039,5.0,2.200000047683716
2026-09-25 19:00:00+00:00,7.0,2.9011199474334717,6.0,2.0
2026-09-25 20:00:00+00:00,8.0,2.834453582763672,6.0,3.25
2026-09-25 21:00:00+00:00,9.0,2.8689730167388916,6.0,2.8333332538604736
2026-09-25 22:00:00+00:00,10.0,1.8029299974441528,4.0,2.3333332538604736
2026-09-25 23:00:00+00:00,11.0,1.372314691543579,3.0,2.5714285373687744
2026-09-26 00:00:00+00:00,12.0,1.6078788042068481,4.0,1.5
2026-09-26 01:00:00+00:00,13.0,0.810882568359375,2.0,4.0
2026-09-26 02:00:00+00:00,14.0,3.842930316925049,8.0,7.222222328186035
2026-09-26 03:00:00+00:00,15.0,5.814328193664551,11.0,7.0
2026-09-26 04:00:00+00:00,16.0,5.988559722900391,11.0,6.285714149475098
2026-09-26 05:00:00+00:00,17.0,9.470376968383789,16.0,5.714285850524902
2026-09-26 06:00:00+00:00,18.0,7.195711612701416,12.0,5.5714287757873535
2026-09-26 07:00:00+00:00,19.0,7.0907511711120605,12.0,6.0
2026-09-26 08:00:00+00:00,20.0,6.628680229187012,11.0,6.400000095367432
2026-09-26 09:00:00+00:00,21.0,6.776597023010254,11.0,6.833333492279053
2026-09-26 10:00:00+00:00,22.0,6.2309160232543945,10.0,7.0
2026-09-26 11:00:00+00:00,23.0,5.66937255859375,9.0,6.714285850524902
2026-09-26 12:00:00+00:00,24.0,5.637033462524414,9.0,6.5
2026-09-25 14:00:00+00:00,1.0,5.037121295928955,6.0,7.666666507720947
2026-09-25 15:00:00+00:00,2.0,3.802368402481079,5.0,6.0
2026-09-25 16:00:00+00:00,3.0,3.3822879791259766,5.0,4.400000095367432
2026-09-25 17:00:00+00:00,4.0,2.2503762245178223,4.0,3.0
2026-09-25 18:00:00+00:00,5.0,2.5211846828460693,5.0,2.200000047683716
2026-09-25 19:00:00+00:00,6.0,2.825596332550049,6.0,2.0
2026-09-25 20:00:00+00:00,7.0,2.7680890560150146,6.0,3.25
2026-09-25 21:00:00+00:00,8.0,2.715017557144165,6.0,2.8333332538604736
2026-09-25 22:00:00+00:00,9.0,2.192837715148926,5.0,2.3333332538604736
2026-09-25 23:00:00+00:00,10.0,1.3588436841964722,3.0,2.5714285373687744
2026-09-26 00:00:00+00:00,11.0,2.484602928161621,6.0,1.5
2026-09-26 01:00:00+00:00,12.0,1.7310081720352173,4.0,4.0
2026-09-26 02:00:00+00:00,13.0,2.726712226867676,6.0,7.222222328186035
2026-09-26 03:00:00+00:00,14.0,3.865553617477417,8.0,7.0
2026-09-26 04:00:00+00:00,15.0,5.826719760894775,11.0,6.285714149475098
2026-09-26 05:00:00+00:00,16.0,7.435590744018555,13.0,5.714285850524902
2026-09-26 06:00:00+00:00,17.0,5.86189079284668,10.0,5.5714287757873535
2026-09-26 07:00:00+00:00,18.0,7.756844520568848,13.0,6.0
2026-09-26 08:00:00+00:00,19.0,7.2928242683410645,12.0,6.400000095367432
2026-09-26 09:00:00+00:00,20.0,6.729588508605957,11.0,6.833333492279053
2026-09-26 10:00:00+00:00,21.0,6.248281002044678,10.0,7.0
2026-09-26 11:00:00+00:00,22.0,5.656239032745361,9.0,6.714285850524902
2026-09-26 12:00:00+00:00,23.0,5.585168361663818,9.0,6.5
2026-09-26 13:00:00+00:00,24.0,5.523769378662109,9.0,6.5714287757873535
2026-09-25 15:00:00+00:00,1.0,3.7973275184631348,5.0,6.0
2026-09-25 16:00:00+00:00,2.0,3.2542712688446045,5.0,4.400000095367432
2026-09-25 17:00:00+00:00,3.0,2.3477001190185547,4.0,3.0
2026-09-25 18:00:00+00:00,4.0,2.5724093914031982,5.0,2.200000047683716
2026-09-25 19:00:00+00:00,5.0,2.942560911178589,6.0,2.0
2026-09-25 20:00:00+00:00,6.0,2.897165060043335,6.0,3.25
2026-09-25 21:00:00+00:00,7.0,2.8442413806915283,6.0,2.8333332538604736
2026-09-25 22:00:00+00:00,8.0,1.8383680582046509,4.0,2.3333332538604736
2026-09-25 23:00:00+00:00,9.0,0.5289186835289001,1.0,2.5714285373687744
2026-09-26 00:00:00+00:00,10.0,2.5724546909332275,6.0,1.5
2026-09-26 01:00:00+00:00,11.0,1.0481230020523071,2.0,4.0
2026-09-26 02:00:00+00:00,12.0,2.8234381675720215,6.0,7.222222328186035
2026-09-26 03:00:00+00:00,13.0,4.026975154876709,8.0,7.0
2026-09-26 04:00:00+00:00,14.0,6.59091854095459,12.0,6.285714149475098
2026-09-26 05:00:00+00:00,15.0,10.015538215637207,17.0,5.714285850524902
2026-09-26 06:00:00+00:00,16.0,7.258007526397705,12.0,5.5714287757873535
2026-09-26 07:00:00+00:00,17.0,7.076822757720947,12.0,6.0
2026-09-26 08:00:00+00:00,18.0,7.198227405548096,12.0,6.400000095367432
2026-09-26 09:00:00+00:00,19.0,6.768060207366943,11.0,6.833333492279053
2026-09-26 10:00:00+00:00,20.0,6.221717834472656,10.0,7.0
2026-09-26 11:00:00+00:00,21.0,5.660758972167969,9.0,6.714285850524902
2026-09-26 12:00:00+00:00,22.0,5.629141807556152,9.0,6.5
2026-09-26 13:00:00+00:00,23.0,6.156734943389893,10.0,6.5714287757873535
2026-09-26 14:00:00+00:00,24.0,5.449840068817139,9.0,5.666666507720947
2026-09-25 16:00:00+00:00,1.0,3.617058038711548,5.0,4.400000095367432
2026-09-25 17:00:00+00:00,2.0,2.4105069637298584,4.0,3.0
2026-09-25 18:00:00+00:00,3.0,2.5488898754119873,5.0,2.200000047683716
2026-09-25 19:00:00+00:00,4.0,2.9540865421295166,6.0,2.0
2026-09-25 20:00:00+00:00,5.0,2.8821029663085938,6.0,3.25
2026-09-25 21:00:00+00:00,6.0,3.42175030708313,7.0,2.8333332538604736
2026-09-25 22:00:00+00:00,7.0,2.3472018241882324,5.0,2.3333332538604736
2026-09-25 23:00:00+00:00,8.0,0.8481639623641968,2.0,2.5714285373687744
2026-09-26 00:00:00+00:00,9.0,1.6846758127212524,4.0,1.5
2026-09-26 01:00:00+00:00,10.0,1.6761071681976318,4.0,4.0
2026-09-26 02:00:00+00:00,11.0,2.3305933475494385,5.0,7.222222328186035
2026-09-26 03:00:00+00:00,12.0,4.581119060516357,9.0,7.0
2026-09-26 04:00:00+00:00,13.0,5.89794921875,11.0,6.285714149475098
2026-09-26 05:00:00+00:00,14.0,7.438629627227783,13.0,5.714285850524902
2026-09-26 06:00:00+00:00,15.0,8.238493919372559,14.0,5.5714287757873535
2026-09-26 07:00:00+00:00,16.0,6.582818031311035,11.0,6.0
2026-09-26 08:00:00+00:00,17.0,6.573916435241699,11.0,6.400000095367432
2026-09-26 09:00:00+00:00,18.0,6.698461532592773,11.0,6.833333492279053
2026-09-26 10:00:00+00:00,19.0,6.231756687164307,10.0,7.0
2026-09-26 11:00:00+00:00,20.0,5.66493558883667,9.0,6.714285850524902
2026-09-26 12:00:00+00:00,21.0,5.635209560394287,9.0,6.5
2026-09-26 13:00:00+00:00,22.0,5.573379993438721,9.0,6.5714287757873535
2026-09-26 14:00:00+00:00,23.0,6.032932758331299,10.0,5.666666507720947
2026-09-26 15:00:00+00:00,24.0,5.291184425354004,9.0,5.800000190734863
2026-09-25 17:00:00+00:00,1.0,2.7893927097320557,5.0,3.0
2026-09-25 18:00:00+00:00,2.0,3.0087127685546875,6.0,2.200000047683716
2026-09-25 19:00:00+00:00,3.0,3.4498519897460938,7.0,2.0
2026-09-25 20:00:00+00:00,4.0,3.369969367980957,7.0,3.25
2026-09-25 21:00:00+00:00,5.0,3.8000731468200684,8.0,2.8333332538604736
2026-09-25 22:00:00+00:00,6.0,2.7705368995666504,6.0,2.3333332538604736
2026-09-25 23:00:00+00:00,7.0,2.6920735836029053,6.0,2.5714285373687744
2026-09-26 00:00:00+00:00,8.0,1.8670755624771118,4.0,1.5
2026-09-26 01:00:00+00:00,9.0,1.67684805393219,4.0,4.0
2026-09-26 02:00:00+00:00,10.0,1.9510194063186646,4.0,7.222222328186035
2026-09-26 03:00:00+00:00,11.0,4.538018703460693,9.0,7.0
2026-09-26 04:00:00+00:00,12.0,5.870354652404785,11.0,6.285714149475098
2026-09-26 05:00:00+00:00,13.0,8.007390975952148,14.0,5.714285850524902
2026-09-26 06:00:00+00:00,14.0,6.405308723449707,11.0,5.5714287757873535
2026-09-26 07:00:00+00:00,15.0,6.994396209716797,12.0,6.0
2026-09-26 08:00:00+00:00,16.0,7.148529529571533,12.0,6.400000095367432
2026-09-26 09:00:00+00:00,17.0,6.656486511230469,11.0,6.833333492279053
2026-09-26 10:00:00+00:00,18.0,6.156980991363525,10.0,7.0
2026-09-26 11:00:00+00:00,19.0,5.6039581298828125,9.0,6.714285850524902
2026-09-26 12:00:00+00:00,20.0,5.5756611824035645,9.0,6.5
2026-09-26 13:00:00+00:00,21.0,5.5085768699646,9.0,6.5714287757873535
2026-09-26 14:00:00+00:00,22.0,5.380640029907227,9.0,5.666666507720947
2026-09-26 15:00:00+00:00,23.0,4.628406047821045,8.0,5.800000190734863
2026-09-26 16:00:00+00:00,24.0,4.4131340980529785,8.0,4.333333492279053
2026-09-25 18:00:00+00:00,1.0,2.3912339210510254,5.0,2.200000047683716
2026-09-25 19:00:00+00:00,2.0,2.7817628383636475,6.0,2.0
2026-09-25 20:00:00+00:00,3.0,3.249455690383911,7.0,3.25
2026-09-25 21:00:00+00:00,4.0,3.2484960556030273,7.0,2.8333332538604736
2026-09-25 22:00:00+00:00,5.0,2.2081193923950195,5.0,2.3333332538604736
2026-09-25 23:00:00+00:00,6.0,1.6720466613769531,4.0,2.5714285373687744
2026-09-26 00:00:00+00:00,7.0,1.5617971420288086,4.0,1.5
2026-09-26 01:00:00+00:00,8.0,0.7856656908988953,2.0,4.0
2026-09-26 02:00:00+00:00,9.0,0.48992398381233215,1.0,7.222222328186035
2026-09-26 03:00:00+00:00,10.0,2.794102907180786,6.0,7.0
2026-09-26 04:00:00+00:00,11.0,5.12564754486084,10.0,6.285714149475098
2026-09-26 05:00:00+00:00,12.0,6.543756008148193,12.0,5.714285850524902
2026-09-26 06:00:00+00:00,13.0,7.390997409820557,13.0,5.5714287757873535
2026-09-26 07:00:00+00:00,14.0,7.566300392150879,13.0,6.0
2026-09-26 08:00:00+00:00,15.0,7.08310079574585,12.0,6.400000095367432
2026-09-26 09:00:00+00:00,16.0,6.59718656539917,11.0,6.833333492279053
2026-09-26 10:00:00+00:00,17.0,6.043861389160156,10.0,7.0
2026-09-26 11:00:00+00:00,18.0,6.0856146812438965,10.0,6.714285850524902
2026-09-26 12:00:00+00:00,19.0,5.52212381362915,9.0,6.5
2026-09-26 13:00:00+00:00,20.0,5.417535781860352,9.0,6.5714287757873535
2026-09-26 14:00:00+00:00,21.0,5.292957305908203,9.0,5.666666507720947
2026-09-26 15:00:00+00:00,22.0,4.548861980438232,8.0,5.800000190734863
2026-09-26 16:00:00+00:00,23.0,4.3258771896362305,8.0,4.333333492279053
2026-09-26 17:00:00+00:00,24.0,3.5889382362365723,7.0,4.166666507720947
2026-09-25 19:00:00+00:00,1.0,2.727179765701294,6.0,2.0
2026-09-25 20:00:00+00:00,2.0,2.6966657638549805,6.0,3.25
2026-09-25 21:00:00+00:00,3.0,3.2094507217407227,7.0,2.8333332538604736
2026-09-25 22:00:00+00:00,4.0,2.2196059226989746,5.0,2.3333332538604736
2026-09-25 23:00:00+00:00,5.0,1.6328544616699219,4.0,2.5714285373687744
2026-09-26 00:00:00+00:00,6.0,1.3846745491027832,3.0,1.5
2026-09-26 01:00:00+00:00,7.0,1.1439119577407837,3.0,4.0
2026-09-26 02:00:00+00:00,8.0,0.4945405125617981,1.0,7.222222328186035
2026-09-26 03:00:00+00:00,9.0,4.363997459411621,9.0,7.0
2026-09-26 04:00:00+00:00,10.0,5.693024635314941,11.0,6.285714149475098
2026-09-26 05:00:00+00:00,11.0,6.490796089172363,12.0,5.714285850524902
2026-09-26 06:00:00+00:00,12.0,6.679784774780273,12.0,5.5714287757873535
2026-09-26 07:00:00+00:00,13.0,6.780461311340332,12.0,6.0
2026-09-26 08:00:00+00:00,14.0,6.441567897796631,11.0,6.400000095367432
2026-09-26 09:00:00+00:00,15.0,6.48637056350708,11.0,6.833333492279053
2026-09-26 10:00:00+00:00,16.0,6.6468963623046875,11.0,7.0
2026-09-26 11:00:00+00:00,17.0,6.122624397277832,10.0,6.714285850524902
2026-09-26 12:00:00+00:00,18.0,5.487654209136963,9.0,6.5
2026-09-26 13:00:00+00:00,19.0,5.463696002960205,9.0,6.5714287757873535
2026-09-26 14:00:00+00:00,20.0,5.3381757736206055,9.0,5.666666507720947
2026-09-26 15:00:00+00:00,21.0,4.585031986236572,8.0,5.800000190734863
2026-09-26 16:00:00+00:00,22.0,4.322495460510254,8.0,4.333333492279053
2026-09-26 17:00:00+00:00,23.0,4.100004196166992,8.0,4.166666507720947
2026-09-26 18:00:00+00:00,24.0,3.941957473754883,8.0,5.75
2026-09-25 20:00:00+00:00,1.0,2.6923303604125977,6.0,3.25
2026-09-25 21:00:00+00:00,2.0,3.095376968383789,7.0,2.8333332538604736
2026-09-25 22:00:00+00:00,3.0,2.62860369682312,6.0,2.3333332538604736
2026-09-25 23:00:00+00:00,4.0,2.510694980621338,6.0,2.5714285373687744
2026-09-26 00:00:00+00:00,5.0,1.846255898475647,4.0,1.5
2026-09-26 01:00:00+00:00,6.0,1.2103551626205444,3.0,4.0
2026-09-26 02:00:00+00:00,7.0,1.8216168880462646,4.0,7.222222328186035
2026-09-26 03:00:00+00:00,8.0,4.256862163543701,9.0,7.0
2026-09-26 04:00:00+00:00,9.0,5.690985202789307,11.0,6.285714149475098
2026-09-26 05:00:00+00:00,10.0,7.087162971496582,13.0,5.714285850524902
2026-09-26 06:00:00+00:00,11.0,5.0323166847229,9.0,5.5714287757873535
2026-09-26 07:00:00+00:00,12.0,6.171722888946533,11.0,6.0
2026-09-26 08:00:00+00:00,13.0,6.342962265014648,11.0,6.400000095367432
2026-09-26 09:00:00+00:00,14.0,6.4804182052612305,11.0,6.833333492279053
2026-09-26 10:00:00+00:00,15.0,5.44752836227417,9.0,7.0
2026-09-26 11:00:00+00:00,16.0,4.872246265411377,8.0,6.714285850524902
2026-09-26 12:00:00+00:00,17.0,4.846659183502197,8.0,6.5
2026-09-26 13:00:00+00:00,18.0,4.791224956512451,8.0,6.5714287757873535
2026-09-26 14:00:00+00:00,19.0,5.2363128662109375,9.0,5.666666507720947
2026-09-26 15:00:00+00:00,20.0,4.533944129943848,8.0,5.800000190734863
2026-09-26 16:00:00+00:00,21.0,4.3191962242126465,8.0,4.333333492279053
2026-09-26 17:00:00+00:00,22.0,4.103188991546631,8.0,4.166666507720947
2026-09-26 18:00:00+00:00,23.0,3.4140307903289795,7.0,5.75
2026-09-26 19:00:00+00:00,24.0,3.249427318572998,7.0,5.4285712242126465
2026-09-25 21:00:00+00:00,1.0,3.193948745727539,7.0,2.8333332538604736
2026-09-25 22:00:00+00:00,2.0,2.6616127490997314,6.0,2.3333332538604736
2026-09-25 23:00:00+00:00,3.0,2.0688602924346924,5.0,2.5714285373687744
2026-09-26 00:00:00+00:00,4.0,0.9517711997032166,2.0,1.5
2026-09-26 01:00:00+00:00,5.0,1.1575348377227783,3.0,4.0
2026-09-26 02:00:00+00:00,6.0,2.166624069213867,5.0,7.222222328186035
2026-09-26 03:00:00+00:00,7.0,5.469470977783203,11.0,7.0
2026-09-26 04:00:00+00:00,8.0,6.22225284576416,12.0,6.285714149475098
2026-09-26 05:00:00+00:00,9.0,6.432334899902344,12.0,5.714285850524902
2026-09-26 06:00:00+00:00,10.0,6.7415361404418945,12.0,5.5714287757873535
2026-09-26 07:00:00+00:00,11.0,6.861497402191162,12.0,6.0
2026-09-26 08:00:00+00:00,12.0,7.031033992767334,12.0,6.400000095367432
2026-09-26 09:00:00+00:00,13.0,6.561250686645508,11.0,6.833333492279053
2026-09-26 10:00:00+00:00,14.0,6.086634635925293,10.0,7.0
2026-09-26 11:00:00+00:00,15.0,5.51052713394165,9.0,6.714285850524902
2026-09-26 12:00:00+00:00,16.0,5.480382442474365,9.0,6.5
2026-09-26 13:00:00+00:00,17.0,5.422143459320068,9.0,6.5714287757873535
2026-09-26 14:00:00+00:00,18.0,5.304868221282959,9.0,5.666666507720947
2026-09-26 15:00:00+00:00,19.0,4.604081630706787,8.0,5.800000190734863
2026-09-26 16:00:00+00:00,20.0,4.3353424072265625,8.0,4.333333492279053
2026-09-26 17:00:00+00:00,21.0,4.122673511505127,8.0,4.166666507720947
2026-09-26 18:00:00+00:00,22.0,3.4348971843719482,7.0,5.75
2026-09-26 19:00:00+00:00,23.0,3.2982876300811768,7.0,5.4285712242126465
2026-09-26 20:00:00+00:00,24.0,3.1868135929107666,7.0,4.0
2026-09-25 22:00:00+00:00,1.0,2.2048842906951904,5.0,2.3333332538604736
2026-09-25 23:00:00+00:00,2.0,2.059896469116211,5.0,2.5714285373687744
2026-09-26 00:00:00+00:00,3.0,2.2896647453308105,5.0,1.5
2026-09-26 01:00:00+00:00,4.0,1.6077336072921753,4.0,4.0
2026-09-26 02:00:00+00:00,5.0,1.6920442581176758,4.0,7.222222328186035
2026-09-26 03:00:00+00:00,6.0,4.377768516540527,9.0,7.0
2026-09-26 04:00:00+00:00,7.0,6.27347469329834,12.0,6.285714149475098
2026-09-26 05:00:00+00:00,8.0,6.438507080078125,12.0,5.714285850524902
2026-09-26 06:00:00+00:00,9.0,6.078792095184326,11.0,5.5714287757873535
2026-09-26 07:00:00+00:00,10.0,5.624866485595703,10.0,6.0
2026-09-26 08:00:00+00:00,11.0,6.458867073059082,11.0,6.400000095367432
2026-09-26 09:00:00+00:00,12.0,5.974843502044678,10.0,6.833333492279053
2026-09-26 10:00:00+00:00,13.0,6.031767845153809,10.0,7.0
2026-09-26 11:00:00+00:00,14.0,5.540653705596924,9.0,6.714285850524902
2026-09-26 12:00:00+00:00,15.0,5.510783672332764,9.0,6.5
2026-09-26 13:00:00+00:00,16.0,5.452818870544434,9.0,6.5714287757873535
2026-09-26 14:00:00+00:00,17.0,5.334784984588623,9.0,5.666666507720947
2026-09-26 15:00:00+00:00,18.0,5.174489974975586,9.0,5.800000190734863
2026-09-26 16:00:00+00:00,19.0,4.4017558097839355,8.0,4.333333492279053
2026-09-26 17:00:00+00:00,20.0,4.186183929443359,8.0,4.166666507720947
2026-09-26 18:00:00+00:00,21.0,4.588489532470703,9.0,5.75
2026-09-26 19:00:00+00:00,22.0,4.4271416664123535,9.0,5.4285712242126465
2026-09-26 20:00:00+00:00,23.0,3.2744698524475098,7.0,4.0
2026-09-26 21:00:00+00:00,24.0,3.0801730155944824,7.0,4.285714149475098
2026-09-25 23:00:00+00:00,2.0,2.072803258895874,5.0,2.5714285373687744
2026-09-26 00:00:00+00:00,3.0,2.3004136085510254,5.0,1.5
2026-09-26 01:00:00+00:00,4.0,1.6156638860702515,4.0,4.0
2026-09-26 02:00:00+00:00,5.0,1.7017903327941895,4.0,7.222222328186035
2026-09-26 03:00:00+00:00,6.0,4.398760795593262,9.0,7.0
2026-09-26 04:00:00+00:00,7.0,6.295510292053223,12.0,6.285714149475098
2026-09-26 05:00:00+00:00,8.0,6.461917877197266,12.0,5.714285850524902
2026-09-26 06:00:00+00:00,9.0,6.104934215545654,11.0,5.5714287757873535
2026-09-26 07:00:00+00:00,10.0,5.651005268096924,10.0,6.0
2026-09-26 08:00:00+00:00,11.0,6.48704719543457,11.0,6.400000095367432
2026-09-26 09:00:00+00:00,12.0,6.002004623413086,10.0,6.833333492279053
2026-09-26 10:00:00+00:00,13.0,6.0598320960998535,10.0,7.0
2026-09-26 11:00:00+00:00,14.0,5.558938503265381,9.0,6.714285850524902
2026-09-26 12:00:00+00:00,15.0,5.530258655548096,9.0,6.5
2026-09-26 13:00:00+00:00,16.0,5.473295211791992,9.0,6.5714287757873535
2026-09-26 14:00:00+00:00,17.0,5.351005554199219,9.0,5.666666507720947
2026-09-26 15:00:00+00:00,18.0,5.189446926116943,9.0,5.800000190734863
2026-09-26 16:00:00+00:00,19.0,4.420912742614746,8.0,4.333333492279053
2026-09-26 17:00:00+00:00,20.0,4.200340747833252,8.0,4.166666507720947
2026-09-26 18:00:00+00:00,21.0,4.603142261505127,9.0,5.75
2026-09-26 19:00:00+00:00,22.0,4.442564010620117,9.0,5.4285712242126465
2026-09-26 20:00:00+00:00,23.0,3.286707878112793,7.0,4.0
2026-09-26 21:00:00+00:00,24.0,3.0951292514801025,7.0,4.285714149475098
2026-09-26 22:00:00+00:00,25.0,3.0508036613464355,7.0,4.142857074737549
2026-09-26 00:00:00+00:00,3.0,2.300661563873291,5.0,1.5
2026-09-26 01:00:00+00:00,4.0,1.6154539585113525,4.0,4.0
2026-09-26 02:00:00+00:00,5.0,1.701880693435669,4.0,7.222222328186035
2026-09-26 03:00:00+00:00,6.0,4.400279521942139,9.0,7.0
2026-09-26 04:00:00+00:00,7.0,6.298788547515869,12.0,6.285714149475098
2026-09-26 05:00:00+00:00,8.0,6.466790676116943,12.0,5.714285850524902
2026-09-26 06:00:00+00:00,9.0,6.117813587188721,11.0,5.5714287757873535
2026-09-26 07:00:00+00:00,10.0,5.661105155944824,10.0,6.0
2026-09-26 08:00:00+00:00,11.0,6.501421928405762,11.0,6.400000095367432
2026-09-26 09:00:00+00:00,12.0,6.019145965576172,10.0,6.833333492279053
2026-09-26 10:00:00+00:00,13.0,6.082050800323486,10.0,7.0
2026-09-26 11:00:00+00:00,14.0,5.5836029052734375,9.0,6.714285850524902
2026-09-26 12:00:00+00:00,15.0,5.548291206359863,9.0,6.5
2026-09-26 13:00:00+00:00,16.0,5.490205764770508,9.0,6.5714287757873535
2026-09-26 14:00:00+00:00,17.0,5.367586612701416,9.0,5.666666507720947
2026-09-26 15:00:00+00:00,18.0,5.203862190246582,9.0,5.800000190734863
2026-09-26 16:00:00+00:00,19.0,4.435944557189941,8.0,4.333333492279053
2026-09-26 17:00:00+00:00,20.0,4.206584453582764,8.0,4.166666507720947
2026-09-26 18:00:00+00:00,21.0,4.609521389007568,9.0,5.75
2026-09-26 19:00:00+00:00,22.0,4.447336196899414,9.0,5.4285712242126465
2026-09-26 20:00:00+00:00,23.0,3.287712812423706,7.0,4.0
2026-09-26 21:00:00+00:00,24.0,3.0963101387023926,7.0,4.285714149475098
2026-09-26 22:00:00+00:00,25.0,3.050734758377075,7.0,4.142857074737549
2026-09-26 23:00:00+00:00,26.0,3.020670175552368,7.0,4.0
2026-09-26 01:00:00+00:00,4.0,1.697930932044983,4.0,4.0
2026-09-26 02:00:00+00:00,5.0,1.792372226715088,4.0,7.222222328186035
2026-09-26 03:00:00+00:00,6.0,4.589022636413574,9.0,7.0
2026-09-26 04:00:00+00:00,7.0,6.474301338195801,12.0,6.285714149475098
2026-09-26 05:00:00+00:00,8.0,6.642061233520508,12.0,5.714285850524902
2026-09-26 06:00:00+00:00,9.0,6.303170680999756,11.0,5.5714287757873535
2026-09-26 07:00:00+00:00,10.0,5.8317179679870605,10.0,6.0
2026-09-26 08:00:00+00:00,11.0,6.640607833862305,11.0,6.400000095367432
2026-09-26 09:00:00+00:00,12.0,6.160545349121094,10.0,6.833333492279053
2026-09-26 10:00:00+00:00,13.0,6.223762035369873,10.0,7.0
2026-09-26 11:00:00+00:00,14.0,5.683689594268799,9.0,6.714285850524902
2026-09-26 12:00:00+00:00,15.0,5.648313045501709,9.0,6.5
2026-09-26 13:00:00+00:00,16.0,5.58042049407959,9.0,6.5714287757873535
2026-09-26 14:00:00+00:00,17.0,5.4633259773254395,9.0,5.666666507720947
2026-09-26 15:00:00+00:00,18.0,5.313821792602539,9.0,5.800000190734863
2026-09-26 16:00:00+00:00,19.0,4.565479278564453,8.0,4.333333492279053
2026-09-26 17:00:00+00:00,20.0,4.35295295715332,8.0,4.166666507720947
2026-09-26 18:00:00+00:00,21.0,4.747196674346924,9.0,5.75
2026-09-26 19:00:00+00:00,22.0,4.58670711517334,9.0,5.4285712242126465
2026-09-26 20:00:00+00:00,23.0,3.415499448776245,7.0,4.0
2026-09-26 21:00:00+00:00,24.0,3.2294201850891113,7.0,4.285714149475098
2026-09-26 22:00:00+00:00,25.0,3.189404010772705,7.0,4.142857074737549
2026-09-26 23:00:00+00:00,26.0,3.1664421558380127,7.0,4.0
2026-09-27 00:00:00+00:00,27.0,3.153604745864868,7.0,3.857142925262451
2026-09-26 02:00:00+00:00,5.0,1.776892900466919,4.0,7.222222328186035
2026-09-26 03:00:00+00:00,6.0,4.563116073608398,9.0,7.0
2026-09-26 04:00:00+00:00,7.0,6.461688041687012,12.0,6.285714149475098
2026-09-26 05:00:00+00:00,8.0,6.643933296203613,12.0,5.714285850524902
2026-09-26 06:00:00+00:00,9.0,6.303128719329834,11.0,5.5714287757873535
2026-09-26 07:00:00+00:00,10.0,5.833737850189209,10.0,6.0
2026-09-26 08:00:00+00:00,11.0,6.65028715133667,11.0,6.400000095367432
2026-09-26 09:00:00+00:00,12.0,6.157496452331543,10.0,6.833333492279053
2026-09-26 10:00:00+00:00,13.0,6.223321437835693,10.0,7.0
2026-09-26 11:00:00+00:00,14.0,5.706806659698486,9.0,6.714285850524902
2026-09-26 12:00:00+00:00,15.0,5.670478343963623,9.0,6.5
2026-09-26 13:00:00+00:00,16.0,5.6082892417907715,9.0,6.5714287757873535
2026-09-26 14:00:00+00:00,17.0,5.483037948608398,9.0,5.666666507720947
2026-09-26 15:00:00+00:00,18.0,5.328310489654541,9.0,5.800000190734863
2026-09-26 16:00:00+00:00,19.0,4.561060905456543,8.0,4.333333492279053
2026-09-26 17:00:00+00:00,20.0,4.342535972595215,8.0,4.166666507720947
2026-09-26 18:00:00+00:00,21.0,4.751633167266846,9.0,5.75
2026-09-26 19:00:00+00:00,22.0,4.585030555725098,9.0,5.4285712242126465
2026-09-26 20:00:00+00:00,23.0,3.400752305984497,7.0,4.0
2026-09-26 21:00:00+00:00,24.0,3.2075581550598145,7.0,4.285714149475098
2026-09-26 22:00:00+00:00,25.0,3.164264440536499,7.0,4.142857074737549
2026-09-26 23:00:00+00:00,26.0,3.1377925872802734,7.0,4.0
2026-09-27 00:00:00+00:00,27.0,3.122730255126953,7.0,3.857142925262451
2026-09-27 01:00:00+00:00,28.0,3.126655340194702,7.0,3.6666667461395264
2026-09-26 03:00:00+00:00,6.0,4.683816432952881,9.0,7.0
2026-09-26 04:00:00+00:00,7.0,6.586965084075928,12.0,6.285714149475098
2026-09-26 05:00:00+00:00,8.0,6.776649475097656,12.0,5.714285850524902
2026-09-26 06:00:00+00:00,9.0,6.416226863861084,11.0,5.5714287757873535
2026-09-26 07:00:00+00:00,10.0,5.931141376495361,10.0,6.0
2026-09-26 08:00:00+00:00,11.0,6.739884376525879,11.0,6.400000095367432
2026-09-26 09:00:00+00:00,12.0,6.251848220825195,10.0,6.833333492279053
2026-09-26 10:00:00+00:00,13.0,6.321651458740234,10.0,7.0
2026-09-26 11:00:00+00:00,14.0,5.793384552001953,9.0,6.714285850524902
2026-09-26 12:00:00+00:00,15.0,5.758657932281494,9.0,6.5
2026-09-26 13:00:00+00:00,16.0,5.69321346282959,9.0,6.5714287757873535
2026-09-26 14:00:00+00:00,17.0,5.5699357986450195,9.0,5.666666507720947
2026-09-26 15:00:00+00:00,18.0,5.420503616333008,9.0,5.800000190734863
2026-09-26 16:00:00+00:00,19.0,4.648414611816406,8.0,4.333333492279053
2026-09-26 17:00:00+00:00,20.0,4.44255256652832,8.0,4.166666507720947
2026-09-26 18:00:00+00:00,21.0,4.857385635375977,9.0,5.75
2026-09-26 19:00:00+00:00,22.0,4.689966678619385,9.0,5.4285712242126465
2026-09-26 20:00:00+00:00,23.0,3.4925148487091064,7.0,4.0
2026-09-26 21:00:00+00:00,24.0,3.295262575149536,7.0,4.285714149475098
2026-09-26 22:00:00+00:00,25.0,3.243931770324707,7.0,4.142857074737549
2026-09-26 23:00:00+00:00,26.0,3.21865177154541,7.0,4.0
2026-09-27 00:00:00+00:00,27.0,3.2110986709594727,7.0,3.857142925262451
2026-09-27 01:00:00+00:00,28.0,3.2155795097351074,7.0,3.6666667461395264
2026-09-27 02:00:00+00:00,29.0,2.786853075027466,6.0,4.285714149475098
2026-09-26 04:00:00+00:00,7.0,6.890093803405762,12.0,6.285714149475098
2026-09-26 05:00:00+00:00,8.0,7.04719877243042,12.0,5.714285850524902
2026-09-26 06:00:00+00:00,9.0,6.643071174621582,11.0,5.5714287757873535
2026-09-26 07:00:00+00:00,10.0,6.129570007324219,10.0,6.0
2026-09-26 08:00:00+00:00,11.0,6.953266620635986,11.0,6.400000095367432
2026-09-26 09:00:00+00:00,12.0,6.472312927246094,10.0,6.833333492279053
2026-09-26 10:00:00+00:00,13.0,6.539172172546387,10.0,7.0
2026-09-26 11:00:00+00:00,14.0,5.983789443969727,9.0,6.714285850524902
2026-09-26 12:00:00+00:00,15.0,5.9471211433410645,9.0,6.5
2026-09-26 13:00:00+00:00,16.0,5.884576797485352,9.0,6.5714287757873535
2026-09-26 14:00:00+00:00,17.0,5.765151023864746,9.0,5.666666507720947
2026-09-26 15:00:00+00:00,18.0,5.618164539337158,9.0,5.800000190734863
2026-09-26 16:00:00+00:00,19.0,4.835945129394531,8.0,4.333333492279053
2026-09-26 17:00:00+00:00,20.0,4.620392799377441,8.0,4.166666507720947
2026-09-26 18:00:00+00:00,21.0,5.047569751739502,9.0,5.75
2026-09-26 19:00:00+00:00,22.0,4.895654201507568,9.0,5.4285712242126465
2026-09-26 20:00:00+00:00,23.0,3.670085906982422,7.0,4.0
2026-09-26 21:00:00+00:00,24.0,3.4692912101745605,7.0,4.285714149475098
2026-09-26 22:00:00+00:00,25.0,3.4158620834350586,7.0,4.142857074737549
2026-09-26 23:00:00+00:00,26.0,3.384357452392578,7.0,4.0
2026-09-27 00:00:00+00:00,27.0,3.3751866817474365,7.0,3.857142925262451
2026-09-27 01:00:00+00:00,28.0,3.387420654296875,7.0,3.6666667461395264
2026-09-27 02:00:00+00:00,29.0,2.9357616901397705,6.0,4.285714149475098
2026-09-27 03:00:00+00:00,30.0,2.963528871536255,6.0,4.0
2026-09-26 05:00:00+00:00,8.0,7.320650100708008,12.0,5.714285850524902
2026-09-26 06:00:00+00:00,9.0,6.8921027183532715,11.0,5.5714287757873535
2026-09-26 07:00:00+00:00,10.0,6.379607677459717,10.0,6.0
2026-09-26 08:00:00+00:00,11.0,7.206525802612305,11.0,6.400000095367432
2026-09-26 09:00:00+00:00,12.0,6.716996192932129,10.0,6.833333492279053
2026-09-26 10:00:00+00:00,13.0,6.7795538902282715,10.0,7.0
2026-09-26 11:00:00+00:00,14.0,6.202460289001465,9.0,6.714285850524902
2026-09-26 12:00:00+00:00,15.0,6.171087265014648,9.0,6.5
2026-09-26 13:00:00+00:00,16.0,6.0710625648498535,9.0,6.5714287757873535
2026-09-26 14:00:00+00:00,17.0,5.956178188323975,9.0,5.666666507720947
2026-09-26 15:00:00+00:00,18.0,5.820344924926758,9.0,5.800000190734863
2026-09-26 16:00:00+00:00,19.0,5.030847549438477,8.0,4.333333492279053
2026-09-26 17:00:00+00:00,20.0,4.819422245025635,8.0,4.166666507720947
2026-09-26 18:00:00+00:00,21.0,5.2523674964904785,9.0,5.75
2026-09-26 19:00:00+00:00,22.0,5.1130170822143555,9.0,5.4285712242126465
2026-09-26 20:00:00+00:00,23.0,3.8679866790771484,7.0,4.0
2026-09-26 21:00:00+00:00,24.0,3.670012950897217,7.0,4.285714149475098
2026-09-26 22:00:00+00:00,25.0,3.6151349544525146,7.0,4.142857074737549
2026-09-26 23:00:00+00:00,26.0,3.5890896320343018,7.0,4.0
2026-09-27 00:00:00+00:00,27.0,3.580568552017212,7.0,3.857142925262451
2026-09-27 01:00:00+00:00,28.0,3.59576678276062,7.0,3.6666667461395264
2026-09-27 02:00:00+00:00,29.0,3.126842498779297,6.0,4.285714149475098
2026-09-27 03:00:00+00:00,30.0,3.1654720306396484,6.0,4.0
2026-09-27 04:00:00+00:00,31.0,3.852551221847534,7.0,4.0
2026-09-26 06:00:00+00:00,9.0,7.079831600189209,11.0,5.5714287757873535
2026-09-26 07:00:00+00:00,10.0,6.572436332702637,10.0,6.0
2026-09-26 08:00:00+00:00,11.0,7.386438369750977,11.0,6.400000095367432
2026-09-26 09:00:00+00:00,12.0,6.861665725708008,10.0,6.833333492279053
2026-09-26 10:00:00+00:00,13.0,6.926694869995117,10.0,7.0
2026-09-26 11:00:00+00:00,14.0,6.320491313934326,9.0,6.714285850524902
2026-09-26 12:00:00+00:00,15.0,6.297180652618408,9.0,6.5
2026-09-26 13:00:00+00:00,16.0,6.180557727813721,9.0,6.5714287757873535
2026-09-26 14:00:00+00:00,17.0,6.075480937957764,9.0,5.666666507720947
2026-09-26 15:00:00+00:00,18.0,5.947101593017578,9.0,5.800000190734863
2026-09-26 16:00:00+00:00,19.0,5.161477088928223,8.0,4.333333492279053
2026-09-26 17:00:00+00:00,20.0,4.960512161254883,8.0,4.166666507720947
2026-09-26 18:00:00+00:00,21.0,5.4024858474731445,9.0,5.75
2026-09-26 19:00:00+00:00,22.0,5.279646396636963,9.0,5.4285712242126465
2026-09-26 20:00:00+00:00,23.0,4.024481773376465,7.0,4.0
2026-09-26 21:00:00+00:00,24.0,3.829042434692383,7.0,4.285714149475098
2026-09-26 22:00:00+00:00,25.0,3.7764227390289307,7.0,4.142857074737549
2026-09-26 23:00:00+00:00,26.0,3.7495782375335693,7.0,4.0
2026-09-27 00:00:00+00:00,27.0,3.751591682434082,7.0,3.857142925262451
2026-09-27 01:00:00+00:00,28.0,3.776515483856201,7.0,3.6666667461395264
2026-09-27 02:00:00+00:00,29.0,3.287172555923462,6.0,4.285714149475098
2026-09-27 03:00:00+00:00,30.0,3.3350820541381836,6.0,4.0
2026-09-27 04:00:00+00:00,31.0,4.060349464416504,7.0,4.0
2026-09-27 05:00:00+00:00,32.0,3.65116286277771,6.0,4.400000095367432
2026-09-26 07:00:00+00:00,1.0,5.982449531555176,9.0,6.0
2026-09-26 08:00:00+00:00,2.0,7.4590678215026855,11.0,6.400000095367432
2026-09-26 09:00:00+00:00,3.0,6.960543632507324,10.0,6.833333492279053
2026-09-26 10:00:00+00:00,4.0,7.049508094787598,10.0,7.0
2026-09-26 11:00:00+00:00,5.0,6.427097320556641,9.0,6.714285850524902
2026-09-26 12:00:00+00:00,6.0,5.729160785675049,8.0,6.5
2026-09-26 13:00:00+00:00,7.0,5.649350166320801,8.0,6.5714287757873535
2026-09-26 14:00:00+00:00,8.0,5.537838935852051,8.0,5.666666507720947
2026-09-26 15:00:00+00:00,9.0,5.3718743324279785,8.0,5.800000190734863
2026-09-26 16:00:00+00:00,10.0,5.139333724975586,8.0,4.333333492279053
2026-09-26 17:00:00+00:00,11.0,4.945067882537842,8.0,4.166666507720947
2026-09-26 18:00:00+00:00,12.0,4.798558712005615,8.0,5.75
2026-09-26 19:00:00+00:00,13.0,5.262686252593994,9.0,5.4285712242126465
2026-09-26 20:00:00+00:00,14.0,4.570924282073975,8.0,4.0
2026-09-26 21:00:00+00:00,15.0,4.435705184936523,8.0,4.285714149475098
2026-09-26 22:00:00+00:00,16.0,3.8353495597839355,7.0,4.142857074737549
2026-09-26 23:00:00+00:00,17.0,3.7045068740844727,7.0,4.0
2026-09-27 00:00:00+00:00,18.0,3.7387447357177734,7.0,3.857142925262451
2026-09-27 01:00:00+00:00,19.0,3.7680695056915283,7.0,3.6666667461395264
2026-09-27 02:00:00+00:00,20.0,3.8321542739868164,7.0,4.285714149475098
2026-09-27 03:00:00+00:00,21.0,3.8834354877471924,7.0,4.0
2026-09-27 04:00:00+00:00,22.0,4.005450248718262,7.0,4.0
2026-09-27 05:00:00+00:00,23.0,3.5712976455688477,6.0,4.400000095367432
2026-09-27 06:00:00+00:00,24.0,3.7074294090270996,6.0,6.285714149475098
2026-09-26 08:00:00+00:00,1.0,6.12769079208374,9.0,6.400000095367432
2026-09-26 09:00:00+00:00,2.0,5.618651390075684,8.0,6.833333492279053
2026-09-26 10:00:00+00:00,3.0,6.3681535720825195,9.0,7.0
2026-09-26 11:00:00+00:00,4.0,6.4290642738342285,9.0,6.714285850524902
2026-09-26 12:00:00+00:00,5.0,6.422179222106934,9.0,6.5
2026-09-26 13:00:00+00:00,6.0,6.362016201019287,9.0,6.5714287757873535
2026-09-26 14:00:00+00:00,7.0,5.584072113037109,8.0,5.666666507720947
2026-09-26 15:00:00+00:00,8.0,5.40622615814209,8.0,5.800000190734863
2026-09-26 16:00:00+00:00,9.0,4.553351879119873,7.0,4.333333492279053
2026-09-26 17:00:00+00:00,10.0,4.355320453643799,7.0,4.166666507720947
2026-09-26 18:00:00+00:00,11.0,4.200946807861328,7.0,5.75
2026-09-26 19:00:00+00:00,12.0,4.08632755279541,7.0,5.4285712242126465
2026-09-26 20:00:00+00:00,13.0,4.57292366027832,8.0,4.0
2026-09-26 21:00:00+00:00,14.0,5.049603462219238,9.0,4.285714149475098
2026-09-26 22:00:00+00:00,15.0,4.416458606719971,8.0,4.142857074737549
2026-09-26 23:00:00+00:00,16.0,3.794496774673462,7.0,4.0
2026-09-27 00:00:00+00:00,17.0,3.802112579345703,7.0,3.857142925262451
2026-09-27 01:00:00+00:00,18.0,3.208481550216675,6.0,3.6666667461395264
2026-09-27 02:00:00+00:00,19.0,2.739229917526245,5.0,4.285714149475098
2026-09-27 03:00:00+00:00,20.0,2.7824573516845703,5.0,4.0
2026-09-27 04:00:00+00:00,21.0,2.8803787231445312,5.0,4.0
2026-09-27 05:00:00+00:00,22.0,2.966632604598999,5.0,4.400000095367432
2026-09-27 06:00:00+00:00,23.0,3.113452672958374,5.0,6.285714149475098
2026-09-27 07:00:00+00:00,24.0,2.6658196449279785,4.0,4.285714149475098
2026-09-26 09:00:00+00:00,1.0,6.3398613929748535,9.0,6.833333492279053
2026-09-26 10:00:00+00:00,2.0,7.065159797668457,10.0,7.0
2026-09-26 11:00:00+00:00,3.0,6.466119766235352,9.0,6.714285850524902
2026-09-26 12:00:00+00:00,4.0,5.7826948165893555,8.0,6.5
2026-09-26 13:00:00+00:00,5.0,5.7523322105407715,8.0,6.5714287757873535
2026-09-26 14:00:00+00:00,6.0,5.618614673614502,8.0,5.666666507720947
2026-09-26 15:00:00+00:00,7.0,5.458765506744385,8.0,5.800000190734863
2026-09-26 16:00:00+00:00,8.0,4.637701034545898,7.0,4.333333492279053
2026-09-26 17:00:00+00:00,9.0,4.416444778442383,7.0,4.166666507720947
2026-09-26 18:00:00+00:00,10.0,4.267866134643555,7.0,5.75
2026-09-26 19:00:00+00:00,11.0,4.100916862487793,7.0,5.4285712242126465
2026-09-26 20:00:00+00:00,12.0,3.4213926792144775,6.0,4.0
2026-09-26 21:00:00+00:00,13.0,3.8576061725616455,7.0,4.285714149475098
2026-09-26 22:00:00+00:00,14.0,3.2476189136505127,6.0,4.142857074737549
2026-09-26 23:00:00+00:00,15.0,2.6574835777282715,5.0,4.0
2026-09-27 00:00:00+00:00,16.0,3.2144429683685303,6.0,3.857142925262451
2026-09-27 01:00:00+00:00,17.0,2.7111916542053223,5.0,3.6666667461395264
2026-09-27 02:00:00+00:00,18.0,2.698399782180786,5.0,4.285714149475098
2026-09-27 03:00:00+00:00,19.0,3.3521411418914795,6.0,4.0
2026-09-27 04:00:00+00:00,20.0,3.512434959411621,6.0,4.0
2026-09-27 05:00:00+00:00,21.0,3.664400100708008,6.0,4.400000095367432
2026-09-27 06:00:00+00:00,22.0,4.448483467102051,7.0,6.285714149475098
2026-09-27 07:00:00+00:00,23.0,3.3971667289733887,5.0,4.285714149475098
2026-09-27 08:00:00+00:00,24.0,3.6315548419952393,5.0,4.800000190734863
2026-09-26 10:00:00+00:00,1.0,7.076570510864258,10.0,7.0
2026-09-26 11:00:00+00:00,2.0,6.462918281555176,9.0,6.714285850524902
2026-09-26 12:00:00+00:00,3.0,5.77431058883667,8.0,6.5
2026-09-26 13:00:00+00:00,4.0,5.703522682189941,8.0,6.5714287757873535
2026-09-26 14:00:00+00:00,5.0,5.6101789474487305,8.0,5.666666507720947
2026-09-26 15:00:00+00:00,6.0,5.463504791259766,8.0,5.800000190734863
2026-09-26 16:00:00+00:00,7.0,5.256577014923096,8.0,4.333333492279053
2026-09-26 17:00:00+00:00,8.0,5.056345462799072,8.0,4.166666507720947
2026-09-26 18:00:00+00:00,9.0,4.888821601867676,8.0,5.75
2026-09-26 19:00:00+00:00,10.0,4.727906703948975,8.0,5.4285712242126465
2026-09-26 20:00:00+00:00,11.0,4.040020942687988,7.0,4.0
2026-09-26 21:00:00+00:00,12.0,4.498499870300293,8.0,4.285714149475098
2026-09-26 22:00:00+00:00,13.0,3.8716585636138916,7.0,4.142857074737549
2026-09-26 23:00:00+00:00,14.0,3.2528202533721924,6.0,4.0
2026-09-27 00:00:00+00:00,15.0,3.229508876800537,6.0,3.857142925262451
2026-09-27 01:00:00+00:00,16.0,3.782039165496826,7.0,3.6666667461395264
2026-09-27 02:00:00+00:00,17.0,3.943502902984619,7.0,4.285714149475098
2026-09-27 03:00:00+00:00,18.0,3.466338634490967,6.0,4.0
2026-09-27 04:00:00+00:00,19.0,4.073169231414795,7.0,4.0
2026-09-27 05:00:00+00:00,20.0,3.651594638824463,6.0,4.400000095367432
2026-09-27 06:00:00+00:00,21.0,3.830965280532837,6.0,6.285714149475098
2026-09-27 07:00:00+00:00,22.0,3.3355934619903564,5.0,4.285714149475098
2026-09-27 08:00:00+00:00,23.0,3.5473203659057617,5.0,4.800000190734863
2026-09-27 09:00:00+00:00,24.0,3.2561330795288086,4.0,4.625
2026-09-26 11:00:00+00:00,1.0,6.4047393798828125,9.0,6.714285850524902
2026-09-26 12:00:00+00:00,2.0,6.417405605316162,9.0,6.5
2026-09-26 13:00:00+00:00,3.0,5.67890739440918,8.0,6.5714287757873535
2026-09-26 14:00:00+00:00,4.0,5.5784807205200195,8.0,5.666666507720947
2026-09-26 15:00:00+00:00,5.0,5.448784351348877,8.0,5.800000190734863
2026-09-26 16:00:00+00:00,6.0,4.615687370300293,7.0,4.333333492279053
2026-09-26 17:00:00+00:00,7.0,4.419120788574219,7.0,4.166666507720947
2026-09-26 18:00:00+00:00,8.0,4.2773823738098145,7.0,5.75
2026-09-26 19:00:00+00:00,9.0,4.0788726806640625,7.0,5.4285712242126465
2026-09-26 20:00:00+00:00,10.0,3.403451442718506,6.0,4.0
2026-09-26 21:00:00+00:00,11.0,5.160866737365723,9.0,4.285714149475098
2026-09-26 22:00:00+00:00,12.0,5.140753269195557,9.0,4.142857074737549
2026-09-26 23:00:00+00:00,13.0,4.5204620361328125,8.0,4.0
2026-09-27 00:00:00+00:00,14.0,4.38438606262207,8.0,3.857142925262451
2026-09-27 01:00:00+00:00,15.0,3.8622002601623535,7.0,3.6666667461395264
2026-09-27 02:00:00+00:00,16.0,3.8785109519958496,7.0,4.285714149475098
2026-09-27 03:00:00+00:00,17.0,3.3639473915100098,6.0,4.0
2026-09-27 04:00:00+00:00,18.0,2.885016679763794,5.0,4.0
2026-09-27 05:00:00+00:00,19.0,2.977229118347168,5.0,4.400000095367432
2026-09-27 06:00:00+00:00,20.0,3.125941276550293,5.0,6.285714149475098
2026-09-27 07:00:00+00:00,21.0,2.6361045837402344,4.0,4.285714149475098
2026-09-27 08:00:00+00:00,22.0,3.621856927871704,5.0,4.800000190734863
2026-09-27 09:00:00+00:00,23.0,3.277825355529785,4.0,4.625
2026-09-27 10:00:00+00:00,24.0,3.5081684589385986,4.0,4.75
2026-09-26 12:00:00+00:00,1.0,5.798690319061279,8.0,6.5
2026-09-26 13:00:00+00:00,2.0,5.759894847869873,8.0,6.5714287757873535
2026-09-26 14:00:00+00:00,3.0,6.342118740081787,9.0,5.666666507720947
2026-09-26 15:00:00+00:00,4.0,5.538064956665039,8.0,5.800000190734863
2026-09-26 16:00:00+00:00,5.0,4.674954891204834,7.0,4.333333492279053
2026-09-26 17:00:00+00:00,6.0,4.471794605255127,7.0,4.166666507720947
2026-09-26 18:00:00+00:00,7.0,4.302431583404541,7.0,5.75
2026-09-26 19:00:00+00:00,8.0,3.5787057876586914,6.0,5.4285712242126465
2026-09-26 20:00:00+00:00,9.0,3.4307193756103516,6.0,4.0
2026-09-26 21:00:00+00:00,10.0,3.3409347534179688,6.0,4.285714149475098
2026-09-26 22:00:00+00:00,11.0,3.2796339988708496,6.0,4.142857074737549
2026-09-26 23:00:00+00:00,12.0,3.8445465564727783,7.0,4.0
2026-09-27 00:00:00+00:00,13.0,3.8955440521240234,7.0,3.857142925262451
2026-09-27 01:00:00+00:00,14.0,3.881453037261963,7.0,3.6666667461395264
2026-09-27 02:00:00+00:00,15.0,3.3492658138275146,6.0,4.285714149475098
2026-09-27 03:00:00+00:00,16.0,3.432481288909912,6.0,4.0
2026-09-27 04:00:00+00:00,17.0,3.544816493988037,6.0,4.0
2026-09-27 05:00:00+00:00,18.0,3.695568323135376,6.0,4.400000095367432
2026-09-27 06:00:00+00:00,19.0,3.8629584312438965,6.0,6.285714149475098
2026-09-27 07:00:00+00:00,20.0,3.9961721897125244,6.0,4.285714149475098
2026-09-27 08:00:00+00:00,21.0,3.642937660217285,5.0,4.800000190734863
2026-09-27 09:00:00+00:00,22.0,3.292065382003784,4.0,4.625
2026-09-27 10:00:00+00:00,23.0,3.406665563583374,4.0,4.75
2026-09-27 11:00:00+00:00,24.0,3.662910223007202,4.0,6.800000190734863
2026-09-26 13:00:00+00:00,1.0,5.686328887939453,8.0,6.5714287757873535
2026-09-26 14:00:00+00:00,2.0,4.9123311042785645,7.0,5.666666507720947
2026-09-26 15:00:00+00:00,3.0,5.418607711791992,8.0,5.800000190734863
2026-09-26 16:00:00+00:00,4.0,4.6424174308776855,7.0,4.333333492279053
2026-09-26 17:00:00+00:00,5.0,4.454387664794922,7.0,4.166666507720947
2026-09-26 18:00:00+00:00,6.0,4.270212650299072,7.0,5.75
2026-09-26 19:00:00+00:00,7.0,4.131772994995117,7.0,5.4285712242126465
2026-09-26 20:00:00+00:00,8.0,4.027617931365967,7.0,4.0
2026-09-26 21:00:00+00:00,9.0,3.9757957458496094,7.0,4.285714149475098
2026-09-26 22:00:00+00:00,10.0,3.9158668518066406,7.0,4.142857074737549
2026-09-26 23:00:00+00:00,11.0,3.3234288692474365,6.0,4.0
2026-09-27 00:00:00+00:00,12.0,3.287792444229126,6.0,3.857142925262451
2026-09-27 01:00:00+00:00,13.0,2.7432479858398438,5.0,3.6666667461395264
2026-09-27 02:00:00+00:00,14.0,2.7541799545288086,5.0,4.285714149475098
2026-09-27 03:00:00+00:00,15.0,2.8283703327178955,5.0,4.0
2026-09-27 04:00:00+00:00,16.0,2.941211462020874,5.0,4.0
2026-09-27 05:00:00+00:00,17.0,3.6460154056549072,6.0,4.400000095367432
2026-09-27 06:00:00+00:00,18.0,3.844701051712036,6.0,6.285714149475098
2026-09-27 07:00:00+00:00,19.0,3.3566558361053467,5.0,4.285714149475098
2026-09-27 08:00:00+00:00,20.0,3.5949981212615967,5.0,4.800000190734863
2026-09-27 09:00:00+00:00,21.0,4.087837219238281,5.0,4.625
2026-09-27 10:00:00+00:00,22.0,3.5738492012023926,4.0,4.75
2026-09-27 11:00:00+00:00,23.0,4.551671028137207,5.0,6.800000190734863
2026-09-27 12:00:00+00:00,24.0,4.56714391708374,5.0,6.833333492279053
2026-09-26 14:00:00+00:00,1.0,5.590884685516357,8.0,5.666666507720947
2026-09-26 15:00:00+00:00,2.0,5.447769641876221,8.0,5.800000190734863
2026-09-26 16:00:00+00:00,3.0,4.661452770233154,7.0,4.333333492279053
2026-09-26 17:00:00+00:00,4.0,4.490657806396484,7.0,4.166666507720947
2026-09-26 18:00:00+00:00,5.0,3.6892130374908447,6.0,5.75
2026-09-26 19:00:00+00:00,6.0,3.5168333053588867,6.0,5.4285712242126465
2026-09-26 20:00:00+00:00,7.0,3.406027317047119,6.0,4.0
2026-09-26 21:00:00+00:00,8.0,3.9084482192993164,7.0,4.285714149475098
2026-09-26 22:00:00+00:00,9.0,3.8541646003723145,7.0,4.142857074737549
2026-09-26 23:00:00+00:00,10.0,3.2879505157470703,6.0,4.0
2026-09-27 00:00:00+00:00,11.0,3.8543014526367188,7.0,3.857142925262451
2026-09-27 01:00:00+00:00,12.0,3.8757145404815674,7.0,3.6666667461395264
2026-09-27 02:00:00+00:00,13.0,3.9407920837402344,7.0,4.285714149475098
2026-09-27 03:00:00+00:00,14.0,3.4406590461730957,6.0,4.0
2026-09-27 04:00:00+00:00,15.0,3.4615578651428223,6.0,4.0
2026-09-27 05:00:00+00:00,16.0,3.640538454055786,6.0,4.400000095367432
2026-09-27 06:00:00+00:00,17.0,3.7979559898376465,6.0,6.285714149475098
2026-09-27 07:00:00+00:00,18.0,3.32924747467041,5.0,4.285714149475098
2026-09-27 08:00:00+00:00,19.0,3.655297040939331,5.0,4.800000190734863
2026-09-27 09:00:00+00:00,20.0,3.3365471363067627,4.0,4.625
2026-09-27 10:00:00+00:00,21.0,3.4798502922058105,4.0,4.75
2026-09-27 11:00:00+00:00,22.0,3.667058229446411,4.0,6.800000190734863
2026-09-27 12:00:00+00:00,23.0,3.6443519592285156,4.0,6.833333492279053
2026-09-27 13:00:00+00:00,24.0,4.418025970458984,5.0,7.166666507720947
2026-09-26 15:00:00+00:00,1.0,4.726402282714844,7.0,5.800000190734863
2026-09-26 16:00:00+00:00,2.0,4.548912525177002,7.0,4.333333492279053
2026-09-26 17:00:00+00:00,3.0,4.376168251037598,7.0,4.166666507720947
2026-09-26 18:00:00+00:00,4.0,3.612771987915039,6.0,5.75
2026-09-26 19:00:00+00:00,5.0,3.453709602355957,6.0,5.4285712242126465
2026-09-26 20:00:00+00:00,6.0,2.7680141925811768,5.0,4.0
2026-09-26 21:00:00+00:00,7.0,2.6486072540283203,5.0,4.285714149475098
2026-09-26 22:00:00+00:00,8.0,3.202202320098877,6.0,4.142857074737549
2026-09-26 23:00:00+00:00,9.0,3.178133487701416,6.0,4.0
2026-09-27 00:00:00+00:00,10.0,3.760943651199341,7.0,3.857142925262451
2026-09-27 01:00:00+00:00,11.0,3.72194504737854,7.0,3.6666667461395264
2026-09-27 02:00:00+00:00,12.0,2.7043404579162598,5.0,4.285714149475098
2026-09-27 03:00:00+00:00,13.0,2.6977267265319824,5.0,4.0
2026-09-27 04:00:00+00:00,14.0,3.37898850440979,6.0,4.0
2026-09-27 05:00:00+00:00,15.0,2.955281972885132,5.0,4.400000095367432
2026-09-27 06:00:00+00:00,16.0,3.06685471534729,5.0,6.285714149475098
2026-09-27 07:00:00+00:00,17.0,2.599823474884033,4.0,4.285714149475098
2026-09-27 08:00:00+00:00,18.0,2.769359827041626,4.0,4.800000190734863
2026-09-27 09:00:00+00:00,19.0,2.345898389816284,3.0,4.625
2026-09-27 10:00:00+00:00,20.0,3.306889772415161,4.0,4.75
2026-09-27 11:00:00+00:00,21.0,3.536498546600342,4.0,6.800000190734863
2026-09-27 12:00:00+00:00,22.0,3.6178977489471436,4.0,6.833333492279053
2026-09-27 13:00:00+00:00,23.0,4.3984832763671875,5.0,7.166666507720947
2026-09-27 14:00:00+00:00,24.0,5.024636745452881,6.0,7.333333492279053
2026-09-26 16:00:00+00:00,1.0,4.536865234375,7.0,4.333333492279053
2026-09-26 17:00:00+00:00,2.0,4.3327436447143555,7.0,4.166666507720947
2026-09-26 18:00:00+00:00,3.0,4.194713592529297,7.0,5.75
2026-09-26 19:00:00+00:00,4.0,4.04106330871582,7.0,5.4285712242126465
2026-09-26 20:00:00+00:00,5.0,3.914518356323242,7.0,4.0
2026-09-26 21:00:00+00:00,6.0,3.858976125717163,7.0,4.285714149475098
2026-09-26 22:00:00+00:00,7.0,3.8013694286346436,7.0,4.142857074737549
2026-09-26 23:00:00+00:00,8.0,3.24014949798584,6.0,4.0
2026-09-27 00:00:00+00:00,9.0,3.2115695476531982,6.0,3.857142925262451
2026-09-27 01:00:00+00:00,10.0,3.2170794010162354,6.0,3.6666667461395264
2026-09-27 02:00:00+00:00,11.0,3.2185566425323486,6.0,4.285714149475098
2026-09-27 03:00:00+00:00,12.0,3.3325276374816895,6.0,4.0
2026-09-27 04:00:00+00:00,13.0,3.4405336380004883,6.0,4.0
2026-09-27 05:00:00+00:00,14.0,3.535583019256592,6.0,4.400000095367432
2026-09-27 06:00:00+00:00,15.0,3.124237060546875,5.0,6.285714149475098
2026-09-27 07:00:00+00:00,16.0,4.521316051483154,7.0,4.285714149475098
2026-09-27 08:00:00+00:00,17.0,3.557382583618164,5.0,4.800000190734863
2026-09-27 09:00:00+00:00,18.0,4.0014519691467285,5.0,4.625
2026-09-27 10:00:00+00:00,19.0,3.443718671798706,4.0,4.75
2026-09-27 11:00:00+00:00,20.0,4.475677013397217,5.0,6.800000190734863
2026-09-27 12:00:00+00:00,21.0,4.494940280914307,5.0,6.833333492279053
2026-09-27 13:00:00+00:00,22.0,6.0488176345825195,7.0,7.166666507720947
2026-09-27 14:00:00+00:00,23.0,5.9238667488098145,7.0,7.333333492279053
2026-09-27 15:00:00+00:00,24.0,5.708915710449219,7.0,5.5
2026-09-26 17:00:00+00:00,1.0,3.7147228717803955,6.0,4.166666507720947
2026-09-26 18:00:00+00:00,2.0,3.5843141078948975,6.0,5.75
2026-09-26 19:00:00+00:00,3.0,3.4420666694641113,6.0,5.4285712242126465
2026-09-26 20:00:00+00:00,4.0,3.3554561138153076,6.0,4.0
2026-09-26 21:00:00+00:00,5.0,3.8058857917785645,7.0,4.285714149475098
2026-09-26 22:00:00+00:00,6.0,3.791775941848755,7.0,4.142857074737549
2026-09-26 23:00:00+00:00,7.0,3.815250873565674,7.0,4.0
2026-09-27 00:00:00+00:00,8.0,3.821187973022461,7.0,3.857142925262451
2026-09-27 01:00:00+00:00,9.0,3.805729389190674,7.0,3.6666667461395264
2026-09-27 02:00:00+00:00,10.0,3.299429416656494,6.0,4.285714149475098
2026-09-27 03:00:00+00:00,11.0,3.3260319232940674,6.0,4.0
2026-09-27 04:00:00+00:00,12.0,3.9922218322753906,7.0,4.0
2026-09-27 05:00:00+00:00,13.0,3.5615673065185547,6.0,4.400000095367432
2026-09-27 06:00:00+00:00,14.0,3.7338836193084717,6.0,6.285714149475098
2026-09-27 07:00:00+00:00,15.0,2.66573429107666,4.0,4.285714149475098
2026-09-27 08:00:00+00:00,16.0,4.284456253051758,6.0,4.800000190734863
2026-09-27 09:00:00+00:00,17.0,3.354602098464966,4.0,4.625
2026-09-27 10:00:00+00:00,18.0,4.277222156524658,5.0,4.75
2026-09-27 11:00:00+00:00,19.0,3.625297784805298,4.0,6.800000190734863
2026-09-27 12:00:00+00:00,20.0,4.447440147399902,5.0,6.833333492279053
2026-09-27 13:00:00+00:00,21.0,5.252068519592285,6.0,7.166666507720947
2026-09-27 14:00:00+00:00,22.0,5.077851295471191,6.0,7.333333492279053
2026-09-27 15:00:00+00:00,23.0,4.868666172027588,6.0,5.5
2026-09-27 16:00:00+00:00,24.0,3.868593215942383,5.0,4.0
2026-09-26 18:00:00+00:00,1.0,3.4757771492004395,6.0,5.75
2026-09-26 19:00:00+00:00,2.0,2.8217315673828125,5.0,5.4285712242126465
2026-09-26 20:00:00+00:00,3.0,2.705474376678467,5.0,4.0
2026-09-26 21:00:00+00:00,4.0,3.146273374557495,6.0,4.285714149475098
2026-09-26 22:00:00+00:00,5.0,3.1254303455352783,6.0,4.142857074737549
2026-09-26 23:00:00+00:00,6.0,4.238236904144287,8.0,4.0
2026-09-27 00:00:00+00:00,7.0,3.6924352645874023,7.0,3.857142925262451
2026-09-27 01:00:00+00:00,8.0,3.6657447814941406,7.0,3.6666667461395264
2026-09-27 02:00:00+00:00,9.0,3.1872072219848633,6.0,4.285714149475098
2026-09-27 03:00:00+00:00,10.0,3.1773924827575684,6.0,4.0
2026-09-27 04:00:00+00:00,11.0,3.2806708812713623,6.0,4.0
2026-09-27 05:00:00+00:00,12.0,3.407966136932373,6.0,4.400000095367432
2026-09-27 06:00:00+00:00,13.0,3.607691764831543,6.0,6.285714149475098
2026-09-27 07:00:00+00:00,14.0,3.144362211227417,5.0,4.285714149475098
2026-09-27 08:00:00+00:00,15.0,3.439406394958496,5.0,4.800000190734863
2026-09-27 09:00:00+00:00,16.0,3.113445281982422,4.0,4.625
2026-09-27 10:00:00+00:00,17.0,3.9905238151550293,5.0,4.75
2026-09-27 11:00:00+00:00,18.0,4.272634029388428,5.0,6.800000190734863
2026-09-27 12:00:00+00:00,19.0,4.356385231018066,5.0,6.833333492279053
2026-09-27 13:00:00+00:00,20.0,5.01900577545166,6.0,7.166666507720947
2026-09-27 14:00:00+00:00,21.0,4.955517292022705,6.0,7.333333492279053
2026-09-27 15:00:00+00:00,22.0,4.05750036239624,5.0,5.5
2026-09-27 16:00:00+00:00,23.0,2.2511608600616455,3.0,4.0
2026-09-27 17:00:00+00:00,24.0,2.464172124862671,4.0,3.3333332538604736
2026-09-26 19:00:00+00:00,1.0,3.3763513565063477,6.0,5.4285712242126465
2026-09-26 20:00:00+00:00,2.0,3.278745651245117,6.0,4.0
2026-09-26 21:00:00+00:00,3.0,3.1783835887908936,6.0,4.285714149475098
2026-09-26 22:00:00+00:00,4.0,3.700669050216675,7.0,4.142857074737549
2026-09-26 23:00:00+00:00,5.0,3.6753921508789062,7.0,4.0
2026-09-27 00:00:00+00:00,6.0,3.145826578140259,6.0,3.857142925262451
2026-09-27 01:00:00+00:00,7.0,3.6754581928253174,7.0,3.6666667461395264
2026-09-27 02:00:00+00:00,8.0,3.7734763622283936,7.0,4.285714149475098
2026-09-27 03:00:00+00:00,9.0,3.8063127994537354,7.0,4.0
2026-09-27 04:00:00+00:00,10.0,3.360048770904541,6.0,4.0
2026-09-27 05:00:00+00:00,11.0,3.4543728828430176,6.0,4.400000095367432
2026-09-27 06:00:00+00:00,12.0,3.578763246536255,6.0,6.285714149475098
2026-09-27 07:00:00+00:00,13.0,3.7417800426483154,6.0,4.285714149475098
2026-09-27 08:00:00+00:00,14.0,3.4597198963165283,5.0,4.800000190734863
2026-09-27 09:00:00+00:00,15.0,3.1965928077697754,4.0,4.625
2026-09-27 10:00:00+00:00,16.0,3.331655740737915,4.0,4.75
2026-09-27 11:00:00+00:00,17.0,4.2995452880859375,5.0,6.800000190734863
2026-09-27 12:00:00+00:00,18.0,4.384110927581787,5.0,6.833333492279053
2026-09-27 13:00:00+00:00,19.0,5.133583068847656,6.0,7.166666507720947
2026-09-27 14:00:00+00:00,20.0,5.766325950622559,7.0,7.333333492279053
2026-09-27 15:00:00+00:00,21.0,5.564380645751953,7.0,5.5
2026-09-27 16:00:00+00:00,22.0,3.9346585273742676,5.0,4.0
2026-09-27 17:00:00+00:00,23.0,2.626852035522461,4.0,3.3333332538604736
2026-09-27 18:00:00+00:00,24.0,3.043355703353882,5.0,3.4000000953674316
2026-09-26 20:00:00+00:00,1.0,2.646470785140991,5.0,4.0
2026-09-26 21:00:00+00:00,2.0,3.1086206436157227,6.0,4.285714149475098
2026-09-26 22:00:00+00:00,3.0,3.6155755519866943,7.0,4.142857074737549
2026-09-26 23:00:00+00:00,4.0,3.5849461555480957,7.0,4.0
2026-09-27 00:00:00+00:00,5.0,3.578760862350464,7.0,3.857142925262451
2026-09-27 01:00:00+00:00,6.0,3.5978925228118896,7.0,3.6666667461395264
2026-09-27 02:00:00+00:00,7.0,3.6954426765441895,7.0,4.285714149475098
2026-09-27 03:00:00+00:00,8.0,3.1508498191833496,6.0,4.0
2026-09-27 04:00:00+00:00,9.0,3.2479426860809326,6.0,4.0
2026-09-27 05:00:00+00:00,10.0,3.9138565063476562,7.0,4.400000095367432
2026-09-27 06:00:00+00:00,11.0,3.5225460529327393,6.0,6.285714149475098
2026-09-27 07:00:00+00:00,12.0,3.1219236850738525,5.0,4.285714149475098
2026-09-27 08:00:00+00:00,13.0,4.095797061920166,6.0,4.800000190734863
2026-09-27 09:00:00+00:00,14.0,3.829786539077759,5.0,4.625
2026-09-27 10:00:00+00:00,15.0,4.039802074432373,5.0,4.75
2026-09-27 11:00:00+00:00,16.0,5.020557880401611,6.0,6.800000190734863
2026-09-27 12:00:00+00:00,17.0,5.081686973571777,6.0,6.833333492279053
2026-09-27 13:00:00+00:00,18.0,5.030388832092285,6.0,7.166666507720947
2026-09-27 14:00:00+00:00,19.0,5.699080467224121,7.0,7.333333492279053
2026-09-27 15:00:00+00:00,20.0,5.479124069213867,7.0,5.5
2026-09-27 16:00:00+00:00,21.0,3.8577351570129395,5.0,4.0
2026-09-27 17:00:00+00:00,22.0,2.541323184967041,4.0,3.3333332538604736
2026-09-27 18:00:00+00:00,23.0,2.918529748916626,5.0,3.4000000953674316
2026-09-27 19:00:00+00:00,24.0,2.854276180267334,5.0,3.6666667461395264
2026-09-26 21:00:00+00:00,1.0,2.967371702194214,6.0,4.285714149475098
2026-09-26 22:00:00+00:00,2.0,3.45973801612854,7.0,4.142857074737549
2026-09-26 23:00:00+00:00,3.0,2.9302871227264404,6.0,4.0
2026-09-27 00:00:00+00:00,4.0,3.4570910930633545,7.0,3.857142925262451
2026-09-27 01:00:00+00:00,5.0,3.4713191986083984,7.0,3.6666667461395264
2026-09-27 02:00:00+00:00,6.0,3.016517400741577,6.0,4.285714149475098
2026-09-27 03:00:00+00:00,7.0,3.0440990924835205,6.0,4.0
2026-09-27 04:00:00+00:00,8.0,3.1365365982055664,6.0,4.0
2026-09-27 05:00:00+00:00,9.0,3.256105422973633,6.0,4.400000095367432
2026-09-27 06:00:00+00:00,10.0,2.826916217803955,5.0,6.285714149475098
2026-09-27 07:00:00+00:00,11.0,2.9255874156951904,5.0,4.285714149475098
2026-09-27 08:00:00+00:00,12.0,3.1964480876922607,5.0,4.800000190734863
2026-09-27 09:00:00+00:00,13.0,2.944995164871216,4.0,4.625
2026-09-27 10:00:00+00:00,14.0,3.078742504119873,4.0,4.75
2026-09-27 11:00:00+00:00,15.0,4.112218379974365,5.0,6.800000190734863
2026-09-27 12:00:00+00:00,16.0,4.960216999053955,6.0,6.833333492279053
2026-09-27 13:00:00+00:00,17.0,4.962588787078857,6.0,7.166666507720947
2026-09-27 14:00:00+00:00,18.0,4.777343273162842,6.0,7.333333492279053
2026-09-27 15:00:00+00:00,19.0,4.586073398590088,6.0,5.5
2026-09-27 16:00:00+00:00,20.0,2.25417160987854,3.0,4.0
2026-09-27 17:00:00+00:00,21.0,2.3638737201690674,4.0,3.3333332538604736
2026-09-27 18:00:00+00:00,22.0,2.8426666259765625,5.0,3.4000000953674316
2026-09-27 19:00:00+00:00,23.0,2.8304505348205566,5.0,3.6666667461395264
2026-09-27 20:00:00+00:00,24.0,6.669490814208984,11.0,4.333333492279053
2026-09-26 22:00:00+00:00,1.0,2.978602409362793,6.0,4.142857074737549
2026-09-26 23:00:00+00:00,2.0,2.9428763389587402,6.0,4.0
2026-09-27 00:00:00+00:00,3.0,2.902113914489746,6.0,3.857142925262451
2026-09-27 01:00:00+00:00,4.0,2.9528098106384277,6.0,3.6666667461395264
2026-09-27 02:00:00+00:00,5.0,2.998013734817505,6.0,4.285714149475098
2026-09-27 03:00:00+00:00,6.0,3.018590211868286,6.0,4.0
2026-09-27 04:00:00+00:00,7.0,2.603087902069092,5.0,4.0
2026-09-27 05:00:00+00:00,8.0,2.7153539657592773,5.0,4.400000095367432
2026-09-27 06:00:00+00:00,9.0,2.8233590126037598,5.0,6.285714149475098
2026-09-27 07:00:00+00:00,10.0,2.950916290283203,5.0,4.285714149475098
2026-09-27 08:00:00+00:00,11.0,2.5842201709747314,4.0,4.800000190734863
2026-09-27 09:00:00+00:00,12.0,2.8776419162750244,4.0,4.625
2026-09-27 10:00:00+00:00,13.0,3.1021571159362793,4.0,4.75
2026-09-27 11:00:00+00:00,14.0,4.053335189819336,5.0,6.800000190734863
2026-09-27 12:00:00+00:00,15.0,4.209626197814941,5.0,6.833333492279053
2026-09-27 13:00:00+00:00,16.0,4.872565746307373,6.0,7.166666507720947
2026-09-27 14:00:00+00:00,17.0,5.526654243469238,7.0,7.333333492279053
2026-09-27 15:00:00+00:00,18.0,5.4386210441589355,7.0,5.5
2026-09-27 16:00:00+00:00,19.0,3.7630043029785156,5.0,4.0
2026-09-27 17:00:00+00:00,20.0,2.5169177055358887,4.0,3.3333332538604736
2026-09-27 18:00:00+00:00,21.0,2.8870255947113037,5.0,3.4000000953674316
2026-09-27 19:00:00+00:00,22.0,3.352205991744995,6.0,3.6666667461395264
2026-09-27 20:00:00+00:00,23.0,2.3157052993774414,4.0,4.333333492279053
2026-09-27 21:00:00+00:00,24.0,4.521960258483887,8.0,3.4000000953674316
2026-09-26 23:00:00+00:00,2.0,2.900979518890381,6.0,4.0
2026-09-27 00:00:00+00:00,3.0,2.8589272499084473,6.0,3.857142925262451
2026-09-27 01:00:00+00:00,4.0,2.9068849086761475,6.0,3.6666667461395264
2026-09-27 02:00:00+00:00,5.0,2.9518580436706543,6.0,4.285714149475098
2026-09-27 03:00:00+00:00,6.0,2.969454526901245,6.0,4.0
2026-09-27 04:00:00+00:00,7.0,2.5568647384643555,5.0,4.0
2026-09-27 05:00:00+00:00,8.0,2.6686012744903564,5.0,4.400000095367432
2026-09-27 06:00:00+00:00,9.0,2.772052526473999,5.0,6.285714149475098
2026-09-27 07:00:00+00:00,10.0,2.897038698196411,5.0,4.285714149475098
2026-09-27 08:00:00+00:00,11.0,2.5415868759155273,4.0,4.800000190734863
2026-09-27 09:00:00+00:00,12.0,2.8358750343322754,4.0,4.625
2026-09-27 10:00:00+00:00,13.0,3.0535027980804443,4.0,4.75
2026-09-27 11:00:00+00:00,14.0,4.012546062469482,5.0,6.800000190734863
2026-09-27 12:00:00+00:00,15.0,4.171578884124756,5.0,6.833333492279053
2026-09-27 13:00:00+00:00,16.0,4.8347907066345215,6.0,7.166666507720947
2026-09-27 14:00:00+00:00,17.0,5.502721309661865,7.0,7.333333492279053
2026-09-27 15:00:00+00:00,18.0,5.408108711242676,7.0,5.5
2026-09-27 16:00:00+00:00,19.0,3.7373993396759033,5.0,4.0
2026-09-27 17:00:00+00:00,20.0,2.4816908836364746,4.0,3.3333332538604736
2026-09-27 18:00:00+00:00,21.0,2.843207359313965,5.0,3.4000000953674316
2026-09-27 19:00:00+00:00,22.0,3.307203531265259,6.0,3.6666667461395264
2026-09-27 20:00:00+00:00,23.0,2.2802681922912598,4.0,4.333333492279053
2026-09-27 21:00:00+00:00,24.0,4.49203634262085,8.0,3.4000000953674316
2026-09-27 22:00:00+00:00,25.0,2.3705008029937744,4.0,1.600000023841858
2026-09-27 00:00:00+00:00,3.0,2.825324058532715,6.0,3.857142925262451
2026-09-27 01:00:00+00:00,4.0,2.8722891807556152,6.0,3.6666667461395264
2026-09-27 02:00:00+00:00,5.0,2.916748046875,6.0,4.285714149475098
2026-09-27 03:00:00+00:00,6.0,2.931731939315796,6.0,4.0
2026-09-27 04:00:00+00:00,7.0,2.524843454360962,5.0,4.0
2026-09-27 05:00:00+00:00,8.0,2.6356260776519775,5.0,4.400000095367432
2026-09-27 06:00:00+00:00,9.0,2.7358851432800293,5.0,6.285714149475098
2026-09-27 07:00:00+00:00,10.0,2.8573341369628906,5.0,4.285714149475098
2026-09-27 08:00:00+00:00,11.0,2.5112040042877197,4.0,4.800000190734863
2026-09-27 09:00:00+00:00,12.0,2.8058130741119385,4.0,4.625
2026-09-27 10:00:00+00:00,13.0,3.022372245788574,4.0,4.75
2026-09-27 11:00:00+00:00,14.0,3.9825263023376465,5.0,6.800000190734863
2026-09-27 12:00:00+00:00,15.0,4.140631675720215,5.0,6.833333492279053
2026-09-27 13:00:00+00:00,16.0,4.810743808746338,6.0,7.166666507720947
2026-09-27 14:00:00+00:00,17.0,5.482245445251465,7.0,7.333333492279053
2026-09-27 15:00:00+00:00,18.0,5.383752822875977,7.0,5.5
2026-09-27 16:00:00+00:00,19.0,3.7089357376098633,5.0,4.0
2026-09-27 17:00:00+00:00,20.0,2.4540293216705322,4.0,3.3333332538604736
2026-09-27 18:00:00+00:00,21.0,2.808842897415161,5.0,3.4000000953674316
2026-09-27 19:00:00+00:00,22.0,3.2725422382354736,6.0,3.6666667461395264
2026-09-27 20:00:00+00:00,23.0,2.251997232437134,4.0,4.333333492279053
2026-09-27 21:00:00+00:00,24.0,4.464290618896484,8.0,3.4000000953674316
2026-09-27 22:00:00+00:00,25.0,2.3442630767822266,4.0,1.600000023841858
2026-09-27 23:00:00+00:00,26.0,4.9830169677734375,9.0,5.666666507720947
2026-09-27 01:00:00+00:00,4.0,2.8501851558685303,6.0,3.6666667461395264
2026-09-27 02:00:00+00:00,5.0,2.89312481880188,6.0,4.285714149475098
2026-09-27 03:00:00+00:00,6.0,2.906700372695923,6.0,4.0
2026-09-27 04:00:00+00:00,7.0,2.5035741329193115,5.0,4.0
2026-09-27 05:00:00+00:00,8.0,2.614307403564453,5.0,4.400000095367432
2026-09-27 06:00:00+00:00,9.0,2.7132723331451416,5.0,6.285714149475098
2026-09-27 07:00:00+00:00,10.0,2.835606575012207,5.0,4.285714149475098
2026-09-27 08:00:00+00:00,11.0,2.4892466068267822,4.0,4.800000190734863
2026-09-27 09:00:00+00:00,12.0,2.7816805839538574,4.0,4.625
2026-09-27 10:00:00+00:00,13.0,2.9971437454223633,4.0,4.75
2026-09-27 11:00:00+00:00,14.0,3.953886032104492,5.0,6.800000190734863
2026-09-27 12:00:00+00:00,15.0,4.111351013183594,5.0,6.833333492279053
2026-09-27 13:00:00+00:00,16.0,4.7801713943481445,6.0,7.166666507720947
2026-09-27 14:00:00+00:00,17.0,5.455630302429199,7.0,7.333333492279053
2026-09-27 15:00:00+00:00,18.0,5.3596673011779785,7.0,5.5
2026-09-27 16:00:00+00:00,19.0,3.6813721656799316,5.0,4.0
2026-09-27 17:00:00+00:00,20.0,2.433500289916992,4.0,3.3333332538604736
2026-09-27 18:00:00+00:00,21.0,2.79013729095459,5.0,3.4000000953674316
2026-09-27 19:00:00+00:00,22.0,3.2486095428466797,6.0,3.6666667461395264
2026-09-27 20:00:00+00:00,23.0,2.2309372425079346,4.0,4.333333492279053
2026-09-27 21:00:00+00:00,24.0,4.4397711753845215,8.0,3.4000000953674316
2026-09-27 22:00:00+00:00,25.0,2.3236474990844727,4.0,1.600000023841858
2026-09-27 23:00:00+00:00,26.0,4.957353591918945,9.0,5.666666507720947
2026-09-28 00:00:00+00:00,27.0,4.43698263168335,8.0,6.5
2026-09-27 02:00:00+00:00,5.0,2.8752894401550293,6.0,4.285714149475098
2026-09-27 03:00:00+00:00,6.0,2.8885505199432373,6.0,4.0
2026-09-27 04:00:00+00:00,7.0,2.4885356426239014,5.0,4.0
2026-09-27 05:00:00+00:00,8.0,2.5990889072418213,5.0,4.400000095367432
2026-09-27 06:00:00+00:00,9.0,2.6998820304870605,5.0,6.285714149475098
2026-09-27 07:00:00+00:00,10.0,2.8256402015686035,5.0,4.285714149475098
2026-09-27 08:00:00+00:00,11.0,2.4801480770111084,4.0,4.800000190734863
2026-09-27 09:00:00+00:00,12.0,2.766781806945801,4.0,4.625
2026-09-27 10:00:00+00:00,13.0,2.983355760574341,4.0,4.75
2026-09-27 11:00:00+00:00,14.0,3.938554048538208,5.0,6.800000190734863
2026-09-27 12:00:00+00:00,15.0,4.092641830444336,5.0,6.833333492279053
2026-09-27 13:00:00+00:00,16.0,4.7633585929870605,6.0,7.166666507720947
2026-09-27 14:00:00+00:00,17.0,5.441033840179443,7.0,7.333333492279053
2026-09-27 15:00:00+00:00,18.0,5.345536708831787,7.0,5.5
2026-09-27 16:00:00+00:00,19.0,3.66351056098938,5.0,4.0
2026-09-27 17:00:00+00:00,20.0,2.421109914779663,4.0,3.3333332538604736
2026-09-27 18:00:00+00:00,21.0,2.7795419692993164,5.0,3.4000000953674316
2026-09-27 19:00:00+00:00,22.0,3.234872817993164,6.0,3.6666667461395264
2026-09-27 20:00:00+00:00,23.0,2.216381549835205,4.0,4.333333492279053
2026-09-27 21:00:00+00:00,24.0,4.421356201171875,8.0,3.4000000953674316
2026-09-27 22:00:00+00:00,25.0,2.307884931564331,4.0,1.600000023841858
2026-09-27 23:00:00+00:00,26.0,4.9381327629089355,9.0,5.666666507720947
2026-09-28 00:00:00+00:00,27.0,4.413449764251709,8.0,6.5
2026-09-28 01:00:00+00:00,28.0,4.434659957885742,8.0,5.199999809265137
2026-09-27 03:00:00+00:00,6.0,2.8732454776763916,6.0,4.0
2026-09-27 04:00:00+00:00,7.0,2.475559711456299,5.0,4.0
2026-09-27 05:00:00+00:00,8.0,2.5859732627868652,5.0,4.400000095367432
2026-09-27 06:00:00+00:00,9.0,2.688349723815918,5.0,6.285714149475098
2026-09-27 07:00:00+00:00,10.0,2.8166580200195312,5.0,4.285714149475098
2026-09-27 08:00:00+00:00,11.0,2.4718894958496094,4.0,4.800000190734863
2026-09-27 09:00:00+00:00,12.0,2.756683349609375,4.0,4.625
2026-09-27 10:00:00+00:00,13.0,2.9746499061584473,4.0,4.75
2026-09-27 11:00:00+00:00,14.0,3.9241793155670166,5.0,6.800000190734863
2026-09-27 12:00:00+00:00,15.0,4.076663494110107,5.0,6.833333492279053
2026-09-27 13:00:00+00:00,16.0,4.7467522621154785,6.0,7.166666507720947
2026-09-27 14:00:00+00:00,17.0,5.426204681396484,7.0,7.333333492279053
2026-09-27 15:00:00+00:00,18.0,5.331263542175293,7.0,5.5
2026-09-27 16:00:00+00:00,19.0,3.647800922393799,5.0,4.0
2026-09-27 17:00:00+00:00,20.0,2.4119112491607666,4.0,3.3333332538604736
2026-09-27 18:00:00+00:00,21.0,2.7707126140594482,5.0,3.4000000953674316
2026-09-27 19:00:00+00:00,22.0,3.223461866378784,6.0,3.6666667461395264
2026-09-27 20:00:00+00:00,23.0,2.2041406631469727,4.0,4.333333492279053
2026-09-27 21:00:00+00:00,24.0,4.40545129776001,8.0,3.4000000953674316
2026-09-27 22:00:00+00:00,25.0,2.2942416667938232,4.0,1.600000023841858
2026-09-27 23:00:00+00:00,26.0,4.921457290649414,9.0,5.666666507720947
2026-09-28 00:00:00+00:00,27.0,4.3939290046691895,8.0,6.5
2026-09-28 01:00:00+00:00,28.0,4.414902687072754,8.0,5.199999809265137
2026-09-28 02:00:00+00:00,29.0,3.8845105171203613,7.0,3.5
2026-09-27 04:00:00+00:00,7.0,2.4450788497924805,5.0,4.0
2026-09-27 05:00:00+00:00,8.0,2.556562662124634,5.0,4.400000095367432
2026-09-27 06:00:00+00:00,9.0,2.6584014892578125,5.0,6.285714149475098
2026-09-27 07:00:00+00:00,10.0,2.7851178646087646,5.0,4.285714149475098
2026-09-27 08:00:00+00:00,11.0,2.446932792663574,4.0,4.800000190734863
2026-09-27 09:00:00+00:00,12.0,2.7301974296569824,4.0,4.625
2026-09-27 10:00:00+00:00,13.0,2.95234751701355,4.0,4.75
2026-09-27 11:00:00+00:00,14.0,3.892561674118042,5.0,6.800000190734863
2026-09-27 12:00:00+00:00,15.0,4.04861307144165,5.0,6.833333492279053
2026-09-27 13:00:00+00:00,16.0,4.711898326873779,6.0,7.166666507720947
2026-09-27 14:00:00+00:00,17.0,5.389174461364746,7.0,7.333333492279053
2026-09-27 15:00:00+00:00,18.0,5.295271873474121,7.0,5.5
2026-09-27 16:00:00+00:00,19.0,3.616764783859253,5.0,4.0
2026-09-27 17:00:00+00:00,20.0,2.384434461593628,4.0,3.3333332538604736
2026-09-27 18:00:00+00:00,21.0,2.7417876720428467,5.0,3.4000000953674316
2026-09-27 19:00:00+00:00,22.0,3.1871836185455322,6.0,3.6666667461395264
2026-09-27 20:00:00+00:00,23.0,2.1787142753601074,4.0,4.333333492279053
2026-09-27 21:00:00+00:00,24.0,4.375718116760254,8.0,3.4000000953674316
2026-09-27 22:00:00+00:00,25.0,2.2698378562927246,4.0,1.600000023841858
2026-09-27 23:00:00+00:00,26.0,4.889226913452148,9.0,5.666666507720947
2026-09-28 00:00:00+00:00,27.0,4.353758335113525,8.0,6.5
2026-09-28 01:00:00+00:00,28.0,4.375711917877197,8.0,5.199999809265137
2026-09-28 02:00:00+00:00,29.0,3.844280242919922,7.0,3.5
2026-09-28 03:00:00+00:00,30.0,2.8245837688446045,5.0,6.5
2026-09-27 05:00:00+00:00,8.0,2.5233259201049805,5.0,4.400000095367432
2026-09-27 06:00:00+00:00,9.0,2.6255722045898438,5.0,6.285714149475098
2026-09-27 07:00:00+00:00,10.0,2.748074531555176,5.0,4.285714149475098
2026-09-27 08:00:00+00:00,11.0,2.4146833419799805,4.0,4.800000190734863
2026-09-27 09:00:00+00:00,12.0,2.6943154335021973,4.0,4.625
2026-09-27 10:00:00+00:00,13.0,2.917940378189087,4.0,4.75
2026-09-27 11:00:00+00:00,14.0,3.8553476333618164,5.0,6.800000190734863
2026-09-27 12:00:00+00:00,15.0,4.014179706573486,5.0,6.833333492279053
2026-09-27 13:00:00+00:00,16.0,4.66337251663208,6.0,7.166666507720947
2026-09-27 14:00:00+00:00,17.0,5.336235523223877,7.0,7.333333492279053
2026-09-27 15:00:00+00:00,18.0,5.243679523468018,7.0,5.5
2026-09-27 16:00:00+00:00,19.0,3.57759690284729,5.0,4.0
2026-09-27 17:00:00+00:00,20.0,2.3515214920043945,4.0,3.3333332538604736
2026-09-27 18:00:00+00:00,21.0,2.705017566680908,5.0,3.4000000953674316
2026-09-27 19:00:00+00:00,22.0,3.143184185028076,6.0,3.6666667461395264
2026-09-27 20:00:00+00:00,23.0,2.1495447158813477,4.0,4.333333492279053
2026-09-27 21:00:00+00:00,24.0,4.338418006896973,8.0,3.4000000953674316
2026-09-27 22:00:00+00:00,25.0,2.241928815841675,4.0,1.600000023841858
2026-09-27 23:00:00+00:00,26.0,4.843839168548584,9.0,5.666666507720947
2026-09-28 00:00:00+00:00,27.0,4.305888652801514,8.0,6.5
2026-09-28 01:00:00+00:00,28.0,4.328562259674072,8.0,5.199999809265137
2026-09-28 02:00:00+00:00,29.0,3.7952487468719482,7.0,3.5
2026-09-28 03:00:00+00:00,30.0,2.7832376956939697,5.0,6.5
2026-09-28 04:00:00+00:00,31.0,2.2059969902038574,4.0,6.199999809265137
2026-09-27 06:00:00+00:00,9.0,2.6014955043792725,5.0,6.285714149475098
2026-09-27 07:00:00+00:00,10.0,2.72383975982666,5.0,4.285714149475098
2026-09-27 08:00:00+00:00,11.0,2.387568473815918,4.0,4.800000190734863
2026-09-27 09:00:00+00:00,12.0,2.664048910140991,4.0,4.625
2026-09-27 10:00:00+00:00,13.0,2.888537883758545,4.0,4.75
2026-09-27 11:00:00+00:00,14.0,3.823577642440796,5.0,6.800000190734863
2026-09-27 12:00:00+00:00,15.0,3.984055757522583,5.0,6.833333492279053
2026-09-27 13:00:00+00:00,16.0,4.6223883628845215,6.0,7.166666507720947
2026-09-27 14:00:00+00:00,17.0,5.292290687561035,7.0,7.333333492279053
2026-09-27 15:00:00+00:00,18.0,5.200930118560791,7.0,5.5
2026-09-27 16:00:00+00:00,19.0,3.544935703277588,5.0,4.0
2026-09-27 17:00:00+00:00,20.0,2.327214479446411,4.0,3.3333332538604736
2026-09-27 18:00:00+00:00,21.0,2.676630973815918,5.0,3.4000000953674316
2026-09-27 19:00:00+00:00,22.0,3.1123247146606445,6.0,3.6666667461395264
2026-09-27 20:00:00+00:00,23.0,2.126734733581543,4.0,4.333333492279053
2026-09-27 21:00:00+00:00,24.0,4.314645767211914,8.0,3.4000000953674316
2026-09-27 22:00:00+00:00,25.0,2.2201051712036133,4.0,1.600000023841858
2026-09-27 23:00:00+00:00,26.0,4.806597709655762,9.0,5.666666507720947
2026-09-28 00:00:00+00:00,27.0,4.270230770111084,8.0,6.5
2026-09-28 01:00:00+00:00,28.0,4.292815208435059,8.0,5.199999809265137
2026-09-28 02:00:00+00:00,29.0,3.75966477394104,7.0,3.5
2026-09-28 03:00:00+00:00,30.0,2.7519123554229736,5.0,6.5
2026-09-28 04:00:00+00:00,31.0,2.187925100326538,4.0,6.199999809265137
2026-09-28 05:00:00+00:00,32.0,1.728695273399353,3.0,4.5
2026-09-27 07:00:00+00:00,1.0,2.1087965965270996,4.0,4.285714149475098
2026-09-27 08:00:00+00:00,2.0,2.8215389251708984,5.0,4.800000190734863
2026-09-27 09:00:00+00:00,3.0,2.603766918182373,4.0,4.625
2026-09-27 10:00:00+00:00,4.0,2.905231237411499,4.0,4.75
2026-09-27 11:00:00+00:00,5.0,3.8249433040618896,5.0,6.800000190734863
2026-09-27 12:00:00+00:00,6.0,4.637290954589844,6.0,6.833333492279053
2026-09-27 13:00:00+00:00,7.0,5.433948993682861,7.0,7.166666507720947
2026-09-27 14:00:00+00:00,8.0,6.1311445236206055,8.0,7.333333492279053
2026-09-27 15:00:00+00:00,9.0,5.133485794067383,7.0,5.5
2026-09-27 16:00:00+00:00,10.0,3.3870131969451904,5.0,4.0
2026-09-27 17:00:00+00:00,11.0,2.265019416809082,4.0,3.3333332538604736
2026-09-27 18:00:00+00:00,12.0,2.5789031982421875,5.0,3.4000000953674316
2026-09-27 19:00:00+00:00,13.0,3.095137596130371,6.0,3.6666667461395264
2026-09-27 20:00:00+00:00,14.0,3.7161192893981934,7.0,4.333333492279053
2026-09-27 21:00:00+00:00,15.0,3.292454242706299,6.0,3.4000000953674316
2026-09-27 22:00:00+00:00,16.0,3.106816053390503,6.0,1.600000023841858
2026-09-27 23:00:00+00:00,17.0,3.5342674255371094,7.0,5.666666507720947
2026-09-28 00:00:00+00:00,18.0,4.792169570922852,9.0,6.5
2026-09-28 01:00:00+00:00,19.0,4.7346673011779785,9.0,5.199999809265137
2026-09-28 02:00:00+00:00,20.0,4.244692325592041,8.0,3.5
2026-09-28 03:00:00+00:00,21.0,2.1299245357513428,4.0,6.5
2026-09-28 04:00:00+00:00,22.0,1.5321377515792847,3.0,6.199999809265137
2026-09-28 05:00:00+00:00,23.0,1.071837306022644,2.0,4.5
2026-09-28 06:00:00+00:00,24.0,0.60701584815979,1.0,5.5
2026-09-27 08:00:00+00:00,1.0,2.8609392642974854,5.0,4.800000190734863
2026-09-27 09:00:00+00:00,2.0,2.6146292686462402,4.0,4.625
2026-09-27 10:00:00+00:00,3.0,2.788501262664795,4.0,4.75
2026-09-27 11:00:00+00:00,4.0,3.7035462856292725,5.0,6.800000190734863
2026-09-27 12:00:00+00:00,5.0,4.530864238739014,6.0,6.833333492279053
2026-09-27 13:00:00+00:00,6.0,5.317623615264893,7.0,7.166666507720947
2026-09-27 14:00:00+00:00,7.0,5.269191265106201,7.0,7.333333492279053
2026-09-27 15:00:00+00:00,8.0,4.376976013183594,6.0,5.5
2026-09-27 16:00:00+00:00,9.0,2.676363229751587,4.0,4.0
2026-09-27 17:00:00+00:00,10.0,2.1205058097839355,4.0,3.3333332538604736
2026-09-27 18:00:00+00:00,11.0,2.4487452507019043,5.0,3.4000000953674316
2026-09-27 19:00:00+00:00,12.0,3.804077386856079,7.0,3.6666667461395264
2026-09-27 20:00:00+00:00,13.0,5.748422145843506,10.0,4.333333492279053
2026-09-27 21:00:00+00:00,14.0,7.971954345703125,13.0,3.4000000953674316
2026-09-27 22:00:00+00:00,15.0,5.889608383178711,10.0,1.600000023841858
2026-09-27 23:00:00+00:00,16.0,5.427678108215332,10.0,5.666666507720947
2026-09-28 00:00:00+00:00,17.0,5.935414791107178,11.0,6.5
2026-09-28 01:00:00+00:00,18.0,5.4080810546875,10.0,5.199999809265137
2026-09-28 02:00:00+00:00,19.0,3.6797502040863037,7.0,3.5
2026-09-28 03:00:00+00:00,20.0,3.087153434753418,6.0,6.5
2026-09-28 04:00:00+00:00,21.0,2.99931001663208,6.0,6.199999809265137
2026-09-28 05:00:00+00:00,22.0,2.1062562465667725,4.0,4.5
2026-09-28 06:00:00+00:00,23.0,2.6293118000030518,5.0,5.5
2026-09-28 07:00:00+00:00,24.0,3.3282687664031982,6.0,6.0
2026-09-27 09:00:00+00:00,1.0,2.565387487411499,4.0,4.625
2026-09-27 10:00:00+00:00,2.0,2.7444937229156494,4.0,4.75
2026-09-27 11:00:00+00:00,3.0,3.7149806022644043,5.0,6.800000190734863
2026-09-27 12:00:00+00:00,4.0,3.78733491897583,5.0,6.833333492279053
2026-09-27 13:00:00+00:00,5.0,4.488691329956055,6.0,7.166666507720947
2026-09-27 14:00:00+00:00,6.0,5.173798084259033,7.0,7.333333492279053
2026-09-27 15:00:00+00:00,7.0,3.6501684188842773,5.0,5.5
2026-09-27 16:00:00+00:00,8.0,2.4768354892730713,4.0,4.0
2026-09-27 17:00:00+00:00,9.0,1.5646493434906006,3.0,3.3333332538604736
2026-09-27 18:00:00+00:00,10.0,2.4653332233428955,5.0,3.4000000953674316
2026-09-27 19:00:00+00:00,11.0,3.0800833702087402,6.0,3.6666667461395264
2026-09-27 20:00:00+00:00,12.0,3.052800178527832,6.0,4.333333492279053
2026-09-27 21:00:00+00:00,13.0,7.009826183319092,12.0,3.4000000953674316
2026-09-27 22:00:00+00:00,14.0,5.106536865234375,9.0,1.600000023841858
2026-09-27 23:00:00+00:00,15.0,4.196039199829102,8.0,5.666666507720947
2026-09-28 00:00:00+00:00,16.0,4.692102909088135,9.0,6.5
2026-09-28 01:00:00+00:00,17.0,4.711904525756836,9.0,5.199999809265137
2026-09-28 02:00:00+00:00,18.0,4.7414679527282715,9.0,3.5
2026-09-28 03:00:00+00:00,19.0,3.692060708999634,7.0,6.5
2026-09-28 04:00:00+00:00,20.0,2.108865976333618,4.0,6.199999809265137
2026-09-28 05:00:00+00:00,21.0,1.5710448026657104,3.0,4.5
2026-09-28 06:00:00+00:00,22.0,1.6552577018737793,3.0,5.5
2026-09-28 07:00:00+00:00,23.0,1.2677223682403564,2.0,6.0
2026-09-28 08:00:00+00:00,24.0,1.7552101612091064,3.0,6.199999809265137
2026-09-27 10:00:00+00:00,1.0,2.780517578125,4.0,4.75
2026-09-27 11:00:00+00:00,2.0,3.700960397720337,5.0,6.800000190734863
2026-09-27 12:00:00+00:00,3.0,4.510224342346191,6.0,6.833333492279053
2026-09-27 13:00:00+00:00,4.0,4.526639938354492,6.0,7.166666507720947
2026-09-27 14:00:00+00:00,5.0,5.265485763549805,7.0,7.333333492279053
2026-09-27 15:00:00+00:00,6.0,5.037059783935547,7.0,5.5
2026-09-27 16:00:00+00:00,7.0,3.3862569332122803,5.0,4.0
2026-09-27 17:00:00+00:00,8.0,2.737894058227539,5.0,3.3333332538604736
2026-09-27 18:00:00+00:00,9.0,2.4507246017456055,5.0,3.4000000953674316
2026-09-27 19:00:00+00:00,10.0,2.9631731510162354,6.0,3.6666667461395264
2026-09-27 20:00:00+00:00,11.0,4.984519958496094,9.0,4.333333492279053
2026-09-27 21:00:00+00:00,12.0,3.0724644660949707,6.0,3.4000000953674316
2026-09-27 22:00:00+00:00,13.0,4.098410606384277,8.0,1.600000023841858
2026-09-27 23:00:00+00:00,14.0,5.315610408782959,10.0,5.666666507720947
2026-09-28 00:00:00+00:00,15.0,4.820247650146484,9.0,6.5
2026-09-28 01:00:00+00:00,16.0,5.269012928009033,10.0,5.199999809265137
2026-09-28 02:00:00+00:00,17.0,4.277817726135254,8.0,3.5
2026-09-28 03:00:00+00:00,18.0,3.622278928756714,7.0,6.5
2026-09-28 04:00:00+00:00,19.0,3.084022045135498,6.0,6.199999809265137
2026-09-28 05:00:00+00:00,20.0,2.5746312141418457,5.0,4.5
2026-09-28 06:00:00+00:00,21.0,1.6110080480575562,3.0,5.5
2026-09-28 07:00:00+00:00,22.0,1.6401257514953613,3.0,6.0
2026-09-28 08:00:00+00:00,23.0,2.8756484985351562,5.0,6.199999809265137
2026-09-28 09:00:00+00:00,24.0,4.164950847625732,7.0,6.199999809265137
2026-09-27 11:00:00+00:00,1.0,3.815127372741699,5.0,6.800000190734863
2026-09-27 12:00:00+00:00,2.0,4.707972049713135,6.0,6.833333492279053
2026-09-27 13:00:00+00:00,3.0,5.443826198577881,7.0,7.166666507720947
2026-09-27 14:00:00+00:00,4.0,6.1612229347229,8.0,7.333333492279053
2026-09-27 15:00:00+00:00,5.0,5.2607245445251465,7.0,5.5
2026-09-27 16:00:00+00:00,6.0,3.3835244178771973,5.0,4.0
2026-09-27 17:00:00+00:00,7.0,2.1744275093078613,4.0,3.3333332538604736
2026-09-27 18:00:00+00:00,8.0,2.518103837966919,5.0,3.4000000953674316
2026-09-27 19:00:00+00:00,9.0,3.2348077297210693,6.0,3.6666667461395264
2026-09-27 20:00:00+00:00,10.0,3.2030980587005615,6.0,4.333333492279053
2026-09-27 21:00:00+00:00,11.0,3.0154483318328857,6.0,3.4000000953674316
2026-09-27 22:00:00+00:00,12.0,4.810863494873047,9.0,1.600000023841858
2026-09-27 23:00:00+00:00,13.0,4.815567493438721,9.0,5.666666507720947
2026-09-28 00:00:00+00:00,14.0,4.718387603759766,9.0,6.5
2026-09-28 01:00:00+00:00,15.0,6.7233734130859375,12.0,5.199999809265137
2026-09-28 02:00:00+00:00,16.0,4.424627304077148,8.0,3.5
2026-09-28 03:00:00+00:00,17.0,4.1432671546936035,8.0,6.5
2026-09-28 04:00:00+00:00,18.0,3.1445255279541016,6.0,6.199999809265137
2026-09-28 05:00:00+00:00,19.0,1.5573265552520752,3.0,4.5
2026-09-28 06:00:00+00:00,20.0,2.100050926208496,4.0,5.5
2026-09-28 07:00:00+00:00,21.0,1.8747217655181885,3.0,6.0
2026-09-28 08:00:00+00:00,22.0,1.130850911140442,2.0,6.199999809265137
2026-09-28 09:00:00+00:00,23.0,1.8720030784606934,3.0,6.199999809265137
2026-09-28 10:00:00+00:00,24.0,3.60247802734375,6.0,7.400000095367432
2026-09-27 12:00:00+00:00,1.0,4.039982318878174,5.0,6.833333492279053
2026-09-27 13:00:00+00:00,2.0,4.790799617767334,6.0,7.166666507720947
2026-09-27 14:00:00+00:00,3.0,5.439741611480713,7.0,7.333333492279053
2026-09-27 15:00:00+00:00,4.0,4.5811333656311035,6.0,5.5
2026-09-27 16:00:00+00:00,5.0,2.009042263031006,3.0,4.0
2026-09-27 17:00:00+00:00,6.0,2.137444496154785,4.0,3.3333332538604736
2026-09-27 18:00:00+00:00,7.0,2.513615846633911,5.0,3.4000000953674316
2026-09-27 19:00:00+00:00,8.0,3.1636970043182373,6.0,3.6666667461395264
2026-09-27 20:00:00+00:00,9.0,2.7131857872009277,5.0,4.333333492279053
2026-09-27 21:00:00+00:00,10.0,3.0195162296295166,6.0,3.4000000953674316
2026-09-27 22:00:00+00:00,11.0,5.539883136749268,10.0,1.600000023841858
2026-09-27 23:00:00+00:00,12.0,4.3457818031311035,8.0,5.666666507720947
2026-09-28 00:00:00+00:00,13.0,4.7064433097839355,9.0,6.5
2026-09-28 01:00:00+00:00,14.0,5.348354339599609,10.0,5.199999809265137
2026-09-28 02:00:00+00:00,15.0,4.833996295928955,9.0,3.5
2026-09-28 03:00:00+00:00,16.0,3.7442073822021484,7.0,6.5
2026-09-28 04:00:00+00:00,17.0,3.694612979888916,7.0,6.199999809265137
2026-09-28 05:00:00+00:00,18.0,2.2568860054016113,4.0,4.5
2026-09-28 06:00:00+00:00,19.0,1.6873517036437988,3.0,5.5
2026-09-28 07:00:00+00:00,20.0,2.416053056716919,4.0,6.0
2026-09-28 08:00:00+00:00,21.0,2.035672426223755,3.0,6.199999809265137
2026-09-28 09:00:00+00:00,22.0,2.439634323120117,4.0,6.199999809265137
2026-09-28 10:00:00+00:00,23.0,3.594857931137085,6.0,7.400000095367432
2026-09-28 11:00:00+00:00,24.0,3.6316041946411133,6.0,3.0
2026-09-27 13:00:00+00:00,1.0,4.748570442199707,6.0,7.166666507720947
2026-09-27 14:00:00+00:00,2.0,6.308417797088623,8.0,7.333333492279053
2026-09-27 15:00:00+00:00,3.0,6.163866996765137,8.0,5.5
2026-09-27 16:00:00+00:00,4.0,3.5905840396881104,5.0,4.0
2026-09-27 17:00:00+00:00,5.0,2.8473572731018066,5.0,3.3333332538604736
2026-09-27 18:00:00+00:00,6.0,2.5294153690338135,5.0,3.4000000953674316
2026-09-27 19:00:00+00:00,7.0,3.0153274536132812,6.0,3.6666667461395264
2026-09-27 20:00:00+00:00,8.0,3.1490232944488525,6.0,4.333333492279053
2026-09-27 21:00:00+00:00,9.0,3.591163396835327,7.0,3.4000000953674316
2026-09-27 22:00:00+00:00,10.0,3.5530097484588623,7.0,1.600000023841858
2026-09-27 23:00:00+00:00,11.0,5.458404541015625,10.0,5.666666507720947
2026-09-28 00:00:00+00:00,12.0,5.39788293838501,10.0,6.5
2026-09-28 01:00:00+00:00,13.0,4.3370795249938965,8.0,5.199999809265137
2026-09-28 02:00:00+00:00,14.0,3.6463918685913086,7.0,3.5
2026-09-28 03:00:00+00:00,15.0,3.1054329872131348,6.0,6.5
2026-09-28 04:00:00+00:00,16.0,3.101609945297241,6.0,6.199999809265137
2026-09-28 05:00:00+00:00,17.0,3.142078399658203,6.0,4.5
2026-09-28 06:00:00+00:00,18.0,1.130401849746704,2.0,5.5
2026-09-28 07:00:00+00:00,19.0,1.8680148124694824,3.0,6.0
2026-09-28 08:00:00+00:00,20.0,1.937604546546936,3.0,6.199999809265137
2026-09-28 09:00:00+00:00,21.0,1.33168363571167,2.0,6.199999809265137
2026-09-28 10:00:00+00:00,22.0,4.197049617767334,7.0,7.400000095367432
2026-09-28 11:00:00+00:00,23.0,4.247280120849609,7.0,3.0
2026-09-28 12:00:00+00:00,24.0,4.879753589630127,8.0,4.25
2026-09-27 14:00:00+00:00,1.0,5.215380668640137,7.0,7.333333492279053
2026-09-27 15:00:00+00:00,2.0,5.175598621368408,7.0,5.5
2026-09-27 16:00:00+00:00,3.0,3.3853743076324463,5.0,4.0
2026-09-27 17:00:00+00:00,4.0,2.189793586730957,4.0,3.3333332538604736
2026-09-27 18:00:00+00:00,5.0,3.165705442428589,6.0,3.4000000953674316
2026-09-27 19:00:00+00:00,6.0,3.6810097694396973,7.0,3.6666667461395264
2026-09-27 20:00:00+00:00,7.0,2.0983378887176514,4.0,4.333333492279053
2026-09-27 21:00:00+00:00,8.0,2.3583791255950928,5.0,3.4000000953674316
2026-09-27 22:00:00+00:00,9.0,2.39914870262146,5.0,1.600000023841858
2026-09-27 23:00:00+00:00,10.0,6.058341026306152,11.0,5.666666507720947
2026-09-28 00:00:00+00:00,11.0,4.9381232261657715,9.0,6.5
2026-09-28 01:00:00+00:00,12.0,5.495083808898926,10.0,5.199999809265137
2026-09-28 02:00:00+00:00,13.0,4.3310418128967285,8.0,3.5
2026-09-28 03:00:00+00:00,14.0,4.2579779624938965,8.0,6.5
2026-09-28 04:00:00+00:00,15.0,3.713975667953491,7.0,6.199999809265137
2026-09-28 05:00:00+00:00,16.0,2.6825056076049805,5.0,4.5
2026-09-28 06:00:00+00:00,17.0,2.8104331493377686,5.0,5.5
2026-09-28 07:00:00+00:00,18.0,2.3330092430114746,4.0,6.0
2026-09-28 08:00:00+00:00,19.0,1.8698841333389282,3.0,6.199999809265137
2026-09-28 09:00:00+00:00,20.0,3.0045650005340576,5.0,6.199999809265137
2026-09-28 10:00:00+00:00,21.0,3.6582396030426025,6.0,7.400000095367432
2026-09-28 11:00:00+00:00,22.0,4.272940635681152,7.0,3.0
2026-09-28 12:00:00+00:00,23.0,3.6831204891204834,6.0,4.25
2026-09-28 13:00:00+00:00,24.0,4.161289691925049,7.0,5.5
2026-09-27 15:00:00+00:00,1.0,4.45402717590332,6.0,5.5
2026-09-27 16:00:00+00:00,2.0,2.7145071029663086,4.0,4.0
2026-09-27 17:00:00+00:00,3.0,2.3025732040405273,4.0,3.3333332538604736
2026-09-27 18:00:00+00:00,4.0,3.177511692047119,6.0,3.4000000953674316
2026-09-27 19:00:00+00:00,5.0,3.078397035598755,6.0,3.6666667461395264
2026-09-27 20:00:00+00:00,6.0,2.6260581016540527,5.0,4.333333492279053
2026-09-27 21:00:00+00:00,7.0,2.5051686763763428,5.0,3.4000000953674316
2026-09-27 22:00:00+00:00,8.0,3.076498031616211,6.0,1.600000023841858
2026-09-27 23:00:00+00:00,9.0,4.8217692375183105,9.0,5.666666507720947
2026-09-28 00:00:00+00:00,10.0,4.328849792480469,8.0,6.5
2026-09-28 01:00:00+00:00,11.0,4.227177619934082,8.0,5.199999809265137
2026-09-28 02:00:00+00:00,12.0,4.341210842132568,8.0,3.5
2026-09-28 03:00:00+00:00,13.0,3.877929925918579,7.0,6.5
2026-09-28 04:00:00+00:00,14.0,3.7257273197174072,7.0,6.199999809265137
2026-09-28 05:00:00+00:00,15.0,2.711704730987549,5.0,4.5
2026-09-28 06:00:00+00:00,16.0,3.3331642150878906,6.0,5.5
2026-09-28 07:00:00+00:00,17.0,3.0112757682800293,5.0,6.0
2026-09-28 08:00:00+00:00,18.0,2.9653847217559814,5.0,6.199999809265137
2026-09-28 09:00:00+00:00,19.0,3.0931966304779053,5.0,6.199999809265137
2026-09-28 10:00:00+00:00,20.0,3.7376646995544434,6.0,7.400000095367432
2026-09-28 11:00:00+00:00,21.0,3.741849899291992,6.0,3.0
2026-09-28 12:00:00+00:00,22.0,4.917658805847168,8.0,4.25
2026-09-28 13:00:00+00:00,23.0,4.864198207855225,8.0,5.5
2026-09-28 14:00:00+00:00,24.0,5.348191738128662,9.0,7.0
2026-09-27 16:00:00+00:00,1.0,3.6101348400115967,5.0,4.0
2026-09-27 17:00:00+00:00,2.0,2.891047239303589,5.0,3.3333332538604736
2026-09-27 18:00:00+00:00,3.0,2.5112152099609375,5.0,3.4000000953674316
2026-09-27 19:00:00+00:00,4.0,2.5278286933898926,5.0,3.6666667461395264
2026-09-27 20:00:00+00:00,5.0,2.070091485977173,4.0,4.333333492279053
2026-09-27 21:00:00+00:00,6.0,2.5156495571136475,5.0,3.4000000953674316
2026-09-27 22:00:00+00:00,7.0,2.49934720993042,5.0,1.600000023841858
2026-09-27 23:00:00+00:00,8.0,4.172576904296875,8.0,5.666666507720947
2026-09-28 00:00:00+00:00,9.0,4.219282150268555,8.0,6.5
2026-09-28 01:00:00+00:00,10.0,4.358424663543701,8.0,5.199999809265137
2026-09-28 02:00:00+00:00,11.0,3.776829481124878,7.0,3.5
2026-09-28 03:00:00+00:00,12.0,3.256692409515381,6.0,6.5
2026-09-28 04:00:00+00:00,13.0,3.220618963241577,6.0,6.199999809265137
2026-09-28 05:00:00+00:00,14.0,3.1260910034179688,6.0,4.5
2026-09-28 06:00:00+00:00,15.0,2.8181660175323486,5.0,5.5
2026-09-28 07:00:00+00:00,16.0,1.7205913066864014,3.0,6.0
2026-09-28 08:00:00+00:00,17.0,0.7035227417945862,1.0,6.199999809265137
2026-09-28 09:00:00+00:00,18.0,2.5871660709381104,4.0,6.199999809265137
2026-09-28 10:00:00+00:00,19.0,3.070552110671997,5.0,7.400000095367432
2026-09-28 11:00:00+00:00,20.0,3.0798635482788086,5.0,3.0
2026-09-28 12:00:00+00:00,21.0,3.7049155235290527,6.0,4.25
2026-09-28 13:00:00+00:00,22.0,4.240638732910156,7.0,5.5
2026-09-28 14:00:00+00:00,23.0,4.727936744689941,8.0,7.0
2026-09-28 15:00:00+00:00,24.0,5.20963191986084,9.0,7.0
2026-09-27 17:00:00+00:00,1.0,2.344893455505371,4.0,3.3333332538604736
2026-09-27 18:00:00+00:00,2.0,3.174243450164795,6.0,3.4000000953674316
2026-09-27 19:00:00+00:00,3.0,3.1664438247680664,6.0,3.6666667461395264
2026-09-27 20:00:00+00:00,4.0,2.1070921421051025,4.0,4.333333492279053
2026-09-27 21:00:00+00:00,5.0,1.9722261428833008,4.0,3.4000000953674316
2026-09-27 22:00:00+00:00,6.0,1.9307301044464111,4.0,1.600000023841858
2026-09-27 23:00:00+00:00,7.0,3.567607879638672,7.0,5.666666507720947
2026-09-28 00:00:00+00:00,8.0,3.6678528785705566,7.0,6.5
2026-09-28 01:00:00+00:00,9.0,4.34647274017334,8.0,5.199999809265137
2026-09-28 02:00:00+00:00,10.0,4.317510604858398,8.0,3.5
2026-09-28 03:00:00+00:00,11.0,3.780365228652954,7.0,6.5
2026-09-28 04:00:00+00:00,12.0,3.1787335872650146,6.0,6.199999809265137
2026-09-28 05:00:00+00:00,13.0,2.1375837326049805,4.0,4.5
2026-09-28 06:00:00+00:00,14.0,3.45539927482605,6.0,5.5
2026-09-28 07:00:00+00:00,15.0,3.5680456161499023,6.0,6.0
2026-09-28 08:00:00+00:00,16.0,3.228971004486084,5.0,6.199999809265137
2026-09-28 09:00:00+00:00,17.0,3.171663284301758,5.0,6.199999809265137
2026-09-28 10:00:00+00:00,18.0,3.1574807167053223,5.0,7.400000095367432
2026-09-28 11:00:00+00:00,19.0,3.231527328491211,5.0,3.0
2026-09-28 12:00:00+00:00,20.0,3.803189277648926,6.0,4.25
2026-09-28 13:00:00+00:00,21.0,3.627401113510132,6.0,5.5
2026-09-28 14:00:00+00:00,22.0,4.146384239196777,7.0,7.0
2026-09-28 15:00:00+00:00,23.0,5.726014137268066,10.0,7.0
2026-09-28 16:00:00+00:00,24.0,5.560327529907227,10.0,6.0
2026-09-27 18:00:00+00:00,1.0,3.0424845218658447,6.0,3.4000000953674316
2026-09-27 19:00:00+00:00,2.0,2.9413866996765137,6.0,3.6666667461395264
2026-09-27 20:00:00+00:00,3.0,2.3369343280792236,5.0,4.333333492279053
2026-09-27 21:00:00+00:00,4.0,1.863096833229065,4.0,3.4000000953674316
2026-09-27 22:00:00+00:00,5.0,3.5125479698181152,7.0,1.600000023841858
2026-09-27 23:00:00+00:00,6.0,4.017578601837158,8.0,5.666666507720947
2026-09-28 00:00:00+00:00,7.0,4.709852695465088,9.0,6.5
2026-09-28 01:00:00+00:00,8.0,4.150148868560791,8.0,5.199999809265137
2026-09-28 02:00:00+00:00,9.0,3.570704698562622,7.0,3.5
2026-09-28 03:00:00+00:00,10.0,3.1702325344085693,6.0,6.5
2026-09-28 04:00:00+00:00,11.0,3.135715961456299,6.0,6.199999809265137
2026-09-28 05:00:00+00:00,12.0,2.1881134510040283,4.0,4.5
2026-09-28 06:00:00+00:00,13.0,2.7045934200286865,5.0,5.5
2026-09-28 07:00:00+00:00,14.0,2.9624674320220947,5.0,6.0
2026-09-28 08:00:00+00:00,15.0,2.5359017848968506,4.0,6.199999809265137
2026-09-28 09:00:00+00:00,16.0,2.0354275703430176,3.0,6.199999809265137
2026-09-28 10:00:00+00:00,17.0,2.6985952854156494,4.0,7.400000095367432
2026-09-28 11:00:00+00:00,18.0,2.567223310470581,4.0,3.0
2026-09-28 12:00:00+00:00,19.0,3.0738377571105957,5.0,4.25
2026-09-28 13:00:00+00:00,20.0,4.092465877532959,7.0,5.5
2026-09-28 14:00:00+00:00,21.0,4.606930732727051,8.0,7.0
2026-09-28 15:00:00+00:00,22.0,5.0289130210876465,9.0,7.0
2026-09-28 16:00:00+00:00,23.0,4.827865123748779,9.0,6.0
2026-09-28 17:00:00+00:00,24.0,4.63492488861084,9.0,5.166666507720947
2026-09-27 19:00:00+00:00,1.0,2.3711025714874268,5.0,3.6666667461395264
2026-09-27 20:00:00+00:00,2.0,2.432047128677368,5.0,4.333333492279053
2026-09-27 21:00:00+00:00,3.0,1.924559235572815,4.0,3.4000000953674316
2026-09-27 22:00:00+00:00,4.0,1.8641653060913086,4.0,1.600000023841858
2026-09-27 23:00:00+00:00,5.0,2.8617231845855713,6.0,5.666666507720947
2026-09-28 00:00:00+00:00,6.0,4.6376471519470215,9.0,6.5
2026-09-28 01:00:00+00:00,7.0,3.1189897060394287,6.0,5.199999809265137
2026-09-28 02:00:00+00:00,8.0,4.078587532043457,8.0,3.5
2026-09-28 03:00:00+00:00,9.0,3.121361255645752,6.0,6.5
2026-09-28 04:00:00+00:00,10.0,3.100208044052124,6.0,6.199999809265137
2026-09-28 05:00:00+00:00,11.0,2.189525842666626,4.0,4.5
2026-09-28 06:00:00+00:00,12.0,2.738088369369507,5.0,5.5
2026-09-28 07:00:00+00:00,13.0,1.8755497932434082,3.0,6.0
2026-09-28 08:00:00+00:00,14.0,1.3323931694030762,2.0,6.199999809265137
2026-09-28 09:00:00+00:00,15.0,2.084939956665039,3.0,6.199999809265137
2026-09-28 10:00:00+00:00,16.0,3.496419906616211,5.0,7.400000095367432
2026-09-28 11:00:00+00:00,17.0,3.3508806228637695,5.0,3.0
2026-09-28 12:00:00+00:00,18.0,3.7247555255889893,6.0,4.25
2026-09-28 13:00:00+00:00,19.0,4.720472812652588,8.0,5.5
2026-09-28 14:00:00+00:00,20.0,4.699368953704834,8.0,7.0
2026-09-28 15:00:00+00:00,21.0,4.503495693206787,8.0,7.0
2026-09-28 16:00:00+00:00,22.0,4.272450923919678,8.0,6.0
2026-09-28 17:00:00+00:00,23.0,4.653803825378418,9.0,5.166666507720947
2026-09-28 18:00:00+00:00,24.0,3.931654214859009,8.0,5.25
2026-09-27 20:00:00+00:00,1.0,2.3479185104370117,5.0,4.333333492279053
2026-09-27 21:00:00+00:00,2.0,1.8959885835647583,4.0,3.4000000953674316
2026-09-27 22:00:00+00:00,3.0,1.3858613967895508,3.0,1.600000023841858
2026-09-27 23:00:00+00:00,4.0,0.9153697490692139,2.0,5.666666507720947
2026-09-28 00:00:00+00:00,5.0,1.7977737188339233,4.0,6.5
2026-09-28 01:00:00+00:00,6.0,1.8385788202285767,4.0,5.199999809265137
2026-09-28 02:00:00+00:00,7.0,2.3488824367523193,5.0,3.5
2026-09-28 03:00:00+00:00,8.0,3.589637279510498,7.0,6.5
2026-09-28 04:00:00+00:00,9.0,3.6775903701782227,7.0,6.199999809265137
2026-09-28 05:00:00+00:00,10.0,2.1417598724365234,4.0,4.5
2026-09-28 06:00:00+00:00,11.0,2.8076865673065186,5.0,5.5
2026-09-28 07:00:00+00:00,12.0,2.37817120552063,4.0,6.0
2026-09-28 08:00:00+00:00,13.0,2.5704150199890137,4.0,6.199999809265137
2026-09-28 09:00:00+00:00,14.0,3.227771759033203,5.0,6.199999809265137
2026-09-28 10:00:00+00:00,15.0,3.9382827281951904,6.0,7.400000095367432
2026-09-28 11:00:00+00:00,16.0,3.8206398487091064,6.0,3.0
2026-09-28 12:00:00+00:00,17.0,3.759629726409912,6.0,4.25
2026-09-28 13:00:00+00:00,18.0,3.5960400104522705,6.0,5.5
2026-09-28 14:00:00+00:00,19.0,4.0520172119140625,7.0,7.0
2026-09-28 15:00:00+00:00,20.0,4.467480659484863,8.0,7.0
2026-09-28 16:00:00+00:00,21.0,4.325240135192871,8.0,6.0
2026-09-28 17:00:00+00:00,22.0,4.188208103179932,8.0,5.166666507720947
2026-09-28 18:00:00+00:00,23.0,5.109269142150879,10.0,5.25
2026-09-28 19:00:00+00:00,24.0,5.001650810241699,10.0,8.285714149475098
2026-09-27 21:00:00+00:00,1.0,1.8172584772109985,4.0,3.4000000953674316
2026-09-27 22:00:00+00:00,2.0,1.8222107887268066,4.0,1.600000023841858
2026-09-27 23:00:00+00:00,3.0,2.803142786026001,6.0,5.666666507720947
2026-09-28 00:00:00+00:00,4.0,3.971649169921875,8.0,6.5
2026-09-28 01:00:00+00:00,5.0,2.997741460800171,6.0,5.199999809265137
2026-09-28 02:00:00+00:00,6.0,2.896054267883301,6.0,3.5
2026-09-28 03:00:00+00:00,7.0,2.4444470405578613,5.0,6.5
2026-09-28 04:00:00+00:00,8.0,2.527303695678711,5.0,6.199999809265137
2026-09-28 05:00:00+00:00,9.0,3.2820277214050293,6.0,4.5
2026-09-28 06:00:00+00:00,10.0,2.2966432571411133,4.0,5.5
2026-09-28 07:00:00+00:00,11.0,0.6889153122901917,1.0,6.0
2026-09-28 08:00:00+00:00,12.0,2.524392604827881,4.0,6.199999809265137
2026-09-28 09:00:00+00:00,13.0,2.717026710510254,4.0,6.199999809265137
2026-09-28 10:00:00+00:00,14.0,3.605255126953125,5.0,7.400000095367432
2026-09-28 11:00:00+00:00,15.0,2.8263063430786133,4.0,3.0
2026-09-28 12:00:00+00:00,16.0,3.226145029067993,5.0,4.25
2026-09-28 13:00:00+00:00,17.0,2.993267774581909,5.0,5.5
2026-09-28 14:00:00+00:00,18.0,4.607574939727783,8.0,7.0
2026-09-28 15:00:00+00:00,19.0,5.638427734375,10.0,7.0
2026-09-28 16:00:00+00:00,20.0,4.36317253112793,8.0,6.0
2026-09-28 17:00:00+00:00,21.0,3.567250967025757,7.0,5.166666507720947
2026-09-28 18:00:00+00:00,22.0,3.9000120162963867,8.0,5.25
2026-09-28 19:00:00+00:00,23.0,3.810912609100342,8.0,8.285714149475098
2026-09-28 20:00:00+00:00,24.0,3.663869857788086,8.0,6.5
2026-09-27 22:00:00+00:00,1.0,2.4482789039611816,5.0,1.600000023841858
2026-09-27 23:00:00+00:00,2.0,3.4986460208892822,7.0,5.666666507720947
2026-09-28 00:00:00+00:00,3.0,3.5969815254211426,7.0,6.5
2026-09-28 01:00:00+00:00,4.0,2.5483386516571045,5.0,5.199999809265137
2026-09-28 02:00:00+00:00,5.0,2.3729407787323,5.0,3.5
2026-09-28 03:00:00+00:00,6.0,2.3828933238983154,5.0,6.5
2026-09-28 04:00:00+00:00,7.0,3.723037004470825,7.0,6.199999809265137
2026-09-28 05:00:00+00:00,8.0,2.850743055343628,5.0,4.5
2026-09-28 06:00:00+00:00,9.0,2.465116262435913,4.0,5.5
2026-09-28 07:00:00+00:00,10.0,2.366581916809082,4.0,6.0
2026-09-28 08:00:00+00:00,11.0,2.463567018508911,4.0,6.199999809265137
2026-09-28 09:00:00+00:00,12.0,3.500922203063965,5.0,6.199999809265137
2026-09-28 10:00:00+00:00,13.0,3.1201071739196777,4.0,7.400000095367432
2026-09-28 11:00:00+00:00,14.0,3.108468532562256,4.0,3.0
2026-09-28 12:00:00+00:00,15.0,2.9379401206970215,4.0,4.25
2026-09-28 13:00:00+00:00,16.0,2.613389492034912,4.0,5.5
2026-09-28 14:00:00+00:00,17.0,2.8990283012390137,5.0,7.0
2026-09-28 15:00:00+00:00,18.0,2.7607245445251465,5.0,7.0
2026-09-28 16:00:00+00:00,19.0,3.744379758834839,7.0,6.0
2026-09-28 17:00:00+00:00,20.0,4.129660606384277,8.0,5.166666507720947
2026-09-28 18:00:00+00:00,21.0,3.950338125228882,8.0,5.25
2026-09-28 19:00:00+00:00,22.0,4.300100803375244,9.0,8.285714149475098
2026-09-28 20:00:00+00:00,23.0,3.2393288612365723,7.0,6.5
2026-09-28 21:00:00+00:00,24.0,3.7513155937194824,8.0,7.400000095367432
2026-09-27 23:00:00+00:00,2.0,3.588848829269409,7.0,5.666666507720947
2026-09-28 00:00:00+00:00,3.0,3.683864116668701,7.0,6.5
2026-09-28 01:00:00+00:00,4.0,2.6258206367492676,5.0,5.199999809265137
2026-09-28 02:00:00+00:00,5.0,2.4487862586975098,5.0,3.5
2026-09-28 03:00:00+00:00,6.0,2.456578254699707,5.0,6.5
2026-09-28 04:00:00+00:00,7.0,3.8404948711395264,7.0,6.199999809265137
2026-09-28 05:00:00+00:00,8.0,2.954054355621338,5.0,4.5
2026-09-28 06:00:00+00:00,9.0,2.5668108463287354,4.0,5.5
2026-09-28 07:00:00+00:00,10.0,2.4722602367401123,4.0,6.0
2026-09-28 08:00:00+00:00,11.0,2.5719432830810547,4.0,6.199999809265137
2026-09-28 09:00:00+00:00,12.0,3.654114246368408,5.0,6.199999809265137
2026-09-28 10:00:00+00:00,13.0,3.2542736530303955,4.0,7.400000095367432
2026-09-28 11:00:00+00:00,14.0,3.2200679779052734,4.0,3.0
2026-09-28 12:00:00+00:00,15.0,3.025751829147339,4.0,4.25
2026-09-28 13:00:00+00:00,16.0,2.6657307147979736,4.0,5.5
2026-09-28 14:00:00+00:00,17.0,2.968733549118042,5.0,7.0
2026-09-28 15:00:00+00:00,18.0,2.815559148788452,5.0,7.0
2026-09-28 16:00:00+00:00,19.0,3.810746431350708,7.0,6.0
2026-09-28 17:00:00+00:00,20.0,4.206428527832031,8.0,5.166666507720947
2026-09-28 18:00:00+00:00,21.0,4.037318706512451,8.0,5.25
2026-09-28 19:00:00+00:00,22.0,4.380635738372803,9.0,8.285714149475098
2026-09-28 20:00:00+00:00,23.0,3.3024415969848633,7.0,6.5
2026-09-28 21:00:00+00:00,24.0,3.822903633117676,8.0,7.400000095367432
2026-09-28 22:00:00+00:00,25.0,2.715264320373535,6.0,7.199999809265137
2026-09-28 00:00:00+00:00,3.0,3.805619955062866,7.0,6.5
2026-09-28 01:00:00+00:00,4.0,2.7246572971343994,5.0,5.199999809265137
2026-09-28 02:00:00+00:00,5.0,2.5460991859436035,5.0,3.5
2026-09-28 03:00:00+00:00,6.0,2.5555055141448975,5.0,6.5
2026-09-28 04:00:00+00:00,7.0,3.99194598197937,7.0,6.199999809265137
2026-09-28 05:00:00+00:00,8.0,3.09000563621521,5.0,4.5
2026-09-28 06:00:00+00:00,9.0,2.6972692012786865,4.0,5.5
2026-09-28 07:00:00+00:00,10.0,2.6058645248413086,4.0,6.0
2026-09-28 08:00:00+00:00,11.0,2.712888717651367,4.0,6.199999809265137
2026-09-28 09:00:00+00:00,12.0,3.848066568374634,5.0,6.199999809265137
2026-09-28 10:00:00+00:00,13.0,3.4177894592285156,4.0,7.400000095367432
2026-09-28 11:00:00+00:00,14.0,3.36716890335083,4.0,3.0
2026-09-28 12:00:00+00:00,15.0,3.126880407333374,4.0,4.25
2026-09-28 13:00:00+00:00,16.0,2.7371397018432617,4.0,5.5
2026-09-28 14:00:00+00:00,17.0,3.0535757541656494,5.0,7.0
2026-09-28 15:00:00+00:00,18.0,2.9043869972229004,5.0,7.0
2026-09-28 16:00:00+00:00,19.0,3.9091343879699707,7.0,6.0
2026-09-28 17:00:00+00:00,20.0,4.317411422729492,8.0,5.166666507720947
2026-09-28 18:00:00+00:00,21.0,4.147299289703369,8.0,5.25
2026-09-28 19:00:00+00:00,22.0,4.503344535827637,9.0,8.285714149475098
2026-09-28 20:00:00+00:00,23.0,3.3970651626586914,7.0,6.5
2026-09-28 21:00:00+00:00,24.0,3.923635721206665,8.0,7.400000095367432
2026-09-28 22:00:00+00:00,25.0,2.7990591526031494,6.0,7.199999809265137
2026-09-28 23:00:00+00:00,26.0,3.681706666946411,8.0,7.199999809265137
2026-09-28 01:00:00+00:00,4.0,2.829982280731201,5.0,5.199999809265137
2026-09-28 02:00:00+00:00,5.0,2.6534340381622314,5.0,3.5
2026-09-28 03:00:00+00:00,6.0,2.670264959335327,5.0,6.5
2026-09-28 04:00:00+00:00,7.0,4.156379699707031,7.0,6.199999809265137
2026-09-28 05:00:00+00:00,8.0,3.2313196659088135,5.0,4.5
2026-09-28 06:00:00+00:00,9.0,2.8266773223876953,4.0,5.5
2026-09-28 07:00:00+00:00,10.0,2.7451963424682617,4.0,6.0
2026-09-28 08:00:00+00:00,11.0,2.860081434249878,4.0,6.199999809265137
2026-09-28 09:00:00+00:00,12.0,4.038382053375244,5.0,6.199999809265137
2026-09-28 10:00:00+00:00,13.0,3.5672738552093506,4.0,7.400000095367432
2026-09-28 11:00:00+00:00,14.0,3.508025884628296,4.0,3.0
2026-09-28 12:00:00+00:00,15.0,3.2249979972839355,4.0,4.25
2026-09-28 13:00:00+00:00,16.0,2.814575433731079,4.0,5.5
2026-09-28 14:00:00+00:00,17.0,3.135053873062134,5.0,7.0
2026-09-28 15:00:00+00:00,18.0,2.997633457183838,5.0,7.0
2026-09-28 16:00:00+00:00,19.0,4.031367301940918,7.0,6.0
2026-09-28 17:00:00+00:00,20.0,4.4247894287109375,8.0,5.166666507720947
2026-09-28 18:00:00+00:00,21.0,4.2655930519104,8.0,5.25
2026-09-28 19:00:00+00:00,22.0,4.624725341796875,9.0,8.285714149475098
2026-09-28 20:00:00+00:00,23.0,3.5033528804779053,7.0,6.5
2026-09-28 21:00:00+00:00,24.0,4.019337177276611,8.0,7.400000095367432
2026-09-28 22:00:00+00:00,25.0,2.8911125659942627,6.0,7.199999809265137
2026-09-28 23:00:00+00:00,26.0,3.7952749729156494,8.0,7.199999809265137
2026-09-29 00:00:00+00:00,27.0,4.370504856109619,9.0,9.333333015441895
2026-09-28 02:00:00+00:00,5.0,2.700521469116211,5.0,3.5
2026-09-28 03:00:00+00:00,6.0,2.719681739807129,5.0,6.5
2026-09-28 04:00:00+00:00,7.0,4.22648811340332,7.0,6.199999809265137
2026-09-28 05:00:00+00:00,8.0,3.2917323112487793,5.0,4.5
2026-09-28 06:00:00+00:00,9.0,2.8808603286743164,4.0,5.5
2026-09-28 07:00:00+00:00,10.0,2.801241874694824,4.0,6.0
2026-09-28 08:00:00+00:00,11.0,2.9197170734405518,4.0,6.199999809265137
2026-09-28 09:00:00+00:00,12.0,4.1212687492370605,5.0,6.199999809265137
2026-09-28 10:00:00+00:00,13.0,3.6333863735198975,4.0,7.400000095367432
2026-09-28 11:00:00+00:00,14.0,3.5726263523101807,4.0,3.0
2026-09-28 12:00:00+00:00,15.0,3.2765791416168213,4.0,4.25
2026-09-28 13:00:00+00:00,16.0,2.845001697540283,4.0,5.5
2026-09-28 14:00:00+00:00,17.0,3.1677567958831787,5.0,7.0
2026-09-28 15:00:00+00:00,18.0,3.030712842941284,5.0,7.0
2026-09-28 16:00:00+00:00,19.0,4.070835590362549,7.0,6.0
2026-09-28 17:00:00+00:00,20.0,4.457454681396484,8.0,5.166666507720947
2026-09-28 18:00:00+00:00,21.0,4.303590774536133,8.0,5.25
2026-09-28 19:00:00+00:00,22.0,4.667356491088867,9.0,8.285714149475098
2026-09-28 20:00:00+00:00,23.0,3.53963303565979,7.0,6.5
2026-09-28 21:00:00+00:00,24.0,4.048837661743164,8.0,7.400000095367432
2026-09-28 22:00:00+00:00,25.0,2.9246666431427,6.0,7.199999809265137
2026-09-28 23:00:00+00:00,26.0,3.835151433944702,8.0,7.199999809265137
2026-09-29 00:00:00+00:00,27.0,4.413909435272217,9.0,9.333333015441895
2026-09-29 01:00:00+00:00,28.0,3.030184745788574,6.0,11.0
2026-09-28 03:00:00+00:00,6.0,2.6835663318634033,5.0,6.5
2026-09-28 04:00:00+00:00,7.0,4.1842803955078125,7.0,6.199999809265137
2026-09-28 05:00:00+00:00,8.0,3.2533061504364014,5.0,4.5
2026-09-28 06:00:00+00:00,9.0,2.8414061069488525,4.0,5.5
2026-09-28 07:00:00+00:00,10.0,2.7581233978271484,4.0,6.0
2026-09-28 08:00:00+00:00,11.0,2.877284288406372,4.0,6.199999809265137
2026-09-28 09:00:00+00:00,12.0,4.077388286590576,5.0,6.199999809265137
2026-09-28 10:00:00+00:00,13.0,3.6036581993103027,4.0,7.400000095367432
2026-09-28 11:00:00+00:00,14.0,3.5491113662719727,4.0,3.0
2026-09-28 12:00:00+00:00,15.0,3.2609212398529053,4.0,4.25
2026-09-28 13:00:00+00:00,16.0,2.8364717960357666,4.0,5.5
2026-09-28 14:00:00+00:00,17.0,3.1546247005462646,5.0,7.0
2026-09-28 15:00:00+00:00,18.0,3.0092856884002686,5.0,7.0
2026-09-28 16:00:00+00:00,19.0,4.042052268981934,7.0,6.0
2026-09-28 17:00:00+00:00,20.0,4.435175895690918,8.0,5.166666507720947
2026-09-28 18:00:00+00:00,21.0,4.276199817657471,8.0,5.25
2026-09-28 19:00:00+00:00,22.0,4.638424396514893,9.0,8.285714149475098
2026-09-28 20:00:00+00:00,23.0,3.5086803436279297,7.0,6.5
2026-09-28 21:00:00+00:00,24.0,4.023236274719238,8.0,7.400000095367432
2026-09-28 22:00:00+00:00,25.0,2.8958542346954346,6.0,7.199999809265137
2026-09-28 23:00:00+00:00,26.0,3.795485019683838,8.0,7.199999809265137
2026-09-29 00:00:00+00:00,27.0,4.3771843910217285,9.0,9.333333015441895
2026-09-29 01:00:00+00:00,28.0,2.9993183612823486,6.0,11.0
2026-09-29 02:00:00+00:00,29.0,3.924088478088379,8.0,10.333333015441895
2026-09-28 04:00:00+00:00,7.0,4.110548496246338,7.0,6.199999809265137
2026-09-28 05:00:00+00:00,8.0,3.188368558883667,5.0,4.5
2026-09-28 06:00:00+00:00,9.0,2.778287649154663,4.0,5.5
2026-09-28 07:00:00+00:00,10.0,2.698664903640747,4.0,6.0
2026-09-28 08:00:00+00:00,11.0,2.8100037574768066,4.0,6.199999809265137
2026-09-28 09:00:00+00:00,12.0,3.995091199874878,5.0,6.199999809265137
2026-09-28 10:00:00+00:00,13.0,3.5420758724212646,4.0,7.400000095367432
2026-09-28 11:00:00+00:00,14.0,3.490635633468628,4.0,3.0
2026-09-28 12:00:00+00:00,15.0,3.2282896041870117,4.0,4.25
2026-09-28 13:00:00+00:00,16.0,2.813570737838745,4.0,5.5
2026-09-28 14:00:00+00:00,17.0,3.13055419921875,5.0,7.0
2026-09-28 15:00:00+00:00,18.0,2.9785494804382324,5.0,7.0
2026-09-28 16:00:00+00:00,19.0,4.0096354484558105,7.0,6.0
2026-09-28 17:00:00+00:00,20.0,4.401444911956787,8.0,5.166666507720947
2026-09-28 18:00:00+00:00,21.0,4.236687183380127,8.0,5.25
2026-09-28 19:00:00+00:00,22.0,4.594093322753906,9.0,8.285714149475098
2026-09-28 20:00:00+00:00,23.0,3.4654407501220703,7.0,6.5
2026-09-28 21:00:00+00:00,24.0,3.9881162643432617,8.0,7.400000095367432
2026-09-28 22:00:00+00:00,25.0,2.857492685317993,6.0,7.199999809265137
2026-09-28 23:00:00+00:00,26.0,3.7490310668945312,8.0,7.199999809265137
2026-09-29 00:00:00+00:00,27.0,4.327267646789551,9.0,9.333333015441895
2026-09-29 01:00:00+00:00,28.0,2.9574077129364014,6.0,11.0
2026-09-29 02:00:00+00:00,29.0,3.866692066192627,8.0,10.333333015441895
2026-09-29 03:00:00+00:00,30.0,3.455338716506958,7.0,12.0
2026-09-28 05:00:00+00:00,8.0,3.2118144035339355,5.0,4.5
2026-09-28 06:00:00+00:00,9.0,2.8001837730407715,4.0,5.5
2026-09-28 07:00:00+00:00,10.0,2.7254321575164795,4.0,6.0
2026-09-28 08:00:00+00:00,11.0,2.83905029296875,4.0,6.199999809265137
2026-09-28 09:00:00+00:00,12.0,4.031580448150635,5.0,6.199999809265137
2026-09-28 10:00:00+00:00,13.0,3.575723648071289,4.0,7.400000095367432
2026-09-28 11:00:00+00:00,14.0,3.5162909030914307,4.0,3.0
2026-09-28 12:00:00+00:00,15.0,3.247196674346924,4.0,4.25
2026-09-28 13:00:00+00:00,16.0,2.830810070037842,4.0,5.5
2026-09-28 14:00:00+00:00,17.0,3.1498093605041504,5.0,7.0
2026-09-28 15:00:00+00:00,18.0,3.0053653717041016,5.0,7.0
2026-09-28 16:00:00+00:00,19.0,4.04019021987915,7.0,6.0
2026-09-28 17:00:00+00:00,20.0,4.429835796356201,8.0,5.166666507720947
2026-09-28 18:00:00+00:00,21.0,4.26388692855835,8.0,5.25
2026-09-28 19:00:00+00:00,22.0,4.624990463256836,9.0,8.285714149475098
2026-09-28 20:00:00+00:00,23.0,3.490506887435913,7.0,6.5
2026-09-28 21:00:00+00:00,24.0,4.010794639587402,8.0,7.400000095367432
2026-09-28 22:00:00+00:00,25.0,2.8772661685943604,6.0,7.199999809265137
2026-09-28 23:00:00+00:00,26.0,3.7745420932769775,8.0,7.199999809265137
2026-09-29 00:00:00+00:00,27.0,4.356686592102051,9.0,9.333333015441895
2026-09-29 01:00:00+00:00,28.0,2.9775784015655518,6.0,11.0
2026-09-29 02:00:00+00:00,29.0,3.8954546451568604,8.0,10.333333015441895
2026-09-29 03:00:00+00:00,30.0,3.4814836978912354,7.0,12.0
2026-09-29 04:00:00+00:00,31.0,2.5271804332733154,5.0,8.0
2026-09-28 06:00:00+00:00,9.0,2.848325729370117,4.0,5.5
2026-09-28 07:00:00+00:00,10.0,2.777653694152832,4.0,6.0
2026-09-28 08:00:00+00:00,11.0,2.8963992595672607,4.0,6.199999809265137
2026-09-28 09:00:00+00:00,12.0,4.1070966720581055,5.0,6.199999809265137
2026-09-28 10:00:00+00:00,13.0,3.6282365322113037,4.0,7.400000095367432
2026-09-28 11:00:00+00:00,14.0,3.56669545173645,4.0,3.0
2026-09-28 12:00:00+00:00,15.0,3.284111499786377,4.0,4.25
2026-09-28 13:00:00+00:00,16.0,2.8515257835388184,4.0,5.5
2026-09-28 14:00:00+00:00,17.0,3.1737899780273438,5.0,7.0
2026-09-28 15:00:00+00:00,18.0,3.0380115509033203,5.0,7.0
2026-09-28 16:00:00+00:00,19.0,4.073262691497803,7.0,6.0
2026-09-28 17:00:00+00:00,20.0,4.472855091094971,8.0,5.166666507720947
2026-09-28 18:00:00+00:00,21.0,4.310178756713867,8.0,5.25
2026-09-28 19:00:00+00:00,22.0,4.675269603729248,9.0,8.285714149475098
2026-09-28 20:00:00+00:00,23.0,3.5382397174835205,7.0,6.5
2026-09-28 21:00:00+00:00,24.0,4.045830249786377,8.0,7.400000095367432
2026-09-28 22:00:00+00:00,25.0,2.914553165435791,6.0,7.199999809265137
2026-09-28 23:00:00+00:00,26.0,3.8238437175750732,8.0,7.199999809265137
2026-09-29 00:00:00+00:00,27.0,4.408695697784424,9.0,9.333333015441895
2026-09-29 01:00:00+00:00,28.0,3.017165184020996,6.0,11.0
2026-09-29 02:00:00+00:00,29.0,3.94917631149292,8.0,10.333333015441895
2026-09-29 03:00:00+00:00,30.0,3.526704788208008,7.0,12.0
2026-09-29 04:00:00+00:00,31.0,2.5714309215545654,5.0,8.0
2026-09-29 05:00:00+00:00,32.0,3.1782660484313965,6.0,7.5
2026-09-28 07:00:00+00:00,1.0,4.218891143798828,6.0,6.0
2026-09-28 08:00:00+00:00,2.0,4.4584550857543945,6.0,6.199999809265137
2026-09-28 09:00:00+00:00,3.0,2.573432445526123,3.0,6.199999809265137
2026-09-28 10:00:00+00:00,4.0,2.461991786956787,3.0,7.400000095367432
2026-09-28 11:00:00+00:00,5.0,3.1879689693450928,4.0,3.0
2026-09-28 12:00:00+00:00,6.0,3.6447012424468994,5.0,4.25
2026-09-28 13:00:00+00:00,7.0,3.9465367794036865,6.0,5.5
2026-09-28 14:00:00+00:00,8.0,3.6789119243621826,6.0,7.0
2026-09-28 15:00:00+00:00,9.0,4.783516883850098,8.0,7.0
2026-09-28 16:00:00+00:00,10.0,5.276862621307373,9.0,6.0
2026-09-28 17:00:00+00:00,11.0,4.453428268432617,8.0,5.166666507720947
2026-09-28 18:00:00+00:00,12.0,4.899271488189697,9.0,5.25
2026-09-28 19:00:00+00:00,13.0,3.6097350120544434,7.0,8.285714149475098
2026-09-28 20:00:00+00:00,14.0,5.2288007736206055,10.0,6.5
2026-09-28 21:00:00+00:00,15.0,6.263316631317139,12.0,7.400000095367432
2026-09-28 22:00:00+00:00,16.0,5.73852014541626,11.0,7.199999809265137
2026-09-28 23:00:00+00:00,17.0,6.075146675109863,12.0,7.199999809265137
2026-09-29 00:00:00+00:00,18.0,3.4809699058532715,7.0,9.333333015441895
2026-09-29 01:00:00+00:00,19.0,0.9256507754325867,2.0,11.0
2026-09-29 02:00:00+00:00,20.0,2.72351336479187,6.0,10.333333015441895
2026-09-29 03:00:00+00:00,21.0,3.8350536823272705,8.0,12.0
2026-09-29 04:00:00+00:00,22.0,2.971508502960205,6.0,8.0
2026-09-29 05:00:00+00:00,23.0,2.4922847747802734,5.0,7.5
2026-09-29 06:00:00+00:00,24.0,2.6116745471954346,5.0,6.666666507720947
2026-09-28 08:00:00+00:00,1.0,4.588115215301514,6.0,6.199999809265137
2026-09-28 09:00:00+00:00,2.0,3.986682653427124,5.0,6.199999809265137
2026-09-28 10:00:00+00:00,3.0,3.588784694671631,5.0,7.400000095367432
2026-09-28 11:00:00+00:00,4.0,3.519787073135376,5.0,3.0
2026-09-28 12:00:00+00:00,5.0,3.638532876968384,5.0,4.25
2026-09-28 13:00:00+00:00,6.0,3.92706298828125,6.0,5.5
2026-09-28 14:00:00+00:00,7.0,4.450744152069092,7.0,7.0
2026-09-28 15:00:00+00:00,8.0,4.2809157371521,7.0,7.0
2026-09-28 16:00:00+00:00,9.0,4.033825397491455,7.0,6.0
2026-09-28 17:00:00+00:00,10.0,4.421267032623291,8.0,5.166666507720947
2026-09-28 18:00:00+00:00,11.0,3.7162342071533203,7.0,5.25
2026-09-28 19:00:00+00:00,12.0,5.270490646362305,10.0,8.285714149475098
2026-09-28 20:00:00+00:00,13.0,5.190168857574463,10.0,6.5
2026-09-28 21:00:00+00:00,14.0,3.1163582801818848,6.0,7.400000095367432
2026-09-28 22:00:00+00:00,15.0,5.121852397918701,10.0,7.199999809265137
2026-09-28 23:00:00+00:00,16.0,6.33145809173584,12.0,7.199999809265137
2026-09-29 00:00:00+00:00,17.0,5.226362705230713,10.0,9.333333015441895
2026-09-29 01:00:00+00:00,18.0,5.042981147766113,10.0,11.0
2026-09-29 02:00:00+00:00,19.0,6.387206077575684,12.0,10.333333015441895
2026-09-29 03:00:00+00:00,20.0,5.9559326171875,11.0,12.0
2026-09-29 04:00:00+00:00,21.0,4.787764549255371,9.0,8.0
2026-09-29 05:00:00+00:00,22.0,5.54177188873291,10.0,7.5
2026-09-29 06:00:00+00:00,23.0,5.234109878540039,9.0,6.666666507720947
2026-09-29 07:00:00+00:00,24.0,4.222614765167236,7.0,7.5714287757873535
2026-09-28 09:00:00+00:00,1.0,3.952451705932617,5.0,6.199999809265137
2026-09-28 10:00:00+00:00,2.0,3.906869649887085,5.0,7.400000095367432
2026-09-28 11:00:00+00:00,3.0,3.645907402038574,5.0,3.0
2026-09-28 12:00:00+00:00,4.0,2.7305707931518555,4.0,4.25
2026-09-28 13:00:00+00:00,5.0,3.1772379875183105,5.0,5.5
2026-09-28 14:00:00+00:00,6.0,4.355293273925781,7.0,7.0
2026-09-28 15:00:00+00:00,7.0,4.8904523849487305,8.0,7.0
2026-09-28 16:00:00+00:00,8.0,4.0648016929626465,7.0,6.0
2026-09-28 17:00:00+00:00,9.0,3.300348997116089,6.0,5.166666507720947
2026-09-28 18:00:00+00:00,10.0,3.667290449142456,7.0,5.25
2026-09-28 19:00:00+00:00,11.0,4.68301248550415,9.0,8.285714149475098
2026-09-28 20:00:00+00:00,12.0,5.089261531829834,10.0,6.5
2026-09-28 21:00:00+00:00,13.0,5.104443073272705,10.0,7.400000095367432
2026-09-28 22:00:00+00:00,14.0,4.464632034301758,9.0,7.199999809265137
2026-09-28 23:00:00+00:00,15.0,3.3747870922088623,7.0,7.199999809265137
2026-09-29 00:00:00+00:00,16.0,4.9517035484313965,10.0,9.333333015441895
2026-09-29 01:00:00+00:00,17.0,4.003423690795898,8.0,11.0
2026-09-29 02:00:00+00:00,18.0,4.380522727966309,9.0,10.333333015441895
2026-09-29 03:00:00+00:00,19.0,5.774938106536865,11.0,12.0
2026-09-29 04:00:00+00:00,20.0,5.390982627868652,10.0,8.0
2026-09-29 05:00:00+00:00,21.0,4.806010723114014,9.0,7.5
2026-09-29 06:00:00+00:00,22.0,3.8255465030670166,7.0,6.666666507720947
2026-09-29 07:00:00+00:00,23.0,3.9291718006134033,7.0,7.5714287757873535
2026-09-29 08:00:00+00:00,24.0,4.245241165161133,7.0,5.666666507720947
2026-09-28 10:00:00+00:00,1.0,4.443394660949707,6.0,7.400000095367432
2026-09-28 11:00:00+00:00,2.0,3.7995991706848145,5.0,3.0
2026-09-28 12:00:00+00:00,3.0,4.184472560882568,6.0,4.25
2026-09-28 13:00:00+00:00,4.0,2.0503880977630615,3.0,5.5
2026-09-28 14:00:00+00:00,5.0,2.5089645385742188,4.0,7.0
2026-09-28 15:00:00+00:00,6.0,3.6302428245544434,6.0,7.0
2026-09-28 16:00:00+00:00,7.0,4.037611484527588,7.0,6.0
2026-09-28 17:00:00+00:00,8.0,4.47646427154541,8.0,5.166666507720947
2026-09-28 18:00:00+00:00,9.0,5.462714672088623,10.0,5.25
2026-09-28 19:00:00+00:00,10.0,4.807708740234375,9.0,8.285714149475098
2026-09-28 20:00:00+00:00,11.0,4.587619304656982,9.0,6.5
2026-09-28 21:00:00+00:00,12.0,4.520987510681152,9.0,7.400000095367432
2026-09-28 22:00:00+00:00,13.0,4.506594181060791,9.0,7.199999809265137
2026-09-28 23:00:00+00:00,14.0,3.423123836517334,7.0,7.199999809265137
2026-09-29 00:00:00+00:00,15.0,3.866196632385254,8.0,9.333333015441895
2026-09-29 01:00:00+00:00,16.0,4.441124439239502,9.0,11.0
2026-09-29 02:00:00+00:00,17.0,5.054229736328125,10.0,10.333333015441895
2026-09-29 03:00:00+00:00,18.0,4.610633373260498,9.0,12.0
2026-09-29 04:00:00+00:00,19.0,5.3211469650268555,10.0,8.0
2026-09-29 05:00:00+00:00,20.0,5.523826599121094,10.0,7.5
2026-09-29 06:00:00+00:00,21.0,4.587331295013428,8.0,6.666666507720947
2026-09-29 07:00:00+00:00,22.0,4.694304466247559,8.0,7.5714287757873535
2026-09-29 08:00:00+00:00,23.0,4.895578384399414,8.0,5.666666507720947
2026-09-29 09:00:00+00:00,24.0,4.549153804779053,7.0,5.285714149475098
2026-09-28 11:00:00+00:00,1.0,4.308994770050049,6.0,3.0
2026-09-28 12:00:00+00:00,2.0,3.6331841945648193,5.0,4.25
2026-09-28 13:00:00+00:00,3.0,4.0272626876831055,6.0,5.5
2026-09-28 14:00:00+00:00,4.0,3.2679996490478516,5.0,7.0
2026-09-28 15:00:00+00:00,5.0,3.0567195415496826,5.0,7.0
2026-09-28 16:00:00+00:00,6.0,2.3486998081207275,4.0,6.0
2026-09-28 17:00:00+00:00,7.0,2.757585048675537,5.0,5.166666507720947
2026-09-28 18:00:00+00:00,8.0,2.640108823776245,5.0,5.25
2026-09-28 19:00:00+00:00,9.0,3.6531269550323486,7.0,8.285714149475098
2026-09-28 20:00:00+00:00,10.0,3.6165242195129395,7.0,6.5
2026-09-28 21:00:00+00:00,11.0,3.9857943058013916,8.0,7.400000095367432
2026-09-28 22:00:00+00:00,12.0,4.6500654220581055,9.0,7.199999809265137
2026-09-28 23:00:00+00:00,13.0,5.25714635848999,10.0,7.199999809265137
2026-09-29 00:00:00+00:00,14.0,3.0902249813079834,6.0,9.333333015441895
2026-09-29 01:00:00+00:00,15.0,4.610989570617676,9.0,11.0
2026-09-29 02:00:00+00:00,16.0,4.692522048950195,9.0,10.333333015441895
2026-09-29 03:00:00+00:00,17.0,4.752175807952881,9.0,12.0
2026-09-29 04:00:00+00:00,18.0,5.47344970703125,10.0,8.0
2026-09-29 05:00:00+00:00,19.0,4.559440612792969,8.0,7.5
2026-09-29 06:00:00+00:00,20.0,4.5478715896606445,8.0,6.666666507720947
2026-09-29 07:00:00+00:00,21.0,4.82982873916626,8.0,7.5714287757873535
2026-09-29 08:00:00+00:00,22.0,5.116298675537109,8.0,5.666666507720947
2026-09-29 09:00:00+00:00,23.0,5.453652381896973,8.0,5.285714149475098
2026-09-29 10:00:00+00:00,24.0,5.158212184906006,7.0,4.0
2026-09-28 12:00:00+00:00,1.0,2.1252589225769043,3.0,4.25
2026-09-28 13:00:00+00:00,2.0,4.5094170570373535,7.0,5.5
2026-09-28 14:00:00+00:00,3.0,5.101962566375732,8.0,7.0
2026-09-28 15:00:00+00:00,4.0,4.315993785858154,7.0,7.0
2026-09-28 16:00:00+00:00,5.0,4.098326683044434,7.0,6.0
2026-09-28 17:00:00+00:00,6.0,4.46327543258667,8.0,5.166666507720947
2026-09-28 18:00:00+00:00,7.0,3.763845682144165,7.0,5.25
2026-09-28 19:00:00+00:00,8.0,3.59354305267334,7.0,8.285714149475098
2026-09-28 20:00:00+00:00,9.0,3.6372733116149902,7.0,6.5
2026-09-28 21:00:00+00:00,10.0,3.9241738319396973,8.0,7.400000095367432
2026-09-28 22:00:00+00:00,11.0,3.3939337730407715,7.0,7.199999809265137
2026-09-28 23:00:00+00:00,12.0,4.436290264129639,9.0,7.199999809265137
2026-09-29 00:00:00+00:00,13.0,3.8838460445404053,8.0,9.333333015441895
2026-09-29 01:00:00+00:00,14.0,4.463170051574707,9.0,11.0
2026-09-29 02:00:00+00:00,15.0,4.6123881340026855,9.0,10.333333015441895
2026-09-29 03:00:00+00:00,16.0,5.119748592376709,10.0,12.0
2026-09-29 04:00:00+00:00,17.0,5.308255672454834,10.0,8.0
2026-09-29 05:00:00+00:00,18.0,6.134486675262451,11.0,7.5
2026-09-29 06:00:00+00:00,19.0,6.284398078918457,11.0,6.666666507720947
2026-09-29 07:00:00+00:00,20.0,6.005506992340088,10.0,7.5714287757873535
2026-09-29 08:00:00+00:00,21.0,5.663679122924805,9.0,5.666666507720947
2026-09-29 09:00:00+00:00,22.0,5.969504356384277,9.0,5.285714149475098
2026-09-29 10:00:00+00:00,23.0,5.705116271972656,8.0,4.0
2026-09-29 11:00:00+00:00,24.0,4.798120021820068,6.0,6.0
2026-09-28 13:00:00+00:00,1.0,2.00781512260437,3.0,5.5
2026-09-28 14:00:00+00:00,2.0,3.203077554702759,5.0,7.0
2026-09-28 15:00:00+00:00,3.0,3.6456334590911865,6.0,7.0
2026-09-28 16:00:00+00:00,4.0,4.737040042877197,8.0,6.0
2026-09-28 17:00:00+00:00,5.0,3.9984383583068848,7.0,5.166666507720947
2026-09-28 18:00:00+00:00,6.0,3.8129794597625732,7.0,5.25
2026-09-28 19:00:00+00:00,7.0,4.773848533630371,9.0,8.285714149475098
2026-09-28 20:00:00+00:00,8.0,4.13510799407959,8.0,6.5
2026-09-28 21:00:00+00:00,9.0,4.052259922027588,8.0,7.400000095367432
2026-09-28 22:00:00+00:00,10.0,4.089966297149658,8.0,7.199999809265137
2026-09-28 23:00:00+00:00,11.0,3.4884862899780273,7.0,7.199999809265137
2026-09-29 00:00:00+00:00,12.0,3.457451105117798,7.0,9.333333015441895
2026-09-29 01:00:00+00:00,13.0,3.4511094093322754,7.0,11.0
2026-09-29 02:00:00+00:00,14.0,2.521693468093872,5.0,10.333333015441895
2026-09-29 03:00:00+00:00,15.0,2.463484764099121,5.0,12.0
2026-09-29 04:00:00+00:00,16.0,3.1009340286254883,6.0,8.0
2026-09-29 05:00:00+00:00,17.0,3.2132060527801514,6.0,7.5
2026-09-29 06:00:00+00:00,18.0,3.3782238960266113,6.0,6.666666507720947
2026-09-29 07:00:00+00:00,19.0,3.557478427886963,6.0,7.5714287757873535
2026-09-29 08:00:00+00:00,20.0,4.347809314727783,7.0,5.666666507720947
2026-09-29 09:00:00+00:00,21.0,2.705800771713257,4.0,5.285714149475098
2026-09-29 10:00:00+00:00,22.0,2.005451202392578,3.0,4.0
2026-09-29 11:00:00+00:00,23.0,3.3339359760284424,5.0,6.0
2026-09-29 12:00:00+00:00,24.0,4.103171348571777,6.0,7.400000095367432
2026-09-28 14:00:00+00:00,1.0,3.8778865337371826,6.0,7.0
2026-09-28 15:00:00+00:00,2.0,3.150834798812866,5.0,7.0
2026-09-28 16:00:00+00:00,3.0,2.9688024520874023,5.0,6.0
2026-09-28 17:00:00+00:00,4.0,3.4400105476379395,6.0,5.166666507720947
2026-09-28 18:00:00+00:00,5.0,3.872727632522583,7.0,5.25
2026-09-28 19:00:00+00:00,6.0,3.239398956298828,6.0,8.285714149475098
2026-09-28 20:00:00+00:00,7.0,4.2394866943359375,8.0,6.5
2026-09-28 21:00:00+00:00,8.0,4.140093803405762,8.0,7.400000095367432
2026-09-28 22:00:00+00:00,9.0,4.768856048583984,9.0,7.199999809265137
2026-09-28 23:00:00+00:00,10.0,4.68239688873291,9.0,7.199999809265137
2026-09-29 00:00:00+00:00,11.0,3.611372470855713,7.0,9.333333015441895
2026-09-29 01:00:00+00:00,12.0,4.138270854949951,8.0,11.0
2026-09-29 02:00:00+00:00,13.0,4.1418137550354,8.0,10.333333015441895
2026-09-29 03:00:00+00:00,14.0,5.4014997482299805,10.0,12.0
2026-09-29 04:00:00+00:00,15.0,5.0308990478515625,9.0,8.0
2026-09-29 05:00:00+00:00,16.0,3.9310574531555176,7.0,7.5
2026-09-29 06:00:00+00:00,17.0,3.4037890434265137,6.0,6.666666507720947
2026-09-29 07:00:00+00:00,18.0,2.4625329971313477,4.0,7.5714287757873535
2026-09-29 08:00:00+00:00,19.0,3.122421979904175,5.0,5.666666507720947
2026-09-29 09:00:00+00:00,20.0,3.9230539798736572,6.0,5.285714149475098
2026-09-29 10:00:00+00:00,21.0,4.148383140563965,6.0,4.0
2026-09-29 11:00:00+00:00,22.0,5.032124042510986,7.0,6.0
2026-09-29 12:00:00+00:00,23.0,4.673554420471191,6.0,7.400000095367432
2026-09-29 13:00:00+00:00,24.0,5.997655868530273,8.0,9.5
2026-09-28 15:00:00+00:00,1.0,5.964166164398193,9.0,7.0
2026-09-28 16:00:00+00:00,2.0,3.8926565647125244,6.0,6.0
2026-09-28 17:00:00+00:00,3.0,4.104856967926025,7.0,5.166666507720947
2026-09-28 18:00:00+00:00,4.0,3.435399055480957,6.0,5.25
2026-09-28 19:00:00+00:00,5.0,3.8453145027160645,7.0,8.285714149475098
2026-09-28 20:00:00+00:00,6.0,3.8172552585601807,7.0,6.5
2026-09-28 21:00:00+00:00,7.0,4.830866813659668,9.0,7.400000095367432
2026-09-28 22:00:00+00:00,8.0,4.815192699432373,9.0,7.199999809265137
2026-09-28 23:00:00+00:00,9.0,5.310816287994385,10.0,7.199999809265137
2026-09-29 00:00:00+00:00,10.0,4.2191948890686035,8.0,9.333333015441895
2026-09-29 01:00:00+00:00,11.0,4.284115314483643,8.0,11.0
2026-09-29 02:00:00+00:00,12.0,4.898140907287598,9.0,10.333333015441895
2026-09-29 03:00:00+00:00,13.0,4.960859298706055,9.0,12.0
2026-09-29 04:00:00+00:00,14.0,5.050853252410889,9.0,8.0
2026-09-29 05:00:00+00:00,15.0,6.411531448364258,11.0,7.5
2026-09-29 06:00:00+00:00,16.0,7.436896324157715,12.0,6.666666507720947
2026-09-29 07:00:00+00:00,17.0,5.885895252227783,9.0,7.5714287757873535
2026-09-29 08:00:00+00:00,18.0,5.94539213180542,9.0,5.666666507720947
2026-09-29 09:00:00+00:00,19.0,3.782201051712036,5.0,5.285714149475098
2026-09-29 10:00:00+00:00,20.0,4.0762786865234375,5.0,4.0
2026-09-29 11:00:00+00:00,21.0,2.657869338989258,3.0,6.0
2026-09-29 12:00:00+00:00,22.0,2.9110653400421143,4.0,7.400000095367432
2026-09-29 13:00:00+00:00,23.0,5.1783061027526855,7.0,9.5
2026-09-29 14:00:00+00:00,24.0,5.250988006591797,7.0,8.25
2026-09-28 16:00:00+00:00,1.0,5.447883129119873,9.0,6.0
2026-09-28 17:00:00+00:00,2.0,5.273219585418701,9.0,5.166666507720947
2026-09-28 18:00:00+00:00,3.0,5.085212230682373,9.0,5.25
2026-09-28 19:00:00+00:00,4.0,4.3265557289123535,8.0,8.285714149475098
2026-09-28 20:00:00+00:00,5.0,3.11312198638916,6.0,6.5
2026-09-28 21:00:00+00:00,6.0,4.022524833679199,8.0,7.400000095367432
2026-09-28 22:00:00+00:00,7.0,4.5491437911987305,9.0,7.199999809265137
2026-09-28 23:00:00+00:00,8.0,3.065168619155884,6.0,7.199999809265137
2026-09-29 00:00:00+00:00,9.0,3.397141695022583,7.0,9.333333015441895
2026-09-29 01:00:00+00:00,10.0,3.3514890670776367,7.0,11.0
2026-09-29 02:00:00+00:00,11.0,1.9688705205917358,4.0,10.333333015441895
2026-09-29 03:00:00+00:00,12.0,1.084153175354004,2.0,12.0
2026-09-29 04:00:00+00:00,13.0,0.9686369895935059,2.0,8.0
2026-09-29 05:00:00+00:00,14.0,1.5495907068252563,3.0,7.5
2026-09-29 06:00:00+00:00,15.0,2.1539647579193115,4.0,6.666666507720947
2026-09-29 07:00:00+00:00,16.0,2.2849817276000977,4.0,7.5714287757873535
2026-09-29 08:00:00+00:00,17.0,3.131927251815796,5.0,5.666666507720947
2026-09-29 09:00:00+00:00,18.0,5.871099948883057,9.0,5.285714149475098
2026-09-29 10:00:00+00:00,19.0,3.519254684448242,5.0,4.0
2026-09-29 11:00:00+00:00,20.0,4.250134468078613,6.0,6.0
2026-09-29 12:00:00+00:00,21.0,4.247706890106201,6.0,7.400000095367432
2026-09-29 13:00:00+00:00,22.0,5.729165554046631,8.0,9.5
2026-09-29 14:00:00+00:00,23.0,5.1478471755981445,7.0,8.25
2026-09-29 15:00:00+00:00,24.0,4.9178147315979,7.0,7.142857074737549
2026-09-28 17:00:00+00:00,1.0,3.357024669647217,6.0,5.166666507720947
2026-09-28 18:00:00+00:00,2.0,4.376073360443115,8.0,5.25
2026-09-28 19:00:00+00:00,3.0,4.244503498077393,8.0,8.285714149475098
2026-09-28 20:00:00+00:00,4.0,4.748773574829102,9.0,6.5
2026-09-28 21:00:00+00:00,5.0,4.057353973388672,8.0,7.400000095367432
2026-09-28 22:00:00+00:00,6.0,4.515045166015625,9.0,7.199999809265137
2026-09-28 23:00:00+00:00,7.0,4.511236190795898,9.0,7.199999809265137
2026-09-29 00:00:00+00:00,8.0,5.6531267166137695,11.0,9.333333015441895
2026-09-29 01:00:00+00:00,9.0,5.9098219871521,11.0,11.0
2026-09-29 02:00:00+00:00,10.0,4.729813098907471,9.0,10.333333015441895
2026-09-29 03:00:00+00:00,11.0,4.050472736358643,8.0,12.0
2026-09-29 04:00:00+00:00,12.0,2.56744384765625,5.0,8.0
2026-09-29 05:00:00+00:00,13.0,2.5058176517486572,5.0,7.5
2026-09-29 06:00:00+00:00,14.0,1.6034364700317383,3.0,6.666666507720947
2026-09-29 07:00:00+00:00,15.0,2.771195411682129,5.0,7.5714287757873535
2026-09-29 08:00:00+00:00,16.0,2.9516801834106445,5.0,5.666666507720947
2026-09-29 09:00:00+00:00,17.0,3.1519248485565186,5.0,5.285714149475098
2026-09-29 10:00:00+00:00,18.0,2.6234188079833984,4.0,4.0
2026-09-29 11:00:00+00:00,19.0,4.083117961883545,6.0,6.0
2026-09-29 12:00:00+00:00,20.0,3.112393856048584,4.0,7.400000095367432
2026-09-29 13:00:00+00:00,21.0,5.07465934753418,7.0,9.5
2026-09-29 14:00:00+00:00,22.0,4.203569412231445,6.0,8.25
2026-09-29 15:00:00+00:00,23.0,4.743479251861572,7.0,7.142857074737549
2026-09-29 16:00:00+00:00,24.0,5.10161018371582,8.0,4.599999904632568
2026-09-28 18:00:00+00:00,1.0,4.012606620788574,7.0,5.25
2026-09-28 19:00:00+00:00,2.0,3.807847499847412,7.0,8.285714149475098
2026-09-28 20:00:00+00:00,3.0,3.7235500812530518,7.0,6.5
2026-09-28 21:00:00+00:00,4.0,3.685148239135742,7.0,7.400000095367432
2026-09-28 22:00:00+00:00,5.0,4.146120071411133,8.0,7.199999809265137
2026-09-28 23:00:00+00:00,6.0,4.0939836502075195,8.0,7.199999809265137
2026-09-29 00:00:00+00:00,7.0,5.321236610412598,10.0,9.333333015441895
2026-09-29 01:00:00+00:00,8.0,5.346717834472656,10.0,11.0
2026-09-29 02:00:00+00:00,9.0,5.404758930206299,10.0,10.333333015441895
2026-09-29 03:00:00+00:00,10.0,6.134021759033203,11.0,12.0
2026-09-29 04:00:00+00:00,11.0,5.681747913360596,10.0,8.0
2026-09-29 05:00:00+00:00,12.0,5.186288356781006,9.0,7.5
2026-09-29 06:00:00+00:00,13.0,5.18406343460083,9.0,6.666666507720947
2026-09-29 07:00:00+00:00,14.0,6.154150009155273,10.0,7.5714287757873535
2026-09-29 08:00:00+00:00,15.0,6.4732465744018555,10.0,5.666666507720947
2026-09-29 09:00:00+00:00,16.0,4.966175079345703,7.0,5.285714149475098
2026-09-29 10:00:00+00:00,17.0,3.7475240230560303,5.0,4.0
2026-09-29 11:00:00+00:00,18.0,2.5332202911376953,3.0,6.0
2026-09-29 12:00:00+00:00,19.0,1.5432273149490356,2.0,7.400000095367432
2026-09-29 13:00:00+00:00,20.0,2.8967111110687256,4.0,9.5
2026-09-29 14:00:00+00:00,21.0,4.980381965637207,7.0,8.25
2026-09-29 15:00:00+00:00,22.0,3.5668985843658447,5.0,7.142857074737549
2026-09-29 16:00:00+00:00,23.0,4.455984115600586,7.0,4.599999904632568
2026-09-29 17:00:00+00:00,24.0,3.7156898975372314,6.0,3.3333332538604736
2026-09-28 19:00:00+00:00,1.0,5.294837474822998,9.0,8.285714149475098
2026-09-28 20:00:00+00:00,2.0,4.5688676834106445,8.0,6.5
2026-09-28 21:00:00+00:00,3.0,3.915252447128296,7.0,7.400000095367432
2026-09-28 22:00:00+00:00,4.0,5.661551475524902,10.0,7.199999809265137
2026-09-28 23:00:00+00:00,5.0,5.6041035652160645,10.0,7.199999809265137
2026-09-29 00:00:00+00:00,6.0,5.020290374755859,9.0,9.333333015441895
2026-09-29 01:00:00+00:00,7.0,4.354973793029785,8.0,11.0
2026-09-29 02:00:00+00:00,8.0,5.607656478881836,10.0,10.333333015441895
2026-09-29 03:00:00+00:00,9.0,5.92238187789917,10.0,12.0
2026-09-29 04:00:00+00:00,10.0,4.134954452514648,7.0,8.0
2026-09-29 05:00:00+00:00,11.0,3.9999163150787354,7.0,7.5
2026-09-29 06:00:00+00:00,12.0,3.0288984775543213,5.0,6.666666507720947
2026-09-29 07:00:00+00:00,13.0,2.501978635787964,4.0,7.5714287757873535
2026-09-29 08:00:00+00:00,14.0,2.59340500831604,4.0,5.666666507720947
2026-09-29 09:00:00+00:00,15.0,2.7080156803131104,4.0,5.285714149475098
2026-09-29 10:00:00+00:00,16.0,6.236767292022705,9.0,4.0
2026-09-29 11:00:00+00:00,17.0,3.8748884201049805,5.0,6.0
2026-09-29 12:00:00+00:00,18.0,5.215153694152832,7.0,7.400000095367432
2026-09-29 13:00:00+00:00,19.0,6.114181041717529,8.0,9.5
2026-09-29 14:00:00+00:00,20.0,6.81395959854126,9.0,8.25
2026-09-29 15:00:00+00:00,21.0,5.391388893127441,7.0,7.142857074737549
2026-09-29 16:00:00+00:00,22.0,4.913360595703125,7.0,4.599999904632568
2026-09-29 17:00:00+00:00,23.0,5.284427165985107,8.0,3.3333332538604736
2026-09-29 18:00:00+00:00,24.0,4.465448379516602,7.0,3.0
2026-09-28 20:00:00+00:00,1.0,4.339644432067871,8.0,6.5
2026-09-28 21:00:00+00:00,2.0,4.874324798583984,9.0,7.400000095367432
2026-09-28 22:00:00+00:00,3.0,5.41928768157959,10.0,7.199999809265137
2026-09-28 23:00:00+00:00,4.0,4.745250225067139,9.0,7.199999809265137
2026-09-29 00:00:00+00:00,5.0,4.643397331237793,9.0,9.333333015441895
2026-09-29 01:00:00+00:00,6.0,6.047125816345215,11.0,11.0
2026-09-29 02:00:00+00:00,7.0,5.537111282348633,10.0,10.333333015441895
2026-09-29 03:00:00+00:00,8.0,3.7542269229888916,7.0,12.0
2026-09-29 04:00:00+00:00,9.0,2.648338794708252,5.0,8.0
2026-09-29 05:00:00+00:00,10.0,2.667567014694214,5.0,7.5
2026-09-29 06:00:00+00:00,11.0,2.7686550617218018,5.0,6.666666507720947
2026-09-29 07:00:00+00:00,12.0,2.375643730163574,4.0,7.5714287757873535
2026-09-29 08:00:00+00:00,13.0,2.429387331008911,4.0,5.666666507720947
2026-09-29 09:00:00+00:00,14.0,1.922782301902771,3.0,5.285714149475098
2026-09-29 10:00:00+00:00,15.0,4.7310333251953125,7.0,4.0
2026-09-29 11:00:00+00:00,16.0,4.198812484741211,6.0,6.0
2026-09-29 12:00:00+00:00,17.0,4.220283508300781,6.0,7.400000095367432
2026-09-29 13:00:00+00:00,18.0,5.254047870635986,7.0,9.5
2026-09-29 14:00:00+00:00,19.0,5.67299222946167,8.0,8.25
2026-09-29 15:00:00+00:00,20.0,5.60485315322876,8.0,7.142857074737549
2026-09-29 16:00:00+00:00,21.0,4.685002326965332,7.0,4.599999904632568
2026-09-29 17:00:00+00:00,22.0,5.043735504150391,8.0,3.3333332538604736
2026-09-29 18:00:00+00:00,23.0,4.218716621398926,7.0,3.0
2026-09-29 19:00:00+00:00,24.0,3.3035151958465576,6.0,4.333333492279053
2026-09-28 21:00:00+00:00,1.0,3.6678576469421387,7.0,7.400000095367432
2026-09-28 22:00:00+00:00,2.0,4.1455793380737305,8.0,7.199999809265137
2026-09-28 23:00:00+00:00,3.0,4.089558124542236,8.0,7.199999809265137
2026-09-29 00:00:00+00:00,4.0,4.633181095123291,9.0,9.333333015441895
2026-09-29 01:00:00+00:00,5.0,5.966610431671143,11.0,11.0
2026-09-29 02:00:00+00:00,6.0,6.107397556304932,11.0,10.333333015441895
2026-09-29 03:00:00+00:00,7.0,6.121339321136475,11.0,12.0
2026-09-29 04:00:00+00:00,8.0,5.5939106941223145,10.0,8.0
2026-09-29 05:00:00+00:00,9.0,5.117015361785889,9.0,7.5
2026-09-29 06:00:00+00:00,10.0,4.090994358062744,7.0,6.666666507720947
2026-09-29 07:00:00+00:00,11.0,2.998938798904419,5.0,7.5714287757873535
2026-09-29 08:00:00+00:00,12.0,3.081306219100952,5.0,5.666666507720947
2026-09-29 09:00:00+00:00,13.0,3.4378714561462402,5.0,5.285714149475098
2026-09-29 10:00:00+00:00,14.0,1.4264601469039917,2.0,4.0
2026-09-29 11:00:00+00:00,15.0,4.0638957023620605,6.0,6.0
2026-09-29 12:00:00+00:00,16.0,4.894094944000244,7.0,7.400000095367432
2026-09-29 13:00:00+00:00,17.0,5.652711868286133,8.0,9.5
2026-09-29 14:00:00+00:00,18.0,5.8250555992126465,8.0,8.25
2026-09-29 15:00:00+00:00,19.0,4.817777156829834,7.0,7.142857074737549
2026-09-29 16:00:00+00:00,20.0,4.454467296600342,7.0,4.599999904632568
2026-09-29 17:00:00+00:00,21.0,4.82333517074585,8.0,3.3333332538604736
2026-09-29 18:00:00+00:00,22.0,4.621043682098389,8.0,3.0
2026-09-29 19:00:00+00:00,23.0,4.450325965881348,8.0,4.333333492279053
2026-09-29 20:00:00+00:00,24.0,4.343841075897217,8.0,4.666666507720947
