sector,dir_min_deg,dir_max_deg,n_points,forecast_mae,superlocal_mae,mae_gain_vs_harmonie,forecast_bias_pred_minus_actual,superlocal_bias_pred_minus_actual,bias_adjustment_vs_harmonie
N,337.5,22.5,1360,1.6242769607843135,1.8009707907368158,-0.17669382995250227,0.3922671568627451,-1.1154126069241879,-1.507679763786933
NE,22.5,67.5,1245,2.504728387233143,1.5648308917756593,0.9398974954574837,1.9738314662157403,-0.656368210159333,-2.6301996763750735
E,67.5,112.5,859,3.2843820844311002,1.341979198384304,1.9424028860467963,2.946780221800134,0.26277959991316535,-2.6840006218869688
SE,112.5,157.5,466,2.6533261802575105,1.1258997303093965,1.527426449948114,2.4990343347639485,0.18663982814217844,-2.31239450662177
S,157.5,202.5,504,1.7923611111111108,1.486799529230311,0.30556158188079996,0.6118055555555555,-0.5251364486676361,-1.1369420042231915
SW,202.5,247.5,779,1.9874839537869062,1.7011867561259228,0.2862971976609834,0.6657894736842105,0.25652733343020945,-0.40926214025400104
W,247.5,292.5,1066,1.7093004556419191,1.584246857869193,0.12505359777272607,0.6041275797373359,0.42030957252080736,-0.18381800721652852
NW,292.5,337.5,953,1.6200419727177335,1.869339078058101,-0.24929710534036742,0.17366211962224554,-0.6660503544937527,-0.8397124741159983
