sector,dir_min_deg,dir_max_deg,n_points,forecast_mae,superlocal_mae,mae_gain_vs_harmonie,forecast_bias_pred_minus_actual,superlocal_bias_pred_minus_actual,bias_adjustment_vs_harmonie
N,337.5,22.5,1396,1.6616165234001912,1.8140609902775389,-0.1524444668773477,0.4126671442215855,-1.0919383280370616,-1.504605472258647
NE,22.5,67.5,1251,2.499349993689259,1.5627273115759703,0.9366226821132886,1.9646044567854488,-0.6559434885093335,-2.620547945294782
E,67.5,112.5,870,3.2750393224440404,1.357164870794441,1.9178744516495994,2.8991772534785234,0.23180062790639608,-2.6673766255721274
SE,112.5,157.5,487,2.609753593429158,1.160254565340293,1.4494990280888649,2.3799794661190967,0.10390465353793435,-2.2760748125811623
S,157.5,202.5,509,1.8101178781925342,1.5134558507524916,0.29666202744004266,0.5723968565815324,-0.5612393623367977,-1.1336362189183302
SW,202.5,247.5,779,1.9874839537869062,1.7011867561259228,0.2862971976609834,0.6657894736842105,0.25652733343020945,-0.40926214025400104
W,247.5,292.5,1069,1.7113323533342242,1.5870535455590367,0.12427880777518752,0.5971000935453694,0.4132853764179881,-0.1838147171273813
NW,292.5,337.5,990,1.6343434343434344,1.863826116732877,-0.22948268238944247,0.2016161616161616,-0.6556432197431122,-0.8572593813592738
