sector,dir_min_deg,dir_max_deg,n_points,forecast_mae,superlocal_mae,mae_gain_vs_harmonie,forecast_bias_pred_minus_actual,superlocal_bias_pred_minus_actual,bias_adjustment_vs_harmonie
N,337.5,22.5,1371,1.6382324337466567,1.81570617808294,-0.17747374433628327,0.374531971796742,-1.129658358983393,-1.5041903307801352
NE,22.5,67.5,1247,2.5015131051365382,1.5631457150468613,0.938367390089677,1.9706657381223711,-0.655240218093218,-2.625905956215589
E,67.5,112.5,861,3.2860443792407845,1.3517575847486083,1.9342867944921762,2.930643682376673,0.2492735508350458,-2.681370131541627
SE,112.5,157.5,470,2.648829787234042,1.1448872601605478,1.5039425270734943,2.4596808510638297,0.15648174885739674,-2.303199102206433
S,157.5,202.5,508,1.8126968503937007,1.514669483888337,0.29802736650536366,0.5725393700787401,-0.5605785535663133,-1.1331179236450533
SW,202.5,247.5,779,1.9874839537869062,1.7011867561259228,0.2862971976609834,0.6657894736842105,0.25652733343020945,-0.40926214025400104
W,247.5,292.5,1067,1.7133217298165753,1.588055596919799,0.12526613289677635,0.5979381443298969,0.4146221489056372,-0.1833159954242597
NW,292.5,337.5,975,1.6311794871794874,1.8728508724188195,-0.24167138523933218,0.18358974358974364,-0.660359716843336,-0.8439494604330797
