sector,dir_min_deg,dir_max_deg,n_points,forecast_mae,superlocal_mae,mae_gain_vs_harmonie,forecast_bias_pred_minus_actual,superlocal_bias_pred_minus_actual,bias_adjustment_vs_harmonie
N,337.5,22.5,1425,1.662187134502924,1.8226050513752718,-0.16041791687234785,0.397251461988304,-1.1148818709836368,-1.5121333329719409
NE,22.5,67.5,1264,2.504103514323784,1.5898776698959922,0.914225844427792,1.9163134299355984,-0.6924199462754521,-2.6087333762110507
E,67.5,112.5,875,3.2740390977443603,1.3802288396623796,1.8938102580819807,2.864896240601503,0.19965685618873827,-2.665239384412765
SE,112.5,157.5,490,2.6152040816326525,1.1874420494327742,1.4277620321998783,2.343979591836735,0.06897741912579052,-2.275002172710945
S,157.5,202.5,509,1.8101178781925342,1.5134558507524916,0.29666202744004266,0.5723968565815324,-0.5612393623367977,-1.1336362189183302
SW,202.5,247.5,779,1.9874839537869062,1.7011867561259228,0.2862971976609834,0.6657894736842105,0.25652733343020945,-0.40926214025400104
W,247.5,292.5,1069,1.7113323533342242,1.5870535455590367,0.12427880777518752,0.5971000935453694,0.4132853764179881,-0.1838147171273813
NW,292.5,337.5,990,1.6343434343434344,1.863826116732877,-0.22948268238944247,0.2016161616161616,-0.6556432197431122,-0.8572593813592738
