sector,dir_min_deg,dir_max_deg,n_points,forecast_mae,superlocal_mae,mae_gain_vs_harmonie,forecast_bias_pred_minus_actual,superlocal_bias_pred_minus_actual,bias_adjustment_vs_harmonie
N,337.5,22.5,1426,1.662073398784479,1.8216001763082987,-0.15952677752381983,0.3980247779336138,-1.1143732954821557,-1.5123980734157696
NE,22.5,67.5,1279,2.519848977408337,1.5810960811650177,0.9387528962433194,1.9389524436580112,-0.6788062936787018,-2.617758737336713
E,67.5,112.5,917,3.328008953681914,1.3547575260644829,1.973251427617431,2.9376054640417837,0.21600713691440204,-2.721598327127382
SE,112.5,157.5,495,2.613030303030303,1.1807349679325567,1.432295335097746,2.342525252525253,0.07025243240173419,-2.2722728201235185
S,157.5,202.5,525,1.8179999999999998,1.4930187866006577,0.32498121339934216,0.5913333333333333,-0.5598484799180712,-1.1511818132514045
SW,202.5,247.5,818,1.9801344743276283,1.674507159195057,0.30562731513257124,0.6847799511002445,0.242878283305244,-0.4419016677950005
W,247.5,292.5,1269,1.649577845322526,1.516318570153326,0.1332592751692001,0.5180457052797479,0.29394743118737515,-0.22409827409237276
NW,292.5,337.5,1005,1.6338308457711443,1.854776770451769,-0.22094592468062468,0.19980099502487564,-0.6522854941519932,-0.8520864891768689
