sector,dir_min_deg,dir_max_deg,n_points,forecast_mae,superlocal_mae,mae_gain_vs_harmonie,forecast_bias_pred_minus_actual,superlocal_bias_pred_minus_actual,bias_adjustment_vs_harmonie
N,337.5,22.5,1162,1.6960986804360298,1.813010868558375,-0.11691218812234516,0.4606999426276534,-1.0801274681392237,-1.5408274107668771
NE,22.5,67.5,1066,2.3893872815246366,1.6095485503614904,0.7798387311631463,1.8190620782726046,-0.7851580702108788,-2.6042201484834835
E,67.5,112.5,742,3.3429706341325014,1.4465311854587308,1.8964394486737706,2.962916725776706,0.29549207175593123,-2.667424654020775
SE,112.5,157.5,335,2.484626865671642,1.2096023917731955,1.2750244738984464,2.3117910447761196,0.3649993805209203,-1.9467916642551994
S,157.5,202.5,475,1.797578947368421,1.4945177586078644,0.30306118876055654,0.6186315789473683,-0.5691489386433048,-1.187780517590673
SW,202.5,247.5,751,1.9750332889480693,1.6912474441901346,0.28378584475793467,0.6892809587217044,0.24693573220830148,-0.4423452265134029
W,247.5,292.5,1018,1.6970670783047994,1.5864031540909,0.11066392421389937,0.5712180746561886,0.3973808909834075,-0.17383718367278106
NW,292.5,337.5,806,1.6668114143920594,1.940072629099744,-0.2732612147076847,0.1415012406947891,-0.7491181191232601,-0.8906193598180492
