sector,dir_min_deg,dir_max_deg,n_points,forecast_mae,superlocal_mae,mae_gain_vs_harmonie,forecast_bias_pred_minus_actual,superlocal_bias_pred_minus_actual,bias_adjustment_vs_harmonie
N,337.5,22.5,1395,1.6595818399044207,1.8122255285666407,-0.15264368866222,0.4161887694145759,-1.0895852156722277,-1.5057739850868035
NE,22.5,67.5,1249,2.5005499136151026,1.5617153033204754,0.9388346102946272,1.9705525824168106,-0.6534794645243484,-2.624032046941159
E,67.5,112.5,865,3.2789412838454512,1.350684741114569,1.9282565427308822,2.919403711591116,0.24348840140810415,-2.6759153101830115
SE,112.5,157.5,477,2.6319706498951776,1.1425490716593323,1.4894215782358453,2.437211740041929,0.14452769012821048,-2.2926840499137184
S,157.5,202.5,509,1.8101178781925342,1.5134558507524916,0.29666202744004266,0.5723968565815324,-0.5612393623367977,-1.1336362189183302
SW,202.5,247.5,779,1.9874839537869062,1.7011867561259228,0.2862971976609834,0.6657894736842105,0.25652733343020945,-0.40926214025400104
W,247.5,292.5,1069,1.7113323533342242,1.5870535455590367,0.12427880777518752,0.5971000935453694,0.4132853764179881,-0.1838147171273813
NW,292.5,337.5,990,1.6343434343434344,1.863826116732877,-0.22948268238944247,0.2016161616161616,-0.6556432197431122,-0.8572593813592738
