sector,dir_min_deg,dir_max_deg,n_points,forecast_mae,superlocal_mae,mae_gain_vs_harmonie,forecast_bias_pred_minus_actual,superlocal_bias_pred_minus_actual,bias_adjustment_vs_harmonie
N,337.5,22.5,1426,1.662073398784479,1.8216001763082987,-0.15952677752381983,0.3980247779336138,-1.1143732954821557,-1.5123980734157696
NE,22.5,67.5,1279,2.519848977408337,1.5810960811650177,0.9387528962433194,1.9389524436580112,-0.6788062936787018,-2.617758737336713
E,67.5,112.5,917,3.328008953681914,1.3547575260644829,1.973251427617431,2.9376054640417837,0.21600713691440204,-2.721598327127382
SE,112.5,157.5,507,2.643885601577909,1.2057490285214116,1.4381365730564972,2.375838264299803,0.1003966043804289,-2.275441659919374
S,157.5,202.5,611,1.8722585924713582,1.532590060060426,0.3396685324109321,0.7066284779050737,-0.6696282044272571,-1.3762566823323308
SW,202.5,247.5,1141,1.8892638036809812,1.7918366636418126,0.09742714003916864,0.4982909728308501,-0.23651033997483462,-0.7348013128056847
W,247.5,292.5,1390,1.6146145940390544,1.488577513887345,0.12603708015170945,0.46935251798561156,0.25137563109665895,-0.21797688688895261
NW,292.5,337.5,1005,1.6338308457711443,1.854776770451769,-0.22094592468062468,0.19980099502487564,-0.6522854941519932,-0.8520864891768689
