sector,dir_min_deg,dir_max_deg,n_points,forecast_mae,superlocal_mae,mae_gain_vs_harmonie,forecast_bias_pred_minus_actual,superlocal_bias_pred_minus_actual,bias_adjustment_vs_harmonie
N,337.5,22.5,1405,1.6644958481613288,1.8221139111637643,-0.15761806300243553,0.3979240806642942,-1.1046169456920873,-1.5025410263563814
NE,22.5,67.5,1254,2.5033387895576262,1.5713853651122187,0.9319534244454075,1.9499363440499173,-0.666770881335215,-2.6167072253851322
E,67.5,112.5,873,3.2735214324470965,1.3701175884753618,1.9034038439717347,2.87947790438295,0.21338754768698448,-2.6660903566959653
SE,112.5,157.5,489,2.6133946830265846,1.1784893322941719,1.4349053507324128,2.3559304703476487,0.08049950123077036,-2.2754309691168784
S,157.5,202.5,509,1.8101178781925342,1.5134558507524916,0.29666202744004266,0.5723968565815324,-0.5612393623367977,-1.1336362189183302
SW,202.5,247.5,779,1.9874839537869062,1.7011867561259228,0.2862971976609834,0.6657894736842105,0.25652733343020945,-0.40926214025400104
W,247.5,292.5,1069,1.7113323533342242,1.5870535455590367,0.12427880777518752,0.5971000935453694,0.4132853764179881,-0.1838147171273813
NW,292.5,337.5,990,1.6343434343434344,1.863826116732877,-0.22948268238944247,0.2016161616161616,-0.6556432197431122,-0.8572593813592738
