sector,dir_min_deg,dir_max_deg,n_points,forecast_mae,superlocal_mae,mae_gain_vs_harmonie,forecast_bias_pred_minus_actual,superlocal_bias_pred_minus_actual,bias_adjustment_vs_harmonie
N,337.5,22.5,1426,1.662073398784479,1.8216001763082987,-0.15952677752381983,0.3980247779336138,-1.1143732954821557,-1.5123980734157696
NE,22.5,67.5,1279,2.519848977408337,1.5810960811650177,0.9387528962433194,1.9389524436580112,-0.6788062936787018,-2.617758737336713
E,67.5,112.5,917,3.328008953681914,1.3547575260644829,1.973251427617431,2.9376054640417837,0.21600713691440204,-2.721598327127382
SE,112.5,157.5,492,2.6086382113821136,1.1842726854168304,1.4243655259652832,2.3364837398373988,0.06703938692808153,-2.2694443529093173
S,157.5,202.5,514,1.8158560311284044,1.5151453533873018,0.3007106777411026,0.5629377431906614,-0.5667366630024483,-1.1296744061931097
SW,202.5,247.5,813,1.9757072570725707,1.6803288978954085,0.29537835917716215,0.6723862238622388,0.23989541637281658,-0.4324908074894222
W,247.5,292.5,1269,1.649577845322526,1.516318570153326,0.1332592751692001,0.5180457052797479,0.29394743118737515,-0.22409827409237276
NW,292.5,337.5,1005,1.6338308457711443,1.854776770451769,-0.22094592468062468,0.19980099502487564,-0.6522854941519932,-0.8520864891768689
