sector,dir_min_deg,dir_max_deg,n_points,forecast_mae,superlocal_mae,mae_gain_vs_harmonie,forecast_bias_pred_minus_actual,superlocal_bias_pred_minus_actual,bias_adjustment_vs_harmonie
N,337.5,22.5,1426,1.662073398784479,1.8216001763082987,-0.15952677752381983,0.3980247779336138,-1.1143732954821557,-1.5123980734157696
NE,22.5,67.5,1279,2.519848977408337,1.5810960811650177,0.9387528962433194,1.9389524436580112,-0.6788062936787018,-2.617758737336713
E,67.5,112.5,917,3.328008953681914,1.3547575260644829,1.973251427617431,2.9376054640417837,0.21600713691440204,-2.721598327127382
SE,112.5,157.5,491,2.6129327902240322,1.1860419637923816,1.4268908264316507,2.3422606924643588,0.0678186056448826,-2.274442086819476
S,157.5,202.5,510,1.8104901960784312,1.513237186588493,0.29725300948993816,0.5751960784313724,-0.5573899966712093,-1.1325860751025818
SW,202.5,247.5,780,1.9900641025641026,1.702089111021696,0.2879749915424066,0.6700641025641025,0.25928181579097725,-0.4107822867731253
W,247.5,292.5,1187,1.6679143097845712,1.527197474060036,0.1407168357245352,0.5921651221566976,0.37575168755555116,-0.21641343460114643
NW,292.5,337.5,1005,1.6338308457711443,1.854776770451769,-0.22094592468062468,0.19980099502487564,-0.6522854941519932,-0.8520864891768689
