sector,dir_min_deg,dir_max_deg,n_points,forecast_mae,superlocal_mae,mae_gain_vs_harmonie,forecast_bias_pred_minus_actual,superlocal_bias_pred_minus_actual,bias_adjustment_vs_harmonie
N,337.5,22.5,1042,1.7369161868202176,1.7823041303601697,-0.045387943539952014,0.5415866922584773,-1.0230558343369915,-1.5646425265954689
NE,22.5,67.5,1040,2.3774873481781373,1.5906104618865198,0.7868768862916176,1.8688655533063427,-0.7762720414413726,-2.645137594747715
E,67.5,112.5,735,3.3346723952738992,1.4203430772995038,1.9143293179743954,3.0176655925528104,0.33614842870117645,-2.681517163851634
SE,112.5,157.5,299,2.5546822742474915,1.2111481905182868,1.3435340837292047,2.3877926421404685,0.39192570306385643,-1.995866939076612
S,157.5,202.5,244,1.9924180327868852,1.7453531155576472,0.24706491722923807,0.34897540983606556,-0.19734366264988165,-0.5463190724859472
SW,202.5,247.5,483,2.2082815734989647,1.827772079294019,0.3805094942049456,1.191511387163561,0.7117806273217527,-0.47973075984180824
W,247.5,292.5,695,1.8376258992805756,1.6846683207261475,0.15295757855442815,0.7787769784172662,0.6157967360328427,-0.16298024238442355
NW,292.5,337.5,610,1.6122131147540983,2.034957422330731,-0.42274430757663284,-0.09008196721311473,-0.9234811859248115,-0.8333992187116968
