sector,dir_min_deg,dir_max_deg,n_points,forecast_mae,superlocal_mae,mae_gain_vs_harmonie,forecast_bias_pred_minus_actual,superlocal_bias_pred_minus_actual,bias_adjustment_vs_harmonie
N,337.5,22.5,1426,1.662073398784479,1.8216001763082987,-0.15952677752381983,0.3980247779336138,-1.1143732954821557,-1.5123980734157696
NE,22.5,67.5,1279,2.519848977408337,1.5810960811650177,0.9387528962433194,1.9389524436580112,-0.6788062936787018,-2.617758737336713
E,67.5,112.5,917,3.328008953681914,1.3547575260644829,1.973251427617431,2.9376054640417837,0.21600713691440204,-2.721598327127382
SE,112.5,157.5,514,2.6458171206225676,1.2353330133837948,1.4104841072387728,2.3172178988326846,0.05302824715464031,-2.2641896516780444
S,157.5,202.5,707,1.9157708628005659,1.6687170506113826,0.2470538121891832,0.6835219236209336,-0.8624404804119801,-1.5459624040329136
SW,202.5,247.5,1142,1.8902364273204901,1.795367347241596,0.09486908007889405,0.4952276707530648,-0.2414029555568135,-0.7366306263098783
W,247.5,292.5,1390,1.6146145940390544,1.488577513887345,0.12603708015170945,0.46935251798561156,0.25137563109665895,-0.21797688688895261
NW,292.5,337.5,1005,1.6338308457711443,1.854776770451769,-0.22094592468062468,0.19980099502487564,-0.6522854941519932,-0.8520864891768689
