sector,dir_min_deg,dir_max_deg,n_points,forecast_mae,superlocal_mae,mae_gain_vs_harmonie,forecast_bias_pred_minus_actual,superlocal_bias_pred_minus_actual,bias_adjustment_vs_harmonie
N,337.5,22.5,1426,1.662073398784479,1.8216001763082987,-0.15952677752381983,0.3980247779336138,-1.1143732954821557,-1.5123980734157696
NE,22.5,67.5,1279,2.519848977408337,1.5810960811650177,0.9387528962433194,1.9389524436580112,-0.6788062936787018,-2.617758737336713
E,67.5,112.5,917,3.328008953681914,1.3547575260644829,1.973251427617431,2.9376054640417837,0.21600713691440204,-2.721598327127382
SE,112.5,157.5,517,2.6411025145067697,1.2404406612454346,1.400661853261335,2.3066731141199224,0.045022087735871505,-2.261651026384051
S,157.5,202.5,818,1.8667481662591687,1.6984236785937055,0.16832448766546326,0.68679706601467,-0.967862345311053,-1.654659411325723
SW,202.5,247.5,1447,1.8494125777470631,1.8289341889399038,0.020478388807159353,0.3223911541119558,-0.47698039521862906,-0.7993715493305849
W,247.5,292.5,1684,1.618535799117747,1.484009377212078,0.134526421905669,0.4105700712589074,0.14271408055650153,-0.26785599070240584
NW,292.5,337.5,1018,1.6326129666011788,1.8437071941573402,-0.21109422755616136,0.193811394891945,-0.6477183498310435,-0.8415297447229885
