sector,dir_min_deg,dir_max_deg,n_points,forecast_mae,superlocal_mae,mae_gain_vs_harmonie,forecast_bias_pred_minus_actual,superlocal_bias_pred_minus_actual,bias_adjustment_vs_harmonie
N,337.5,22.5,1360,1.6242769607843135,1.8009707907368158,-0.17669382995250227,0.3922671568627451,-1.1154126069241879,-1.507679763786933
NE,22.5,67.5,1245,2.504728387233143,1.5648308917756593,0.9398974954574837,1.9738314662157403,-0.656368210159333,-2.6301996763750735
E,67.5,112.5,859,3.2843820844311002,1.341979198384304,1.9424028860467963,2.946780221800134,0.26277959991316535,-2.6840006218869688
SE,112.5,157.5,467,2.6540685224839398,1.12584033409329,1.5282281883906497,2.4872591006423983,0.18388864714532646,-2.303370453497072
S,157.5,202.5,505,1.7947524752475246,1.490178242851012,0.3045742323965126,0.6046534653465346,-0.5304194456161839,-1.1350729109627187
SW,202.5,247.5,779,1.9874839537869062,1.7011867561259228,0.2862971976609834,0.6657894736842105,0.25652733343020945,-0.40926214025400104
W,247.5,292.5,1066,1.7093004556419191,1.584246857869193,0.12505359777272607,0.6041275797373359,0.42030957252080736,-0.18381800721652852
NW,292.5,337.5,961,1.621123829344433,1.8634743181773454,-0.24235048883291244,0.18262226847034346,-0.6561032655832051,-0.8387255340535485
