sector,dir_min_deg,dir_max_deg,n_points,forecast_mae,superlocal_mae,mae_gain_vs_harmonie,forecast_bias_pred_minus_actual,superlocal_bias_pred_minus_actual,bias_adjustment_vs_harmonie
N,337.5,22.5,1224,1.6689270152505449,1.8231749176199918,-0.15424790236944697,0.4086873638344226,-1.1222765235469752,-1.5309638873813978
NE,22.5,67.5,1078,2.3896909481495943,1.6074856348054918,0.7822053133441025,1.8201485857500896,-0.7707085085038888,-2.5908570942539786
E,67.5,112.5,759,3.3102558768462655,1.4291906300811017,1.8810652467651638,2.938714374869981,0.2928408793537257,-2.645873495516255
SE,112.5,157.5,339,2.4936578171091446,1.20420013087689,1.2894576862322547,2.3228613569321537,0.3695629368665296,-1.953298420065624
S,157.5,202.5,481,1.7938669438669437,1.487791567074286,0.3060753767926576,0.5963617463617463,-0.5703856663619655,-1.1667474127237119
SW,202.5,247.5,765,1.9689542483660132,1.6821908165543689,0.2867634318116443,0.6518300653594771,0.2293852913730285,-0.4224447739864486
W,247.5,292.5,1054,1.6827460016264573,1.5630448164303723,0.11970118519608497,0.5706831119544592,0.3903233523761581,-0.18035975957830108
NW,292.5,337.5,843,1.6642348754448397,1.9239709205191895,-0.2597360450743498,0.1418149466192171,-0.7436644854353275,-0.8854794320545446
