sector,dir_min_deg,dir_max_deg,n_points,forecast_mae,superlocal_mae,mae_gain_vs_harmonie,forecast_bias_pred_minus_actual,superlocal_bias_pred_minus_actual,bias_adjustment_vs_harmonie
N,337.5,22.5,1252,1.6651490947816825,1.8220723619857155,-0.15692326720403305,0.39874866879659204,-1.1242393396279047,-1.5229880084244967
NE,22.5,67.5,1097,2.3897783428489183,1.6058439956089043,0.783934347240014,1.8027531225511364,-0.7821905531218065,-2.584943675672943
E,67.5,112.5,809,3.292316700279747,1.3767894825246836,1.9155272177550635,2.93508555071238,0.2533770560252706,-2.6817084946871095
SE,112.5,157.5,340,2.492205882352941,1.2032401258980527,1.2889657564548884,2.3219117647058827,0.3658942269402392,-1.9560175377656435
S,157.5,202.5,481,1.7938669438669437,1.487791567074286,0.3060753767926576,0.5963617463617463,-0.5703856663619655,-1.1667474127237119
SW,202.5,247.5,765,1.9689542483660132,1.6821908165543689,0.2867634318116443,0.6518300653594771,0.2293852913730285,-0.4224447739864486
W,247.5,292.5,1054,1.6827460016264573,1.5630448164303723,0.11970118519608497,0.5706831119544592,0.3903233523761581,-0.18035975957830108
NW,292.5,337.5,846,1.6595153664302598,1.920331703052453,-0.26081633662219317,0.14013002364066196,-0.7442107517809451,-0.884340775421607
