sector,dir_min_deg,dir_max_deg,n_points,forecast_mae,superlocal_mae,mae_gain_vs_harmonie,forecast_bias_pred_minus_actual,superlocal_bias_pred_minus_actual,bias_adjustment_vs_harmonie
N,337.5,22.5,1127,1.6999704229517894,1.8313001290823154,-0.13132970613052608,0.44217687074829937,-1.1121159593440553,-1.5542928300923546
NE,22.5,67.5,1055,2.384916438014467,1.610661289848259,0.7742551481662079,1.8086447160555417,-0.8077887265367968,-2.6164334425923386
E,67.5,112.5,740,3.34524893314367,1.4474677562463503,1.8977811768973198,2.964167852062589,0.29715556390297365,-2.6670122881596154
SE,112.5,157.5,307,2.514169381107492,1.2303930900190088,1.2837762910884833,2.3353420195439742,0.3326694578417738,-2.0026725617022003
S,157.5,202.5,467,1.8219486081370448,1.505068583483359,0.3168800246536858,0.6249464668094219,-0.5698436330676844,-1.1947900998771064
SW,202.5,247.5,724,2.002417127071823,1.7151559204686413,0.2872612066031819,0.718439226519337,0.24803231272908205,-0.47040691379025495
W,247.5,292.5,907,1.7410300834777133,1.6389044538701232,0.10212562960759008,0.6670341786108048,0.4941689214015086,-0.17286525720929624
NW,292.5,337.5,772,1.6372409326424868,1.9357389042260114,-0.29849797158352454,0.0667746113989637,-0.8141532393780397,-0.8809278507770034
