sector,dir_min_deg,dir_max_deg,n_points,forecast_mae,superlocal_mae,mae_gain_vs_harmonie,forecast_bias_pred_minus_actual,superlocal_bias_pred_minus_actual,bias_adjustment_vs_harmonie
N,337.5,22.5,1042,1.7369161868202176,1.7823041303601697,-0.045387943539952014,0.5415866922584773,-1.0230558343369915,-1.5646425265954689
NE,22.5,67.5,1040,2.3774873481781373,1.5906104618865198,0.7868768862916176,1.8688655533063427,-0.7762720414413726,-2.645137594747715
E,67.5,112.5,734,3.3351283522156896,1.4198949821345712,1.9152333700811184,3.017689660117596,0.3342232291103607,-2.6834664310072354
SE,112.5,157.5,299,2.5546822742474915,1.2111481905182868,1.3435340837292047,2.3877926421404685,0.39192570306385643,-1.995866939076612
S,157.5,202.5,244,1.9924180327868852,1.7453531155576472,0.24706491722923807,0.34897540983606556,-0.19734366264988165,-0.5463190724859472
SW,202.5,247.5,475,2.233052631578947,1.842782544989335,0.39027008658961226,1.211157894736842,0.7356622322986001,-0.47549566243824193
W,247.5,292.5,678,1.8316371681415928,1.6970276175083312,0.13460955063326163,0.7490412979351032,0.614017348382677,-0.13502394955242625
NW,292.5,337.5,604,1.6131622516556292,2.0459069142870554,-0.4327446626314262,-0.10289735099337745,-0.93303790722067,-0.8301405562272925
