sector,dir_min_deg,dir_max_deg,n_points,forecast_mae,superlocal_mae,mae_gain_vs_harmonie,forecast_bias_pred_minus_actual,superlocal_bias_pred_minus_actual,bias_adjustment_vs_harmonie
N,337.5,22.5,1098,1.7221007893139042,1.840110268010902,-0.11800947869699785,0.445658773527626,-1.1195850180508369,-1.565243791578463
NE,22.5,67.5,1055,2.384916438014467,1.610661289848259,0.7742551481662079,1.8086447160555417,-0.8077887265367968,-2.6164334425923386
E,67.5,112.5,739,3.3470692970586144,1.4456434727714795,1.901425824287135,2.970885264582295,0.3013406367149884,-2.6695446278673067
SE,112.5,157.5,299,2.5546822742474915,1.2111481905182868,1.3435340837292047,2.3877926421404685,0.39192570306385643,-1.995866939076612
S,157.5,202.5,245,2.000612244897959,1.750463125827361,0.250149119070598,0.33122448979591834,-0.2087720788498314,-0.5399965686457497
SW,202.5,247.5,483,2.2082815734989647,1.827772079294019,0.3805094942049456,1.191511387163561,0.7117806273217527,-0.47973075984180824
W,247.5,292.5,695,1.8376258992805756,1.6846683207261475,0.15295757855442815,0.7787769784172662,0.6157967360328427,-0.16298024238442355
NW,292.5,337.5,611,1.6112111292962357,2.0360003159011053,-0.42478918660486964,-0.0915711947626841,-0.9263431895384032,-0.8347719947757191
