sector,dir_min_deg,dir_max_deg,n_points,forecast_mae,superlocal_mae,mae_gain_vs_harmonie,forecast_bias_pred_minus_actual,superlocal_bias_pred_minus_actual,bias_adjustment_vs_harmonie
N,337.5,22.5,1127,1.6999704229517894,1.8313001290823154,-0.13132970613052608,0.44217687074829937,-1.1121159593440553,-1.5542928300923546
NE,22.5,67.5,1055,2.384916438014467,1.610661289848259,0.7742551481662079,1.8086447160555417,-0.8077887265367968,-2.6164334425923386
E,67.5,112.5,740,3.34524893314367,1.4474677562463503,1.8977811768973198,2.964167852062589,0.29715556390297365,-2.6670122881596154
SE,112.5,157.5,308,2.5060064935064936,1.2283448416884843,1.2776616518180093,2.3277597402597405,0.3296428277701527,-1.998116912489588
S,157.5,202.5,473,1.8041226215644819,1.4956780015792202,0.30844461998526174,0.6201902748414375,-0.5702640482789618,-1.1904543231203992
SW,202.5,247.5,750,1.977,1.691067731233438,0.2859322687665622,0.6895333333333333,0.2448302703022957,-0.4447030630310376
W,247.5,292.5,1016,1.68564398200225,1.5766762725064998,0.10896770949575019,0.5871062992125984,0.41101285927070996,-0.17609343994188842
NW,292.5,337.5,772,1.6372409326424868,1.9357389042260114,-0.29849797158352454,0.0667746113989637,-0.8141532393780397,-0.8809278507770034
