sector,dir_min_deg,dir_max_deg,n_points,forecast_mae,superlocal_mae,mae_gain_vs_harmonie,forecast_bias_pred_minus_actual,superlocal_bias_pred_minus_actual,bias_adjustment_vs_harmonie
N,337.5,22.5,1302,1.6461341525857653,1.8117248955227079,-0.16559074293694254,0.38689196108550944,-1.1239163756675739,-1.5108083367530833
NE,22.5,67.5,1121,2.3922273346166487,1.5975250598746846,0.7947022747419641,1.8133097015509334,-0.7462138898735154,-2.559523591424449
E,67.5,112.5,825,3.2948899521531105,1.36798392215566,1.9269060299974505,2.9445869218500804,0.266099415901175,-2.6784875059489055
SE,112.5,157.5,347,2.4621037463976947,1.1969176524482474,1.2651860939494473,2.2952449567723345,0.362315624127814,-1.9329293326445205
S,157.5,202.5,490,1.7752040816326529,1.4797208305159395,0.29548325111671336,0.5833673469387755,-0.5664239782338241,-1.1497913251725995
SW,202.5,247.5,767,1.9651238591916558,1.6812304859949372,0.2838933731967186,0.6488265971316819,0.23221324119216616,-0.41661335593951576
W,247.5,292.5,1056,1.68808170995671,1.5686321422283325,0.11944956772837756,0.578125,0.3981317415530088,-0.1799932584469912
NW,292.5,337.5,949,1.6221812434141198,1.8727582111876178,-0.2505769677734979,0.1707586933614331,-0.6733177943149282,-0.8440764876763613
