sector,dir_min_deg,dir_max_deg,n_points,forecast_mae,superlocal_mae,mae_gain_vs_harmonie,forecast_bias_pred_minus_actual,superlocal_bias_pred_minus_actual,bias_adjustment_vs_harmonie
N,337.5,22.5,1426,1.662073398784479,1.8216001763082987,-0.15952677752381983,0.3980247779336138,-1.1143732954821557,-1.5123980734157696
NE,22.5,67.5,1279,2.519848977408337,1.5810960811650177,0.9387528962433194,1.9389524436580112,-0.6788062936787018,-2.617758737336713
E,67.5,112.5,917,3.328008953681914,1.3547575260644829,1.973251427617431,2.9376054640417837,0.21600713691440204,-2.721598327127382
SE,112.5,157.5,517,2.6411025145067697,1.2404406612454346,1.400661853261335,2.3066731141199224,0.045022087735871505,-2.261651026384051
S,157.5,202.5,758,1.8934036939313985,1.7085922413498242,0.18481145258157428,0.633245382585752,-0.92382564916617,-1.557071031751922
SW,202.5,247.5,1248,1.8833333333333333,1.8470501478164432,0.03628318551689014,0.4369391025641026,-0.35517437189865186,-0.7921134744627545
W,247.5,292.5,1425,1.6089924812030074,1.4836197085000369,0.12537277270297054,0.4392280701754386,0.2414966514429502,-0.19773141873248837
NW,292.5,337.5,1005,1.6338308457711443,1.854776770451769,-0.22094592468062468,0.19980099502487564,-0.6522854941519932,-0.8520864891768689
