sector,dir_min_deg,dir_max_deg,n_points,forecast_mae,superlocal_mae,mae_gain_vs_harmonie,forecast_bias_pred_minus_actual,superlocal_bias_pred_minus_actual,bias_adjustment_vs_harmonie
N,337.5,22.5,1163,1.6972198337632558,1.8127992386051222,-0.11557940484186635,0.46288334766408706,-1.0778514469001312,-1.5407347945642182
NE,22.5,67.5,1073,2.3961666748418105,1.6093971683487478,0.7867695064930627,1.8295621392717583,-0.769686948641136,-2.599249087912894
E,67.5,112.5,745,3.34293182620982,1.4434956637556502,1.89943616245417,2.9644083362769345,0.29709160688655284,-2.6673167293903814
SE,112.5,157.5,339,2.4936578171091446,1.20420013087689,1.2894576862322547,2.3228613569321537,0.3695629368665296,-1.953298420065624
S,157.5,202.5,481,1.7938669438669437,1.487791567074286,0.3060753767926576,0.5963617463617463,-0.5703856663619655,-1.1667474127237119
SW,202.5,247.5,765,1.9689542483660132,1.6821908165543689,0.2867634318116443,0.6518300653594771,0.2293852913730285,-0.4224447739864486
W,247.5,292.5,1051,1.6861220606225364,1.5661164261346012,0.12000563448793522,0.5727878211227403,0.39282748435263287,-0.17996033677010742
NW,292.5,337.5,809,1.6692830655129787,1.9369909937655823,-0.2677079282526036,0.13974042027194067,-0.7456098995485766,-0.8853503198205173
