sector,dir_min_deg,dir_max_deg,n_points,forecast_mae,superlocal_mae,mae_gain_vs_harmonie,forecast_bias_pred_minus_actual,superlocal_bias_pred_minus_actual,bias_adjustment_vs_harmonie
N,337.5,22.5,1426,1.662073398784479,1.8216001763082987,-0.15952677752381983,0.3980247779336138,-1.1143732954821557,-1.5123980734157696
NE,22.5,67.5,1279,2.519848977408337,1.5810960811650177,0.9387528962433194,1.9389524436580112,-0.6788062936787018,-2.617758737336713
E,67.5,112.5,917,3.328008953681914,1.3547575260644829,1.973251427617431,2.9376054640417837,0.21600713691440204,-2.721598327127382
SE,112.5,157.5,507,2.643885601577909,1.2057490285214116,1.4381365730564972,2.375838264299803,0.1003966043804289,-2.275441659919374
S,157.5,202.5,600,1.87825,1.5229163253605364,0.3553336746394635,0.7182499999999999,-0.6528988501727582,-1.3711488501727582
SW,202.5,247.5,965,1.9382901554404144,1.6819536079736572,0.25633654746675716,0.6225388601036269,0.051799345989301415,-0.5707395141143254
W,247.5,292.5,1288,1.6512533274179237,1.514940556702919,0.1363127707150047,0.5239906832298137,0.29175304642109123,-0.23223763680872245
NW,292.5,337.5,1005,1.6338308457711443,1.854776770451769,-0.22094592468062468,0.19980099502487564,-0.6522854941519932,-0.8520864891768689
