sector,dir_min_deg,dir_max_deg,n_points,forecast_mae,superlocal_mae,mae_gain_vs_harmonie,forecast_bias_pred_minus_actual,superlocal_bias_pred_minus_actual,bias_adjustment_vs_harmonie
N,337.5,22.5,1127,1.6999704229517894,1.8313001290823154,-0.13132970613052608,0.44217687074829937,-1.1121159593440553,-1.5542928300923546
NE,22.5,67.5,1055,2.384916438014467,1.610661289848259,0.7742551481662079,1.8086447160555417,-0.8077887265367968,-2.6164334425923386
E,67.5,112.5,740,3.34524893314367,1.4474677562463503,1.8977811768973198,2.964167852062589,0.29715556390297365,-2.6670122881596154
SE,112.5,157.5,331,2.475377643504532,1.2159306133801844,1.2594470301243474,2.300453172205438,0.3611209192124739,-1.9393322529929642
S,157.5,202.5,474,1.8013713080168774,1.4944522985929176,0.3069190094239598,0.6199367088607595,-0.567131223733918,-1.1870679325946774
SW,202.5,247.5,751,1.9750332889480693,1.6912474441901346,0.28378584475793467,0.6892809587217044,0.24693573220830148,-0.4423452265134029
W,247.5,292.5,1016,1.68564398200225,1.5766762725064998,0.10896770949575019,0.5871062992125984,0.41101285927070996,-0.17609343994188842
NW,292.5,337.5,777,1.6440797940797938,1.9393509155841713,-0.2952711215043775,0.08371943371943373,-0.7928456543802141,-0.8765650880996478
