sector,dir_min_deg,dir_max_deg,n_points,forecast_mae,superlocal_mae,mae_gain_vs_harmonie,forecast_bias_pred_minus_actual,superlocal_bias_pred_minus_actual,bias_adjustment_vs_harmonie
N,337.5,22.5,1368,1.6315911306042883,1.8081253039209468,-0.17653417331665855,0.38558723196881095,-1.120572993990041,-1.506160225958852
NE,22.5,67.5,1247,2.5015131051365382,1.5631457150468613,0.938367390089677,1.9706657381223711,-0.655240218093218,-2.625905956215589
E,67.5,112.5,859,3.2843820844311002,1.341979198384304,1.9424028860467963,2.946780221800134,0.26277959991316535,-2.6840006218869688
SE,112.5,157.5,468,2.653739316239316,1.1323000370819347,1.5214392791573812,2.476602564102564,0.17463037795745412,-2.3019721861451097
S,157.5,202.5,506,1.800098814229249,1.4971338106120529,0.302965003617196,0.5945652173913043,-0.5392717698934993,-1.1338369872848038
SW,202.5,247.5,779,1.9874839537869062,1.7011867561259228,0.2862971976609834,0.6657894736842105,0.25652733343020945,-0.40926214025400104
W,247.5,292.5,1066,1.7093004556419191,1.584246857869193,0.12505359777272607,0.6041275797373359,0.42030957252080736,-0.18381800721652852
NW,292.5,337.5,972,1.633127572016461,1.8706760215047948,-0.23754844948833376,0.18724279835390953,-0.6544426092763006,-0.8416854076302102
