sector,dir_min_deg,dir_max_deg,n_points,forecast_mae,superlocal_mae,mae_gain_vs_harmonie,forecast_bias_pred_minus_actual,superlocal_bias_pred_minus_actual,bias_adjustment_vs_harmonie
N,337.5,22.5,1383,1.6431790792962162,1.8096863310490494,-0.1665072517528332,0.38899734875873704,-1.117302814441349,-1.506300163200086
NE,22.5,67.5,1248,2.500309969635628,1.5620738861135328,0.9382360835220951,1.969887961088619,-0.6548958775388589,-2.624783838627478
E,67.5,112.5,862,3.2851324948101106,1.3547094431726585,1.930423051637452,2.924343631701062,0.24446434770614212,-2.6798792839949197
SE,112.5,157.5,471,2.6463906581740972,1.1499531766285058,1.4964374815455914,2.4512738853503184,0.14865284086286137,-2.302621044487457
S,157.5,202.5,508,1.8126968503937007,1.514669483888337,0.29802736650536366,0.5725393700787401,-0.5605785535663133,-1.1331179236450533
SW,202.5,247.5,779,1.9874839537869062,1.7011867561259228,0.2862971976609834,0.6657894736842105,0.25652733343020945,-0.40926214025400104
W,247.5,292.5,1068,1.7121856607811665,1.587834891202023,0.12435076957914348,0.5969101123595506,0.41296768819473767,-0.18394242416481293
NW,292.5,337.5,988,1.632995951417004,1.8642818708048177,-0.23128591938781362,0.1973684210526316,-0.6602876060284101,-0.8576560270810417
