sector,dir_min_deg,dir_max_deg,n_points,forecast_mae,superlocal_mae,mae_gain_vs_harmonie,forecast_bias_pred_minus_actual,superlocal_bias_pred_minus_actual,bias_adjustment_vs_harmonie
N,337.5,22.5,1163,1.6972198337632558,1.8127992386051222,-0.11557940484186635,0.46288334766408706,-1.0778514469001312,-1.5407347945642182
NE,22.5,67.5,1073,2.3961666748418105,1.6093971683487478,0.7867695064930627,1.8295621392717583,-0.769686948641136,-2.599249087912894
E,67.5,112.5,745,3.34293182620982,1.4434956637556502,1.89943616245417,2.9644083362769345,0.29709160688655284,-2.6673167293903814
SE,112.5,157.5,339,2.4936578171091446,1.20420013087689,1.2894576862322547,2.3228613569321537,0.3695629368665296,-1.953298420065624
S,157.5,202.5,478,1.788389121338912,1.4888775219852457,0.29951159935366634,0.6168410041841004,-0.5657138436533915,-1.1825548478374919
SW,202.5,247.5,759,1.9746376811594204,1.687393466800412,0.2872442143590084,0.6655467720685112,0.23791235851440506,-0.42763441355410614
W,247.5,292.5,1026,1.6999164578111947,1.5832857292118518,0.11663072859934287,0.5653021442495126,0.3956497689821625,-0.16965237526735016
NW,292.5,337.5,809,1.6692830655129787,1.9369909937655823,-0.2677079282526036,0.13974042027194067,-0.7456098995485766,-0.8853503198205173
