sector,dir_min_deg,dir_max_deg,n_points,forecast_mae,superlocal_mae,mae_gain_vs_harmonie,forecast_bias_pred_minus_actual,superlocal_bias_pred_minus_actual,bias_adjustment_vs_harmonie
N,337.5,22.5,1159,1.692723612309462,1.8128325728530819,-0.12010896054361986,0.4541271210813919,-1.0877944739481344,-1.5419215950295264
NE,22.5,67.5,1058,2.3809894537856926,1.6072595890487247,0.7737298647369679,1.8063517726262728,-0.8055544539854392,-2.611906226611712
E,67.5,112.5,741,3.3420839548263372,1.4474306877719143,1.894653267054423,2.9615171532069042,0.2948382149413107,-2.6666789382655933
SE,112.5,157.5,332,2.476957831325301,1.2126610324504865,1.2642967988748146,2.3025602409638557,0.360426066277257,-1.9421341746865988
S,157.5,202.5,475,1.797578947368421,1.4945177586078644,0.30306118876055654,0.6186315789473683,-0.5691489386433048,-1.187780517590673
SW,202.5,247.5,751,1.9750332889480693,1.6912474441901346,0.28378584475793467,0.6892809587217044,0.24693573220830148,-0.4423452265134029
W,247.5,292.5,1018,1.6970670783047994,1.5864031540909,0.11066392421389937,0.5712180746561886,0.3973808909834075,-0.17383718367278106
NW,292.5,337.5,806,1.6668114143920594,1.940072629099744,-0.2732612147076847,0.1415012406947891,-0.7491181191232601,-0.8906193598180492
