sector,dir_min_deg,dir_max_deg,n_points,forecast_mae,superlocal_mae,mae_gain_vs_harmonie,forecast_bias_pred_minus_actual,superlocal_bias_pred_minus_actual,bias_adjustment_vs_harmonie
N,337.5,22.5,1210,1.6750137741046833,1.822257982797859,-0.14724420869317578,0.42168044077134986,-1.1158577499442195,-1.5375381907155694
NE,22.5,67.5,1074,2.395797804567284,1.6083812847687493,0.7874165197985346,1.8297208337417101,-0.7684876701010322,-2.5982085038427423
E,67.5,112.5,758,3.3146229690320785,1.4301777506165168,1.8844452184155618,2.9425913067629494,0.29412556819751223,-2.648465738565437
SE,112.5,157.5,339,2.4936578171091446,1.20420013087689,1.2894576862322547,2.3228613569321537,0.3695629368665296,-1.953298420065624
S,157.5,202.5,481,1.7938669438669437,1.487791567074286,0.3060753767926576,0.5963617463617463,-0.5703856663619655,-1.1667474127237119
SW,202.5,247.5,765,1.9689542483660132,1.6821908165543689,0.2867634318116443,0.6518300653594771,0.2293852913730285,-0.4224447739864486
W,247.5,292.5,1054,1.6827460016264573,1.5630448164303723,0.11970118519608497,0.5706831119544592,0.3903233523761581,-0.18035975957830108
NW,292.5,337.5,841,1.6658145065398333,1.9259923086013293,-0.260177802061496,0.14215219976218788,-0.7428789616623334,-0.8850311614245212
