sector,dir_min_deg,dir_max_deg,n_points,forecast_mae,superlocal_mae,mae_gain_vs_harmonie,forecast_bias_pred_minus_actual,superlocal_bias_pred_minus_actual,bias_adjustment_vs_harmonie
N,337.5,22.5,1426,1.662073398784479,1.8216001763082987,-0.15952677752381983,0.3980247779336138,-1.1143732954821557,-1.5123980734157696
NE,22.5,67.5,1279,2.519848977408337,1.5810960811650177,0.9387528962433194,1.9389524436580112,-0.6788062936787018,-2.617758737336713
E,67.5,112.5,917,3.328008953681914,1.3547575260644829,1.973251427617431,2.9376054640417837,0.21600713691440204,-2.721598327127382
SE,112.5,157.5,492,2.6086382113821136,1.1842726854168304,1.4243655259652832,2.3364837398373988,0.06703938692808153,-2.2694443529093173
S,157.5,202.5,512,1.8170898437499998,1.5201053215074352,0.29698452224256466,0.5592773437499999,-0.5679919096757657,-1.1272692534257658
SW,202.5,247.5,785,1.9869426751592356,1.7005595495860288,0.2863831255732068,0.6626114649681528,0.26013088273014995,-0.40248058223800287
W,247.5,292.5,1234,1.6505788376939108,1.5085016964171207,0.14207714127679005,0.5542139384116694,0.3400666614918935,-0.21414727691977592
NW,292.5,337.5,1005,1.6338308457711443,1.854776770451769,-0.22094592468062468,0.19980099502487564,-0.6522854941519932,-0.8520864891768689
