sector,dir_min_deg,dir_max_deg,n_points,forecast_mae,superlocal_mae,mae_gain_vs_harmonie,forecast_bias_pred_minus_actual,superlocal_bias_pred_minus_actual,bias_adjustment_vs_harmonie
N,337.5,22.5,1359,1.6243684081432423,1.8022074833435555,-0.17783907520031317,0.39145204807456463,-1.1161448417061943,-1.507596889780759
NE,22.5,67.5,1244,2.50392832966661,1.5632482302398307,0.9406800994267794,1.9782316522818302,-0.6540552731559673,-2.6322869254377976
E,67.5,112.5,858,3.2876272849957053,1.3406716027244177,1.9469556822712877,2.9507974481658685,0.2659575438228155,-2.684839904343053
SE,112.5,157.5,465,2.6579569892473116,1.124538694389405,1.5334182948579067,2.505483870967742,0.19082352977927017,-2.3146603411884716
S,157.5,202.5,496,1.777923387096774,1.4806217056969482,0.29730168139982593,0.5884072580645161,-0.5548832124399563,-1.1432904705044724
SW,202.5,247.5,771,1.9620622568093384,1.6779593803036847,0.2841028765056537,0.643514915693904,0.23021529420881728,-0.4132996214850867
W,247.5,292.5,1058,1.6905617067242777,1.5684412775334355,0.1221204291908422,0.5798676748582231,0.3988680837883672,-0.18099959106985591
NW,292.5,337.5,951,1.6213459516298634,1.8703890200167677,-0.24904306838690426,0.1719242902208202,-0.6703324618149006,-0.8422567520357208
