sector,dir_min_deg,dir_max_deg,n_points,forecast_mae,superlocal_mae,mae_gain_vs_harmonie,forecast_bias_pred_minus_actual,superlocal_bias_pred_minus_actual,bias_adjustment_vs_harmonie
N,337.5,22.5,1374,1.6393862202814167,1.8147485089440882,-0.17536228866267156,0.3769893255701116,-1.1284248342275736,-1.5054141597976851
NE,22.5,67.5,1247,2.5015131051365382,1.5631457150468613,0.938367390089677,1.9706657381223711,-0.655240218093218,-2.625905956215589
E,67.5,112.5,862,3.2851324948101106,1.3547094431726585,1.930423051637452,2.924343631701062,0.24446434770614212,-2.6798792839949197
SE,112.5,157.5,471,2.6463906581740972,1.1499531766285058,1.4964374815455914,2.4512738853503184,0.14865284086286137,-2.302621044487457
S,157.5,202.5,508,1.8126968503937007,1.514669483888337,0.29802736650536366,0.5725393700787401,-0.5605785535663133,-1.1331179236450533
SW,202.5,247.5,779,1.9874839537869062,1.7011867561259228,0.2862971976609834,0.6657894736842105,0.25652733343020945,-0.40926214025400104
W,247.5,292.5,1068,1.7121856607811665,1.587834891202023,0.12435076957914348,0.5969101123595506,0.41296768819473767,-0.18394242416481293
NW,292.5,337.5,983,1.6260427263479147,1.8694960969025585,-0.24345337055464378,0.18311291963377418,-0.6668726211282996,-0.8499855407620738
