sector,dir_min_deg,dir_max_deg,n_points,forecast_mae,superlocal_mae,mae_gain_vs_harmonie,forecast_bias_pred_minus_actual,superlocal_bias_pred_minus_actual,bias_adjustment_vs_harmonie
N,337.5,22.5,1426,1.662073398784479,1.8216001763082987,-0.15952677752381983,0.3980247779336138,-1.1143732954821557,-1.5123980734157696
NE,22.5,67.5,1279,2.519848977408337,1.5810960811650177,0.9387528962433194,1.9389524436580112,-0.6788062936787018,-2.617758737336713
E,67.5,112.5,917,3.328008953681914,1.3547575260644829,1.973251427617431,2.9376054640417837,0.21600713691440204,-2.721598327127382
SE,112.5,157.5,517,2.6411025145067697,1.2404406612454346,1.400661853261335,2.3066731141199224,0.045022087735871505,-2.261651026384051
S,157.5,202.5,818,1.8667481662591687,1.6984236785937055,0.16832448766546326,0.68679706601467,-0.967862345311053,-1.654659411325723
SW,202.5,247.5,1527,1.8169613621480025,1.8435430376589808,-0.02658167551097823,0.30641781270464963,-0.5598639574504477,-0.8662817701550973
W,247.5,292.5,1845,1.5872706155632985,1.4723791839660045,0.11489143159729398,0.32959349593495935,0.03415404363255189,-0.2954394523024075
NW,292.5,337.5,1139,1.6071115013169446,1.8267135694531413,-0.21960206813619676,0.10079016681299387,-0.737665337057256,-0.8384555038702499
