sector,dir_min_deg,dir_max_deg,n_points,forecast_mae,superlocal_mae,mae_gain_vs_harmonie,forecast_bias_pred_minus_actual,superlocal_bias_pred_minus_actual,bias_adjustment_vs_harmonie
N,337.5,22.5,1426,1.662073398784479,1.8216001763082987,-0.15952677752381983,0.3980247779336138,-1.1143732954821557,-1.5123980734157696
NE,22.5,67.5,1279,2.519848977408337,1.5810960811650177,0.9387528962433194,1.9389524436580112,-0.6788062936787018,-2.617758737336713
E,67.5,112.5,917,3.328008953681914,1.3547575260644829,1.973251427617431,2.9376054640417837,0.21600713691440204,-2.721598327127382
SE,112.5,157.5,517,2.6411025145067697,1.2404406612454346,1.400661853261335,2.3066731141199224,0.045022087735871505,-2.261651026384051
S,157.5,202.5,759,1.8961791831357049,1.711003063028195,0.18517612010750995,0.6271409749670619,-0.9272704189238341,-1.5544113938908959
SW,202.5,247.5,1397,1.8497494631352902,1.8237309099929027,0.026018553142387546,0.34824624194702936,-0.45227206189588043,-0.8005183038429098
W,247.5,292.5,1657,1.6171480300025864,1.4836045402497455,0.13354348975284092,0.4208811104405552,0.14583821408428121,-0.275042896356274
NW,292.5,337.5,1018,1.6326129666011788,1.8437071941573402,-0.21109422755616136,0.193811394891945,-0.6477183498310435,-0.8415297447229885
