sector,dir_min_deg,dir_max_deg,n_points,forecast_mae,superlocal_mae,mae_gain_vs_harmonie,forecast_bias_pred_minus_actual,superlocal_bias_pred_minus_actual,bias_adjustment_vs_harmonie
N,337.5,22.5,1426,1.662073398784479,1.8216001763082987,-0.15952677752381983,0.3980247779336138,-1.1143732954821557,-1.5123980734157696
NE,22.5,67.5,1279,2.519848977408337,1.5810960811650177,0.9387528962433194,1.9389524436580112,-0.6788062936787018,-2.617758737336713
E,67.5,112.5,917,3.328008953681914,1.3547575260644829,1.973251427617431,2.9376054640417837,0.21600713691440204,-2.721598327127382
SE,112.5,157.5,492,2.6086382113821136,1.1842726854168304,1.4243655259652832,2.3364837398373988,0.06703938692808153,-2.2694443529093173
S,157.5,202.5,512,1.8170898437499998,1.5201053215074352,0.29698452224256466,0.5592773437499999,-0.5679919096757657,-1.1272692534257658
SW,202.5,247.5,792,1.9820075757575757,1.7079446884831697,0.274062887274406,0.6441287878787878,0.23541640920395202,-0.4087123786748358
W,247.5,292.5,1263,1.6455378350865286,1.517150565719523,0.12838726936700562,0.5086302454473477,0.28897243796988603,-0.21965780747746166
NW,292.5,337.5,1005,1.6338308457711443,1.854776770451769,-0.22094592468062468,0.19980099502487564,-0.6522854941519932,-0.8520864891768689
