sector,dir_min_deg,dir_max_deg,n_points,forecast_mae,superlocal_mae,mae_gain_vs_harmonie,forecast_bias_pred_minus_actual,superlocal_bias_pred_minus_actual,bias_adjustment_vs_harmonie
N,337.5,22.5,1042,1.7369161868202176,1.7823041303601697,-0.045387943539952014,0.5415866922584773,-1.0230558343369915,-1.5646425265954689
NE,22.5,67.5,1040,2.3774873481781373,1.5906104618865198,0.7868768862916176,1.8688655533063427,-0.7762720414413726,-2.645137594747715
E,67.5,112.5,734,3.3351283522156896,1.4198949821345712,1.9152333700811184,3.017689660117596,0.3342232291103607,-2.6834664310072354
SE,112.5,157.5,299,2.5546822742474915,1.2111481905182868,1.3435340837292047,2.3877926421404685,0.39192570306385643,-1.995866939076612
S,157.5,202.5,240,1.9985416666666667,1.7517798346032698,0.24676183206339686,0.3652083333333333,-0.18821702353656292,-0.5534253568698962
SW,202.5,247.5,467,2.2274089935760166,1.8485471328269747,0.37886186074904193,1.2051391862955032,0.7324715869074461,-0.47266759938805714
W,247.5,292.5,642,1.811292834890966,1.701607278212209,0.10968555667875712,0.7287383177570094,0.626683144192458,-0.1020551735645514
NW,292.5,337.5,602,1.6143687707641197,2.0515830598994347,-0.437214289135315,-0.10739202657807305,-0.9369173011708499,-0.8295252745927769
