sector,dir_min_deg,dir_max_deg,n_points,forecast_mae,superlocal_mae,mae_gain_vs_harmonie,forecast_bias_pred_minus_actual,superlocal_bias_pred_minus_actual,bias_adjustment_vs_harmonie
N,337.5,22.5,1359,1.6243684081432423,1.8022074833435555,-0.17783907520031317,0.39145204807456463,-1.1161448417061943,-1.507596889780759
NE,22.5,67.5,1244,2.50392832966661,1.5632482302398307,0.9406800994267794,1.9782316522818302,-0.6540552731559673,-2.6322869254377976
E,67.5,112.5,859,3.2843820844311002,1.341979198384304,1.9424028860467963,2.946780221800134,0.26277959991316535,-2.6840006218869688
SE,112.5,157.5,465,2.6579569892473116,1.124538694389405,1.5334182948579067,2.505483870967742,0.19082352977927017,-2.3146603411884716
S,157.5,202.5,503,1.7830019880715704,1.4831177857358224,0.299884202335748,0.6000994035785288,-0.5328180648816035,-1.1329174684601324
SW,202.5,247.5,778,1.9829691516709511,1.6975153988117118,0.28545375285923935,0.6595758354755784,0.2509990873978806,-0.4085767480776978
W,247.5,292.5,1062,1.702555824589723,1.580043319147807,0.12251250544191605,0.5932203389830508,0.41172208922183784,-0.18149824976121298
NW,292.5,337.5,953,1.6200419727177335,1.869339078058101,-0.24929710534036742,0.17366211962224554,-0.6660503544937527,-0.8397124741159983
