sector,dir_min_deg,dir_max_deg,n_points,forecast_mae,superlocal_mae,mae_gain_vs_harmonie,forecast_bias_pred_minus_actual,superlocal_bias_pred_minus_actual,bias_adjustment_vs_harmonie
N,337.5,22.5,1426,1.662073398784479,1.8216001763082987,-0.15952677752381983,0.3980247779336138,-1.1143732954821557,-1.5123980734157696
NE,22.5,67.5,1279,2.519848977408337,1.5810960811650177,0.9387528962433194,1.9389524436580112,-0.6788062936787018,-2.617758737336713
E,67.5,112.5,917,3.328008953681914,1.3547575260644829,1.973251427617431,2.9376054640417837,0.21600713691440204,-2.721598327127382
SE,112.5,157.5,517,2.6411025145067697,1.2404406612454346,1.400661853261335,2.3066731141199224,0.045022087735871505,-2.261651026384051
S,157.5,202.5,759,1.8961791831357049,1.711003063028195,0.18517612010750995,0.6271409749670619,-0.9272704189238341,-1.5544113938908959
SW,202.5,247.5,1385,1.8570397111913357,1.8347780013062893,0.022261709885046388,0.3444043321299639,-0.45694285292272535,-0.8013471850526892
W,247.5,292.5,1581,1.5964669738863286,1.4862859205567436,0.11018105332958505,0.3496521189120809,0.09282452338796335,-0.2568275955241176
NW,292.5,337.5,1010,1.637128712871287,1.8519462938473958,-0.2148175809761088,0.19287128712871288,-0.6546777625013106,-0.8475490496300235
