sector,dir_min_deg,dir_max_deg,n_points,forecast_mae,superlocal_mae,mae_gain_vs_harmonie,forecast_bias_pred_minus_actual,superlocal_bias_pred_minus_actual,bias_adjustment_vs_harmonie
N,337.5,22.5,1359,1.6243684081432423,1.8022074833435555,-0.17783907520031317,0.39145204807456463,-1.1161448417061943,-1.507596889780759
NE,22.5,67.5,1244,2.50392832966661,1.5632482302398307,0.9406800994267794,1.9782316522818302,-0.6540552731559673,-2.6322869254377976
E,67.5,112.5,858,3.2876272849957053,1.3406716027244177,1.9469556822712877,2.9507974481658685,0.2659575438228155,-2.684839904343053
SE,112.5,157.5,465,2.6579569892473116,1.124538694389405,1.5334182948579067,2.505483870967742,0.19082352977927017,-2.3146603411884716
S,157.5,202.5,495,1.7764646464646463,1.479239872814429,0.2972247736502174,0.5845454545454545,-0.5603771764702268,-1.1449226310156813
SW,202.5,247.5,769,1.9645643693107933,1.6785702755105512,0.2859940938002421,0.6477893368010402,0.22989700505187827,-0.41789233174916196
W,247.5,292.5,1057,1.690741992161103,1.569281801036712,0.1214601911243911,0.5818353831598865,0.39988878011604806,-0.18194660304383842
NW,292.5,337.5,950,1.6225263157894738,1.871601074356782,-0.2490747585673081,0.1726315789473684,-0.6717948511399722,-0.8444264300873405
