sector,dir_min_deg,dir_max_deg,n_points,forecast_mae,superlocal_mae,mae_gain_vs_harmonie,forecast_bias_pred_minus_actual,superlocal_bias_pred_minus_actual,bias_adjustment_vs_harmonie
N,337.5,22.5,1426,1.662073398784479,1.8216001763082987,-0.15952677752381983,0.3980247779336138,-1.1143732954821557,-1.5123980734157696
NE,22.5,67.5,1279,2.519848977408337,1.5810960811650177,0.9387528962433194,1.9389524436580112,-0.6788062936787018,-2.617758737336713
E,67.5,112.5,917,3.328008953681914,1.3547575260644829,1.973251427617431,2.9376054640417837,0.21600713691440204,-2.721598327127382
SE,112.5,157.5,514,2.6458171206225676,1.2353330133837948,1.4104841072387728,2.3172178988326846,0.05302824715464031,-2.2641896516780444
S,157.5,202.5,722,1.9002077562326871,1.7315402580347747,0.16866749819791238,0.6478531855955678,-0.942014586108213,-1.5898677717037808
SW,202.5,247.5,1169,1.8773738237810091,1.8209972983935228,0.05637652538748639,0.4709580838323353,-0.30292429984431685,-0.7738823836766522
W,247.5,292.5,1424,1.6090690208667737,1.4846360983009363,0.12443292256583738,0.44058988764044943,0.24164076381614116,-0.19894912382430827
NW,292.5,337.5,1005,1.6338308457711443,1.854776770451769,-0.22094592468062468,0.19980099502487564,-0.6522854941519932,-0.8520864891768689
