sector,dir_min_deg,dir_max_deg,n_points,forecast_mae,superlocal_mae,mae_gain_vs_harmonie,forecast_bias_pred_minus_actual,superlocal_bias_pred_minus_actual,bias_adjustment_vs_harmonie
N,337.5,22.5,1163,1.6972198337632558,1.8127992386051222,-0.11557940484186635,0.46288334766408706,-1.0778514469001312,-1.5407347945642182
NE,22.5,67.5,1073,2.3961666748418105,1.6093971683487478,0.7867695064930627,1.8295621392717583,-0.769686948641136,-2.599249087912894
E,67.5,112.5,745,3.34293182620982,1.4434956637556502,1.89943616245417,2.9644083362769345,0.29709160688655284,-2.6673167293903814
SE,112.5,157.5,339,2.4936578171091446,1.20420013087689,1.2894576862322547,2.3228613569321537,0.3695629368665296,-1.953298420065624
S,157.5,202.5,478,1.788389121338912,1.4888775219852457,0.29951159935366634,0.6168410041841004,-0.5657138436533915,-1.1825548478374919
SW,202.5,247.5,757,1.9706076618229855,1.685841283217919,0.2847663786050665,0.6765521796565389,0.24455121534739965,-0.43200096430913926
W,247.5,292.5,1019,1.6963830085518017,1.5855311431460732,0.11085186540572844,0.569676153091266,0.39630610698704277,-0.17337004610422319
NW,292.5,337.5,807,1.6684634448574966,1.9400960646154268,-0.2716326197579302,0.14504337050805455,-0.7457623530645501,-0.8908057235726046
