sector,dir_min_deg,dir_max_deg,n_points,forecast_mae,superlocal_mae,mae_gain_vs_harmonie,forecast_bias_pred_minus_actual,superlocal_bias_pred_minus_actual,bias_adjustment_vs_harmonie
N,337.5,22.5,1359,1.6243684081432423,1.8022074833435555,-0.17783907520031317,0.39145204807456463,-1.1161448417061943,-1.507596889780759
NE,22.5,67.5,1244,2.50392832966661,1.5632482302398307,0.9406800994267794,1.9782316522818302,-0.6540552731559673,-2.6322869254377976
E,67.5,112.5,859,3.2843820844311002,1.341979198384304,1.9424028860467963,2.946780221800134,0.26277959991316535,-2.6840006218869688
SE,112.5,157.5,465,2.6579569892473116,1.124538694389405,1.5334182948579067,2.505483870967742,0.19082352977927017,-2.3146603411884716
S,157.5,202.5,498,1.7828313253012047,1.4815409763630136,0.30129034893819107,0.5880522088353413,-0.5523710716321287,-1.1404232804674699
SW,202.5,247.5,773,1.9621604139715394,1.6785307664727795,0.28362964749875985,0.6379689521345407,0.2272885492016088,-0.41068040293293195
W,247.5,292.5,1059,1.690381761769864,1.568541289168955,0.12184047260090902,0.5779036827195467,0.39691036737350727,-0.18099331534603946
NW,292.5,337.5,951,1.6213459516298634,1.8703890200167677,-0.24904306838690426,0.1719242902208202,-0.6703324618149006,-0.8422567520357208
