sector,dir_min_deg,dir_max_deg,n_points,forecast_mae,superlocal_mae,mae_gain_vs_harmonie,forecast_bias_pred_minus_actual,superlocal_bias_pred_minus_actual,bias_adjustment_vs_harmonie
N,337.5,22.5,1042,1.7369161868202176,1.7823041303601697,-0.045387943539952014,0.5415866922584773,-1.0230558343369915,-1.5646425265954689
NE,22.5,67.5,1040,2.3774873481781373,1.5906104618865198,0.7868768862916176,1.8688655533063427,-0.7762720414413726,-2.645137594747715
E,67.5,112.5,733,3.333539168521577,1.4164937980535635,1.9170453704680137,3.0279457169526816,0.3400174803281281,-2.6879282366245536
SE,112.5,157.5,299,2.5546822742474915,1.2111481905182868,1.3435340837292047,2.3877926421404685,0.39192570306385643,-1.995866939076612
S,157.5,202.5,234,1.977136752136752,1.7184126358511103,0.25872411628564174,0.37884615384615383,-0.24013860768232587,-0.6189847615284797
SW,202.5,247.5,413,2.171186440677966,1.8733325753893173,0.2978538652886489,1.1508474576271188,0.7376081018124598,-0.413239355814659
W,247.5,292.5,557,1.6478456014362657,1.615328919320389,0.03251668211587666,0.7178635547576302,0.7162052523618969,-0.0016583023957332799
NW,292.5,337.5,602,1.6143687707641197,2.0515830598994347,-0.437214289135315,-0.10739202657807305,-0.9369173011708499,-0.8295252745927769
