sector,dir_min_deg,dir_max_deg,n_points,forecast_mae,superlocal_mae,mae_gain_vs_harmonie,forecast_bias_pred_minus_actual,superlocal_bias_pred_minus_actual,bias_adjustment_vs_harmonie
N,337.5,22.5,1042,1.7369161868202176,1.7823041303601697,-0.045387943539952014,0.5415866922584773,-1.0230558343369915,-1.5646425265954689
NE,22.5,67.5,1040,2.3774873481781373,1.5906104618865198,0.7868768862916176,1.8688655533063427,-0.7762720414413726,-2.645137594747715
E,67.5,112.5,734,3.3351283522156896,1.4198949821345712,1.9152333700811184,3.017689660117596,0.3342232291103607,-2.6834664310072354
SE,112.5,157.5,299,2.5546822742474915,1.2111481905182868,1.3435340837292047,2.3877926421404685,0.39192570306385643,-1.995866939076612
S,157.5,202.5,242,2.002685950413223,1.754827349811546,0.24785860060167675,0.34979338842975205,-0.19690142340403943,-0.5466948118337915
SW,202.5,247.5,468,2.2247863247863244,1.8456529785425235,0.3791333462438009,1.2047008547008546,0.7319622094305153,-0.4727386452703394
W,247.5,292.5,661,1.818229954614221,1.702604512051988,0.11562544256223317,0.7123298033282905,0.5956071094106798,-0.1167226939176107
NW,292.5,337.5,603,1.6133499170812604,2.049129434189393,-0.4357795171081327,-0.10555555555555551,-0.9344148732141082,-0.8288593176585527
