sector,dir_min_deg,dir_max_deg,n_points,forecast_mae,superlocal_mae,mae_gain_vs_harmonie,forecast_bias_pred_minus_actual,superlocal_bias_pred_minus_actual,bias_adjustment_vs_harmonie
N,337.5,22.5,1426,1.662073398784479,1.8216001763082987,-0.15952677752381983,0.3980247779336138,-1.1143732954821557,-1.5123980734157696
NE,22.5,67.5,1279,2.519848977408337,1.5810960811650177,0.9387528962433194,1.9389524436580112,-0.6788062936787018,-2.617758737336713
E,67.5,112.5,917,3.328008953681914,1.3547575260644829,1.973251427617431,2.9376054640417837,0.21600713691440204,-2.721598327127382
SE,112.5,157.5,507,2.643885601577909,1.2057490285214116,1.4381365730564972,2.375838264299803,0.1003966043804289,-2.275441659919374
S,157.5,202.5,532,1.812875939849624,1.4950954524534088,0.3177804873962151,0.5948308270676691,-0.5635342469452915,-1.1583650740129605
SW,202.5,247.5,841,2.009809750297265,1.673157773045524,0.3366519772517409,0.7415576694411417,0.2732863614838416,-0.46827130795730004
W,247.5,292.5,1279,1.6530995197140623,1.5159606528939762,0.13713886682008614,0.529632525410477,0.29872208947695916,-0.23091043593351784
NW,292.5,337.5,1005,1.6338308457711443,1.854776770451769,-0.22094592468062468,0.19980099502487564,-0.6522854941519932,-0.8520864891768689
