sector,dir_min_deg,dir_max_deg,n_points,forecast_mae,superlocal_mae,mae_gain_vs_harmonie,forecast_bias_pred_minus_actual,superlocal_bias_pred_minus_actual,bias_adjustment_vs_harmonie
N,337.5,22.5,1426,1.662073398784479,1.8216001763082987,-0.15952677752381983,0.3980247779336138,-1.1143732954821557,-1.5123980734157696
NE,22.5,67.5,1279,2.519848977408337,1.5810960811650177,0.9387528962433194,1.9389524436580112,-0.6788062936787018,-2.617758737336713
E,67.5,112.5,917,3.328008953681914,1.3547575260644829,1.973251427617431,2.9376054640417837,0.21600713691440204,-2.721598327127382
SE,112.5,157.5,517,2.6411025145067697,1.2404406612454346,1.400661853261335,2.3066731141199224,0.045022087735871505,-2.261651026384051
S,157.5,202.5,758,1.8934036939313985,1.7085922413498242,0.18481145258157428,0.633245382585752,-0.92382564916617,-1.557071031751922
SW,202.5,247.5,1381,1.8584359160028965,1.8363826769210565,0.02205323908183998,0.34866039102099927,-0.45584523091922197,-0.8045056219402212
W,247.5,292.5,1533,1.593942782592489,1.4883625051859801,0.10558027740650888,0.4085453359425962,0.13488683720245054,-0.27365849874014564
NW,292.5,337.5,1008,1.6334325396825398,1.852076211985615,-0.21864367230307513,0.19523809523809524,-0.6531341770220371,-0.8483722722601323
