sector,dir_min_deg,dir_max_deg,n_points,forecast_mae,superlocal_mae,mae_gain_vs_harmonie,forecast_bias_pred_minus_actual,superlocal_bias_pred_minus_actual,bias_adjustment_vs_harmonie
N,337.5,22.5,1292,1.6495872033023733,1.8048712935979152,-0.1552840902955419,0.39685242518059854,-1.113222047468211,-1.5100744726488096
NE,22.5,67.5,1121,2.3922273346166487,1.5975250598746846,0.7947022747419641,1.8133097015509334,-0.7462138898735154,-2.559523591424449
E,67.5,112.5,825,3.2948899521531105,1.36798392215566,1.9269060299974505,2.9445869218500804,0.266099415901175,-2.6784875059489055
SE,112.5,157.5,347,2.4621037463976947,1.1969176524482474,1.2651860939494473,2.2952449567723345,0.362315624127814,-1.9329293326445205
S,157.5,202.5,488,1.782479508196721,1.482865772371898,0.299613735824823,0.5857581967213114,-0.5716648757579874,-1.1574230724792987
SW,202.5,247.5,765,1.9689542483660132,1.6821908165543689,0.2867634318116443,0.6518300653594771,0.2293852913730285,-0.4224447739864486
W,247.5,292.5,1054,1.6827460016264573,1.5630448164303723,0.11970118519608497,0.5706831119544592,0.3903233523761581,-0.18035975957830108
NW,292.5,337.5,893,1.6068868980963047,1.8703833347605696,-0.2634964366642649,0.1204367301231803,-0.7464283830374646,-0.866865113160645
