sector,dir_min_deg,dir_max_deg,n_points,forecast_mae,superlocal_mae,mae_gain_vs_harmonie,forecast_bias_pred_minus_actual,superlocal_bias_pred_minus_actual,bias_adjustment_vs_harmonie
N,337.5,22.5,1047,1.7381725565106656,1.7849443215239926,-0.04677176501332703,0.5294492199936326,-1.0293218530844972,-1.55877107307813
NE,22.5,67.5,1052,2.3765084050430256,1.6051696155102482,0.7713387895327775,1.8233081515576013,-0.8001202264770227,-2.623428378034624
E,67.5,112.5,737,3.334442619438692,1.4278099194342497,1.9066327000044423,3.000657002070985,0.3239149881783685,-2.676742013892617
SE,112.5,157.5,299,2.5546822742474915,1.2111481905182868,1.3435340837292047,2.3877926421404685,0.39192570306385643,-1.995866939076612
S,157.5,202.5,245,2.000612244897959,1.750463125827361,0.250149119070598,0.33122448979591834,-0.2087720788498314,-0.5399965686457497
SW,202.5,247.5,483,2.2082815734989647,1.827772079294019,0.3805094942049456,1.191511387163561,0.7117806273217527,-0.47973075984180824
W,247.5,292.5,695,1.8376258992805756,1.6846683207261475,0.15295757855442815,0.7787769784172662,0.6157967360328427,-0.16298024238442355
NW,292.5,337.5,610,1.6122131147540983,2.034957422330731,-0.42274430757663284,-0.09008196721311473,-0.9234811859248115,-0.8333992187116968
