sector,dir_min_deg,dir_max_deg,n_points,forecast_mae,superlocal_mae,mae_gain_vs_harmonie,forecast_bias_pred_minus_actual,superlocal_bias_pred_minus_actual,bias_adjustment_vs_harmonie
N,337.5,22.5,1127,1.6999704229517894,1.8313001290823154,-0.13132970613052608,0.44217687074829937,-1.1121159593440553,-1.5542928300923546
NE,22.5,67.5,1055,2.384916438014467,1.610661289848259,0.7742551481662079,1.8086447160555417,-0.8077887265367968,-2.6164334425923386
E,67.5,112.5,740,3.34524893314367,1.4474677562463503,1.8977811768973198,2.964167852062589,0.29715556390297365,-2.6670122881596154
SE,112.5,157.5,306,2.5142156862745098,1.2341834137837093,1.2800322724908004,2.3348039215686276,0.3335260442464181,-2.0012778773222095
S,157.5,202.5,314,1.8842356687898092,1.6708589819206554,0.2133766868691538,0.4192675159235668,-0.36970934435060826,-0.7889768602741751
SW,202.5,247.5,563,2.103197158081705,1.740115956557157,0.3630812015245479,1.030195381882771,0.6011220667756049,-0.42907331510716606
W,247.5,292.5,850,1.804252100840336,1.6875034681157906,0.1167486327245455,0.7170588235294117,0.5645567406275693,-0.15250208290184242
NW,292.5,337.5,772,1.6372409326424868,1.9357389042260114,-0.29849797158352454,0.0667746113989637,-0.8141532393780397,-0.8809278507770034
