sector,dir_min_deg,dir_max_deg,n_points,forecast_mae,superlocal_mae,mae_gain_vs_harmonie,forecast_bias_pred_minus_actual,superlocal_bias_pred_minus_actual,bias_adjustment_vs_harmonie
N,337.5,22.5,1042,1.7369161868202176,1.7823041303601697,-0.045387943539952014,0.5415866922584773,-1.0230558343369915,-1.5646425265954689
NE,22.5,67.5,1040,2.3774873481781373,1.5906104618865198,0.7868768862916176,1.8688655533063427,-0.7762720414413726,-2.645137594747715
E,67.5,112.5,734,3.3351283522156896,1.4198949821345712,1.9152333700811184,3.017689660117596,0.3342232291103607,-2.6834664310072354
SE,112.5,157.5,299,2.5546822742474915,1.2111481905182868,1.3435340837292047,2.3877926421404685,0.39192570306385643,-1.995866939076612
S,157.5,202.5,243,1.9965020576131687,1.7511030618791226,0.2453989957340461,0.34629629629629627,-0.1995883532757622,-0.5458846495720584
SW,202.5,247.5,471,2.2244161358811034,1.8413483604504046,0.3830677754306988,1.1938428874734606,0.7248257521104914,-0.4690171353629692
W,247.5,292.5,669,1.8174140508221224,1.6925304534813037,0.12488359734081866,0.720254110612855,0.5949505394795195,-0.12530357113333557
NW,292.5,337.5,604,1.6131622516556292,2.0459069142870554,-0.4327446626314262,-0.10289735099337745,-0.93303790722067,-0.8301405562272925
