sector,dir_min_deg,dir_max_deg,n_points,forecast_mae,superlocal_mae,mae_gain_vs_harmonie,forecast_bias_pred_minus_actual,superlocal_bias_pred_minus_actual,bias_adjustment_vs_harmonie
N,337.5,22.5,1359,1.6243684081432423,1.8022074833435555,-0.17783907520031317,0.39145204807456463,-1.1161448417061943,-1.507596889780759
NE,22.5,67.5,1244,2.50392832966661,1.5632482302398307,0.9406800994267794,1.9782316522818302,-0.6540552731559673,-2.6322869254377976
E,67.5,112.5,859,3.2843820844311002,1.341979198384304,1.9424028860467963,2.946780221800134,0.26277959991316535,-2.6840006218869688
SE,112.5,157.5,465,2.6579569892473116,1.124538694389405,1.5334182948579067,2.505483870967742,0.19082352977927017,-2.3146603411884716
S,157.5,202.5,502,1.7845617529880475,1.4819794875098415,0.302582265478206,0.5993027888446214,-0.5379721715749498,-1.137274960419571
SW,202.5,247.5,775,1.962258064516129,1.6794050924354984,0.28285297208063054,0.6337419354838709,0.2272893630420008,-0.4064525724418701
W,247.5,292.5,1059,1.690381761769864,1.568541289168955,0.12184047260090902,0.5779036827195467,0.39691036737350727,-0.18099331534603946
NW,292.5,337.5,952,1.6196428571428572,1.8685348136460083,-0.2488919565031511,0.1717436974789916,-0.6695178430997024,-0.8412615405786941
