sector,dir_min_deg,dir_max_deg,n_points,forecast_mae,superlocal_mae,mae_gain_vs_harmonie,forecast_bias_pred_minus_actual,superlocal_bias_pred_minus_actual,bias_adjustment_vs_harmonie
N,337.5,22.5,1290,1.64594315245478,1.803682087743005,-0.15773893528822502,0.391266149870801,-1.1189354290457043,-1.5102015789165053
NE,22.5,67.5,1108,2.386359965798974,1.5997340814498737,0.7866258843491001,1.8006499778326683,-0.76949609474928,-2.5701460725819483
E,67.5,112.5,809,3.292316700279747,1.3767894825246836,1.9155272177550635,2.93508555071238,0.2533770560252706,-2.6817084946871095
SE,112.5,157.5,347,2.4621037463976947,1.1969176524482474,1.2651860939494473,2.2952449567723345,0.362315624127814,-1.9329293326445205
S,157.5,202.5,482,1.792219917012448,1.488225401276375,0.30399451573607306,0.5971991701244812,-0.5656817549120836,-1.1628809250365648
SW,202.5,247.5,765,1.9689542483660132,1.6821908165543689,0.2867634318116443,0.6518300653594771,0.2293852913730285,-0.4224447739864486
W,247.5,292.5,1054,1.6827460016264573,1.5630448164303723,0.11970118519608497,0.5706831119544592,0.3903233523761581,-0.18035975957830108
NW,292.5,337.5,893,1.6068868980963047,1.8703833347605696,-0.2634964366642649,0.1204367301231803,-0.7464283830374646,-0.866865113160645
