sector,dir_min_deg,dir_max_deg,n_points,forecast_mae,superlocal_mae,mae_gain_vs_harmonie,forecast_bias_pred_minus_actual,superlocal_bias_pred_minus_actual,bias_adjustment_vs_harmonie
N,337.5,22.5,1076,1.7377942998760842,1.8224476920627748,-0.08465339218669055,0.4742874845105329,-1.0871905132001807,-1.5614779977107136
NE,22.5,67.5,1055,2.384916438014467,1.610661289848259,0.7742551481662079,1.8086447160555417,-0.8077887265367968,-2.6164334425923386
E,67.5,112.5,739,3.3470692970586144,1.4456434727714795,1.901425824287135,2.970885264582295,0.3013406367149884,-2.6695446278673067
SE,112.5,157.5,299,2.5546822742474915,1.2111481905182868,1.3435340837292047,2.3877926421404685,0.39192570306385643,-1.995866939076612
S,157.5,202.5,245,2.000612244897959,1.750463125827361,0.250149119070598,0.33122448979591834,-0.2087720788498314,-0.5399965686457497
SW,202.5,247.5,483,2.2082815734989647,1.827772079294019,0.3805094942049456,1.191511387163561,0.7117806273217527,-0.47973075984180824
W,247.5,292.5,695,1.8376258992805756,1.6846683207261475,0.15295757855442815,0.7787769784172662,0.6157967360328427,-0.16298024238442355
NW,292.5,337.5,610,1.6122131147540983,2.034957422330731,-0.42274430757663284,-0.09008196721311473,-0.9234811859248115,-0.8333992187116968
