sector,dir_min_deg,dir_max_deg,n_points,forecast_mae,superlocal_mae,mae_gain_vs_harmonie,forecast_bias_pred_minus_actual,superlocal_bias_pred_minus_actual,bias_adjustment_vs_harmonie
N,337.5,22.5,1426,1.662073398784479,1.8216001763082987,-0.15952677752381983,0.3980247779336138,-1.1143732954821557,-1.5123980734157696
NE,22.5,67.5,1279,2.519848977408337,1.5810960811650177,0.9387528962433194,1.9389524436580112,-0.6788062936787018,-2.617758737336713
E,67.5,112.5,917,3.328008953681914,1.3547575260644829,1.973251427617431,2.9376054640417837,0.21600713691440204,-2.721598327127382
SE,112.5,157.5,507,2.643885601577909,1.2057490285214116,1.4381365730564972,2.375838264299803,0.1003966043804289,-2.275441659919374
S,157.5,202.5,604,1.8840231788079471,1.5300875961681863,0.35393558263976077,0.7118377483443709,-0.6571245269763549,-1.3689622753207258
SW,202.5,247.5,987,1.9188956433637283,1.7086911321380822,0.2102045112256461,0.60612968591692,-0.009780498517803628,-0.6159101844347236
W,247.5,292.5,1288,1.6512533274179237,1.514940556702919,0.1363127707150047,0.5239906832298137,0.29175304642109123,-0.23223763680872245
NW,292.5,337.5,1005,1.6338308457711443,1.854776770451769,-0.22094592468062468,0.19980099502487564,-0.6522854941519932,-0.8520864891768689
