sector,dir_min_deg,dir_max_deg,n_points,forecast_mae,superlocal_mae,mae_gain_vs_harmonie,forecast_bias_pred_minus_actual,superlocal_bias_pred_minus_actual,bias_adjustment_vs_harmonie
N,337.5,22.5,1042,1.7369161868202176,1.7823041303601697,-0.045387943539952014,0.5415866922584773,-1.0230558343369915,-1.5646425265954689
NE,22.5,67.5,1040,2.3774873481781373,1.5906104618865198,0.7868768862916176,1.8688655533063427,-0.7762720414413726,-2.645137594747715
E,67.5,112.5,733,3.333539168521577,1.4164937980535635,1.9170453704680137,3.0279457169526816,0.3400174803281281,-2.6879282366245536
SE,112.5,157.5,299,2.5546822742474915,1.2111481905182868,1.3435340837292047,2.3877926421404685,0.39192570306385643,-1.995866939076612
S,157.5,202.5,240,1.9985416666666667,1.7517798346032698,0.24676183206339686,0.3652083333333333,-0.18821702353656292,-0.5534253568698962
SW,202.5,247.5,458,2.238427947598253,1.8615566746116206,0.37687127298663237,1.2528384279475981,0.7634549508969336,-0.48938347705066454
W,247.5,292.5,612,1.8102124183006538,1.7036452024688131,0.1065672158318407,0.7693627450980393,0.6799119301968151,-0.0894508149012242
NW,292.5,337.5,602,1.6143687707641197,2.0515830598994347,-0.437214289135315,-0.10739202657807305,-0.9369173011708499,-0.8295252745927769
