sector,dir_min_deg,dir_max_deg,n_points,forecast_mae,superlocal_mae,mae_gain_vs_harmonie,forecast_bias_pred_minus_actual,superlocal_bias_pred_minus_actual,bias_adjustment_vs_harmonie
N,337.5,22.5,1363,1.62693812668134,1.8000194353647998,-0.17308130868345972,0.3976400097823429,-1.109944923269804,-1.507584933052147
NE,22.5,67.5,1247,2.5015131051365382,1.5631457150468613,0.938367390089677,1.9706657381223711,-0.655240218093218,-2.625905956215589
E,67.5,112.5,859,3.2843820844311002,1.341979198384304,1.9424028860467963,2.946780221800134,0.26277959991316535,-2.6840006218869688
SE,112.5,157.5,467,2.6540685224839398,1.12584033409329,1.5282281883906497,2.4872591006423983,0.18388864714532646,-2.303370453497072
S,157.5,202.5,505,1.7947524752475246,1.490178242851012,0.3045742323965126,0.6046534653465346,-0.5304194456161839,-1.1350729109627187
SW,202.5,247.5,779,1.9874839537869062,1.7011867561259228,0.2862971976609834,0.6657894736842105,0.25652733343020945,-0.40926214025400104
W,247.5,292.5,1066,1.7093004556419191,1.584246857869193,0.12505359777272607,0.6041275797373359,0.42030957252080736,-0.18381800721652852
NW,292.5,337.5,967,1.6296794208893486,1.8632331616752769,-0.23355374078592828,0.20010341261633927,-0.6407110554848979,-0.8408144681012372
