sector,dir_min_deg,dir_max_deg,n_points,forecast_mae,superlocal_mae,mae_gain_vs_harmonie,forecast_bias_pred_minus_actual,superlocal_bias_pred_minus_actual,bias_adjustment_vs_harmonie
N,337.5,22.5,1359,1.6243684081432423,1.8022074833435555,-0.17783907520031317,0.39145204807456463,-1.1161448417061943,-1.507596889780759
NE,22.5,67.5,1244,2.50392832966661,1.5632482302398307,0.9406800994267794,1.9782316522818302,-0.6540552731559673,-2.6322869254377976
E,67.5,112.5,848,3.280995531281033,1.3525627613130515,1.9284327699679813,2.9401936444885797,0.26649550411003053,-2.673698140378549
SE,112.5,157.5,352,2.4569602272727273,1.188226717829027,1.2687335094437004,2.292471590909091,0.361388558301736,-1.931083032607355
S,157.5,202.5,490,1.7752040816326529,1.4797208305159395,0.29548325111671336,0.5833673469387755,-0.5664239782338241,-1.1497913251725995
SW,202.5,247.5,767,1.9651238591916558,1.6812304859949372,0.2838933731967186,0.6488265971316819,0.23221324119216616,-0.41661335593951576
W,247.5,292.5,1056,1.68808170995671,1.5686321422283325,0.11944956772837756,0.578125,0.3981317415530088,-0.1799932584469912
NW,292.5,337.5,950,1.6225263157894738,1.871601074356782,-0.2490747585673081,0.1726315789473684,-0.6717948511399722,-0.8444264300873405
