sector,dir_min_deg,dir_max_deg,n_points,forecast_mae,superlocal_mae,mae_gain_vs_harmonie,forecast_bias_pred_minus_actual,superlocal_bias_pred_minus_actual,bias_adjustment_vs_harmonie
N,337.5,22.5,1245,1.6604551539491297,1.8261676983660962,-0.16571254441696648,0.3869344042838018,-1.1367096112084039,-1.5236440154922057
NE,22.5,67.5,1083,2.392508626135977,1.6190384051568127,0.7734702209791644,1.7978948988352692,-0.7861245158187445,-2.584019414654014
E,67.5,112.5,760,3.3105055401662047,1.4339879293731541,1.8765176107930506,2.930242382271468,0.2857777491282063,-2.6444646331432615
SE,112.5,157.5,339,2.4936578171091446,1.20420013087689,1.2894576862322547,2.3228613569321537,0.3695629368665296,-1.953298420065624
S,157.5,202.5,481,1.7938669438669437,1.487791567074286,0.3060753767926576,0.5963617463617463,-0.5703856663619655,-1.1667474127237119
SW,202.5,247.5,765,1.9689542483660132,1.6821908165543689,0.2867634318116443,0.6518300653594771,0.2293852913730285,-0.4224447739864486
W,247.5,292.5,1054,1.6827460016264573,1.5630448164303723,0.11970118519608497,0.5706831119544592,0.3903233523761581,-0.18035975957830108
NW,292.5,337.5,846,1.6595153664302598,1.920331703052453,-0.26081633662219317,0.14013002364066196,-0.7442107517809451,-0.884340775421607
