sector,dir_min_deg,dir_max_deg,n_points,forecast_mae,superlocal_mae,mae_gain_vs_harmonie,forecast_bias_pred_minus_actual,superlocal_bias_pred_minus_actual,bias_adjustment_vs_harmonie
N,337.5,22.5,1426,1.662073398784479,1.8216001763082987,-0.15952677752381983,0.3980247779336138,-1.1143732954821557,-1.5123980734157696
NE,22.5,67.5,1279,2.519848977408337,1.5810960811650177,0.9387528962433194,1.9389524436580112,-0.6788062936787018,-2.617758737336713
E,67.5,112.5,917,3.328008953681914,1.3547575260644829,1.973251427617431,2.9376054640417837,0.21600713691440204,-2.721598327127382
SE,112.5,157.5,514,2.6458171206225676,1.2353330133837948,1.4104841072387728,2.3172178988326846,0.05302824715464031,-2.2641896516780444
S,157.5,202.5,722,1.9002077562326871,1.7315402580347747,0.16866749819791238,0.6478531855955678,-0.942014586108213,-1.5898677717037808
SW,202.5,247.5,1160,1.8794396551724135,1.8254215469314106,0.05401810824100295,0.4871120689655172,-0.2955703958072539,-0.782682464772771
W,247.5,292.5,1403,1.6139089705732614,1.4923723195883465,0.12153665098491495,0.46571632216678543,0.258218478216011,-0.20749784395077442
NW,292.5,337.5,1005,1.6338308457711443,1.854776770451769,-0.22094592468062468,0.19980099502487564,-0.6522854941519932,-0.8520864891768689
