sector,n_points,forecast_mae,forecast_bias_pred_minus_actual,challenger_mae,challenger_bias_pred_minus_actual,champion_mae,champion_bias_pred_minus_actual,champion_mae_gain_vs_forecast,challenger_mae_gain_vs_forecast,challenger_mae_gain_vs_champion
NW,92,1.5743752445576489,0.4079850162861643,1.2599748107546096,-0.07888067072041738,1.4780763796366172,-0.8337528132210138,0.09629886492103168,0.3144004338030393,0.2181015688820076
N,107,1.4686654332594011,0.8385317021286902,1.0834091688879521,-0.08479883720815029,1.1523341628362518,-0.43028461111912714,0.31633127042314935,0.385256264371449,0.06892499394829965
NE,107,2.256244668489938,1.8742464361632698,1.1126290023755923,0.3080439798932744,1.1124689083103227,0.15283954309776585,1.1437757601796155,1.143615666114346,-0.00016009406526951153
E,85,3.1883642954569233,3.078364302188743,1.7217408751301908,1.5677427557899672,1.289758940464726,1.0913221024268986,1.8986053549921973,1.4666234203267325,-0.43198193466546475
W,101,1.5471816947058583,0.6373099992385587,1.39786322155064,0.6602685078719644,1.2393526465188185,0.23177198223749773,0.3078290481870398,0.1493184731552184,-0.15851057503182142
SW,56,1.3664828728629934,-0.4048464307195158,2.0115290851559773,-0.690739000863039,1.6383067339602821,-0.5148142967961234,-0.27182386109728873,-0.6450462122929839,-0.37322235119569513
S,70,1.5122055158728644,0.917443594762257,1.0228184729282346,0.2257705487843071,1.2093082982337189,-0.409451488068416,0.30289721763914557,0.48938704294462987,0.1864898253054843
SE,48,2.708031784122189,2.663587335704101,1.472030923080941,1.0995920740274918,1.1169543016908896,0.688246339869996,1.5910774824312994,1.236000861041248,-0.35507662139005136
