sector,n_points,forecast_mae,forecast_bias_pred_minus_actual,challenger_mae,challenger_bias_pred_minus_actual,champion_mae,champion_bias_pred_minus_actual,champion_mae_gain_vs_forecast,challenger_mae_gain_vs_forecast,challenger_mae_gain_vs_champion
E,1485,3.261389933907825,3.013411908092523,1.4192879229432807,0.9436417442128715,1.5383741640231825,1.150450798292152,1.7230157698846427,1.8421020109645445,0.11908624107990184
SE,1396,3.026704131799048,2.841245673201914,1.1018328875153829,0.4831051157098957,1.1489959371230833,0.7297318267040915,1.8777081946759648,1.9248712442836653,0.04716304960770046
NW,1917,1.745792057530359,0.4718606895497521,1.8028870141935274,-1.185522141622017,1.6242086295666145,-0.8425411531312054,0.12158342796374444,-0.05709495666316844,-0.17867838462691288
N,2386,1.6263996095951625,0.7975426791462195,1.3199198868840758,-0.45661638590311265,1.3270554179630156,-0.4421753705184897,0.29934419163214687,0.3064797227110867,0.007135531078939827
NE,1909,2.2037316344331046,1.710955021981952,1.148832764903902,-0.09820596412831167,1.1409968480218013,-0.08516323613661506,1.0627347864113033,1.0548988695292025,-0.007835916882100724
S,1964,1.7449382778613727,0.9984515062447964,1.3692323074594535,-0.40612937444764097,1.3440260564388666,-0.25567757875455616,0.40091222142250604,0.3757059704019192,-0.025206251020586823
SW,1803,1.7320436989383372,0.1434656024946151,1.8043809388611822,-0.2209925711758257,1.749999308236526,-0.24052284026949258,-0.017955609298188735,-0.07233723992284502,-0.054381630624656285
W,2140,1.6410243397038953,0.38719747239532315,1.6518199894507632,-0.005167054680881099,1.6472810505741389,0.16374938493925278,-0.006256710870243598,-0.010795649746867975,-0.0045389388766243766
