sector,n_points,forecast_mae,forecast_bias_pred_minus_actual,challenger_mae,challenger_bias_pred_minus_actual,champion_mae,champion_bias_pred_minus_actual,champion_mae_gain_vs_forecast,challenger_mae_gain_vs_forecast,challenger_mae_gain_vs_champion
N,89,1.446041051543106,0.8589567808841587,0.9819855941100293,0.06578188058675388,0.9441206069730318,0.018287088207261586,0.5019204445700741,0.46405545743307663,-0.037864987136997486
NW,81,1.4944503802709976,0.4676786928621964,1.2227795644800201,-0.09780412708195553,1.226082307722432,0.03651243199626023,0.26836807254856554,0.2716708157909775,0.0033027432424119763
NE,72,2.6316515501955187,2.1483182274585664,1.2753962958078269,0.6269341865401153,1.114453133576849,0.39140698103481397,1.5171984166186696,1.3562552543876918,-0.16094316223097782
E,81,3.267692179791529,3.1541119352327005,1.7113594884910377,1.6175738071393249,1.3144126443895896,1.1736709973639041,1.9532795354019394,1.5563326913004913,-0.3969468441014481
W,125,1.4508528572423027,0.4515611706075304,1.241774546564411,0.28569876513799985,1.1647753735734385,0.1857612341688713,0.2860774836688642,0.20907831067789173,-0.07699917299097248
SW,90,1.5086098758701951,-0.2743311416983631,1.8806439062538058,-0.6186830690245269,1.6811691311301744,-0.40075564387610485,-0.17255925525997928,-0.3720340303836107,-0.19947477512363143
S,85,1.5812684271600448,0.8637808257070162,1.060058473402713,-0.23267987469906534,1.084053692772381,-0.20889413589211803,0.49721473438766384,0.5212099537573318,0.023995219369667975
SE,54,2.6963368954113967,2.656830719039763,1.406255799817082,1.049076199485564,1.3766616805008167,0.918086544921001,1.31967521491058,1.2900810955943147,-0.02959411931626521
