sector,n_points,forecast_mae,forecast_bias_pred_minus_actual,challenger_mae,challenger_bias_pred_minus_actual,champion_mae,champion_bias_pred_minus_actual,champion_mae_gain_vs_forecast,challenger_mae_gain_vs_forecast,challenger_mae_gain_vs_champion
NW,40,1.274495040609852,0.22052569869599298,2.1898334988796866,-0.8657875956440126,1.8255378769190973,-0.9399895216129093,-0.5510428363092452,-0.9153384582698345,-0.3642956219605893
W,214,1.3869490352217837,0.039581656955711544,1.454757499364555,-0.9297302193106419,1.2839961198636756,-0.7076213590688465,0.10295291535810813,-0.0678084641427712,-0.17076137950087933
SW,150,1.3688636107830086,-0.04339649527482307,1.9776195969899573,-1.5286929145384243,1.6922284439112802,-1.1282505672811858,-0.3233648331282717,-0.6087559862069487,-0.285391153078677
S,127,1.5358371298144182,0.814653272860319,1.1500595999378078,-0.56994204625018,1.0627601839836658,-0.43860188524514987,0.47307694583075244,0.3857775298766104,-0.08729941595414203
SE,56,2.6661105785696284,2.6280153370684105,1.1542694441575025,0.703028955519022,1.0796720836355926,0.6436364666913591,1.5864384949340358,1.5118411344121259,-0.0745973605219099
N,34,1.266602149781059,0.7044762893050326,0.9279114506481324,0.19426868991086296,1.02416910373551,-0.24169761355162828,0.24243304604554883,0.3386906991329265,0.09625765308737766
NE,39,2.9950067386604267,2.771929820474141,0.9875854743151075,0.8498665907253058,0.8901865880649823,0.6443880931116069,2.1048201505954443,2.0074212643453193,-0.09739888625012516
E,53,3.4351953005640765,3.2962015934710234,1.0703762122810638,0.9002458601018544,0.9956532572425387,0.8162653969143923,2.439542043321538,2.3648190882830127,-0.07472295503852511
