sector,n_points,forecast_mae,forecast_bias_pred_minus_actual,challenger_mae,challenger_bias_pred_minus_actual,champion_mae,champion_bias_pred_minus_actual,champion_mae_gain_vs_forecast,challenger_mae_gain_vs_forecast,challenger_mae_gain_vs_champion
N,52,1.4697900113270386,0.6918042184334083,1.1871964016441492,-0.35295633263373666,1.117395769420594,-0.32485076785428135,0.3523942419064445,0.2825936096828894,-0.06980063222355515
NE,53,2.6899071427316312,2.2141209576169922,1.109741701270502,0.3154599228817139,0.9882219213108366,0.17606487622332906,1.7016852214207945,1.5801654414611292,-0.12151977995966534
NW,81,1.4869146990044027,0.47558848561401407,1.2162956252660284,-0.289899770740423,1.2195568983961775,-0.4367967136320516,0.2673578006082251,0.27061907373837424,0.0032612731301491227
W,154,1.3506457929979616,0.2936005687630533,1.2935508496241384,-0.3856145253837818,1.3461030924813457,-0.6287018024876162,0.004542700516615872,0.05709494337382326,0.05255224285720739
SW,121,1.4589368114404166,-0.12237105247518464,1.8839380925381581,-1.3091192670558758,1.5850560535051001,-0.8674124871657953,-0.1261192420646835,-0.4250012810977415,-0.298882039033058
S,118,1.5398862579111325,0.8396409502473926,1.5224372566213098,-1.0741395311307576,1.254642664447511,-0.33886505497966785,0.2852435934636215,0.01744900128982274,-0.26779459217379875
E,55,3.3269457744829585,3.159673050678138,1.1383161779605981,0.8915725899465154,0.9761426425792954,0.7048081864461755,2.350803131903663,2.18862959652236,-0.16217353538130275
SE,57,2.6544244280684066,2.6169975241373855,1.112923712758293,0.5003749082485835,0.9510657115027918,0.3789362390226091,1.7033587165656148,1.5415007153101137,-0.1618580012555011
