sector,n_points,forecast_mae,forecast_bias_pred_minus_actual,challenger_mae,challenger_bias_pred_minus_actual,champion_mae,champion_bias_pred_minus_actual,champion_mae_gain_vs_forecast,challenger_mae_gain_vs_forecast,challenger_mae_gain_vs_champion
N,140,1.6628321053208244,0.9747746613919767,1.5308919357619322,-0.9941655643755075,1.5087502287184786,-1.0880086299077607,0.15408187660234574,0.1319401695588922,-0.02214170704345353
NW,63,1.4693389972411406,0.4696035384230783,1.637298488752016,-1.303592538085659,1.6565175803383558,-1.2204195171412704,-0.18717858309721525,-0.1679594915108753,0.019219091586339943
NE,174,2.1165664496919225,1.8620402506054703,1.5835696052544448,-0.7170949693268315,1.3834919248570219,-0.9648103114697459,0.7330745248349007,0.5329968444374777,-0.2000776803974229
E,109,3.2942719090463783,3.161216586915228,1.5419994709862583,0.8461720136791461,1.0816415464808486,0.46500463839666956,2.2126303625655295,1.75227243806012,-0.4603579245054097
SW,37,1.768835974773308,0.785052149749554,1.3693895276535202,-0.1943973287738658,1.3978113410574895,-0.04476233356976288,0.3710246337158185,0.39944644711978783,0.02842181340396932
W,38,1.5990073450824671,1.076200326283773,1.3817640718791568,-0.3534621579997372,1.3448328159488085,-0.07064291841366839,0.25417452913365857,0.21724327320331027,-0.036931255930348295
SE,28,3.387077103679379,3.380529471007841,0.9450424623986086,0.2664605427001204,0.8503497563125124,0.17481466160998457,2.536727347366867,2.4420346412807703,-0.09469270608609615
S,16,2.218229171509544,2.0473958620180683,0.9933323447282116,0.15707016891489425,1.1695226385879018,0.4109915201552212,1.048706532921642,1.2248968267813323,0.1761902938596902
