sector,n_points,forecast_mae,forecast_bias_pred_minus_actual,challenger_mae,challenger_bias_pred_minus_actual,champion_mae,champion_bias_pred_minus_actual,champion_mae_gain_vs_forecast,challenger_mae_gain_vs_forecast,challenger_mae_gain_vs_champion
NW,62,1.3059271517025162,0.6125201955323212,1.2475167274263366,-0.34825354324748165,1.0963774951240663,-0.29882368833089845,0.20954965657844982,0.058410424276179596,-0.15113923230227022
W,179,1.3668282993460423,0.2892779939470392,1.6943279450924953,-1.1307222193883146,1.3898458700140848,-0.7256064745184385,-0.023017570668042442,-0.32749964574645296,-0.3044820750784105
SW,134,1.4408600827976217,-0.17034243445260838,2.618199602280381,-2.257291073238464,1.5775006773276279,-0.9260418754094362,-0.1366405945300062,-1.1773395194827592,-1.040698924952753
S,126,1.5204643548796415,0.7902151265787698,1.7934670744651051,-1.5157757492824682,1.2419796026651821,-0.37578019121336553,0.27848475221445934,-0.2730027195854636,-0.551487471799923
E,55,3.3269457744829585,3.159673050678138,0.9833447273594864,0.7350351444360885,0.9761426560806504,0.7048082022955923,2.350803118402308,2.343601047123472,-0.007202071278835986
NE,43,2.901478991114585,2.328998353216768,1.053425866865026,0.43842099877002166,1.0529322432166384,0.3594977619747322,1.8485467478979467,1.848053124249559,-0.0004936236483876755
N,43,1.3091697050619495,0.3683496764463972,1.0907297486280514,-0.4977310451917177,1.0847188224943802,-0.6127334092851988,0.2244508825675693,0.21843995643389813,-0.006010926133671157
SE,56,2.6661105785696284,2.6280153370684105,1.152900059263976,0.4179699267482474,0.9660919145237477,0.3837458575366154,1.7000186640458808,1.5132105193056524,-0.18680814474022833
