sector,n_points,forecast_mae,forecast_bias_pred_minus_actual,challenger_mae,challenger_bias_pred_minus_actual,champion_mae,champion_bias_pred_minus_actual,champion_mae_gain_vs_forecast,challenger_mae_gain_vs_forecast,challenger_mae_gain_vs_champion
N,102,1.6389537699383354,0.9956015263029456,1.190633957986077,-0.16851496967992646,1.2190797689880835,-0.3110624696311975,0.41987400095025196,0.44831981195225845,0.028445811002006494
NE,109,2.2156928972845233,1.8875583372098774,1.142364780652687,0.1449330788572811,1.1283220545870083,0.1102910171089187,1.087370842697515,1.0733281166318362,-0.014042726065678801
E,71,3.253972081133457,3.226037814205801,1.6510150512659172,1.5512454323965297,1.3329686617277596,1.1806271155605292,1.9210034194056973,1.6029570298675397,-0.31804638953815756
SE,52,2.6478315362226206,2.60295973218088,1.9876772559492746,1.915868123334607,1.0926429913557782,0.5761212649290087,1.5551885448668423,0.660154280273346,-0.8950342645934963
S,80,1.5107074325097851,0.8262393319431057,1.5434276338432722,1.3693288987425967,1.224604153075976,-0.47242462340286656,0.2861032794338092,-0.032720201333487076,-0.3188234807672963
SW,74,1.4820309919098114,0.033618327147783136,1.7656277608713449,0.48503115642669276,1.571596848319838,-0.24630889581561843,-0.08956585641002657,-0.2835967689615335,-0.19403091255150695
NW,86,1.4860486569105473,0.31142743818379864,1.5317559240078062,-0.6837017901044244,1.4958775328278722,-0.8781887121207379,-0.009828875917324842,-0.04570726709725892,-0.03587839117993408
W,85,1.486618487159124,0.4869074650429187,1.5865270650854297,0.8217971871880924,1.3252662404648903,0.2260814285007669,0.16135224669423365,-0.09990857792630581,-0.26126082462053946
