sector,n_points,forecast_mae,forecast_bias_pred_minus_actual,challenger_mae,challenger_bias_pred_minus_actual,champion_mae,champion_bias_pred_minus_actual,champion_mae_gain_vs_forecast,challenger_mae_gain_vs_forecast,challenger_mae_gain_vs_champion
E,1844,3.590447445424302,3.390747137216209,1.5072020881156762,1.057979442350922,1.5759544697673002,1.1327944291197976,2.014492975657002,2.083245357308626,0.068752381651624
SE,1359,3.0730548923488397,2.884681082116145,1.2229456472717022,0.8682003632747048,1.1346740983289512,0.7029677140111867,1.9383807940198885,1.8501092450771375,-0.08827154894275102
NW,1779,1.7977969345582745,0.47330055168467067,1.490232567629029,-0.15874424417612593,1.6622090192575545,-0.9426942502869321,0.13558791530072,0.3075643669292456,0.1719764516285256
N,2273,1.652745036235398,0.8054715475969728,1.4120647275776943,-0.0621570957143612,1.334292889057646,-0.435161514165928,0.31845214717775194,0.24068030865770362,-0.07777183852004832
NE,1858,2.1520735389894865,1.6473315836214115,1.234234667767092,-0.12606811631908008,1.136949747518122,-0.12223327845792147,1.0151237914713644,0.9178388712223946,-0.09728492024896984
S,1869,1.787083345103098,1.0428885836503032,1.2789534424925437,-0.02914459803258754,1.3522705642886186,-0.2229460681135352,0.4348127808144795,0.5081299026105544,0.07331712179607486
SW,1799,1.7331432957966306,0.14653612081460518,1.9868260323214424,-0.24769023254207267,1.7513901207838343,-0.2385574007834442,-0.018246824987203647,-0.25368273652481177,-0.23543591153760812
W,2123,1.645804092621416,0.391122274732483,1.9553438362209683,0.9041426556076972,1.652466190325248,0.16581892375178456,-0.006662097703832082,-0.3095397435995524,-0.3028776458957203
