sector,n_points,forecast_mae,forecast_bias_pred_minus_actual,challenger_mae,challenger_bias_pred_minus_actual,champion_mae,champion_bias_pred_minus_actual,champion_mae_gain_vs_forecast,challenger_mae_gain_vs_forecast,challenger_mae_gain_vs_champion
NE,2141,2.4628663098684043,2.0618239896757364,1.299364643751712,0.08722256372488307,1.3993865809447295,0.16600502450462815,1.0634797289236748,1.1635016661166924,0.10002193719301755
E,2013,3.753154466035084,3.573846285375297,1.5943543489372856,1.1280728856937186,1.9524469608825,1.469290254742159,1.8007075051525843,2.1588001170977984,0.35809261194521436
SE,1231,3.1376779842652702,2.9713904055926394,1.1339441337278469,0.6366875331809518,1.2212346260209668,0.7207139345637964,1.9164433582443035,2.003733850537423,0.08729049229311991
NW,1681,1.8298266753066799,0.5255998000015041,1.520853727329068,-0.4637063638856197,1.6166455915540119,-0.8960134022155026,0.21318108375266798,0.30897294797761177,0.09579186422494379
N,1950,1.7163508744690663,0.8857219873903653,1.4871798848761961,-0.3053037148599441,1.5213197345267504,-0.6466707155987238,0.1950311399423159,0.2291709895928702,0.03413984965055428
S,1841,1.7922644063644213,1.0575550039102046,1.301515059342273,-0.5117566372990803,1.3470380157151345,-0.4360765220839196,0.4452263906492868,0.49074934702214823,0.04552295637286141
SW,1788,1.7289008892597568,0.1623425506080357,1.8269071022477792,-0.5090451102653806,1.771034757950462,-0.24957712552608127,-0.04213386869070512,-0.09800621298802237,-0.055872344297317245
W,2091,1.6433725923207148,0.3910103243918638,1.7431325786232605,0.2883653547000167,1.695998393227215,0.1445663029792091,-0.05262580090650015,-0.09975998630254579,-0.047134185396045636
