sector,n_points,forecast_mae,forecast_bias_pred_minus_actual,challenger_mae,challenger_bias_pred_minus_actual,champion_mae,champion_bias_pred_minus_actual,champion_mae_gain_vs_forecast,challenger_mae_gain_vs_forecast,challenger_mae_gain_vs_champion
W,188,1.4475851003657338,0.33091984104325783,1.1931437520203494,-0.43005283864232985,1.3082347815388726,-0.6883471739643614,0.13935031882686122,0.25444134834538445,0.11509102951852324
NW,56,1.4907660244831018,0.7712797311445078,1.2236202948881936,-0.35541372469715066,1.101030657613384,-0.2837548321246037,0.3897353668697179,0.26714572959490823,-0.12258963727480965
SW,136,1.392880999048551,-0.10180205580066233,1.6723506030279633,-1.097882454411364,1.448556590248873,-0.9515277574283187,-0.05567559120032217,-0.27946960397941245,-0.22379401277909028
S,125,1.5323438595136005,0.789221059322357,1.0719810776575045,-0.4137051564193133,1.231052687758749,-0.3735817374839927,0.30129117175485143,0.460362781856096,0.1590716101012446
E,55,3.3269457744829585,3.159673050678138,0.9939276471282497,0.752103148987799,0.9761426788387878,0.7048082467281459,2.350803095644171,2.333018127354709,-0.017784968289461855
NE,43,2.901478991114585,2.328998353216768,1.0096858492366565,0.3821377537913562,1.0529322556342728,0.35949782937649605,1.8485467354803122,1.8917931418779286,0.043246406397616344
N,43,1.3091697050619495,0.3683496764463972,1.0804543348188085,-0.46175594214898674,1.084718772679452,-0.6127333248164072,0.22445093238249747,0.22871537024314104,0.004264437860643566
SE,56,2.6661105785696284,2.6280153370684105,1.0796720945010227,0.6436365055851638,0.9660919425964709,0.3837459263214398,1.7000186359731575,1.5864384840686057,-0.11358015190455184
