sector,n_points,forecast_mae,forecast_bias_pred_minus_actual,challenger_mae,challenger_bias_pred_minus_actual,champion_mae,champion_bias_pred_minus_actual,champion_mae_gain_vs_forecast,challenger_mae_gain_vs_forecast,challenger_mae_gain_vs_champion
NE,69,2.574152078496743,2.06980426346688,1.1858367182993568,0.37670929854427826,1.0735604324431087,0.31907747107984596,1.5005916460536344,1.3883153601973863,-0.11227628585624805
E,81,3.2112798856980755,3.097699641139247,1.3105418260846449,1.1725066437915848,1.2381686435332409,1.0871991300060813,1.9731112421648347,1.9007380596134307,-0.07237318255140401
N,72,1.4866823660163095,0.8312852245950269,1.0501031461998496,-0.06446437231035071,0.9796246975075,-0.1120865790137853,0.5070576685088095,0.43657921981646,-0.07047844869234954
NW,80,1.501085550710559,0.4855701358368,1.2148061241333683,0.019124712577710513,1.238924496031056,0.03945262571796769,0.262161054679503,0.28627942657719063,0.024118371897687618
W,129,1.4340065195578937,0.4567455442992908,1.245645866904995,0.05625303227271524,1.1661840220600446,0.1424754385954342,0.26782249749784914,0.1883606526528987,-0.07946184484495045
SW,106,1.4997608050355393,-0.19374558618052365,1.957452703182587,-1.3028308142797533,1.5611259101222232,-0.14777518499887068,-0.06136510508668391,-0.4576918981470477,-0.3963267930603638
S,89,1.5100378154335354,0.927255526614968,1.3796720645673068,-0.9253671728346703,1.0569596528876588,-0.011506637106763116,0.45307816254587663,0.1303657508662286,-0.32271241167964804
SE,54,2.6963368954113967,2.656830719039763,1.2685267497084023,0.734267193456123,1.3766616407643864,0.9180864691274402,1.3196752546470103,1.4278101457029944,0.10813489105598406
