sector,n_points,forecast_mae,forecast_bias_pred_minus_actual,challenger_mae,challenger_bias_pred_minus_actual,champion_mae,champion_bias_pred_minus_actual,champion_mae_gain_vs_forecast,challenger_mae_gain_vs_forecast,challenger_mae_gain_vs_champion
N,48,1.351854882720444,0.5090369404190117,1.0229287317488343,-0.47811953803627844,1.0424138609345794,-0.5707861121821528,0.3094410217858645,0.3289261509716097,0.019485129185745187
NE,44,2.887809012960078,2.3283392986508478,1.0454419870098883,0.48250351311695394,1.0475978716812804,0.3699232753987113,1.8402111412787978,1.8423670259501899,0.00215588467139205
NW,82,1.4978161434394746,0.4631265274982534,1.2651817806991932,-0.05930962035402435,1.2417973250634025,-0.45826096297710056,0.2560188183760721,0.23263436274028138,-0.023384455635790724
W,155,1.3694142400833866,0.3156508330632281,1.4409325996906528,-0.3628095366589485,1.3609608184377995,-0.5975286506565027,0.008453421645587156,-0.07151835960726616,-0.07997178125285331
SW,128,1.4687521844363165,-0.062187108968103685,1.940424611949591,-1.3156602568357134,1.565484982606722,-0.7953605530608912,-0.09673279817040559,-0.47167242751327443,-0.37493962934286884
S,123,1.5087408195301586,0.7587273626645004,1.4780721120033231,-1.0948474442693994,1.2409637196778744,-0.36241280187928715,0.26777709985228415,0.03066870752683548,-0.23710839232544867
E,55,3.3269457744829585,3.159673050678138,1.1003905537453567,0.8829608676108447,0.9761426537325889,0.7048081992250501,2.3508031207503697,2.226555220737602,-0.12424790001276775
SE,58,2.665267683411467,2.6284860709275324,1.09790063415836,0.505483555813031,0.9436352760070699,0.3809360186216133,1.7216324074043972,1.567367049253107,-0.15426535815129006
