sector,n_points,forecast_mae,forecast_bias_pred_minus_actual,challenger_mae,challenger_bias_pred_minus_actual,champion_mae,champion_bias_pred_minus_actual,champion_mae_gain_vs_forecast,challenger_mae_gain_vs_forecast,challenger_mae_gain_vs_champion
W,67,1.505885026941252,0.6369795692500783,1.4834262697925023,-0.18572275989239487,1.3945174812899892,-0.23847557415268308,0.11136754565126283,0.022458757148749786,-0.08890878850251305
SW,79,1.6596126543995122,-0.01668982537610745,2.04322010777573,-1.3989950851891413,2.0697870383003774,-1.1434331997384182,-0.41017438390086514,-0.3836074533762177,0.026566930524647425
NW,79,1.4595923538775395,0.3854417251961149,1.5116099193014432,-1.0744586099676547,1.7617268496883867,-1.3753298497551578,-0.30213449581084717,-0.05201756542390368,0.2501169303869435
N,86,1.612758924555257,0.8591583456557255,1.4025812489759633,-0.9695231528406898,1.6365081315272165,-1.4088012884752534,-0.02374920697195959,0.21017767557929368,0.23392688255125327
NE,117,2.2166444730837176,1.8769008751890657,1.2935654944755532,-0.6443680586040648,1.474486950594893,-1.0462446231139784,0.7421575224888246,0.9230789786081643,0.18092145611933974
E,100,3.466824559817711,3.3189912283917273,1.2844847599292797,0.7697482075418036,1.1327951320260763,0.5191958469897509,2.334029427791635,2.1823397998884317,-0.1516896279032034
SE,32,3.2287966279157745,3.223067449328179,1.0236672858009115,-0.37738216804185254,0.8338578870364776,0.06316098112923405,2.394938740879297,2.205129342114863,-0.18980939876443392
S,66,1.7648391812437711,1.3418593832639731,1.7396109465773058,-1.42831213535233,1.0820204327729612,-0.4523782333867115,0.6828187484708099,0.0252282346664654,-0.6575905138043445
