sector,n_points,forecast_mae,forecast_bias_pred_minus_actual,challenger_mae,challenger_bias_pred_minus_actual,champion_mae,champion_bias_pred_minus_actual,champion_mae_gain_vs_forecast,challenger_mae_gain_vs_forecast,challenger_mae_gain_vs_champion
N,123,1.5208930937173133,0.725685074950994,1.5784388587535239,-1.4261658924997986,1.5285859863984863,-1.3673424904314793,-0.007692892681173014,-0.05754576503621056,-0.04985287235503755
NE,122,2.1544559589826346,1.8156437549760431,1.4109858870506287,-0.8425679327767404,1.4801214783874852,-1.0694300658044105,0.6743344805951494,0.743470071932006,0.06913559133685654
SW,50,1.8583835912099198,0.4871905934949905,1.4190135137193036,-0.4520061831824613,1.352769844131892,0.08130690827428634,0.5056137470780278,0.4393700774906162,-0.06624366958741157
W,67,1.509742303966995,0.6170367535312457,1.6538160545277272,-1.1548802571105252,1.4052360017024388,-0.2443814989139641,0.10450630226455626,-0.14407375056073213,-0.2485800528252884
NW,79,1.4660171199951495,0.3943981344689799,2.543243802549467,-2.402654794449545,1.7794699552567201,-1.3462095114752208,-0.31345283526157064,-1.0772266825543173,-0.7637738472927467
E,100,3.466824559817711,3.3189912283917273,1.2375036369885006,0.48054804602017,1.132795143748323,0.5191958608975012,2.334029416069388,2.229320922829211,-0.10470849324017761
SE,30,3.3129386285112967,3.3068275046845277,0.9776948033935494,-0.3479992244806554,0.8639276333981091,0.09289249761237042,2.4490109951131878,2.335243825117747,-0.11376716999544034
S,48,1.7618238302982514,1.5364766160233152,1.4162463620132595,-1.0923642747759543,0.9715178092616418,-0.37522349594722665,0.7903060210366096,0.3455774682849919,-0.4447285527516177
