sector,n_points,forecast_mae,forecast_bias_pred_minus_actual,challenger_mae,challenger_bias_pred_minus_actual,champion_mae,champion_bias_pred_minus_actual,champion_mae_gain_vs_forecast,challenger_mae_gain_vs_forecast,challenger_mae_gain_vs_champion
N,65,1.3617661968898904,0.5929923864276665,1.036253547645658,-0.6311650954308589,1.0238665495812977,-0.5255372344898817,0.3378996473085927,0.3255126492442324,-0.012386998064360277
NE,61,2.59816881831902,2.1314110769711134,0.9082986122192723,0.08909567757998704,0.9282979434525835,0.1276826814958902,1.6698708748664364,1.6898702060997475,0.019999331233311213
NW,80,1.501085550710559,0.4855701358368,1.287686141425123,-0.37320486186072227,1.220413162295396,-0.4278684580232948,0.28067238841516295,0.21339940928543588,-0.06727297912972707
W,147,1.3892528728292641,0.3326411359434496,1.5225252180345477,-0.643745210334287,1.3856724971090177,-0.6339566375207062,0.003580375720246387,-0.13327234520528353,-0.1368527209255299
SW,112,1.4478718031729971,-0.1833207362464496,2.347868493865846,-1.7679843493882996,1.5892161811926864,-0.8547332773830894,-0.14134437801968924,-0.8999966906928489,-0.7586523126731597
S,110,1.564458777204059,0.7987431963155059,1.4668502959904437,-0.9331981511920815,1.2622545190741128,-0.24077611162357285,0.3022042581299462,0.09760848121361532,-0.2045957769163309
E,55,3.3269457744829585,3.159673050678138,0.9867268694169593,0.7115968655456195,0.9761426522424727,0.7048082080302817,2.3508031222404857,2.340218905065999,-0.010584217174486654
SE,57,2.642143726314021,2.5591027872952803,1.1219950632513527,0.35536892109425267,0.9716719363080828,0.3544844994332358,1.670471790005938,1.5201486630626682,-0.15032312694326988
