sector,n_points,forecast_mae,forecast_bias_pred_minus_actual,challenger_mae,challenger_bias_pred_minus_actual,champion_mae,champion_bias_pred_minus_actual,champion_mae_gain_vs_forecast,challenger_mae_gain_vs_forecast,challenger_mae_gain_vs_champion
N,105,1.518119663416208,0.6416790203412556,1.5674265316514646,-1.3083329794859033,1.6771611077581077,-1.4900438577545958,-0.1590414443418997,-0.04930686823525665,0.10973457610664306
NE,120,2.182770186623995,1.8337674617569766,1.38596848276302,-0.7963300277578647,1.48455760585612,-1.0670213417362433,0.698212580767875,0.7968017038609749,0.09858912309309997
SW,54,1.8253552833021132,0.4338227805416076,1.7546750020807667,-1.067022991794103,1.536257617207573,-0.19727487387000653,0.28909766609454013,0.07068028122134651,-0.21841738487319362
W,67,1.4908352764091681,0.6520293197821622,1.6063555926640531,-1.085751158588413,1.3902943870469706,-0.2248645487116344,0.10054088936219752,-0.11552031625488501,-0.21606120561708253
NW,79,1.4660171199951495,0.3943981344689799,2.2151439636631354,-2.023976127903924,1.7794699365202384,-1.3462094923614951,-0.31345281652508894,-0.7491268436679859,-0.43567402714289694
E,100,3.466824559817711,3.3189912283917273,1.2378003913288316,0.49937534783035525,1.1327951470265785,0.5191958676526944,2.334029412791133,2.2290241684888796,-0.10500524430225311
SE,32,3.2287966279157745,3.223067449328179,1.1345957721350715,-0.6922489583569889,0.8338578759382168,0.06316099440058075,2.394938751977558,2.094200855780703,-0.30073789619685465
S,66,1.7723364131978308,1.3561826794603649,1.8390314406915818,-1.2233056792007209,1.0865724543567208,-0.3576299680928895,0.68576395884111,-0.066695027493751,-0.752458986334861
