sector,n_points,forecast_mae,forecast_bias_pred_minus_actual,challenger_mae,challenger_bias_pred_minus_actual,champion_mae,champion_bias_pred_minus_actual,champion_mae_gain_vs_forecast,challenger_mae_gain_vs_forecast,challenger_mae_gain_vs_champion
NE,1898,2.2657873595351288,1.8146226835703072,1.141326874337533,-0.07703644049808273,1.233016087050433,-0.07710277541168623,1.0327712724846958,1.1244604851975957,0.09168921271289987
E,2042,3.6645978279119897,3.487836139533855,1.5296003692742368,1.0304634999903421,1.5877544283903369,1.1384651933000383,2.076843399521653,2.134997458637753,0.058154059116100054
SE,1237,3.1436795461847593,2.9781985362041548,1.137791167766988,0.6897953865430774,1.1362994495499201,0.6414547679326953,2.007380096634839,2.0058883784177715,-0.00149171821706795
NW,1714,1.8151257197386743,0.5201400837653437,1.6807845091597202,-0.9539603999573542,1.5204544431478864,-0.46992263354387137,0.29467127659078796,0.1343412105789541,-0.16033006601183386
N,2175,1.6657459132664505,0.8484246741457917,1.3519963012584324,-0.43850488824748446,1.4445699518816224,-0.34017072483383376,0.2211759613848281,0.3137496120080181,0.09257365062319
S,1845,1.7939342935718494,1.0497066464365983,1.357477570210046,-0.23358132427300865,1.3035706567085856,-0.5155244284690557,0.4903636368632638,0.4364567233618035,-0.05390691350146026
SW,1799,1.7331432957966306,0.14653612081460518,1.7513901275759143,-0.23855738113610991,1.8289467999716809,-0.5191428834420234,-0.09580350417505024,-0.018246831779283657,0.07755667239576658
W,2122,1.6446004188623944,0.3932858572414357,1.6514348437611108,0.16770715624248497,1.7429276819987807,0.29759260397281545,-0.09832726313638629,-0.00683442489871644,0.09149283823766985
