sector,n_points,forecast_mae,forecast_bias_pred_minus_actual,challenger_mae,challenger_bias_pred_minus_actual,champion_mae,champion_bias_pred_minus_actual,champion_mae_gain_vs_forecast,challenger_mae_gain_vs_forecast,challenger_mae_gain_vs_champion
W,28,1.6142568005224036,1.0823823278904985,1.3857733616880903,-0.2021204289335158,1.261579709245579,-0.22098640508900244,0.3526770912768247,0.22848343883431332,-0.12419365244251135
NW,71,1.6181957670825307,0.41606071854736926,1.4021670997061442,-0.631684247754645,1.6788166576596146,-0.7985903052326161,-0.060620890577083975,0.21602866737638649,0.27664955795347046
N,144,1.70872971188163,1.0852221282987875,1.520838725975986,-0.9131750638376255,1.4484410844623274,-1.0014475492157655,0.2602886274193026,0.18789098590564413,-0.07239764151365846
NE,170,2.1191007961245143,1.9483061623339561,1.6957592181057908,-0.7354176565055169,1.346340136332255,-0.9178071806389912,0.7727606597922594,0.4233415780187235,-0.34941908177353587
E,107,3.3485899339676646,3.2275618983670555,1.5504692699121911,0.6552907056711915,1.0687137166055563,0.5068417634594478,2.2798762173621085,1.7981206640554734,-0.4817555533066349
SW,34,1.8994397303430242,0.8835083353546089,1.4912397064790337,-0.3609208707632471,1.379639247104773,-0.08168485797098858,0.5198004832382512,0.40820002386399046,-0.11160045937426077
SE,28,3.387077103679379,3.380529471007841,0.9294745357086259,-0.22112048639073265,0.8503497812364785,0.1748146349120708,2.5367273224429003,2.457602567970753,-0.0791247544721474
S,15,2.3344444559680095,2.1522222591771016,0.9678967353370455,-0.21763676206270854,1.0653082521425352,0.2562084010905689,1.2691362038254743,1.366547720630964,0.09741151680548976
