sector,n_points,forecast_mae,forecast_bias_pred_minus_actual,challenger_mae,challenger_bias_pred_minus_actual,champion_mae,champion_bias_pred_minus_actual,champion_mae_gain_vs_forecast,challenger_mae_gain_vs_forecast,challenger_mae_gain_vs_champion
NW,65,1.598271682034032,0.3702707764268489,1.8128720240764844,-1.3753990896286823,1.7122855924294333,-1.1216034766606584,-0.11401391039540143,-0.21460034204245249,-0.10058643164705106
N,145,1.7112610957522567,1.0872348199960686,1.6499721702658476,-1.194721898100343,1.4482819035397672,-0.9962882751767534,0.26297919221248955,0.061288925486409074,-0.20169026672608048
NE,170,2.1191007961245143,1.9483061623339561,1.6748540715624887,-1.039162525278973,1.3463401455870445,-0.9178071894847295,0.7727606505374698,0.44424672456202563,-0.32851392597544415
E,107,3.3485899339676646,3.2275618983670555,1.4988573626194417,0.7198283087427371,1.0687137168144512,0.506841762600658,2.2798762171532134,1.8497325713482229,-0.43014364580499054
SW,36,1.8221055938795985,0.8480942166131731,1.3898104492203078,-0.3294075643892767,1.3881134034874316,0.053723527611747736,0.43399219039216685,0.43229514465929064,-0.0016970457328762123
W,34,1.7446134381052725,1.1661820865931867,1.6787172741923024,-0.5365352526425969,1.5696861550934351,0.1376553008215277,0.17492728301183735,0.06589616391297004,-0.10903111909886731
SE,28,3.387077103679379,3.380529471007841,0.9667601928647074,0.2940813303880749,0.8503497733867594,0.1748146433826713,2.5367273302926194,2.4203169108146714,-0.11641041947794795
S,16,2.210416671509544,2.0395833620180683,0.9648205629394699,0.10165649272191024,1.1534729202898841,0.3949418124121924,1.0569437512196598,1.245596108570074,0.1886523573504142
