sector,n_points,forecast_mae,forecast_bias_pred_minus_actual,challenger_mae,challenger_bias_pred_minus_actual,champion_mae,champion_bias_pred_minus_actual,champion_mae_gain_vs_forecast,challenger_mae_gain_vs_forecast,challenger_mae_gain_vs_champion
NW,88,1.5027726545530085,0.3495100183274556,1.8754379012684999,-1.6188339491099186,1.4760161661506646,-0.8500042853749612,0.026756488402343903,-0.3726652467154914,-0.3994217351178353
W,87,1.4916968941688538,0.5169842702218855,1.6655873597182076,-1.071464976160234,1.3325264586342704,0.26318085890163423,0.15917043553458332,-0.17389046554935383,-0.33306090108393716
SW,67,1.4017670924590797,-0.19709639019063635,1.7833818735192508,-1.4658485356272593,1.5706334208236505,-0.46075165229647286,-0.16886632836457083,-0.3816147810601711,-0.21274845269560028
S,74,1.4917838613631587,0.9288333941589703,1.0493522933483685,-0.5019359837320498,1.156623652416917,-0.3746355865715128,0.33516020894624177,0.4424315680147901,0.10727135906854834
N,104,1.5004907733401,0.8613376076451051,1.3463696013272457,-0.913725270527116,1.1331620200427848,-0.3795324046345688,0.3673287532973153,0.15412117201285436,-0.21320758128446093
NE,111,2.2674415869691305,1.9009162329358438,1.358308051202034,-0.9199844341862206,1.1490319645223894,0.12111972084681644,1.118409622446741,0.9091335357670964,-0.2092760866796446
E,84,3.177885000209141,3.055688663580735,0.7872757978600161,0.13026061437251882,1.2878945640534265,1.0709928948633831,1.8899904361557145,2.390609202349125,0.5006187661934104
SE,47,2.841536004703941,2.809975718986903,0.8537548811617471,0.5085325255355937,1.14960796412424,0.7415520186331255,1.6919280405797008,1.9877811235421938,0.2958530829624929
