sector,n_points,forecast_mae,forecast_bias_pred_minus_actual,challenger_mae,challenger_bias_pred_minus_actual,champion_mae,champion_bias_pred_minus_actual,champion_mae_gain_vs_forecast,challenger_mae_gain_vs_forecast,challenger_mae_gain_vs_champion
W,186,1.3250500487962045,0.1798881424982824,1.3399018879604332,-0.8460845313056666,1.147188916322319,-0.5771752933987551,0.17786113247388546,-0.01485183916422872,-0.19271297163811418
NW,52,1.3668044820173175,0.5919730891911392,1.1612764051757178,-0.2477597252537424,1.1960007839470022,-0.40547661487665826,0.17080369807031537,0.20552807684159968,0.034724378771284314
E,55,3.335568367482545,3.1510504576785503,1.0323242649132227,0.6648605585853588,1.034114110478028,0.7119166827480984,2.301454257004517,2.303244102569322,0.0017898455648053258
SE,57,2.6839565901379836,2.517289923471317,1.2004176981267873,0.34270252426813913,1.1067498842831593,0.5863252518077692,1.5772067058548243,1.4835388920111963,-0.09366781384362799
NE,42,2.994264508168394,2.3607480110279915,1.1600076117197864,0.5275904669544808,1.0259796458557209,0.3989826129680863,1.968284862312673,1.8342568964486075,-0.1340279658640655
N,43,1.2687386775784923,0.4077695815840504,1.0335515785887617,-0.3808551207600996,1.0349158026952083,-0.4162174060979489,0.23382287488328402,0.23518709898973067,0.0013642241064466543
SW,143,1.4249575738468665,-0.07513741684876614,2.152409680979585,-1.72350200421449,1.7280940106993177,-1.1338024328615544,-0.3031364368524512,-0.7274521071327187,-0.4243156702802675
S,127,1.5369526153787225,0.8157687584246235,1.5675956655369256,-1.139495764466181,1.0649401599865302,-0.4393774677863541,0.4720124553921923,-0.030643050158203122,-0.5026555055503954
