sector,n_points,forecast_mae,forecast_bias_pred_minus_actual,challenger_mae,challenger_bias_pred_minus_actual,champion_mae,champion_bias_pred_minus_actual,champion_mae_gain_vs_forecast,challenger_mae_gain_vs_forecast,challenger_mae_gain_vs_champion
SE,50,2.647084409935759,2.613751067065682,1.285366061936852,0.81800703876131,1.1622056884396283,0.5782460067981404,1.4848787214961308,1.361718347998907,-0.12316037349722375
S,77,1.5469184329499415,1.0763556549559425,0.9895641508411408,-0.03885879530954409,1.1169932712369406,-0.26529797092080115,0.4299251617130009,0.5573542821088007,0.1274291203957998
SW,80,1.5686940072636788,0.1785172683295953,1.9026022853639681,-0.47185049601751244,1.5702914466942335,-0.18920463138155125,-0.0015974394305546813,-0.33390827810028934,-0.33231083866973465
W,89,1.4469616010881898,0.4315121736013841,1.475681429610025,0.32158275629449445,1.2938489108305766,0.19096691483741596,0.1531126902576132,-0.028719828521835078,-0.18183251877944828
NW,83,1.5023850009463717,0.28823358785994396,1.6106351022141048,-0.9951727091069201,1.5062447683698683,-0.9428652036321691,-0.003859767423496585,-0.10825010126773305,-0.10439033384423646
N,97,1.4525953947732364,0.7634382354995403,1.1617652270581111,-0.47707000976823555,1.1539564008681182,-0.47902760704493175,0.29863899390511817,0.29083016771512527,-0.007808826189992901
NE,106,2.194551231135403,1.8571298438888328,1.1318244083474078,0.07729865272043258,1.124293079102698,0.0839551522832461,1.070258152032705,1.0627268227879951,-0.0075313292447098945
E,73,3.197397958503264,3.1702290139571874,1.2113768030928451,1.0550886286312888,1.2798324906286855,1.1297113724094574,1.9175654678745784,1.9860211554104188,0.06845568753584041
