sector,n_points,forecast_mae,forecast_bias_pred_minus_actual,challenger_mae,challenger_bias_pred_minus_actual,champion_mae,champion_bias_pred_minus_actual,champion_mae_gain_vs_forecast,challenger_mae_gain_vs_forecast,challenger_mae_gain_vs_champion
N,69,1.4835567183716236,0.8039773685931697,1.02807739620715,-0.3265829424333922,0.9685198448250731,-0.1664641763033439,0.5150368735465505,0.4554793221644735,-0.05955755138207697
NE,66,2.548828168507733,2.0257420556655084,0.972118192088389,0.10376993006069869,1.0549886132323603,0.2712020010314584,1.4938395552753727,1.576709976419344,0.08287042114397125
E,65,3.2098190978302927,3.068280639226214,0.9923287752174973,0.752734780250704,1.2642187794792645,1.0888330354883422,1.9456003183510282,2.2174903226127953,0.27189000426176724
SE,58,2.735923851236138,2.6991422387522035,1.0114939408930406,0.4244610655771442,1.385286023472673,0.9201243529851701,1.3506378277634652,1.7244299103430976,0.37379208257963237
NW,80,1.501085550710559,0.4855701358368,1.220413170925652,-0.42786846379749477,1.2389244930508236,0.0394526737742126,0.2621610576597353,0.2806723797849069,0.018511322125171592
W,143,1.4191088310518796,0.30264407299632823,1.3936562691126673,-0.623867223466471,1.1658489122422682,0.07916303804253888,0.2532599188096114,0.025452561939212304,-0.2278073568703991
SW,109,1.467352903363172,-0.246808234558922,1.6147045377357108,-0.8600064297084233,1.5883232744720126,-0.24086033568682408,-0.12097037110884057,-0.14735163437253873,-0.026381263263698163
S,94,1.553704742210131,0.9796939151929625,1.0299248235430396,-0.16859421406503622,1.0476881277038816,-0.007731137206549591,0.5060166145062495,0.5237799186670915,0.01776330416084204
