sector,n_points,forecast_mae,forecast_bias_pred_minus_actual,challenger_mae,challenger_bias_pred_minus_actual,champion_mae,champion_bias_pred_minus_actual,champion_mae_gain_vs_forecast,challenger_mae_gain_vs_forecast,challenger_mae_gain_vs_champion
N,94,1.4121089837808518,0.8079749889140817,0.9498942823776684,-0.009706843969359691,1.0374201497465232,-0.3319198781744808,0.3746888340343286,0.46221470140318344,0.08752586736885481
NE,83,2.4508782751879643,1.979840881147374,1.0407758371956626,0.3057027608233376,1.1494115469279151,0.3298025738134008,1.3014667282600492,1.4101024379923017,0.10863570973225256
E,85,3.180986575138027,3.0613227163236276,1.3155259339541734,1.103787456710077,1.28832931087731,1.085649636522388,1.892657264260717,1.8654606411838535,-0.027196623076863435
NW,81,1.4961338819544994,0.46599519117869465,1.227340213341232,0.03525454140126455,1.4565339066670755,-0.8377262311891762,0.03959997528742387,0.2687936686132675,0.2291936933258436
W,123,1.4636309517862134,0.4725740481952127,1.2233204651613867,0.21929995204778865,1.2175151645168056,0.07235211832575036,0.24611578726940775,0.24031048662482668,-0.005805300644581068
SW,75,1.4808626360913957,-0.14670234848753913,1.6615613002331149,-0.4320632436360194,1.6335612473017982,-0.40116948444855066,-0.1526986112104025,-0.1806986641417192,-0.028000052931316688
S,78,1.56205578222234,1.0282950837897435,1.029608195084028,-0.17189856632015646,1.171908896241305,-0.31043601413376826,0.3901468859810351,0.5324475871383121,0.142300701157277
SE,54,2.696610072315009,2.6571038959433753,1.3847748447890793,0.9261997092092634,1.1359624282908103,0.7359949372159656,1.5606476440241985,1.3118352275259295,-0.24881241649826902
