sector,n_points,forecast_mae,forecast_bias_pred_minus_actual,challenger_mae,challenger_bias_pred_minus_actual,champion_mae,champion_bias_pred_minus_actual,champion_mae_gain_vs_forecast,challenger_mae_gain_vs_forecast,challenger_mae_gain_vs_champion
NE,96,2.3533125780568906,1.9250139570116718,1.131033904068217,0.5806612775392452,1.1021496632358199,0.30277377833346686,1.2511629148210708,1.2222786739886737,-0.028884240832397046
N,101,1.4706618393711344,0.90021291624711,1.0263198505897404,0.20459811935394476,1.0948641688228782,-0.330328941789112,0.3757976705482562,0.44434198878139397,0.06854431823313778
E,85,3.1883642954569233,3.078364302188743,1.69449220052829,1.5563793571410227,1.289758951216936,1.0913221204251637,1.8986053442399873,1.4938720949286333,-0.404733249311354
NW,81,1.4961338819544994,0.46599519117869465,1.2681576868542184,-0.12642912246256208,1.4565339121247025,-0.8377262279391291,0.039599969829796855,0.227976195100281,0.18837622527048414
W,117,1.4530607060152192,0.40641596048962164,1.3238752493162218,0.43913295751630116,1.2073829934661795,0.06208873338268919,0.2456777125490397,0.1291854566989974,-0.1164922558500423
SW,62,1.4722284190288115,-0.30713863212544534,1.99924351312981,-0.805792179141421,1.627378514107565,-0.48122047465496787,-0.15515009507875344,-0.5270150941009986,-0.3718649990222451
S,79,1.5537095058551584,0.887818352206974,0.9192389891054288,-0.0055332873964675485,1.1882241239326332,-0.4084546314123228,0.3654853819225252,0.6344705167497297,0.26898513482720443
SE,48,2.708031784122189,2.663587335704101,1.5090164889891942,1.4067153756817181,1.116954306140542,0.6882463424570031,1.591077477981647,1.1990152951329949,-0.39206218284865213
