sector,n_points,forecast_mae,forecast_bias_pred_minus_actual,challenger_mae,challenger_bias_pred_minus_actual,champion_mae,champion_bias_pred_minus_actual,champion_mae_gain_vs_forecast,challenger_mae_gain_vs_forecast,challenger_mae_gain_vs_champion
NE,116,2.239652508952928,1.896980086938494,1.3265546675830395,-0.06793104683031123,1.4779460214093538,-1.0236799044100073,0.761706487543574,0.9130978413698883,0.1513913538263143
N,83,1.5812549285449493,0.762249924290428,1.2719648632366436,-0.6538935520862823,1.6898215969574601,-1.4833320937880021,-0.10856666841251084,0.3092900653083057,0.41785673372081655
E,99,3.4781617317369617,3.328835134336978,1.681372031925704,1.32097396561092,1.139720648623993,0.5206808510989502,2.3384410831129685,1.7967896998112578,-0.5416513833017109
SE,40,3.1369846676165856,3.1324013247465095,1.046171248570262,0.6034378499315963,0.8090507477326762,0.0870379299972029,2.3279339198839093,2.0908134190463237,-0.23712050083758573
S,66,1.7648391812437711,1.3418593832639731,1.239741338172344,-0.3297502956908159,1.0820203943911828,-0.452378179576963,0.6828187868525883,0.525097843071427,-0.1577209437811613
SW,80,1.570679488402763,0.21095729134694646,1.5683391357903755,-0.1971422743230984,1.8853882743365535,-0.8927494218253125,-0.3147087859337905,0.0023403526123875196,0.317049138546178
W,78,1.4198048747781853,0.4829020911832422,1.3362630107559486,0.21466836236460177,1.360631453745391,-0.26863708726309893,0.05917342103279433,0.08354186402223673,0.024368442989442407
NW,68,1.5573336201555588,0.3123645046178032,1.4597705552610112,-1.0339488405003852,1.9156784357539578,-1.6607389417933487,-0.35834481559839904,0.09756306489454758,0.4559078804929466
