sector,n_points,forecast_mae,forecast_bias_pred_minus_actual,challenger_mae,challenger_bias_pred_minus_actual,champion_mae,champion_bias_pred_minus_actual,champion_mae_gain_vs_forecast,challenger_mae_gain_vs_forecast,challenger_mae_gain_vs_champion
S,23,2.294605824172389,2.0757652942191647,1.1064573046521515,0.4031625320297736,1.0650905018064754,0.44762899113438975,1.2295153223659134,1.1881485195202373,-0.041366802845676176
SW,35,1.943554762773396,1.0502213640452527,1.3271416560787654,-0.02156736170277061,1.3327265115210487,0.10013683540380885,0.6108282512523473,0.6164131066946306,0.005584855442283265
W,22,1.6886190215547179,1.3559350020242273,1.2538764011788497,0.5935061081127504,1.1696599339474754,0.47635187555349334,0.5189590876072425,0.4347426203758682,-0.08421646723137433
NW,65,1.8900458204366455,0.5054989905458849,1.7530785595688378,-1.0711765714644699,1.6728691404276086,-0.6866382502880533,0.2171766800090369,0.13696726086780764,-0.08020941914122925
N,144,1.7078490758107767,1.0843414922279342,1.6281975534727313,-1.2436276576567993,1.4492042424778144,-1.002210708404029,0.2586448333329623,0.0796515223380454,-0.1789933109949169
NE,170,2.1191007961245143,1.9483061623339561,1.4625415418662278,-1.0723493970784488,1.3463401388376952,-0.9178071799012375,0.7727606572868191,0.6565592542582865,-0.11620140302853255
E,107,3.3485899339676646,3.2275618983670555,1.0137325068616607,0.20859208871317436,1.0687137131703977,0.5068417661518695,2.279876220797267,2.334857427106004,0.05498120630873693
SE,28,3.387077103679379,3.380529471007841,0.9019548883661628,-0.26011558360464515,0.8503497650935535,0.17481464821667894,2.5367273385858256,2.485122215313216,-0.051605123272609243
