sector,n_points,forecast_mae,forecast_bias_pred_minus_actual,challenger_mae,challenger_bias_pred_minus_actual,champion_mae,champion_bias_pred_minus_actual,champion_mae_gain_vs_forecast,challenger_mae_gain_vs_forecast,challenger_mae_gain_vs_champion
NW,81,1.4432287618197848,0.4424938316860212,1.3054051790664378,-0.27397971373990254,1.2676879979672295,-0.48267624799560543,0.17554076385255524,0.13782358275334694,-0.0377171810992083
W,166,1.3773143476764558,0.310647705713401,1.3907141948149042,-0.36051569705514913,1.4286189159174045,-0.7059538685788005,-0.051304568240948756,-0.01339984713844844,0.037904721102500316
SW,126,1.4450539479285636,-0.06785792685264638,1.8429897438065637,-1.2845819358845947,1.5257898289301532,-0.82751622226232,-0.08073588100158968,-0.3979357958780001,-0.3171999148764104
S,124,1.5375679360633596,0.7961332543852169,1.4210026153665092,-1.0584466986349528,1.2399851280994885,-0.35981482965964706,0.29758280796387115,0.11656532069685044,-0.18101748726702072
E,55,3.3269457744829585,3.159673050678138,1.092254315881115,0.8628527987861273,0.9761426787033225,0.704808241896557,2.3508030957796358,2.2346914586018434,-0.1161116371777926
NE,43,2.901478991114585,2.328998353216768,1.1367801884405835,0.4958000343957151,1.052932239520226,0.35949781441757844,1.848546751594359,1.7646988026740016,-0.0838479489203574
N,43,1.3091697050619495,0.3683496764463972,1.0767475247614144,-0.41884049207203145,1.0847187781374357,-0.6127333400929852,0.22445092692451385,0.23242218030053508,0.007971253376021226
SE,57,2.6343252704687896,2.5968983665377685,1.0545687818482512,0.5496861695800002,0.9629724088146007,0.3631840743315817,1.671352861654189,1.5797564886205384,-0.09159637303365054
