sector,n_points,forecast_mae,forecast_bias_pred_minus_actual,challenger_mae,challenger_bias_pred_minus_actual,champion_mae,champion_bias_pred_minus_actual,champion_mae_gain_vs_forecast,challenger_mae_gain_vs_forecast,challenger_mae_gain_vs_champion
NE,2417,2.392221356380267,1.9509118581587586,1.4206973873587447,-0.13939265530120257,1.4305182103781253,-0.0010839817836652574,0.9617031460021415,0.971523969021522,0.009820823019380587
E,2115,3.6582564283805254,3.4596051903516405,1.7651828017675848,1.1891757828441072,1.8963757137774575,1.3952855826163968,1.761880714603068,1.8930736266129407,0.1311929120098727
SE,1128,3.073609572260621,2.8942655928512204,1.1644110551354945,0.5707535662998756,1.1929950655589925,0.6546303264875996,1.8806145067016284,1.9091985171251264,0.028584010423498007
NW,1611,1.8448719073348279,0.5173701237329854,1.7855299486646292,-1.2102416699011085,1.6220134917362221,-0.9180035566706454,0.22285841559860575,0.05934195867019865,-0.1635164569284071
N,1910,1.7188095928447722,0.8791099350450863,1.4816467079465614,-0.5952641685322629,1.4972552306950093,-0.6064722084913267,0.22155436214976287,0.2371628848982108,0.015608522748447928
S,1737,1.8172474246328427,1.0613464371493717,1.4723553893445345,-0.6211532858952614,1.3666868424820502,-0.4280360700861778,0.45056058215079253,0.34489203528830825,-0.10566854686248428
SW,1738,1.7238059791214377,0.2193719669619213,1.780815450318149,-0.5318649188927251,1.762774106535216,-0.19754613016413736,-0.03896812741377831,-0.05700947119671129,-0.018041343782932984
W,1984,1.6363871461118482,0.4131565445530859,1.5781928522910382,-0.27580975124897855,1.6914302720275196,0.15322114067948273,-0.0550431259156714,0.058194293820809984,0.11323741973648138
