sector,n_points,forecast_mae,forecast_bias_pred_minus_actual,challenger_mae,challenger_bias_pred_minus_actual,champion_mae,champion_bias_pred_minus_actual,champion_mae_gain_vs_forecast,challenger_mae_gain_vs_forecast,challenger_mae_gain_vs_champion
N,37,1.2287695456195522,0.6824917175748328,0.8279102636618656,-0.060010607312391454,0.9797889482532001,-0.25556907302758713,0.24898059736635214,0.4008592819576866,0.15187868459133447
NW,49,1.3575892803050371,0.5606350780166525,1.09900304839148,-0.010203457507739351,1.189839647298402,-0.37839378713087324,0.16774963300663503,0.258586231913557,0.09083659890692197
W,198,1.486666642895358,0.23747100096979434,1.414872796342001,-0.7220477857525235,1.228139938635257,-0.5267429812835768,0.25852670426010116,0.07179384655335719,-0.18673285770674397
SW,150,1.4192677712597097,-0.1371474150120256,2.323410905368865,-1.9218517533617618,1.7531769344016803,-1.1911369193730974,-0.3339091631419706,-0.9041431341091555,-0.5702339709671849
S,127,1.5358371298144182,0.814653272860319,1.3723298642109703,-0.8028742132850207,1.0627601856458684,-0.4386018937517182,0.47307694416854984,0.16350726560344797,-0.30956967856510187
SE,56,2.6661105785696284,2.6280153370684105,1.2054772145513977,0.6789007447659969,1.079672104169038,0.6436365161401529,1.5864384744005904,1.4606333640182307,-0.12580511038235964
NE,39,2.9950067386604267,2.771929820474141,0.9372862711883126,0.7525300981604264,0.8901866153200978,0.6443881303008296,2.1048201233403288,2.057720467472114,-0.04709965586821485
E,53,3.4351953005640765,3.2962015934710234,1.083406718787532,0.9581830637916079,0.9956532981973025,0.8162654470535194,2.4395420023667738,2.3517885817765443,-0.0877534205902295
