sector,n_points,forecast_mae,forecast_bias_pred_minus_actual,challenger_mae,challenger_bias_pred_minus_actual,champion_mae,champion_bias_pred_minus_actual,champion_mae_gain_vs_forecast,challenger_mae_gain_vs_forecast,challenger_mae_gain_vs_champion
E,68,3.205640562570263,3.1764739015134458,1.2772059690032145,0.9877438317767504,1.2954182802664678,1.0921436804760616,1.9102222823037953,1.9284345935670486,0.01821231126325329
SE,46,2.618593460740168,2.582361566316172,1.04588591637669,0.5692238184884938,1.007404246946017,0.6424236430964471,1.611189213794151,1.572707544363478,-0.038481669430673104
S,80,1.631304825047652,1.1783881512284278,1.271864863646527,-0.5053893784309427,1.1475403556010375,-0.1829149246184777,0.48376446944661455,0.359439961401125,-0.12432450804548956
N,98,1.4711771438590715,0.7893207289603482,1.2513986460569384,-0.7009808259392653,1.1625433676898862,-0.4533911789161842,0.3086337761691853,0.2197784978021331,-0.0888552783670522
SW,80,1.5467306234252949,0.14367509661242364,1.7629250524255133,-0.41983969003583005,1.551175862690434,-0.2170472213222335,-0.004445239265139067,-0.21619442900021846,-0.2117491897350794
W,88,1.4469048861752858,0.4336473212549181,1.5431238196395112,0.3385734998649268,1.2933599445404431,0.18746184512521283,0.15354494163484267,-0.09621893346422539,-0.24976387509906806
NW,84,1.487045759246463,0.2873485296491592,1.3933859079455335,-0.7312973871501901,1.4882639916465867,-0.9315913284995726,-0.0012182324001237532,0.09365985130092946,0.09487808370105322
NE,107,2.2043627082555943,1.870094791917871,1.1518136538533361,-0.32416852963855036,1.114952461072375,0.08433732395414371,1.0894102471832194,1.0525490544022582,-0.03686119278096123
