sector,n_points,forecast_mae,forecast_bias_pred_minus_actual,challenger_mae,challenger_bias_pred_minus_actual,champion_mae,champion_bias_pred_minus_actual,champion_mae_gain_vs_forecast,challenger_mae_gain_vs_forecast,challenger_mae_gain_vs_champion
E,101,3.447351049324466,3.300981414249234,1.3588683585645538,0.777858276854549,1.1255882330509304,0.5100464086868975,2.3217628162735355,2.0884826907599123,-0.23328012551362343
NE,137,2.069298439357684,1.7535175604668367,1.5037950073115451,-1.021967428108522,1.5096011847292852,-1.134862368439569,0.5596972546283987,0.5655034320461387,0.005806177417740033
N,127,1.5177955588674295,0.7544910997669322,1.5931753859112339,-1.380735047138253,1.5178718939790468,-1.338403458453722,-7.633511161730944e-05,-0.07537982704380441,-0.0753034919321871
SW,46,1.79824526142483,0.45318422271867137,1.405057279340249,-0.3240156004968055,1.3405724966787655,0.1328869727990647,0.45767276474606455,0.39318798208458117,-0.06448478266148339
W,56,1.452478613343805,0.9707609220115007,1.3308747333491027,0.13154901254845155,1.2676005289923498,0.02104204180219111,0.18487808435145525,0.12160387999470235,-0.0632742043567529
NW,79,1.4660171199951495,0.3943981344689799,1.733108292573489,-1.3547123788624122,1.7794699440651305,-1.346209505187811,-0.313452824069981,-0.2670911725783396,0.0463616514916414
SE,30,3.182125235062958,3.1760141112361895,0.9560322380050866,0.15217520386131125,0.8860630919159661,0.07075705233998972,2.296062143146992,2.2260929970578713,-0.06996914608912053
S,39,1.7063370940662628,1.4177744587631536,1.5270450286104815,-1.0694011872888298,1.0330576976461365,-0.32617747180635875,0.6732793964201262,0.17929206545578125,-0.493987330964345
